id	group	label	score
ENSE00000338771_002	g0002	1	0.006277
ENSE00000338771_003	g0002	0	0.007897
ENSE00000338771_006	g0002	0	0.034860
ENSE00000338771_008	g0002	0	0.077072
ENSE00000338771_009	g0002	0	0.097900
ENSE00000338771_010	g0002	1	0.071951
ENSE00000338771_012	g0002	0	0.019981
ENSE00000338771_013	g0002	0	0.022155
ENSE00000338771_014	g0002	0	0.022826
ENSE00000338771_016	g0002	0	0.029700
ENSE00000338771_021	g0002	0	0.020263
ENSE00000338771_022	g0002	0	0.043890
ENSE00000338771_023	g0002	0	0.050163
ENSE00000411843_001	g0009	0	0.004068
ENSE00000411843_003	g0009	0	0.016232
ENSE00000411843_006	g0009	0	0.033801
ENSE00000411843_007	g0009	0	0.018117
ENSE00000411843_008	g0009	0	0.025136
ENSE00000411843_009	g0009	0	0.020254
ENSE00000411843_010	g0009	0	0.029683
ENSE00000411843_011	g0009	0	0.033977
ENSE00000411843_012	g0009	0	0.015693
ENSE00000411843_014	g0009	0	0.028035
ENSE00000411843_015	g0009	0	0.026009
ENSE00000411843_016	g0009	0	0.021381
ENSE00000411843_017	g0009	0	0.014955
ENSE00000411843_018	g0009	0	0.017143
ENSE00000411843_021	g0009	0	0.033234
ENSE00000411843_022	g0009	0	0.034895
ENSE00000411843_023	g0009	0	0.019436
ENSE00000411843_024	g0009	0	0.056113
ENSE00000411843_025	g0009	0	0.010745
ENSE00000411843_026	g0009	0	0.529017
ENSE00000411843_027	g0009	0	0.035365
ENSE00000411843_028	g0009	0	0.078456
ENSE00000411843_029	g0009	1	0.461878
ENSE00000411843_031	g0009	0	0.002951
ENSE00000411843_032	g0009	0	0.002698
ENSE00000411843_034	g0009	0	0.003715
ENSE00000412978_001	g0010	0	0.004997
ENSE00000412978_002	g0010	0	0.005201
ENSE00000412978_005	g0010	0	0.040105
ENSE00000412978_006	g0010	0	0.044540
ENSE00000412978_007	g0010	0	0.016917
ENSE00000412978_008	g0010	0	0.051268
ENSE00000412978_009	g0010	0	0.010283
ENSE00000430832_001	g0011	0	0.003910
ENSE00000430832_003	g0011	0	0.020575
ENSE00000430832_005	g0011	1	0.028145
ENSE00000430832_007	g0011	1	0.034986
ENSE00000430832_010	g0011	1	0.091381
ENSE00000430832_018	g0011	1	0.026608
ENSE00000430832_021	g0011	1	0.046088
ENSE00000430832_023	g0011	1	0.192461
ENSE00000430832_024	g0011	1	0.720021
ENSE00000430832_029	g0011	0	0.014160
ENSE00000522305_012	g0016	0	0.023182
ENSE00000522305_016	g0016	0	0.129931
ENSE00000540397_003	g0019	0	0.020383
ENSE00000540397_011	g0019	0	0.013716
ENSE00000540397_012	g0019	0	0.004722
ENSE00000542500_001	g0020	0	0.003699
ENSE00000542500_002	g0020	0	0.003718
ENSE00000542500_003	g0020	0	0.004781
ENSE00000542500_004	g0020	0	0.004781
ENSE00000542500_005	g0020	0	0.004774
ENSE00000542500_006	g0020	0	0.005405
ENSE00000542500_007	g0020	0	0.005195
ENSE00000542500_011	g0020	0	0.049368
ENSE00000542500_012	g0020	0	0.026223
ENSE00000542500_013	g0020	0	0.017426
ENSE00000542500_014	g0020	0	0.052951
ENSE00000542500_015	g0020	0	0.023043
ENSE00000542500_016	g0020	0	0.021124
ENSE00000542500_017	g0020	0	0.028346
ENSE00000542500_018	g0020	0	0.022387
ENSE00000542500_019	g0020	0	0.018525
ENSE00000542500_020	g0020	0	0.019000
ENSE00000542500_022	g0020	0	0.034345
ENSE00000542500_023	g0020	0	0.015632
ENSE00000542500_024	g0020	0	0.014587
ENSE00000542500_025	g0020	0	0.019863
ENSE00000542500_026	g0020	0	0.006666
ENSE00000583150_003	g0023	0	0.029764
ENSE00000583150_004	g0023	0	0.025724
ENSE00000583150_005	g0023	0	0.015194
ENSE00000583150_006	g0023	0	0.026049
ENSE00000583150_007	g0023	0	0.026006
ENSE00000583150_008	g0023	0	0.019512
ENSE00000583150_009	g0023	0	0.020473
ENSE00000583150_010	g0023	0	0.026966
ENSE00000583150_011	g0023	0	0.032683
ENSE00000583150_012	g0023	0	0.016724
ENSE00000583150_013	g0023	0	0.021043
ENSE00000650769_009	g0026	0	0.030147
ENSE00000650769_012	g0026	0	0.034083
ENSE00000650769_019	g0026	0	0.014546
ENSE00000650771_002	g0026	0	0.007025
ENSE00000650771_003	g0026	0	0.003536
ENSE00000654359_001	g0031	0	0.005941
ENSE00000654359_002	g0031	0	0.003535
ENSE00000654359_003	g0031	0	0.030622
ENSE00000654359_004	g0031	1	0.078049
ENSE00000654359_005	g0031	1	0.033830
ENSE00000654359_006	g0031	0	0.015100
ENSE00000654359_007	g0031	0	0.025810
ENSE00000654359_008	g0031	0	0.015092
ENSE00000654359_009	g0031	0	0.016027
ENSE00000654359_010	g0031	0	0.013210
ENSE00000654359_011	g0031	1	0.016651
ENSE00000654359_013	g0031	1	0.030238
ENSE00000654359_014	g0031	0	0.016684
ENSE00000654359_015	g0031	0	0.007677
ENSE00000654359_016	g0031	0	0.008432
ENSE00000654359_017	g0031	0	0.013294
ENSE00000655095_001	g0035	0	0.003295
ENSE00000655095_002	g0035	0	0.004082
ENSE00000655095_003	g0035	0	0.004077
ENSE00000655095_004	g0035	0	0.005770
ENSE00000655095_010	g0035	0	0.013783
ENSE00000655095_011	g0035	0	0.015624
ENSE00000655095_012	g0035	0	0.012121
ENSE00000655095_013	g0035	0	0.037756
ENSE00000655414_001	g0036	0	0.003001
ENSE00000655414_002	g0036	0	0.003151
ENSE00000655414_003	g0036	0	0.003151
ENSE00000655414_005	g0036	0	0.006625
ENSE00000655414_007	g0036	0	0.005457
ENSE00000655414_008	g0036	0	0.004780
ENSE00000655414_009	g0036	0	0.003812
ENSE00000655414_010	g0036	0	0.003992
ENSE00000655414_011	g0036	0	0.021339
ENSE00000655414_014	g0036	0	0.018528
ENSE00000655414_015	g0036	0	0.021132
ENSE00000655414_018	g0036	0	0.025416
ENSE00000655414_019	g0036	0	0.036695
ENSE00000655414_020	g0036	0	0.182182
ENSE00000655414_022	g0036	0	0.016910
ENSE00000655414_024	g0036	0	0.006228
ENSE00000658029_002	g0039	0	0.005795
ENSE00000658029_005	g0039	0	0.038259
ENSE00000658029_006	g0039	0	0.035408
ENSE00000658029_008	g0039	0	0.040248
ENSE00000658029_009	g0039	0	0.021436
ENSE00000658029_011	g0039	0	0.083014
ENSE00000658029_012	g0039	0	0.066161
ENSE00000658029_015	g0039	0	0.016216
ENSE00000658029_016	g0039	0	0.031407
ENSE00000658029_018	g0039	0	0.023308
ENSE00000658029_024	g0039	0	0.006656
ENSE00000658029_025	g0039	0	0.004199
ENSE00000658029_026	g0039	0	0.003783
ENSE00000658402_006	g0040	0	0.013927
ENSE00000658402_008	g0040	0	0.050017
ENSE00000658402_011	g0040	0	0.033692
ENSE00000658402_020	g0040	0	0.003416
ENSE00000658753_004	g0043	0	0.005086
ENSE00000658753_005	g0043	0	0.004604
ENSE00000658753_006	g0043	0	0.005857
ENSE00000658753_008	g0043	0	0.028629
ENSE00000658753_009	g0043	0	0.038347
ENSE00000658753_013	g0043	0	0.026092
ENSE00000658753_024	g0043	0	0.035007
ENSE00000658753_027	g0043	0	0.038081
ENSE00000658753_029	g0043	0	0.062199
ENSE00000660516_001	g0048	0	0.005753
ENSE00000660516_002	g0048	0	0.007418
ENSE00000660516_003	g0048	0	0.008500
ENSE00000660516_004	g0048	0	0.028409
ENSE00000660516_005	g0048	0	0.020961
ENSE00000660516_006	g0048	0	0.017295
ENSE00000660516_007	g0048	0	0.013597
ENSE00000660516_008	g0048	0	0.012444
ENSE00000660516_009	g0048	0	0.013299
ENSE00000660516_010	g0048	0	0.021285
ENSE00000660516_011	g0048	0	0.029352
ENSE00000660516_012	g0048	0	0.034004
ENSE00000660516_014	g0048	0	0.023871
ENSE00000660516_015	g0048	0	0.018743
ENSE00000660516_016	g0048	0	0.032543
ENSE00000660516_017	g0048	0	0.022138
ENSE00000660516_018	g0048	0	0.023787
ENSE00000660516_019	g0048	0	0.040444
ENSE00000660516_020	g0048	0	0.021447
ENSE00000660516_021	g0048	0	0.021563
ENSE00000660516_022	g0048	0	0.014354
ENSE00000660516_024	g0048	0	0.014918
ENSE00000660516_025	g0048	0	0.015113
ENSE00000660516_026	g0048	0	0.077365
ENSE00000660516_027	g0048	0	0.204205
ENSE00000660516_028	g0048	0	0.011700
ENSE00000660516_029	g0048	0	0.006533
ENSE00000660516_030	g0048	0	0.006759
ENSE00000660516_032	g0048	0	0.006034
ENSE00000660516_033	g0048	0	0.007522
ENSE00000660516_034	g0048	0	0.010642
ENSE00000660516_035	g0048	0	0.007305
ENSE00000660516_036	g0048	0	0.003910
ENSE00000660516_037	g0048	0	0.003752
ENSE00000660516_038	g0048	0	0.004015
ENSE00000660516_039	g0048	0	0.003232
ENSE00000660516_041	g0048	0	0.002905
ENSE00000660518_001	g0048	0	0.022494
ENSE00000660518_002	g0048	0	0.024470
ENSE00000660518_003	g0048	0	0.046147
ENSE00000660518_005	g0048	0	0.036331
ENSE00000660518_009	g0048	0	0.026421
ENSE00000660518_010	g0048	0	0.022338
ENSE00000660518_012	g0048	0	0.017817
ENSE00000660518_013	g0048	0	0.018930
ENSE00000660518_016	g0048	0	0.015336
ENSE00000660518_018	g0048	0	0.019649
ENSE00000660518_019	g0048	0	0.021594
ENSE00000660518_020	g0048	0	0.021943
ENSE00000660518_021	g0048	0	0.016804
ENSE00000660518_023	g0048	0	0.050579
ENSE00000660518_024	g0048	0	0.016153
ENSE00000660518_025	g0048	0	0.009215
ENSE00000660518_027	g0048	0	0.002827
ENSE00000661950_001	g0051	0	0.009137
ENSE00000661950_002	g0051	0	0.012044
ENSE00000661950_003	g0051	0	0.008923
ENSE00000661950_004	g0051	0	0.008486
ENSE00000661950_005	g0051	0	0.025980
ENSE00000661950_007	g0051	0	0.023896
ENSE00000661950_008	g0051	1	0.704869
ENSE00000661950_009	g0051	0	0.026418
ENSE00000661950_010	g0051	0	0.033961
ENSE00000661950_012	g0051	0	0.023565
ENSE00000661950_013	g0051	0	0.019912
ENSE00000661950_014	g0051	0	0.035134
ENSE00000661950_017	g0051	0	0.026148
ENSE00000661950_018	g0051	0	0.048911
ENSE00000661950_019	g0051	0	0.014822
ENSE00000661950_020	g0051	0	0.023246
ENSE00000661950_021	g0051	0	0.016767
ENSE00000661950_023	g0051	0	0.019915
ENSE00000661950_024	g0051	0	0.019120
ENSE00000661950_025	g0051	0	0.021518
ENSE00000661950_026	g0051	0	0.018279
ENSE00000661950_027	g0051	0	0.036028
ENSE00000661950_030	g0051	0	0.017938
ENSE00000661950_032	g0051	0	0.029786
ENSE00000661950_035	g0051	1	0.710937
ENSE00000661950_037	g0051	0	0.006733
ENSE00000661950_039	g0051	0	0.004910
ENSE00000661950_041	g0051	0	0.003805
ENSE00000662887_007	g0054	0	0.024967
ENSE00000662887_008	g0054	0	0.020093
ENSE00000662887_013	g0054	0	0.020888
ENSE00000662887_018	g0054	0	0.002829
ENSE00000664260_003	g0055	0	0.006111
ENSE00000664260_004	g0055	0	0.006193
ENSE00000664260_005	g0055	0	0.016214
ENSE00000664260_009	g0055	0	0.021608
ENSE00000664260_011	g0055	0	0.027058
ENSE00000664260_014	g0055	0	0.014314
ENSE00000664260_015	g0055	0	0.038104
ENSE00000664260_019	g0055	0	0.008266
ENSE00000664260_020	g0055	0	0.006196
ENSE00000664260_021	g0055	0	0.005086
ENSE00000664260_024	g0055	0	0.003951
ENSE00000664260_025	g0055	0	0.004440
ENSE00000664260_026	g0055	0	0.004458
ENSE00000664260_027	g0055	0	0.003691
ENSE00000664260_028	g0055	0	0.003794
ENSE00000664260_030	g0055	0	0.003457
ENSE00000666326_005	g0059	0	0.007020
ENSE00000666326_014	g0059	0	0.017976
ENSE00000666326_018	g0059	1	0.038467
ENSE00000666326_019	g0059	0	0.084204
ENSE00000667042_002	g0062	0	0.007099
ENSE00000667042_003	g0062	0	0.008435
ENSE00000667042_005	g0062	0	0.009402
ENSE00000667042_007	g0062	0	0.007604
ENSE00000667042_008	g0062	0	0.007797
ENSE00000667042_010	g0062	0	0.007573
ENSE00000667042_011	g0062	0	0.045468
ENSE00000667042_013	g0062	0	0.036409
ENSE00000667042_015	g0062	0	0.042353
ENSE00000667042_018	g0062	0	0.034890
ENSE00000667042_019	g0062	0	0.018776
ENSE00000667042_021	g0062	0	0.036128
ENSE00000667042_022	g0062	0	0.037649
ENSE00000667042_025	g0062	0	0.032228
ENSE00000667042_026	g0062	0	0.026187
ENSE00000667042_027	g0062	0	0.030830
ENSE00000667042_028	g0062	0	0.029229
ENSE00000667042_029	g0062	0	0.052250
ENSE00000667042_033	g0062	0	0.024624
ENSE00000667042_034	g0062	0	0.033502
ENSE00000667042_038	g0062	0	0.003709
ENSE00000668406_001	g0066	0	0.007143
ENSE00000668406_003	g0066	0	0.005485
ENSE00000668406_008	g0066	0	0.171070
ENSE00000668406_015	g0066	0	0.042516
ENSE00000668406_017	g0066	0	0.012209
ENSE00000668406_019	g0066	0	0.008294
ENSE00000668406_020	g0066	0	0.004999
ENSE00000668638_001	g0067	0	0.003595
ENSE00000668638_002	g0067	0	0.003450
ENSE00000668638_003	g0067	0	0.003450
ENSE00000668638_004	g0067	0	0.028640
ENSE00000668638_005	g0067	0	0.020885
ENSE00000668638_006	g0067	0	0.014935
ENSE00000668638_008	g0067	0	0.008312
ENSE00000675594_001	g0002	0	0.003390
ENSE00000675594_002	g0002	0	0.003537
ENSE00000675594_003	g0002	0	0.004442
ENSE00000675594_004	g0002	0	0.005721
ENSE00000675594_005	g0002	0	0.003698
ENSE00000675594_006	g0002	0	0.003866
ENSE00000675594_007	g0002	0	0.007766
ENSE00000675594_008	g0002	0	0.017430
ENSE00000675594_009	g0002	0	0.028190
ENSE00000675594_010	g0002	0	0.027657
ENSE00000675594_011	g0002	0	0.021109
ENSE00000675594_012	g0002	0	0.019653
ENSE00000675594_013	g0002	0	0.019419
ENSE00000675594_014	g0002	0	0.019214
ENSE00000675594_015	g0002	0	0.015962
ENSE00000675594_016	g0002	0	0.017424
ENSE00000675594_017	g0002	0	0.019322
ENSE00000675594_018	g0002	0	0.014591
ENSE00000675594_019	g0002	0	0.020083
ENSE00000675594_022	g0002	0	0.136786
ENSE00000675594_023	g0002	0	0.044797
ENSE00000675594_026	g0002	0	0.011571
ENSE00000675594_027	g0002	0	0.027280
ENSE00000675594_028	g0002	0	0.013602
ENSE00000676004_001	g0082	0	0.006142
ENSE00000676004_003	g0082	0	0.004176
ENSE00000676004_004	g0082	0	0.003625
ENSE00000676004_020	g0082	0	0.025863
ENSE00000676004_027	g0082	0	0.021200
ENSE00000676004_028	g0082	0	0.108412
ENSE00000677429_002	g0085	0	0.013046
ENSE00000677429_004	g0085	0	0.010855
ENSE00000677429_005	g0085	0	0.018177
ENSE00000677429_007	g0085	0	0.018136
ENSE00000677429_010	g0085	0	0.069273
ENSE00000677429_012	g0085	0	0.058247
ENSE00000677429_013	g0085	0	0.029235
ENSE00000677429_017	g0085	0	0.026168
ENSE00000677429_018	g0085	0	0.029907
ENSE00000677429_025	g0085	0	0.038351
ENSE00000677429_026	g0085	0	0.039573
ENSE00000677429_027	g0085	0	0.040979
ENSE00000677429_028	g0085	0	0.019331
ENSE00000677429_029	g0085	0	0.019806
ENSE00000677429_033	g0085	0	0.007954
ENSE00000677429_035	g0085	0	0.005803
ENSE00000680817_003	g0092	0	0.027316
ENSE00000680817_011	g0092	0	0.025959
ENSE00000681287_001	g0093	0	0.005073
ENSE00000681287_002	g0093	0	0.004037
ENSE00000681287_005	g0093	0	0.005793
ENSE00000681287_007	g0093	0	0.006326
ENSE00000681287_011	g0093	0	0.032700
ENSE00000681287_012	g0093	0	0.025139
ENSE00000681287_015	g0093	0	0.027897
ENSE00000681287_018	g0093	0	0.034715
ENSE00000681287_025	g0093	0	0.126218
ENSE00000681287_027	g0093	1	0.033755
ENSE00000687910_001	g0102	0	0.003394
ENSE00000687910_002	g0102	0	0.003429
ENSE00000687910_006	g0102	0	0.015545
ENSE00000687910_009	g0102	0	0.055065
ENSE00000687910_012	g0102	0	0.025004
ENSE00000687910_014	g0102	0	0.080965
ENSE00000687910_016	g0102	0	0.033626
ENSE00000687910_019	g0102	0	0.015923
ENSE00000687910_027	g0102	0	0.009398
ENSE00000694349_001	g0109	0	0.003898
ENSE00000694349_002	g0109	0	0.003989
ENSE00000694349_003	g0109	0	0.004530
ENSE00000694349_004	g0109	0	0.004092
ENSE00000694349_005	g0109	0	0.005817
ENSE00000694349_006	g0109	0	0.026222
ENSE00000694349_007	g0109	0	0.032226
ENSE00000694349_008	g0109	0	0.029495
ENSE00000694349_009	g0109	0	0.023910
ENSE00000694349_010	g0109	0	0.040139
ENSE00000694349_011	g0109	0	0.032777
ENSE00000694349_013	g0109	0	0.063026
ENSE00000694349_014	g0109	0	0.021059
ENSE00000694349_015	g0109	0	0.048466
ENSE00000694349_016	g0109	0	0.032764
ENSE00000694349_017	g0109	0	0.021350
ENSE00000694349_019	g0109	0	0.078208
ENSE00000694349_020	g0109	0	0.027744
ENSE00000694349_021	g0109	0	0.081256
ENSE00000694349_023	g0109	0	0.020357
ENSE00000694349_025	g0109	0	0.071748
ENSE00000694349_026	g0109	0	0.026505
ENSE00000694349_027	g0109	0	0.024009
ENSE00000699206_001	g0117	0	0.004710
ENSE00000699206_002	g0117	0	0.009052
ENSE00000699206_003	g0117	0	0.005547
ENSE00000699206_004	g0117	0	0.029485
ENSE00000699206_005	g0117	0	0.018200
ENSE00000699206_006	g0117	0	0.025370
ENSE00000699206_007	g0117	0	0.020267
ENSE00000699206_008	g0117	0	0.013262
ENSE00000699206_011	g0117	0	0.012622
ENSE00000699206_013	g0117	0	0.013602
ENSE00000699206_014	g0117	0	0.006446
ENSE00000699206_015	g0117	0	0.005613
ENSE00000699242_001	g0117	0	0.007976
ENSE00000699242_002	g0117	0	0.008419
ENSE00000699242_003	g0117	0	0.006143
ENSE00000699242_004	g0117	1	0.027276
ENSE00000699242_005	g0117	0	0.023174
ENSE00000699242_006	g0117	0	0.021085
ENSE00000699242_007	g0117	0	0.044995
ENSE00000699242_008	g0117	1	0.026857
ENSE00000699242_009	g0117	1	0.706772
ENSE00000699242_010	g0117	0	0.025408
ENSE00000699242_011	g0117	0	0.023774
ENSE00000699242_012	g0117	0	0.019206
ENSE00000699242_013	g0117	0	0.027773
ENSE00000699242_014	g0117	0	0.031639
ENSE00000699242_017	g0117	0	0.012552
ENSE00000699242_018	g0117	0	0.005688
ENSE00000699242_019	g0117	0	0.003648
ENSE00000699242_020	g0117	0	0.004896
ENSE00000700481_001	g0120	0	0.005939
ENSE00000700481_002	g0120	0	0.008477
ENSE00000700481_004	g0120	0	0.025930
ENSE00000700481_005	g0120	0	0.031544
ENSE00000700481_008	g0120	0	0.032632
ENSE00000700481_011	g0120	0	0.013564
ENSE00000700481_015	g0120	0	0.050057
ENSE00000700481_017	g0120	0	0.024362
ENSE00000700625_001	g0121	0	0.003419
ENSE00000700625_002	g0121	0	0.003007
ENSE00000700625_003	g0121	0	0.003304
ENSE00000700625_007	g0121	0	0.005364
ENSE00000700625_008	g0121	0	0.007987
ENSE00000700625_009	g0121	0	0.017303
ENSE00000700625_011	g0121	0	0.016787
ENSE00000700625_013	g0121	0	0.019975
ENSE00000700625_014	g0121	0	0.026218
ENSE00000700625_015	g0121	0	0.022530
ENSE00000700625_016	g0121	0	0.015203
ENSE00000700625_017	g0121	0	0.014908
ENSE00000700625_019	g0121	0	0.022713
ENSE00000700625_020	g0121	0	0.024996
ENSE00000700625_021	g0121	0	0.112564
ENSE00000700625_022	g0121	0	0.016803
ENSE00000700625_023	g0121	0	0.014931
ENSE00000700625_024	g0121	0	0.015184
ENSE00000700625_025	g0121	0	0.032612
ENSE00000700625_026	g0121	0	0.021200
ENSE00000700625_027	g0121	0	0.014990
ENSE00000704071_001	g0124	0	0.004977
ENSE00000704071_002	g0124	0	0.003603
ENSE00000704071_003	g0124	0	0.004869
ENSE00000704071_004	g0124	0	0.005047
ENSE00000704071_005	g0124	0	0.003939
ENSE00000704071_006	g0124	0	0.003949
ENSE00000704071_007	g0124	0	0.052698
ENSE00000704071_008	g0124	1	0.554313
ENSE00000704071_009	g0124	0	0.013407
ENSE00000704071_010	g0124	0	0.028633
ENSE00000704071_011	g0124	0	0.022971
ENSE00000704071_012	g0124	0	0.030788
ENSE00000704071_013	g0124	0	0.017598
ENSE00000704071_014	g0124	0	0.026008
ENSE00000704071_016	g0124	0	0.018961
ENSE00000704071_018	g0124	0	0.024619
ENSE00000704071_020	g0124	0	0.025970
ENSE00000704071_021	g0124	0	0.022916
ENSE00000704071_022	g0124	0	0.014698
ENSE00000704071_023	g0124	0	0.035816
ENSE00000704071_025	g0124	0	0.020947
ENSE00000704071_026	g0124	0	0.019765
ENSE00000704071_027	g0124	0	0.017900
ENSE00000704071_028	g0124	0	0.030520
ENSE00000704071_029	g0124	0	0.026661
ENSE00000704071_030	g0124	0	0.005501
ENSE00000704071_031	g0124	0	0.005485
ENSE00000706055_001	g0126	0	0.004523
ENSE00000706055_002	g0126	0	0.013684
ENSE00000706055_004	g0126	0	0.022597
ENSE00000706055_006	g0126	0	0.029819
ENSE00000706055_008	g0126	0	0.021071
ENSE00000706055_009	g0126	0	0.027338
ENSE00000706055_012	g0126	0	0.099960
ENSE00000706055_013	g0126	0	0.094834
ENSE00000706055_016	g0126	0	0.005909
ENSE00000706055_019	g0126	0	0.005549
ENSE00000706055_021	g0126	0	0.003679
ENSE00000706064_029	g0126	0	0.010404
ENSE00000706991_005	g0127	0	0.088000
ENSE00000706991_007	g0127	0	0.023359
ENSE00000706991_011	g0127	0	0.017285
ENSE00000706991_016	g0127	0	0.020140
ENSE00000706991_018	g0127	0	0.014219
ENSE00000706991_021	g0127	0	0.006988
ENSE00000707642_001	g0129	0	0.013728
ENSE00000707642_002	g0129	0	0.013294
ENSE00000707642_004	g0129	0	0.030122
ENSE00000707642_005	g0129	0	0.011158
ENSE00000707642_007	g0129	0	0.017305
ENSE00000707642_008	g0129	0	0.031474
ENSE00000707642_010	g0129	0	0.011185
ENSE00000707642_013	g0129	0	0.029211
ENSE00000707642_015	g0129	0	0.020114
ENSE00000707642_016	g0129	0	0.017715
ENSE00000707642_017	g0129	0	0.005109
ENSE00000707642_018	g0129	0	0.006972
ENSE00000707642_019	g0129	0	0.007509
ENSE00000707642_020	g0129	0	0.003763
ENSE00000707650_001	g0129	0	0.004450
ENSE00000707650_030	g0129	0	0.003844
ENSE00000708419_006	g0130	0	0.037112
ENSE00000708419_011	g0130	0	0.024365
ENSE00000708419_012	g0130	0	0.023606
ENSE00000708419_013	g0130	0	0.016071
ENSE00000708419_014	g0130	0	0.021617
ENSE00000708419_016	g0130	0	0.018147
ENSE00000708419_017	g0130	0	0.013921
ENSE00000708419_019	g0130	0	0.120792
ENSE00000708419_021	g0130	0	0.124404
ENSE00000708419_022	g0130	1	0.320957
ENSE00000708419_024	g0130	0	0.020328
ENSE00000708419_026	g0130	0	0.011765
ENSE00000708419_027	g0130	0	0.018791
ENSE00000709778_009	g0132	0	0.020815
ENSE00000709778_010	g0132	0	0.015126
ENSE00000709778_013	g0132	0	0.027281
ENSE00000709778_014	g0132	0	0.025156
ENSE00000709778_015	g0132	0	0.023958
ENSE00000712808_001	g0135	0	0.011654
ENSE00000712808_002	g0135	0	0.006568
ENSE00000712808_003	g0135	1	0.626858
ENSE00000712808_005	g0135	0	0.053233
ENSE00000712808_006	g0135	0	0.018794
ENSE00000712808_007	g0135	0	0.022029
ENSE00000712808_008	g0135	0	0.020529
ENSE00000712808_009	g0135	0	0.041048
ENSE00000712808_010	g0135	0	0.021483
ENSE00000712808_011	g0135	0	0.028682
ENSE00000712808_012	g0135	0	0.046397
ENSE00000712808_013	g0135	0	0.045810
ENSE00000712808_014	g0135	0	0.051168
ENSE00000712808_015	g0135	0	0.063893
ENSE00000712808_016	g0135	0	0.026814
ENSE00000712808_018	g0135	0	0.007922
ENSE00000712808_019	g0135	0	0.008213
ENSE00000713716_003	g0138	0	0.011866
ENSE00000713716_006	g0138	0	0.017899
ENSE00000713716_008	g0138	0	0.021620
ENSE00000713716_010	g0138	0	0.018308
ENSE00000713716_011	g0138	0	0.028223
ENSE00000713716_012	g0138	0	0.018559
ENSE00000713716_014	g0138	0	0.017699
ENSE00000713716_016	g0138	0	0.017432
ENSE00000713716_017	g0138	0	0.022346
ENSE00000713716_026	g0138	0	0.003287
ENSE00000714319_001	g0140	0	0.003513
ENSE00000714319_002	g0140	0	0.006049
ENSE00000714319_003	g0140	0	0.003024
ENSE00000714319_005	g0140	0	0.003987
ENSE00000714319_006	g0140	0	0.013480
ENSE00000714319_007	g0140	0	0.011866
ENSE00000714319_008	g0140	0	0.013603
ENSE00000714319_009	g0140	0	0.064878
ENSE00000714319_010	g0140	0	0.038190
ENSE00000714319_011	g0140	0	0.051566
ENSE00000714319_012	g0140	0	0.038591
ENSE00000714319_014	g0140	0	0.040418
ENSE00000714319_015	g0140	0	0.036123
ENSE00000714319_016	g0140	0	0.014783
ENSE00000714319_017	g0140	0	0.017473
ENSE00000714319_018	g0140	0	0.031079
ENSE00000714319_019	g0140	0	0.017378
ENSE00000714319_020	g0140	0	0.023986
ENSE00000714319_021	g0140	0	0.036936
ENSE00000714319_022	g0140	0	0.036841
ENSE00000714319_023	g0140	0	0.030410
ENSE00000714319_025	g0140	0	0.066048
ENSE00000714319_026	g0140	0	0.028749
ENSE00000714319_027	g0140	0	0.013417
ENSE00000714319_028	g0140	0	0.015199
ENSE00000714848_001	g0142	0	0.009587
ENSE00000714848_002	g0142	0	0.025676
ENSE00000714848_003	g0142	0	0.009063
ENSE00000714848_004	g0142	0	0.015083
ENSE00000714848_006	g0142	0	0.018294
ENSE00000714848_007	g0142	0	0.039341
ENSE00000714848_008	g0142	0	0.042602
ENSE00000714848_009	g0142	0	0.026454
ENSE00000714848_010	g0142	0	0.033379
ENSE00000714848_011	g0142	0	0.028509
ENSE00000714848_012	g0142	0	0.016231
ENSE00000714848_016	g0142	0	0.034560
ENSE00000714848_017	g0142	0	0.034190
ENSE00000714848_018	g0142	0	0.019838
ENSE00000714848_019	g0142	0	0.022686
ENSE00000714848_023	g0142	0	0.010073
ENSE00000714848_025	g0142	0	0.008386
ENSE00000718333_001	g0149	0	0.013070
ENSE00000718333_002	g0149	0	0.082746
ENSE00000718333_003	g0149	0	0.703818
ENSE00000718333_005	g0149	0	0.037438
ENSE00000718333_006	g0149	0	0.019739
ENSE00000718333_008	g0149	0	0.022250
ENSE00000718333_009	g0149	0	0.016686
ENSE00000718333_010	g0149	0	0.019453
ENSE00000718333_012	g0149	0	0.020256
ENSE00000718333_013	g0149	0	0.014606
ENSE00000718333_014	g0149	0	0.020265
ENSE00000718333_015	g0149	0	0.013828
ENSE00000718333_016	g0149	0	0.017660
ENSE00000718333_017	g0149	0	0.012138
ENSE00000718333_018	g0149	0	0.081766
ENSE00000718333_019	g0149	0	0.025911
ENSE00000718333_020	g0149	1	0.421121
ENSE00000718333_022	g0149	0	0.003970
ENSE00000718333_023	g0149	0	0.003709
ENSE00000718333_024	g0149	0	0.004681
ENSE00000718733_001	g0150	0	0.003902
ENSE00000718733_003	g0150	0	0.007626
ENSE00000718733_004	g0150	0	0.013007
ENSE00000718733_009	g0150	0	0.030307
ENSE00000718733_011	g0150	0	0.031310
ENSE00000718733_014	g0150	0	0.041474
ENSE00000718733_015	g0150	1	0.018532
ENSE00000723701_003	g0156	0	0.020455
ENSE00000723701_004	g0156	0	0.110997
ENSE00000723701_005	g0156	0	0.028411
ENSE00000723701_006	g0156	0	0.033983
ENSE00000723701_007	g0156	0	0.018799
ENSE00000723701_008	g0156	0	0.019025
ENSE00000723701_011	g0156	0	0.014871
ENSE00000723701_012	g0156	0	0.022850
ENSE00000723701_013	g0156	0	0.017769
ENSE00000723701_014	g0156	0	0.021358
ENSE00000723701_015	g0156	0	0.036450
ENSE00000723701_019	g0156	0	0.048541
ENSE00000723701_020	g0156	0	0.030296
ENSE00000723701_022	g0156	0	0.018099
ENSE00000723701_023	g0156	1	0.054080
ENSE00000723701_024	g0156	0	0.024350
ENSE00000732109_002	g0165	0	0.029114
ENSE00000732109_003	g0165	0	0.159485
ENSE00000732109_004	g0165	0	0.052335
ENSE00000732109_005	g0165	0	0.018445
ENSE00000732109_006	g0165	0	0.050917
ENSE00000732109_007	g0165	0	0.028274
ENSE00000732109_008	g0165	0	0.018562
ENSE00000732109_009	g0165	0	0.015067
ENSE00000732109_012	g0165	0	0.021541
ENSE00000732109_013	g0165	0	0.015218
ENSE00000732109_015	g0165	0	0.024242
ENSE00000732109_016	g0165	0	0.011438
ENSE00000732109_017	g0165	0	0.006183
ENSE00000732112_002	g0165	0	0.008742
ENSE00000732112_005	g0165	0	0.011131
ENSE00000732112_008	g0165	0	0.023347
ENSE00000732112_009	g0165	0	0.118350
ENSE00000732112_010	g0165	0	0.005183
ENSE00000736713_004	g0167	0	0.006353
ENSE00000736713_006	g0167	0	0.024004
ENSE00000736713_007	g0167	0	0.021162
ENSE00000736713_010	g0167	0	0.015201
ENSE00000736713_012	g0167	0	0.021001
ENSE00000736713_014	g0167	0	0.085772
ENSE00000736713_015	g0167	0	0.007434
ENSE00000736713_016	g0167	0	0.007217
ENSE00000736713_017	g0167	0	0.008244
ENSE00000736713_018	g0167	0	0.005713
ENSE00000736847_001	g0167	0	0.007953
ENSE00000736847_002	g0167	0	0.003709
ENSE00000736847_003	g0167	0	0.003903
ENSE00000736847_004	g0167	0	0.004347
ENSE00000736847_007	g0167	0	0.031418
ENSE00000736847_010	g0167	0	0.026923
ENSE00000736847_011	g0167	0	0.026681
ENSE00000736847_012	g0167	0	0.015980
ENSE00000736847_014	g0167	0	0.016396
ENSE00000744547_006	g0176	0	0.006316
ENSE00000744547_009	g0176	0	0.033268
ENSE00000744547_011	g0176	0	0.035305
ENSE00000744547_013	g0176	0	0.038847
ENSE00000744547_014	g0176	0	0.028711
ENSE00000744547_018	g0176	0	0.007142
ENSE00000744547_020	g0176	0	0.006676
ENSE00000752986_001	g0180	0	0.021976
ENSE00000752986_002	g0180	0	0.028617
ENSE00000752986_005	g0180	0	0.013986
ENSE00000752986_006	g0180	0	0.020761
ENSE00000752986_008	g0180	0	0.016275
ENSE00000752986_009	g0180	0	0.018193
ENSE00000752986_011	g0180	0	0.025891
ENSE00000752986_012	g0180	0	0.015517
ENSE00000752986_013	g0180	0	0.031033
ENSE00000752986_014	g0180	0	0.014965
ENSE00000752986_015	g0180	0	0.015260
ENSE00000752986_018	g0180	0	0.025328
ENSE00000752986_019	g0180	0	0.023793
ENSE00000752986_020	g0180	0	0.019992
ENSE00000752986_021	g0180	0	0.022843
ENSE00000752986_022	g0180	0	0.113618
ENSE00000752986_023	g0180	0	0.095882
ENSE00000752986_025	g0180	0	0.010801
ENSE00000763518_001	g0185	0	0.009238
ENSE00000763518_004	g0185	0	0.174748
ENSE00000763518_008	g0185	0	0.022112
ENSE00000763518_014	g0185	0	0.016210
ENSE00000763518_015	g0185	0	0.022983
ENSE00000767839_002	g0189	0	0.003363
ENSE00000767839_003	g0189	0	0.239059
ENSE00000767839_005	g0189	0	0.013813
ENSE00000767839_006	g0189	0	0.060469
ENSE00000767839_007	g0189	0	0.029679
ENSE00000767839_008	g0189	0	0.021573
ENSE00000767839_009	g0189	0	0.023138
ENSE00000767839_010	g0189	0	0.027426
ENSE00000767839_011	g0189	0	0.036427
ENSE00000767839_012	g0189	0	0.040726
ENSE00000767839_015	g0189	0	0.020646
ENSE00000771330_001	g0197	0	0.022214
ENSE00000771330_002	g0197	0	0.006811
ENSE00000771330_003	g0197	0	0.012830
ENSE00000771330_004	g0197	0	0.016401
ENSE00000771330_005	g0197	0	0.017761
ENSE00000771330_007	g0197	0	0.013444
ENSE00000771330_010	g0197	0	0.013236
ENSE00000771330_011	g0197	0	0.016878
ENSE00000771330_012	g0197	0	0.026068
ENSE00000771330_015	g0197	0	0.032665
ENSE00000771330_017	g0197	0	0.023962
ENSE00000771330_018	g0197	0	0.037913
ENSE00000771330_019	g0197	0	0.030887
ENSE00000771330_022	g0197	0	0.005213
ENSE00000771330_023	g0197	0	0.003412
ENSE00000773526_002	g0198	0	0.006016
ENSE00000773526_003	g0198	0	0.007940
ENSE00000773526_004	g0198	0	0.024661
ENSE00000773526_005	g0198	0	0.021153
ENSE00000773526_006	g0198	0	0.043643
ENSE00000773526_007	g0198	0	0.112764
ENSE00000773526_009	g0198	0	0.038384
ENSE00000773526_011	g0198	0	0.029155
ENSE00000773526_012	g0198	0	0.044587
ENSE00000773526_013	g0198	0	0.024478
ENSE00000773526_014	g0198	0	0.024572
ENSE00000773526_015	g0198	0	0.018148
ENSE00000773526_016	g0198	0	0.038049
ENSE00000773526_017	g0198	0	0.018579
ENSE00000773526_020	g0198	0	0.050526
ENSE00000773526_022	g0198	0	0.006295
ENSE00000773526_023	g0198	0	0.018144
ENSE00000773526_024	g0198	0	0.005728
ENSE00000773526_025	g0198	0	0.003086
ENSE00000785388_001	g0009	0	0.005144
ENSE00000785388_002	g0009	0	0.005293
ENSE00000785388_003	g0009	0	0.003748
ENSE00000785388_004	g0009	0	0.006464
ENSE00000785388_006	g0009	0	0.028146
ENSE00000785388_007	g0009	0	0.041282
ENSE00000785388_008	g0009	0	0.085743
ENSE00000785388_009	g0009	0	0.020038
ENSE00000785388_011	g0009	0	0.033936
ENSE00000785388_012	g0009	0	0.030353
ENSE00000785388_013	g0009	0	0.020960
ENSE00000785388_014	g0009	0	0.060394
ENSE00000785388_015	g0009	0	0.015437
ENSE00000785388_016	g0009	0	0.029787
ENSE00000785388_017	g0009	0	0.020397
ENSE00000785388_018	g0009	0	0.019149
ENSE00000785388_019	g0009	1	0.404544
ENSE00000785388_020	g0009	0	0.003927
ENSE00000785388_022	g0009	0	0.003392
ENSE00000796206_001	g0210	0	0.004135
ENSE00000796206_006	g0210	0	0.003753
ENSE00000796206_007	g0210	0	0.013855
ENSE00000796206_008	g0210	0	0.375894
ENSE00000796206_009	g0210	0	0.382759
ENSE00000796206_010	g0210	0	0.049206
ENSE00000796206_011	g0210	0	0.024518
ENSE00000796206_015	g0210	0	0.030301
ENSE00000796206_017	g0210	0	0.032159
ENSE00000796206_019	g0210	0	0.074783
ENSE00000796206_021	g0210	0	0.026265
ENSE00000796206_023	g0210	0	0.008255
ENSE00000796206_024	g0210	0	0.016328
ENSE00000801180_001	g0214	0	0.003421
ENSE00000801180_003	g0214	0	0.004955
ENSE00000801180_010	g0214	0	0.030731
ENSE00000801180_014	g0214	0	0.017601
ENSE00000801180_015	g0214	0	0.030565
ENSE00000801180_016	g0214	0	0.037064
ENSE00000801180_017	g0214	0	0.017982
ENSE00000801180_018	g0214	0	0.027917
ENSE00000801180_019	g0214	0	0.028440
ENSE00000801180_020	g0214	0	0.031460
ENSE00000801180_021	g0214	0	0.025954
ENSE00000801180_022	g0214	0	0.039690
ENSE00000801180_023	g0214	0	0.029231
ENSE00000801437_001	g0215	0	0.010257
ENSE00000801437_002	g0215	0	0.005319
ENSE00000801437_003	g0215	0	0.012833
ENSE00000801437_004	g0215	0	0.012426
ENSE00000801437_006	g0215	0	0.017560
ENSE00000801437_007	g0215	0	0.014119
ENSE00000801437_008	g0215	0	0.004361
ENSE00000802182_002	g0217	0	0.003890
ENSE00000802182_018	g0217	0	0.035593
ENSE00000802182_020	g0217	0	0.025363
ENSE00000802182_022	g0217	0	0.025401
ENSE00000802182_033	g0217	0	0.016901
ENSE00000802193_002	g0217	0	0.003027
ENSE00000802193_003	g0217	0	0.003534
ENSE00000802193_004	g0217	0	0.007017
ENSE00000802193_005	g0217	0	0.010703
ENSE00000802193_007	g0217	0	0.026039
ENSE00000802193_013	g0217	0	0.018681
ENSE00000802193_014	g0217	0	0.047148
ENSE00000802193_015	g0217	0	0.020120
ENSE00000802193_018	g0217	0	0.019145
ENSE00000802193_019	g0217	0	0.014220
ENSE00000802193_022	g0217	0	0.015170
ENSE00000802193_023	g0217	0	0.014750
ENSE00000802193_024	g0217	0	0.030892
ENSE00000802193_026	g0217	0	0.023485
ENSE00000804061_004	g0219	0	0.013713
ENSE00000804061_008	g0219	0	0.021003
ENSE00000804061_009	g0219	0	0.021052
ENSE00000804061_011	g0219	0	0.027609
ENSE00000804061_013	g0219	0	0.030380
ENSE00000804061_015	g0219	0	0.034142
ENSE00000806005_008	g0221	0	0.014753
ENSE00000806005_009	g0221	0	0.010172
ENSE00000806005_016	g0221	0	0.014292
ENSE00000806005_017	g0221	0	0.014454
ENSE00000806005_018	g0221	0	0.013922
ENSE00000806215_001	g0222	0	0.004250
ENSE00000806215_002	g0222	0	0.003912
ENSE00000806215_003	g0222	0	0.027624
ENSE00000806215_004	g0222	1	0.271529
ENSE00000806215_006	g0222	0	0.018758
ENSE00000806215_007	g0222	1	0.049199
ENSE00000806215_009	g0222	1	0.022197
ENSE00000806215_010	g0222	1	0.022583
ENSE00000806215_011	g0222	0	0.016463
ENSE00000806215_014	g0222	1	0.017905
ENSE00000806215_015	g0222	0	0.096254
ENSE00000806215_017	g0222	0	0.037056
ENSE00000806215_019	g0222	0	0.037306
ENSE00000806215_020	g0222	0	0.018835
ENSE00000806215_022	g0222	0	0.019392
ENSE00000807561_001	g0225	0	0.007548
ENSE00000807561_002	g0225	0	0.013702
ENSE00000807561_003	g0225	0	0.037564
ENSE00000807561_004	g0225	0	0.027058
ENSE00000807561_005	g0225	0	0.023381
ENSE00000807561_006	g0225	0	0.065041
ENSE00000807561_007	g0225	0	0.022554
ENSE00000807561_008	g0225	0	0.016112
ENSE00000807561_011	g0225	0	0.019262
ENSE00000807561_012	g0225	0	0.014530
ENSE00000807561_014	g0225	0	0.076042
ENSE00000807561_016	g0225	0	0.007939
ENSE00000807561_018	g0225	0	0.008116
ENSE00000807561_019	g0225	0	0.005935
ENSE00000808204_001	g0228	0	0.004016
ENSE00000808204_003	g0228	0	0.004698
ENSE00000808204_004	g0228	0	0.014170
ENSE00000808204_007	g0228	0	0.024483
ENSE00000808204_008	g0228	0	0.049457
ENSE00000808204_009	g0228	0	0.018182
ENSE00000808204_010	g0228	0	0.019170
ENSE00000808204_012	g0228	0	0.024635
ENSE00000808204_013	g0228	0	0.036121
ENSE00000808204_014	g0228	0	0.029784
ENSE00000808204_015	g0228	0	0.107946
ENSE00000808204_016	g0228	0	0.084595
ENSE00000808204_020	g0228	0	0.025864
ENSE00000808204_021	g0228	0	0.013551
ENSE00000811044_001	g0235	0	0.004038
ENSE00000811044_002	g0235	0	0.004100
ENSE00000811044_004	g0235	0	0.043367
ENSE00000811044_006	g0235	0	0.016620
ENSE00000811044_008	g0235	0	0.016521
ENSE00000811044_009	g0235	0	0.037197
ENSE00000811044_010	g0235	0	0.018083
ENSE00000811044_012	g0235	0	0.027823
ENSE00000811044_013	g0235	0	0.038011
ENSE00000811044_014	g0235	0	0.022654
ENSE00000811044_017	g0235	0	0.030272
ENSE00000811044_018	g0235	0	0.025319
ENSE00000811044_025	g0235	0	0.003950
ENSE00000816181_019	g0241	0	0.011459
ENSE00000816181_021	g0241	0	0.111811
ENSE00000816181_023	g0241	0	0.008666
ENSE00000817062_001	g0242	0	0.006014
ENSE00000817062_002	g0242	0	0.006780
ENSE00000817062_005	g0242	0	0.047986
ENSE00000817062_006	g0242	0	0.040092
ENSE00000817062_007	g0242	0	0.048909
ENSE00000817062_008	g0242	0	0.077226
ENSE00000817062_009	g0242	0	0.068931
ENSE00000817062_011	g0242	0	0.019216
ENSE00000817062_013	g0242	0	0.011139
ENSE00000817062_014	g0242	0	0.015749
ENSE00000817062_015	g0242	0	0.013547
ENSE00000817062_016	g0242	0	0.017060
ENSE00000817062_019	g0242	0	0.014962
ENSE00000817062_020	g0242	0	0.019161
ENSE00000817062_021	g0242	0	0.401969
ENSE00000817062_022	g0242	0	0.534665
ENSE00000828162_001	g0245	0	0.014747
ENSE00000828162_002	g0245	0	0.009448
ENSE00000828162_005	g0245	0	0.013216
ENSE00000828162_008	g0245	0	0.045368
ENSE00000828162_013	g0245	0	0.014028
ENSE00000828162_014	g0245	0	0.005652
ENSE00000828162_016	g0245	0	0.006810
ENSE00000831538_003	g0249	0	0.004572
ENSE00000831538_006	g0249	0	0.007251
ENSE00000831538_007	g0249	0	0.006990
ENSE00000831538_008	g0249	0	0.078572
ENSE00000831538_009	g0249	0	0.047899
ENSE00000831538_011	g0249	0	0.035085
ENSE00000831538_012	g0249	1	0.043588
ENSE00000831538_013	g0249	1	0.017923
ENSE00000831538_014	g0249	0	0.016767
ENSE00000831538_015	g0249	0	0.024435
ENSE00000831538_016	g0249	0	0.017991
ENSE00000831538_017	g0249	0	0.014335
ENSE00000831538_018	g0249	0	0.326236
ENSE00000831538_020	g0249	0	0.005593
ENSE00000831538_021	g0249	0	0.003569
ENSE00000831538_022	g0249	0	0.003692
ENSE00000835661_001	g0251	0	0.003224
ENSE00000835661_005	g0251	0	0.028821
ENSE00000835661_006	g0251	0	0.127061
ENSE00000835661_008	g0251	0	0.038612
ENSE00000835661_011	g0251	0	0.040017
ENSE00000835661_012	g0251	0	0.036333
ENSE00000835661_013	g0251	0	0.007555
ENSE00000841262_003	g0256	0	0.010447
ENSE00000841262_008	g0256	0	0.017913
ENSE00000841262_011	g0256	0	0.017149
ENSE00000843141_001	g0059	0	0.006542
ENSE00000843141_002	g0059	0	0.015052
ENSE00000843141_003	g0059	0	0.026597
ENSE00000843141_004	g0059	0	0.042077
ENSE00000843141_005	g0059	0	0.026451
ENSE00000843142_001	g0059	0	0.040924
ENSE00000843142_003	g0059	0	0.012042
ENSE00000843142_004	g0059	0	0.019532
ENSE00000843142_005	g0059	0	0.027458
ENSE00000843142_006	g0059	0	0.031312
ENSE00000843142_007	g0059	0	0.016394
ENSE00000843142_008	g0059	0	0.013334
ENSE00000843142_009	g0059	0	0.017742
ENSE00000843142_010	g0059	0	0.006428
ENSE00000844709_008	g0258	1	0.164968
ENSE00000844709_015	g0258	0	0.005811
ENSE00000844983_004	g0260	0	0.011211
ENSE00000844983_010	g0260	0	0.023921
ENSE00000844983_011	g0260	0	0.015351
ENSE00000844983_017	g0260	0	0.013930
ENSE00000844983_025	g0260	0	0.015302
ENSE00000844983_030	g0260	1	0.019110
ENSE00000844983_031	g0260	0	0.016411
ENSE00000845336_003	g0261	0	0.003135
ENSE00000845336_008	g0261	0	0.007325
ENSE00000845336_010	g0261	0	0.010220
ENSE00000845336_012	g0261	0	0.066595
ENSE00000845336_014	g0261	0	0.065519
ENSE00000845336_015	g0261	0	0.033009
ENSE00000845336_021	g0261	0	0.011410
ENSE00000845336_025	g0261	0	0.009309
ENSE00000845336_027	g0261	0	0.006202
ENSE00000846524_001	g0266	0	0.003871
ENSE00000846524_002	g0266	0	0.003280
ENSE00000846524_003	g0266	0	0.019530
ENSE00000846524_004	g0266	0	0.027486
ENSE00000846524_005	g0266	0	0.021128
ENSE00000846524_006	g0266	0	0.016313
ENSE00000846524_008	g0266	0	0.038747
ENSE00000846524_010	g0266	0	0.020248
ENSE00000846524_012	g0266	0	0.030373
ENSE00000846524_015	g0266	0	0.024735
ENSE00000846524_016	g0266	0	0.019212
ENSE00000846889_001	g0267	0	0.006591
ENSE00000846889_003	g0267	0	0.105898
ENSE00000846889_004	g0267	0	0.043044
ENSE00000846889_006	g0267	0	0.025031
ENSE00000846889_007	g0267	0	0.029711
ENSE00000846889_008	g0267	0	0.015519
ENSE00000846889_009	g0267	0	0.024683
ENSE00000846889_010	g0267	0	0.022177
ENSE00000846889_013	g0267	0	0.038082
ENSE00000846889_014	g0267	0	0.016221
ENSE00000846889_015	g0267	0	0.018828
ENSE00000846889_016	g0267	0	0.018719
ENSE00000846889_018	g0267	0	0.014205
ENSE00000846889_019	g0267	0	0.017042
ENSE00000846889_021	g0267	0	0.057782
ENSE00000846889_022	g0267	0	0.007949
ENSE00000846889_023	g0267	0	0.007976
ENSE00000846889_024	g0267	0	0.003870
ENSE00000846889_025	g0267	0	0.002963
ENSE00000850031_001	g0268	0	0.006559
ENSE00000850031_003	g0268	0	0.005678
ENSE00000850031_006	g0268	0	0.005803
ENSE00000850031_012	g0268	0	0.031386
ENSE00000850031_021	g0268	0	0.005411
ENSE00000852784_001	g0269	0	0.007067
ENSE00000852784_003	g0269	0	0.005504
ENSE00000852784_005	g0269	0	0.004806
ENSE00000852784_006	g0269	0	0.004927
ENSE00000852784_007	g0269	0	0.005128
ENSE00000852784_008	g0269	0	0.005340
ENSE00000852784_009	g0269	1	0.802616
ENSE00000852784_010	g0269	0	0.063075
ENSE00000852784_011	g0269	0	0.147810
ENSE00000852784_012	g0269	0	0.041538
ENSE00000852784_013	g0269	0	0.039888
ENSE00000852784_014	g0269	0	0.029353
ENSE00000852784_015	g0269	0	0.035559
ENSE00000852784_016	g0269	0	0.035139
ENSE00000852784_017	g0269	0	0.039785
ENSE00000852784_018	g0269	0	0.027844
ENSE00000852784_019	g0269	0	0.033368
ENSE00000852784_020	g0269	0	0.031975
ENSE00000852784_021	g0269	0	0.031575
ENSE00000852784_023	g0269	0	0.035309
ENSE00000852784_024	g0269	1	0.054408
ENSE00000852784_025	g0269	0	0.023099
ENSE00000852784_026	g0269	0	0.034432
ENSE00000852784_027	g0269	0	0.011365
ENSE00000852784_028	g0269	0	0.013613
ENSE00000857044_001	g0272	0	0.007131
ENSE00000857044_002	g0272	0	0.006423
ENSE00000857044_003	g0272	0	0.019936
ENSE00000857044_005	g0272	1	0.672266
ENSE00000857044_008	g0272	0	0.016075
ENSE00000857044_009	g0272	0	0.023578
ENSE00000857044_010	g0272	0	0.024240
ENSE00000857044_012	g0272	0	0.055650
ENSE00000857044_014	g0272	0	0.007106
ENSE00000857044_015	g0272	0	0.007997
ENSE00000857479_009	g0273	0	0.022110
ENSE00000857479_012	g0273	0	0.019819
ENSE00000857479_016	g0273	0	0.024706
ENSE00000857479_017	g0273	0	0.043359
ENSE00000857743_001	g0150	0	0.003388
ENSE00000857743_002	g0150	0	0.005356
ENSE00000857743_003	g0150	0	0.003112
ENSE00000857743_005	g0150	0	0.004324
ENSE00000857743_010	g0150	0	0.020143
ENSE00000857743_011	g0150	0	0.013130
ENSE00000857743_012	g0150	0	0.036373
ENSE00000857743_013	g0150	0	0.071315
ENSE00000857743_014	g0150	0	0.104387
ENSE00000857743_015	g0150	0	0.161813
ENSE00000857743_017	g0150	0	0.042862
ENSE00000857743_018	g0150	0	0.012554
ENSE00000857743_019	g0150	0	0.014959
ENSE00000857743_020	g0150	0	0.005841
ENSE00000857743_021	g0150	0	0.006185
ENSE00000858111_001	g0274	0	0.003180
ENSE00000858111_002	g0274	0	0.003573
ENSE00000858111_003	g0274	0	0.003676
ENSE00000858111_004	g0274	0	0.003474
ENSE00000858111_005	g0274	0	0.003711
ENSE00000858111_007	g0274	1	0.137675
ENSE00000858111_010	g0274	0	0.022191
ENSE00000858111_013	g0274	0	0.014796
ENSE00000858111_014	g0274	0	0.022773
ENSE00000858111_015	g0274	0	0.035655
ENSE00000858111_016	g0274	0	0.045581
ENSE00000858111_018	g0274	0	0.015856
ENSE00000858111_020	g0274	0	0.013596
ENSE00000858111_022	g0274	0	0.017283
ENSE00000858111_023	g0274	0	0.020484
ENSE00000858111_024	g0274	0	0.007384
ENSE00000859129_001	g0276	0	0.003465
ENSE00000859129_002	g0276	0	0.033540
ENSE00000860014_005	g0280	0	0.015735
ENSE00000860014_010	g0280	0	0.014008
ENSE00000860014_011	g0280	0	0.014040
ENSE00000860247_001	g0282	0	0.007118
ENSE00000860247_004	g0282	0	0.007626
ENSE00000860247_007	g0282	0	0.024657
ENSE00000860247_013	g0282	0	0.006943
ENSE00000860247_014	g0282	0	0.004298
ENSE00000860247_015	g0282	0	0.003851
ENSE00000860247_016	g0282	0	0.007933
ENSE00000860247_018	g0282	0	0.003471
ENSE00000862428_024	g0283	0	0.030239
ENSE00000862428_033	g0283	0	0.005225
ENSE00000863750_001	g0285	0	0.004740
ENSE00000863750_004	g0285	0	0.056352
ENSE00000863750_005	g0285	0	0.022166
ENSE00000863750_007	g0285	0	0.020043
ENSE00000863750_008	g0285	0	0.020486
ENSE00000863750_009	g0285	0	0.017670
ENSE00000863750_010	g0285	0	0.017600
ENSE00000863750_011	g0285	0	0.019426
ENSE00000863750_012	g0285	0	0.016423
ENSE00000863750_013	g0285	0	0.021532
ENSE00000863750_014	g0285	0	0.075560
ENSE00000863750_016	g0285	0	0.013853
ENSE00000863750_017	g0285	0	0.023668
ENSE00000865703_003	g0287	0	0.003392
ENSE00000865703_004	g0287	0	0.003018
ENSE00000865703_005	g0287	0	0.006139
ENSE00000865703_007	g0287	0	0.004548
ENSE00000865703_010	g0287	0	0.196797
ENSE00000865703_011	g0287	0	0.019373
ENSE00000865703_012	g0287	0	0.054355
ENSE00000865703_013	g0287	0	0.016888
ENSE00000865703_014	g0287	0	0.035411
ENSE00000865703_016	g0287	0	0.037782
ENSE00000865703_017	g0287	0	0.029005
ENSE00000865703_018	g0287	0	0.027608
ENSE00000865703_023	g0287	0	0.012954
ENSE00000865703_025	g0287	0	0.039773
ENSE00000865703_026	g0287	0	0.080314
ENSE00000865703_029	g0287	0	0.037191
ENSE00000865703_033	g0287	0	0.704802
ENSE00000865703_035	g0287	0	0.020410
ENSE00000865703_037	g0287	0	0.026487
ENSE00000865703_040	g0287	0	0.019799
ENSE00000868110_001	g0290	0	0.010102
ENSE00000868110_003	g0290	0	0.009488
ENSE00000868110_004	g0290	0	0.017547
ENSE00000868110_005	g0290	0	0.036056
ENSE00000868110_006	g0290	0	0.031425
ENSE00000868110_007	g0290	0	0.021779
ENSE00000868110_008	g0290	0	0.020679
ENSE00000868110_009	g0290	0	0.011524
ENSE00000868110_011	g0290	0	0.015282
ENSE00000868110_014	g0290	0	0.006543
ENSE00000868110_015	g0290	0	0.005512
ENSE00000869920_001	g0293	0	0.003130
ENSE00000869920_003	g0293	0	0.003044
ENSE00000869920_004	g0293	0	0.003978
ENSE00000869920_005	g0293	0	0.003780
ENSE00000869920_006	g0293	0	0.004742
ENSE00000869920_007	g0293	0	0.004499
ENSE00000869920_008	g0293	0	0.004053
ENSE00000869920_009	g0293	0	0.004293
ENSE00000869920_010	g0293	0	0.026757
ENSE00000869920_011	g0293	0	0.022936
ENSE00000869920_012	g0293	0	0.062175
ENSE00000869920_013	g0293	0	0.030545
ENSE00000869920_014	g0293	0	0.026310
ENSE00000869920_015	g0293	0	0.032147
ENSE00000869920_017	g0293	0	0.089011
ENSE00000869920_018	g0293	0	0.058848
ENSE00000869920_019	g0293	0	0.055331
ENSE00000869920_020	g0293	0	0.060597
ENSE00000869920_021	g0293	0	0.142663
ENSE00000869920_023	g0293	0	0.014186
ENSE00000869920_024	g0293	0	0.010219
ENSE00000869920_026	g0293	0	0.010815
ENSE00000869924_001	g0293	0	0.005597
ENSE00000869924_003	g0293	0	0.018699
ENSE00000869924_004	g0293	0	0.019923
ENSE00000869924_005	g0293	0	0.027622
ENSE00000869924_006	g0293	0	0.038639
ENSE00000869924_009	g0293	0	0.035695
ENSE00000869924_012	g0293	0	0.019440
ENSE00000869924_013	g0293	0	0.020853
ENSE00000869924_014	g0293	0	0.024616
ENSE00000869924_015	g0293	0	0.019969
ENSE00000869924_016	g0293	0	0.023019
ENSE00000869924_017	g0293	0	0.020571
ENSE00000869924_018	g0293	0	0.024660
ENSE00000869924_019	g0293	0	0.022771
ENSE00000869924_020	g0293	0	0.014607
ENSE00000869924_021	g0293	0	0.016173
ENSE00000869924_022	g0293	0	0.008072
ENSE00000873488_004	g0294	0	0.014926
ENSE00000873488_005	g0294	0	0.023838
ENSE00000873488_006	g0294	0	0.017798
ENSE00000873488_010	g0294	0	0.005030
ENSE00000874520_001	g0295	0	0.004729
ENSE00000874520_002	g0295	0	0.004128
ENSE00000874520_003	g0295	0	0.019144
ENSE00000874520_005	g0295	0	0.026179
ENSE00000874520_007	g0295	0	0.016497
ENSE00000874520_008	g0295	0	0.031682
ENSE00000874520_009	g0295	0	0.025352
ENSE00000874520_010	g0295	0	0.020453
ENSE00000874520_012	g0295	0	0.016045
ENSE00000874520_013	g0295	0	0.014332
ENSE00000874520_014	g0295	0	0.020430
ENSE00000874520_015	g0295	0	0.034590
ENSE00000874520_016	g0295	0	0.029414
ENSE00000874520_017	g0295	0	0.085996
ENSE00000874520_018	g0295	0	0.022865
ENSE00000874520_019	g0295	0	0.032120
ENSE00000874520_020	g0295	0	0.054002
ENSE00000874520_021	g0295	0	0.014836
ENSE00000874520_022	g0295	0	0.010305
ENSE00000874520_023	g0295	0	0.018212
ENSE00000883832_001	g0297	0	0.003108
ENSE00000883832_002	g0297	0	0.003077
ENSE00000883832_003	g0297	0	0.002928
ENSE00000883832_005	g0297	0	0.005123
ENSE00000883832_013	g0297	0	0.050441
ENSE00000883832_015	g0297	0	0.022623
ENSE00000883832_016	g0297	0	0.072450
ENSE00000883832_018	g0297	0	0.024407
ENSE00000883832_020	g0297	0	0.022107
ENSE00000883832_025	g0297	0	0.016310
ENSE00000883832_026	g0297	0	0.015011
ENSE00000883832_029	g0297	0	0.021643
ENSE00000889327_002	g0303	0	0.019853
ENSE00000889327_005	g0303	0	0.025463
ENSE00000889327_008	g0303	0	0.014114
ENSE00000889327_013	g0303	0	0.020725
ENSE00000890958_001	g0305	0	0.099450
ENSE00000890958_003	g0305	0	0.016792
ENSE00000890958_004	g0305	0	0.016475
ENSE00000890958_006	g0305	0	0.022737
ENSE00000890958_007	g0305	0	0.028449
ENSE00000890958_008	g0305	0	0.031881
ENSE00000890958_009	g0305	0	0.017761
ENSE00000890958_014	g0305	0	0.027733
ENSE00000890958_016	g0305	0	0.025855
ENSE00000890958_019	g0305	0	0.016866
ENSE00000890958_020	g0305	0	0.026325
ENSE00000890958_021	g0305	0	0.018673
ENSE00000890958_022	g0305	0	0.021439
ENSE00000890958_023	g0305	0	0.021327
ENSE00000890958_024	g0305	0	0.018016
ENSE00000890958_025	g0305	0	0.018939
ENSE00000890958_028	g0305	0	0.016201
ENSE00000890958_030	g0305	0	0.033168
ENSE00000890958_031	g0305	0	0.017541
ENSE00000890969_002	g0305	0	0.003422
ENSE00000890969_003	g0305	0	0.003341
ENSE00000890969_005	g0305	0	0.025203
ENSE00000890969_007	g0305	0	0.024952
ENSE00000890969_009	g0305	0	0.032090
ENSE00000890969_010	g0305	0	0.104054
ENSE00000890969_011	g0305	0	0.094866
ENSE00000890969_012	g0305	0	0.038683
ENSE00000890969_013	g0305	0	0.043057
ENSE00000890969_014	g0305	0	0.055928
ENSE00000890969_017	g0305	0	0.010097
ENSE00000892383_001	g0036	0	0.004366
ENSE00000892383_005	g0036	0	0.020022
ENSE00000892383_007	g0036	0	0.028489
ENSE00000892383_008	g0036	0	0.034182
ENSE00000892383_009	g0036	0	0.034376
ENSE00000892383_012	g0036	0	0.022183
ENSE00000892383_014	g0036	0	0.026339
ENSE00000892383_015	g0036	0	0.018482
ENSE00000892383_018	g0036	0	0.012950
ENSE00000892383_020	g0036	0	0.017030
ENSE00000892383_021	g0036	0	0.021553
ENSE00000892383_023	g0036	0	0.144562
ENSE00000892383_025	g0036	0	0.042242
ENSE00000892383_026	g0036	0	0.037320
ENSE00000893115_007	g0306	0	0.014371
ENSE00000893115_009	g0306	0	0.035672
ENSE00000893115_011	g0306	0	0.024224
ENSE00000893115_018	g0306	0	0.019410
ENSE00000896941_002	g0312	0	0.006639
ENSE00000896941_003	g0312	0	0.005366
ENSE00000896941_004	g0312	0	0.008760
ENSE00000896941_005	g0312	0	0.023845
ENSE00000896941_006	g0312	0	0.020173
ENSE00000896941_007	g0312	0	0.022249
ENSE00000896941_008	g0312	0	0.017910
ENSE00000896941_009	g0312	0	0.018673
ENSE00000896941_010	g0312	0	0.017645
ENSE00000896941_011	g0312	0	0.029451
ENSE00000896941_012	g0312	0	0.022009
ENSE00000896941_013	g0312	0	0.020245
ENSE00000896941_014	g0312	0	0.030993
ENSE00000896941_015	g0312	0	0.027637
ENSE00000896941_016	g0312	0	0.068116
ENSE00000896941_017	g0312	0	0.025789
ENSE00000896941_020	g0312	0	0.005280
ENSE00000903568_001	g0316	0	0.003832
ENSE00000903568_004	g0316	0	0.425968
ENSE00000903568_006	g0316	0	0.026501
ENSE00000903568_008	g0316	0	0.016111
ENSE00000903568_012	g0316	0	0.028613
ENSE00000903568_019	g0316	0	0.025032
ENSE00000903568_021	g0316	0	0.028185
ENSE00000903568_022	g0316	0	0.024973
ENSE00000903568_023	g0316	0	0.014947
ENSE00000903568_025	g0316	0	0.013162
ENSE00000903568_026	g0316	0	0.015366
ENSE00000903568_030	g0316	0	0.009139
ENSE00000906770_001	g0320	0	0.004499
ENSE00000906770_003	g0320	0	0.005212
ENSE00000906770_004	g0320	0	0.005416
ENSE00000906770_005	g0320	0	0.005540
ENSE00000906770_006	g0320	1	0.340309
ENSE00000906770_007	g0320	0	0.044089
ENSE00000906770_008	g0320	0	0.013963
ENSE00000906770_010	g0320	0	0.021085
ENSE00000906770_011	g0320	0	0.021655
ENSE00000906770_012	g0320	0	0.018460
ENSE00000906770_013	g0320	0	0.024471
ENSE00000906770_014	g0320	0	0.018710
ENSE00000906770_015	g0320	0	0.019018
ENSE00000906770_016	g0320	0	0.016838
ENSE00000906770_017	g0320	0	0.020234
ENSE00000906770_018	g0320	0	0.019106
ENSE00000906770_020	g0320	0	0.034377
ENSE00000906770_021	g0320	0	0.020909
ENSE00000906770_022	g0320	0	0.017211
ENSE00000906770_023	g0320	1	0.606453
ENSE00000906770_024	g0320	0	0.045549
ENSE00000906770_025	g0320	0	0.016913
ENSE00000906770_026	g0320	0	0.027704
ENSE00000906770_027	g0320	0	0.028676
ENSE00000906856_009	g0321	0	0.052638
ENSE00000906856_020	g0321	0	0.005690
ENSE00000906856_025	g0321	0	0.003720
ENSE00000907705_004	g0323	0	0.009240
ENSE00000907705_005	g0323	0	0.205636
ENSE00000907705_009	g0323	0	0.049169
ENSE00000907705_011	g0323	0	0.019587
ENSE00000907705_012	g0323	0	0.017862
ENSE00000907705_013	g0323	0	0.021162
ENSE00000907705_017	g0323	0	0.014656
ENSE00000907705_019	g0323	0	0.016808
ENSE00000907705_028	g0323	0	0.010975
ENSE00000907705_031	g0323	0	0.003689
ENSE00000907705_032	g0323	0	0.003016
ENSE00000919127_001	g0337	0	0.004539
ENSE00000919127_002	g0337	0	0.009205
ENSE00000919127_004	g0337	0	0.034922
ENSE00000919127_005	g0337	0	0.054278
ENSE00000919127_006	g0337	0	0.138581
ENSE00000919127_008	g0337	0	0.019975
ENSE00000919127_009	g0337	0	0.037767
ENSE00000919127_010	g0337	0	0.020231
ENSE00000919127_011	g0337	0	0.020864
ENSE00000919127_013	g0337	0	0.049780
ENSE00000919127_014	g0337	0	0.015846
ENSE00000919127_015	g0337	0	0.015540
ENSE00000919127_017	g0337	0	0.012539
ENSE00000919127_018	g0337	0	0.012933
ENSE00000921242_002	g0341	0	0.006935
ENSE00000921242_004	g0341	0	0.008443
ENSE00000921242_007	g0341	0	0.115545
ENSE00000921242_013	g0341	1	0.016106
ENSE00000921242_027	g0341	0	0.030750
ENSE00000921242_031	g0341	0	0.011217
ENSE00000923145_001	g0344	0	0.015789
ENSE00000923145_002	g0344	0	0.012420
ENSE00000923145_003	g0344	0	0.041483
ENSE00000923145_005	g0344	0	0.024196
ENSE00000923145_006	g0344	0	0.012293
ENSE00000923145_008	g0344	0	0.014163
ENSE00000923145_009	g0344	0	0.012303
ENSE00000923145_010	g0344	0	0.013558
ENSE00000923145_011	g0344	0	0.012778
ENSE00000923145_014	g0344	0	0.005998
ENSE00000923145_016	g0344	0	0.008326
ENSE00000923145_017	g0344	0	0.008805
ENSE00000923145_018	g0344	0	0.006733
ENSE00000923145_019	g0344	0	0.007069
ENSE00000923145_021	g0344	0	0.003975
ENSE00000924918_002	g0348	0	0.009050
ENSE00000924918_003	g0348	0	0.029689
ENSE00000924918_004	g0348	0	0.072736
ENSE00000924918_005	g0348	0	0.101845
ENSE00000924918_006	g0348	0	0.016696
ENSE00000924918_007	g0348	0	0.040146
ENSE00000924918_009	g0348	0	0.020875
ENSE00000924918_010	g0348	0	0.019605
ENSE00000924918_011	g0348	0	0.027894
ENSE00000924918_013	g0348	0	0.013730
ENSE00000924918_014	g0348	0	0.014210
ENSE00000924918_015	g0348	0	0.015836
ENSE00000924918_016	g0348	0	0.013243
ENSE00000924918_017	g0348	0	0.018383
ENSE00000924918_018	g0348	0	0.016918
ENSE00000924918_019	g0348	0	0.013887
ENSE00000924918_020	g0348	0	0.021121
ENSE00000924918_021	g0348	0	0.074132
ENSE00000924918_022	g0348	0	0.729247
ENSE00000924918_023	g0348	0	0.004319
ENSE00000924918_024	g0348	0	0.004052
ENSE00000924918_025	g0348	0	0.009220
ENSE00000926455_002	g0351	0	0.008888
ENSE00000926455_004	g0351	0	0.060105
ENSE00000926455_006	g0351	0	0.037129
ENSE00000926455_008	g0351	0	0.054241
ENSE00000926455_012	g0351	0	0.026184
ENSE00000926455_016	g0351	0	0.017210
ENSE00000926455_017	g0351	0	0.019350
ENSE00000926455_019	g0351	0	0.017502
ENSE00000926455_020	g0351	0	0.019496
ENSE00000926455_025	g0351	0	0.011032
ENSE00000926455_026	g0351	0	0.024754
ENSE00000926455_028	g0351	0	0.031102
ENSE00000926455_029	g0351	0	0.055724
ENSE00000926455_030	g0351	0	0.005810
ENSE00000928239_004	g0358	0	0.033727
ENSE00000928239_009	g0358	0	0.013825
ENSE00000928239_010	g0358	0	0.009914
ENSE00000928239_015	g0358	0	0.006287
ENSE00000928743_001	g0359	0	0.007911
ENSE00000928743_003	g0359	0	0.022812
ENSE00000928743_004	g0359	0	0.019934
ENSE00000928743_005	g0359	0	0.031425
ENSE00000928743_006	g0359	1	0.816034
ENSE00000928743_007	g0359	0	0.021468
ENSE00000928743_008	g0359	0	0.032211
ENSE00000928743_009	g0359	0	0.025024
ENSE00000928743_010	g0359	0	0.032271
ENSE00000928743_011	g0359	0	0.051504
ENSE00000928743_012	g0359	0	0.021851
ENSE00000928743_013	g0359	0	0.045308
ENSE00000928743_014	g0359	0	0.028949
ENSE00000928743_016	g0359	0	0.079521
ENSE00000928743_017	g0359	0	0.021129
ENSE00000928743_018	g0359	0	0.042024
ENSE00000928743_021	g0359	0	0.006154
ENSE00000928743_022	g0359	0	0.006547
ENSE00000928743_023	g0359	0	0.004797
ENSE00000928743_024	g0359	0	0.003626
ENSE00000933900_001	g0373	0	0.005523
ENSE00000933900_002	g0373	0	0.006267
ENSE00000933900_003	g0373	0	0.013414
ENSE00000933900_004	g0373	0	0.038827
ENSE00000933900_006	g0373	0	0.045201
ENSE00000933900_008	g0373	0	0.022586
ENSE00000933900_009	g0373	0	0.032597
ENSE00000933900_011	g0373	0	0.027664
ENSE00000933900_012	g0373	0	0.027601
ENSE00000933900_013	g0373	0	0.020049
ENSE00000933900_016	g0373	0	0.057146
ENSE00000933900_017	g0373	0	0.034270
ENSE00000933900_018	g0373	0	0.007802
ENSE00000933900_019	g0373	0	0.007941
ENSE00000933900_021	g0373	0	0.003439
ENSE00000934494_001	g0376	0	0.005500
ENSE00000934494_003	g0376	0	0.007066
ENSE00000934494_004	g0376	0	0.007859
ENSE00000934494_005	g0376	0	0.008905
ENSE00000934494_006	g0376	0	0.010197
ENSE00000934494_007	g0376	0	0.020570
ENSE00000934494_008	g0376	0	0.062597
ENSE00000934494_009	g0376	0	0.039777
ENSE00000934494_010	g0376	0	0.017967
ENSE00000934494_011	g0376	0	0.015991
ENSE00000934494_012	g0376	0	0.013020
ENSE00000934494_014	g0376	0	0.028099
ENSE00000934494_015	g0376	0	0.026938
ENSE00000934494_016	g0376	0	0.021616
ENSE00000934494_017	g0376	0	0.036199
ENSE00000934494_018	g0376	0	0.013981
ENSE00000934494_019	g0376	0	0.015103
ENSE00000934494_020	g0376	0	0.025864
ENSE00000934494_021	g0376	0	0.020285
ENSE00000934494_022	g0376	0	0.024117
ENSE00000934494_023	g0376	0	0.024036
ENSE00000934494_025	g0376	0	0.022795
ENSE00000934494_026	g0376	0	0.025054
ENSE00000934494_027	g0376	0	0.006971
ENSE00000934494_028	g0376	0	0.006721
ENSE00000934494_029	g0376	0	0.005530
ENSE00000934494_030	g0376	0	0.003295
ENSE00000934494_031	g0376	0	0.003801
ENSE00000940404_003	g0383	0	0.009777
ENSE00000940404_005	g0383	0	0.010983
ENSE00000940404_006	g0383	0	0.017778
ENSE00000940404_008	g0383	0	0.014433
ENSE00000940404_010	g0383	1	0.044131
ENSE00000940404_011	g0383	0	0.034426
ENSE00000942056_002	g0387	0	0.004554
ENSE00000942056_003	g0387	1	0.410067
ENSE00000942056_004	g0387	0	0.012578
ENSE00000942056_005	g0387	0	0.013915
ENSE00000942056_009	g0387	0	0.024444
ENSE00000942056_010	g0387	0	0.038468
ENSE00000942056_012	g0387	0	0.021501
ENSE00000942056_014	g0387	0	0.022498
ENSE00000942056_015	g0387	0	0.049029
ENSE00000942056_016	g0387	0	0.023537
ENSE00000942056_017	g0387	0	0.031608
ENSE00000942574_001	g0390	0	0.004636
ENSE00000942574_002	g0390	0	0.003566
ENSE00000942574_003	g0390	0	0.443177
ENSE00000942574_004	g0390	0	0.278390
ENSE00000942574_005	g0390	0	0.542820
ENSE00000942574_006	g0390	0	0.483259
ENSE00000942574_007	g0390	0	0.028342
ENSE00000942574_008	g0390	0	0.032078
ENSE00000942574_009	g0390	0	0.034862
ENSE00000942574_010	g0390	0	0.046334
ENSE00000942574_011	g0390	0	0.014130
ENSE00000942574_012	g0390	0	0.023396
ENSE00000942574_015	g0390	0	0.022759
ENSE00000942574_016	g0390	0	0.048866
ENSE00000942574_017	g0390	0	0.019507
ENSE00000942574_018	g0390	0	0.043686
ENSE00000942574_019	g0390	0	0.030877
ENSE00000942574_021	g0390	0	0.014861
ENSE00000942574_022	g0390	0	0.007713
ENSE00000942574_023	g0390	0	0.006806
ENSE00000942578_001	g0390	0	0.008136
ENSE00000942578_002	g0390	0	0.006821
ENSE00000942578_003	g0390	0	0.005207
ENSE00000942578_004	g0390	0	0.009352
ENSE00000942578_005	g0390	0	0.004157
ENSE00000942578_006	g0390	0	0.006626
ENSE00000942578_007	g0390	0	0.004180
ENSE00000942578_008	g0390	0	0.003880
ENSE00000942578_009	g0390	0	0.022174
ENSE00000942578_010	g0390	0	0.029172
ENSE00000942578_011	g0390	0	0.030713
ENSE00000942578_012	g0390	0	0.032039
ENSE00000942578_013	g0390	0	0.157026
ENSE00000942578_014	g0390	0	0.019773
ENSE00000942578_015	g0390	0	0.073971
ENSE00000942578_016	g0390	0	0.021623
ENSE00000942578_017	g0390	0	0.238342
ENSE00000942578_018	g0390	0	0.145124
ENSE00000942578_019	g0390	0	0.014792
ENSE00000942578_020	g0390	0	0.023140
ENSE00000942578_021	g0390	0	0.015864
ENSE00000942578_022	g0390	0	0.005486
ENSE00000942843_001	g0391	0	0.003366
ENSE00000942843_002	g0391	0	0.003898
ENSE00000942843_004	g0391	0	0.003908
ENSE00000942843_005	g0391	0	0.004445
ENSE00000942843_007	g0391	0	0.020919
ENSE00000942843_010	g0391	0	0.028862
ENSE00000942843_014	g0391	0	0.016394
ENSE00000942843_016	g0391	0	0.025512
ENSE00000942843_018	g0391	0	0.064688
ENSE00000942843_021	g0391	0	0.019145
ENSE00000942843_022	g0391	0	0.013739
ENSE00000942843_023	g0391	0	0.024545
ENSE00000942843_024	g0391	0	0.010319
ENSE00000943447_001	g0393	0	0.003276
ENSE00000943447_003	g0393	1	0.446381
ENSE00000943447_005	g0393	0	0.048395
ENSE00000943447_006	g0393	0	0.052694
ENSE00000943447_007	g0393	0	0.031965
ENSE00000943447_009	g0393	0	0.014315
ENSE00000943447_011	g0393	0	0.021509
ENSE00000943447_013	g0393	0	0.041192
ENSE00000943447_016	g0393	0	0.029209
ENSE00000943447_017	g0393	0	0.016590
ENSE00000943447_018	g0393	0	0.020789
ENSE00000943447_019	g0393	0	0.023799
ENSE00000943447_020	g0393	0	0.033628
ENSE00000943447_021	g0393	0	0.028442
ENSE00000943447_024	g0393	0	0.017846
ENSE00000943447_026	g0393	0	0.006345
ENSE00000943886_001	g0394	0	0.008681
ENSE00000943886_006	g0394	1	0.036840
ENSE00000944495_001	g0396	0	0.004797
ENSE00000944495_002	g0396	0	0.006038
ENSE00000944495_003	g0396	0	0.004739
ENSE00000944495_004	g0396	0	0.004017
ENSE00000944495_005	g0396	0	0.005642
ENSE00000944495_006	g0396	0	0.004775
ENSE00000944495_007	g0396	1	0.702185
ENSE00000944495_008	g0396	0	0.066875
ENSE00000944495_009	g0396	0	0.027555
ENSE00000944495_010	g0396	0	0.029380
ENSE00000944495_011	g0396	0	0.017996
ENSE00000944495_012	g0396	0	0.028167
ENSE00000944495_015	g0396	0	0.016897
ENSE00000944495_016	g0396	0	0.051046
ENSE00000944495_017	g0396	0	0.218123
ENSE00000944495_018	g0396	0	0.245913
ENSE00000944495_019	g0396	0	0.057697
ENSE00000944495_020	g0396	0	0.026269
ENSE00000944495_021	g0396	0	0.004075
ENSE00000944495_022	g0396	0	0.004688
ENSE00000944772_002	g0397	0	0.007450
ENSE00000944772_005	g0397	0	0.025017
ENSE00000944772_009	g0397	0	0.014996
ENSE00000944772_010	g0397	0	0.021660
ENSE00000944772_012	g0397	0	0.009650
ENSE00000950552_001	g0411	0	0.003366
ENSE00000950552_002	g0411	0	0.003463
ENSE00000950552_003	g0411	0	0.005471
ENSE00000950552_004	g0411	0	0.004245
ENSE00000950552_009	g0411	0	0.048558
ENSE00000950552_010	g0411	0	0.065757
ENSE00000950552_011	g0411	0	0.027640
ENSE00000950552_012	g0411	0	0.035935
ENSE00000950552_013	g0411	0	0.034393
ENSE00000950552_014	g0411	0	0.056395
ENSE00000950552_015	g0411	0	0.061430
ENSE00000950552_018	g0411	0	0.389860
ENSE00000950552_019	g0411	0	0.047035
ENSE00000950552_021	g0411	0	0.010666
ENSE00000950643_003	g0412	0	0.106958
ENSE00000950643_004	g0412	0	0.081424
ENSE00000950643_007	g0412	0	0.040590
ENSE00000950643_009	g0412	0	0.020798
ENSE00000950643_010	g0412	0	0.019898
ENSE00000950643_014	g0412	0	0.012933
ENSE00000950643_016	g0412	0	0.018948
ENSE00000950643_017	g0412	0	0.060072
ENSE00000950643_019	g0412	0	0.033040
ENSE00000950643_021	g0412	0	0.014732
ENSE00000950643_022	g0412	0	0.019513
ENSE00000950643_024	g0412	0	0.005695
ENSE00000950643_025	g0412	0	0.005011
ENSE00000956392_003	g0417	0	0.005878
ENSE00000956392_007	g0417	0	0.055251
ENSE00000956392_008	g0417	0	0.051979
ENSE00000956392_010	g0417	0	0.036286
ENSE00000956392_012	g0417	0	0.021045
ENSE00000956392_014	g0417	0	0.025226
ENSE00000956392_018	g0417	0	0.029576
ENSE00000956392_019	g0417	0	0.031153
ENSE00000956392_022	g0417	0	0.027373
ENSE00000956392_023	g0417	0	0.034175
ENSE00000956392_025	g0417	0	0.170096
ENSE00000956392_026	g0417	0	0.027960
ENSE00000956392_027	g0417	0	0.023836
ENSE00000956392_028	g0417	0	0.006676
ENSE00000956392_030	g0417	0	0.005314
ENSE00000956392_031	g0417	0	0.004365
ENSE00000957489_001	g0420	0	0.003816
ENSE00000957489_002	g0420	0	0.006952
ENSE00000957489_003	g0420	0	0.005662
ENSE00000957489_004	g0420	0	0.490231
ENSE00000957489_005	g0420	0	0.032148
ENSE00000957489_007	g0420	0	0.023063
ENSE00000957489_008	g0420	0	0.013287
ENSE00000957489_010	g0420	0	0.017648
ENSE00000957489_011	g0420	0	0.028213
ENSE00000957489_012	g0420	0	0.043635
ENSE00000957489_013	g0420	0	0.033960
ENSE00000957489_014	g0420	0	0.031709
ENSE00000957489_015	g0420	0	0.040627
ENSE00000957489_016	g0420	0	0.015107
ENSE00000957489_017	g0420	0	0.027787
ENSE00000957489_018	g0420	0	0.019388
ENSE00000957489_019	g0420	0	0.016488
ENSE00000957489_020	g0420	0	0.036240
ENSE00000957489_021	g0420	0	0.019072
ENSE00000957489_023	g0420	0	0.040803
ENSE00000957489_025	g0420	0	0.010771
ENSE00000957945_003	g0422	0	0.102183
ENSE00000957945_004	g0422	0	0.017354
ENSE00000957945_010	g0422	0	0.014587
ENSE00000957945_012	g0422	0	0.042720
ENSE00000957945_022	g0422	0	0.032620
ENSE00000959231_003	g0426	0	0.007529
ENSE00000959231_005	g0426	0	0.013319
ENSE00000959231_006	g0426	0	0.040698
ENSE00000959231_009	g0426	0	0.023438
ENSE00000959231_010	g0426	1	0.639749
ENSE00000959231_011	g0426	0	0.067329
ENSE00000959231_013	g0426	0	0.012441
ENSE00000959231_014	g0426	0	0.013711
ENSE00000959231_015	g0426	0	0.013471
ENSE00000959231_019	g0426	0	0.047403
ENSE00000959231_020	g0426	0	0.017707
ENSE00000959231_024	g0426	0	0.005909
ENSE00000959231_025	g0426	0	0.005253
ENSE00000959231_026	g0426	0	0.004217
ENSE00000959231_028	g0426	0	0.006590
ENSE00000959672_001	g0428	0	0.008166
ENSE00000959672_013	g0428	0	0.011533
ENSE00000959672_015	g0428	0	0.015507
ENSE00000959672_026	g0428	0	0.013476
ENSE00000959672_027	g0428	0	0.013557
ENSE00000959672_028	g0428	0	0.013807
ENSE00000964036_001	g0433	0	0.003432
ENSE00000964036_002	g0433	0	0.003884
ENSE00000964036_009	g0433	0	0.011593
ENSE00000964036_011	g0433	0	0.040696
ENSE00000964036_012	g0433	0	0.027438
ENSE00000964036_015	g0433	0	0.033899
ENSE00000964036_018	g0433	0	0.007326
ENSE00000968373_001	g0441	0	0.003676
ENSE00000968373_002	g0441	0	0.004645
ENSE00000968373_006	g0441	0	0.031817
ENSE00000968373_009	g0441	0	0.031990
ENSE00000968373_014	g0441	0	0.022946
ENSE00000968373_017	g0441	0	0.028393
ENSE00000968373_020	g0441	0	0.031169
ENSE00000968683_001	g0442	0	0.020656
ENSE00000968683_008	g0442	0	0.021035
ENSE00000968683_010	g0442	0	0.015135
ENSE00000968683_011	g0442	0	0.021717
ENSE00000968683_013	g0442	0	0.013013
ENSE00000968683_014	g0442	0	0.012212
ENSE00000968683_016	g0442	0	0.008062
ENSE00000970780_001	g0443	0	0.007046
ENSE00000970780_002	g0443	0	0.005952
ENSE00000970780_003	g0443	0	0.006065
ENSE00000970780_004	g0443	0	0.014857
ENSE00000970780_006	g0443	0	0.034280
ENSE00000970780_007	g0443	0	0.010159
ENSE00000970780_008	g0443	0	0.057620
ENSE00000970780_010	g0443	0	0.013970
ENSE00000970780_013	g0443	0	0.012356
ENSE00000970780_014	g0443	0	0.027582
ENSE00000970780_015	g0443	0	0.023809
ENSE00000970780_017	g0443	0	0.016455
ENSE00000970780_019	g0443	0	0.017970
ENSE00000978542_001	g0446	0	0.007545
ENSE00000978542_002	g0446	0	0.007424
ENSE00000978542_006	g0446	0	0.017634
ENSE00000978542_011	g0446	0	0.003284
ENSE00000979338_001	g0447	0	0.013519
ENSE00000979338_002	g0447	0	0.032345
ENSE00000979338_003	g0447	0	0.027414
ENSE00000979338_004	g0447	0	0.051640
ENSE00000979338_005	g0447	0	0.017071
ENSE00000979338_006	g0447	0	0.023567
ENSE00000979338_007	g0447	0	0.026093
ENSE00000979338_008	g0447	0	0.016441
ENSE00000979338_009	g0447	0	0.018995
ENSE00000979338_010	g0447	0	0.013246
ENSE00000979338_011	g0447	0	0.017237
ENSE00000979338_012	g0447	0	0.019836
ENSE00000979338_013	g0447	0	0.018313
ENSE00000979338_014	g0447	0	0.020106
ENSE00000979338_015	g0447	0	0.024791
ENSE00000979338_016	g0447	0	0.043117
ENSE00000979338_017	g0447	0	0.029425
ENSE00000979338_020	g0447	0	0.026505
ENSE00000979338_021	g0447	1	0.736068
ENSE00000979338_023	g0447	0	0.036364
ENSE00000979338_024	g0447	0	0.007748
ENSE00000979338_025	g0447	0	0.005360
ENSE00000980091_001	g0451	0	0.006178
ENSE00000980091_003	g0451	0	0.012103
ENSE00000980091_005	g0451	0	0.016103
ENSE00000980091_008	g0451	0	0.024230
ENSE00000980091_009	g0451	0	0.020816
ENSE00000980091_010	g0451	0	0.034085
ENSE00000980091_011	g0451	0	0.019964
ENSE00000980091_013	g0451	0	0.048693
ENSE00000980091_014	g0451	0	0.038146
ENSE00000980091_015	g0451	0	0.028681
ENSE00000980091_016	g0451	0	0.021033
ENSE00000980091_017	g0451	0	0.025015
ENSE00000980091_018	g0451	0	0.017169
ENSE00000980091_022	g0451	0	0.053777
ENSE00000980091_024	g0451	0	0.024656
ENSE00000980091_025	g0451	0	0.017390
ENSE00000980091_026	g0451	0	0.018512
ENSE00000980091_027	g0451	0	0.015670
ENSE00000980091_028	g0451	0	0.010510
ENSE00000980091_029	g0451	0	0.007544
ENSE00000980222_001	g0453	0	0.006643
ENSE00000980222_002	g0453	0	0.004540
ENSE00000980222_004	g0453	0	0.024977
ENSE00000980222_005	g0453	0	0.049950
ENSE00000980222_007	g0453	0	0.029601
ENSE00000980222_008	g0453	0	0.046894
ENSE00000980222_009	g0453	0	0.023108
ENSE00000980222_010	g0453	0	0.029652
ENSE00000980222_011	g0453	0	0.025632
ENSE00000980222_014	g0453	0	0.013937
ENSE00000980222_015	g0453	0	0.017077
ENSE00000980222_016	g0453	0	0.016174
ENSE00000980222_017	g0453	0	0.015173
ENSE00000980222_018	g0453	0	0.012837
ENSE00000980222_019	g0453	0	0.024256
ENSE00000980222_020	g0453	0	0.053254
ENSE00000980222_023	g0453	0	0.005127
ENSE00000980222_024	g0453	0	0.003134
ENSE00000980222_025	g0453	0	0.002951
ENSE00000980222_026	g0453	0	0.003089
ENSE00000982982_002	g0219	0	0.008571
ENSE00000982982_003	g0219	0	0.005053
ENSE00000982982_006	g0219	0	0.578364
ENSE00000982982_007	g0219	0	0.016506
ENSE00000982982_008	g0219	0	0.018160
ENSE00000982982_010	g0219	0	0.023625
ENSE00000982982_013	g0219	0	0.018432
ENSE00000982982_015	g0219	0	0.021714
ENSE00000982982_017	g0219	0	0.018167
ENSE00000982982_020	g0219	0	0.012761
ENSE00000982982_022	g0219	0	0.014704
ENSE00000982982_023	g0219	0	0.009715
ENSE00000982982_024	g0219	0	0.010094
ENSE00000983778_002	g0456	0	0.005767
ENSE00000983778_003	g0456	0	0.007897
ENSE00000983778_005	g0456	0	0.012152
ENSE00000983778_007	g0456	0	0.063652
ENSE00000983778_008	g0456	0	0.044648
ENSE00000983778_011	g0456	0	0.038361
ENSE00000983778_012	g0456	0	0.043199
ENSE00000983778_013	g0456	0	0.051128
ENSE00000983778_014	g0456	0	0.022947
ENSE00000983778_015	g0456	0	0.017898
ENSE00000983778_016	g0456	0	0.017027
ENSE00000983778_019	g0456	0	0.013962
ENSE00000983778_021	g0456	0	0.031770
ENSE00000983778_024	g0456	0	0.003570
ENSE00000983778_025	g0456	0	0.003529
ENSE00000983778_026	g0456	0	0.003464
ENSE00000983778_027	g0456	0	0.003787
ENSE00000983791_004	g0456	0	0.012451
ENSE00000983798_001	g0456	0	0.006605
ENSE00000983798_003	g0456	0	0.007614
ENSE00000983798_004	g0456	0	0.012176
ENSE00000983798_006	g0456	0	0.009013
ENSE00000983798_007	g0456	0	0.009087
ENSE00000983798_008	g0456	0	0.015391
ENSE00000983798_009	g0456	0	0.008230
ENSE00000983798_010	g0456	0	0.008815
ENSE00000983798_012	g0456	0	0.014773
ENSE00000983798_013	g0456	0	0.026441
ENSE00000983798_014	g0456	0	0.079821
ENSE00000983798_015	g0456	0	0.062038
ENSE00000983798_016	g0456	0	0.042981
ENSE00000983798_017	g0456	0	0.070836
ENSE00000983798_018	g0456	0	0.116384
ENSE00000983798_020	g0456	0	0.026895
ENSE00000983798_022	g0456	0	0.566326
ENSE00000983798_023	g0456	0	0.019804
ENSE00000983798_025	g0456	0	0.008431
ENSE00000983798_026	g0456	0	0.008359
ENSE00000983798_027	g0456	0	0.004530
ENSE00000983798_028	g0456	0	0.004597
ENSE00000983798_029	g0456	0	0.003388
ENSE00000987603_001	g0464	0	0.004078
ENSE00000987603_002	g0464	0	0.005689
ENSE00000987603_003	g0464	0	0.003998
ENSE00000987603_004	g0464	0	0.004748
ENSE00000987603_006	g0464	0	0.012204
ENSE00000987603_007	g0464	1	0.014545
ENSE00000987603_008	g0464	0	0.013330
ENSE00000987603_009	g0464	0	0.043800
ENSE00000987603_010	g0464	0	0.020002
ENSE00000987603_011	g0464	1	0.032243
ENSE00000987603_012	g0464	0	0.021428
ENSE00000987603_013	g0464	0	0.019682
ENSE00000987603_014	g0464	0	0.027709
ENSE00000987603_015	g0464	1	0.026031
ENSE00000987603_016	g0464	0	0.037407
ENSE00000987603_017	g0464	0	0.054955
ENSE00000987603_019	g0464	0	0.021943
ENSE00000987603_021	g0464	0	0.029828
ENSE00000987603_022	g0464	0	0.016252
ENSE00000987603_023	g0464	0	0.015902
ENSE00000987603_024	g0464	0	0.017508
ENSE00000987603_025	g0464	0	0.006118
ENSE00000987603_026	g0464	0	0.008463
ENSE00000987603_027	g0464	0	0.006706
ENSE00000989799_006	g0467	0	0.035916
ENSE00000989799_007	g0467	0	0.041396
ENSE00000989799_010	g0467	0	0.026373
ENSE00000989799_012	g0467	0	0.020564
ENSE00000989799_013	g0467	0	0.014679
ENSE00000989799_016	g0467	0	0.003449
ENSE00000989799_018	g0467	0	0.004716
ENSE00000989799_020	g0467	0	0.003188
ENSE00000989809_002	g0467	0	0.030809
ENSE00000989809_003	g0467	0	0.014852
ENSE00000989809_004	g0467	0	0.085586
ENSE00000989809_007	g0467	0	0.018018
ENSE00000989809_008	g0467	0	0.015254
ENSE00000989809_011	g0467	0	0.022154
ENSE00000989809_012	g0467	0	0.021826
ENSE00000989809_013	g0467	0	0.015786
ENSE00000989809_014	g0467	0	0.038183
ENSE00000989809_015	g0467	0	0.022847
ENSE00000989809_016	g0467	0	0.015389
ENSE00000989809_017	g0467	0	0.018933
ENSE00000989809_019	g0467	0	0.029386
ENSE00000989842_001	g0468	0	0.003693
ENSE00000989842_002	g0468	0	0.004253
ENSE00000989842_003	g0468	0	0.026025
ENSE00000989842_004	g0468	1	0.022491
ENSE00000989842_005	g0468	0	0.022465
ENSE00000989842_006	g0468	1	0.022091
ENSE00000989842_007	g0468	0	0.020408
ENSE00000989842_009	g0468	0	0.022934
ENSE00000989842_010	g0468	0	0.024584
ENSE00000989842_012	g0468	0	0.019652
ENSE00000989842_013	g0468	0	0.024526
ENSE00000989842_014	g0468	0	0.020471
ENSE00000989842_015	g0468	0	0.026751
ENSE00000989842_016	g0468	0	0.214330
ENSE00000989842_017	g0468	0	0.014178
ENSE00000996872_003	g0476	0	0.012907
ENSE00000996872_010	g0476	0	0.025847
ENSE00000996872_011	g0476	0	0.019776
ENSE00000996872_016	g0476	0	0.039511
ENSE00000996872_017	g0476	0	0.029080
ENSE00000997922_001	g0477	0	0.003715
ENSE00000997922_002	g0477	0	0.003427
ENSE00000997922_003	g0477	0	0.005280
ENSE00000997922_004	g0477	0	0.009834
ENSE00000997922_005	g0477	0	0.028121
ENSE00000997922_006	g0477	0	0.019279
ENSE00000997922_008	g0477	0	0.031834
ENSE00000997922_011	g0477	0	0.035147
ENSE00000997922_012	g0477	1	0.024375
ENSE00000997922_013	g0477	0	0.032245
ENSE00000997922_014	g0477	1	0.035948
ENSE00000997922_015	g0477	0	0.027918
ENSE00000997922_016	g0477	0	0.085944
ENSE00000997922_017	g0477	0	0.097559
ENSE00000997922_018	g0477	1	0.026667
ENSE00000997922_020	g0477	1	0.678779
ENSE00000997922_023	g0477	0	0.029177
ENSE00000997925_001	g0477	0	0.003279
ENSE00000997925_004	g0477	0	0.004357
ENSE00000997925_006	g0477	0	0.003511
ENSE00000997925_009	g0477	0	0.017295
ENSE00000997925_010	g0477	0	0.016562
ENSE00000997925_011	g0477	0	0.409410
ENSE00000997925_012	g0477	0	0.021900
ENSE00000997925_013	g0477	0	0.026061
ENSE00000997925_014	g0477	0	0.016250
ENSE00000997925_015	g0477	0	0.033089
ENSE00000997925_016	g0477	0	0.046219
ENSE00000997925_018	g0477	0	0.023961
ENSE00000997925_021	g0477	0	0.024572
ENSE00000997925_025	g0477	0	0.021015
ENSE00000997925_029	g0477	0	0.258085
ENSE00000997925_030	g0477	0	0.027953
ENSE00000997925_032	g0477	0	0.008465
ENSE00000997938_001	g0477	0	0.004183
ENSE00000997938_004	g0477	0	0.018605
ENSE00000997938_005	g0477	0	0.019578
ENSE00000999243_001	g0478	0	0.003880
ENSE00000999243_002	g0478	0	0.006652
ENSE00000999243_003	g0478	0	0.006751
ENSE00000999243_005	g0478	0	0.012020
ENSE00000999243_007	g0478	0	0.024996
ENSE00000999243_008	g0478	1	0.016808
ENSE00000999243_009	g0478	1	0.024621
ENSE00000999243_010	g0478	1	0.015964
ENSE00000999243_012	g0478	1	0.032600
ENSE00000999243_013	g0478	1	0.022901
ENSE00000999243_014	g0478	0	0.014593
ENSE00000999243_015	g0478	0	0.019389
ENSE00000999243_016	g0478	0	0.027475
ENSE00000999243_017	g0478	0	0.016897
ENSE00000999243_018	g0478	0	0.032869
ENSE00000999243_019	g0478	0	0.044651
ENSE00000999243_020	g0478	1	0.026433
ENSE00000999243_021	g0478	0	0.043318
ENSE00000999243_022	g0478	0	0.028089
ENSE00000999243_023	g0478	0	0.064237
ENSE00000999243_024	g0478	0	0.048952
ENSE00000999243_025	g0478	1	0.058575
ENSE00000999243_026	g0478	1	0.023952
ENSE00000999243_027	g0478	1	0.019548
ENSE00000999243_028	g0478	0	0.010554
ENSE00000999243_029	g0478	0	0.009725
ENSE00000999243_030	g0478	1	0.010184
ENSE00000999243_031	g0478	0	0.024765
ENSE00000999243_032	g0478	0	0.056884
ENSE00000999813_018	g0481	0	0.067768
ENSE00001001090_001	g0483	0	0.003852
ENSE00001001090_006	g0483	0	0.068638
ENSE00001001090_009	g0483	0	0.025806
ENSE00001001090_011	g0483	0	0.017165
ENSE00001001090_015	g0483	0	0.012965
ENSE00001001090_016	g0483	0	0.030317
ENSE00001001090_017	g0483	0	0.011948
ENSE00001002968_015	g0488	0	0.003907
ENSE00001002968_017	g0488	0	0.003428
ENSE00001007387_003	g0494	0	0.018851
ENSE00001007387_004	g0494	0	0.116978
ENSE00001007387_005	g0494	0	0.134870
ENSE00001007387_006	g0494	0	0.038260
ENSE00001007387_007	g0494	0	0.032006
ENSE00001007387_008	g0494	0	0.042694
ENSE00001007387_009	g0494	0	0.024752
ENSE00001007387_010	g0494	0	0.015905
ENSE00001007387_011	g0494	0	0.019859
ENSE00001007387_012	g0494	0	0.031764
ENSE00001007387_017	g0494	0	0.007149
ENSE00001007387_019	g0494	0	0.003977
ENSE00001007387_020	g0494	0	0.003302
ENSE00001007387_023	g0494	0	0.003958
ENSE00001007393_001	g0494	0	0.006803
ENSE00001007393_002	g0494	0	0.007246
ENSE00001007393_003	g0494	0	0.016690
ENSE00001007393_004	g0494	0	0.020100
ENSE00001007393_005	g0494	0	0.044835
ENSE00001007393_006	g0494	0	0.023103
ENSE00001007393_007	g0494	0	0.030220
ENSE00001007393_011	g0494	0	0.030574
ENSE00001007393_013	g0494	0	0.027416
ENSE00001007393_014	g0494	0	0.023311
ENSE00001007393_015	g0494	0	0.015559
ENSE00001007393_016	g0494	0	0.029947
ENSE00001007393_017	g0494	0	0.010552
ENSE00001007393_018	g0494	0	0.054844
ENSE00001007393_019	g0494	0	0.032852
ENSE00001007393_020	g0494	0	0.025779
ENSE00001007393_022	g0494	0	0.007085
ENSE00001007393_023	g0494	0	0.007226
ENSE00001008085_001	g0120	0	0.005060
ENSE00001008085_003	g0120	0	0.008040
ENSE00001008085_005	g0120	0	0.009079
ENSE00001008085_007	g0120	0	0.008051
ENSE00001008085_008	g0120	0	0.012328
ENSE00001008085_009	g0120	0	0.013590
ENSE00001008085_010	g0120	0	0.019417
ENSE00001008085_011	g0120	0	0.018220
ENSE00001008085_013	g0120	0	0.040418
ENSE00001008085_018	g0120	0	0.031818
ENSE00001008085_021	g0120	0	0.016048
ENSE00001008085_023	g0120	0	0.013009
ENSE00001008085_024	g0120	0	0.074895
ENSE00001008085_026	g0120	0	0.007763
ENSE00001008085_029	g0120	0	0.003541
ENSE00001008085_030	g0120	0	0.003339
ENSE00001009722_003	g0499	0	0.003838
ENSE00001009722_012	g0499	0	0.045703
ENSE00001009722_018	g0499	0	0.016877
ENSE00001009722_019	g0499	0	0.060474
ENSE00001009722_021	g0499	0	0.023281
ENSE00001009722_024	g0499	0	0.016380
ENSE00001009722_025	g0499	0	0.021209
ENSE00001009722_028	g0499	0	0.009306
ENSE00001010742_004	g0500	0	0.011252
ENSE00001010742_024	g0500	0	0.003546
ENSE00001011040_002	g0501	0	0.012290
ENSE00001011040_006	g0501	0	0.028915
ENSE00001011040_007	g0501	0	0.022575
ENSE00001011040_012	g0501	0	0.017169
ENSE00001011040_016	g0501	0	0.026237
ENSE00001011040_017	g0501	0	0.028801
ENSE00001011040_018	g0501	0	0.014936
ENSE00001011040_019	g0501	0	0.023143
ENSE00001011040_021	g0501	0	0.010731
ENSE00001011040_023	g0501	0	0.006114
ENSE00001017721_001	g0508	0	0.011336
ENSE00001017721_002	g0508	0	0.015063
ENSE00001017721_003	g0508	0	0.026218
ENSE00001017721_004	g0508	0	0.013165
ENSE00001017721_005	g0508	0	0.015465
ENSE00001017721_007	g0508	0	0.023530
ENSE00001017721_009	g0508	0	0.020199
ENSE00001017721_010	g0508	0	0.017953
ENSE00001017721_012	g0508	0	0.022665
ENSE00001017721_013	g0508	0	0.024252
ENSE00001017721_014	g0508	0	0.017094
ENSE00001017721_015	g0508	0	0.016306
ENSE00001017721_016	g0508	0	0.020125
ENSE00001017721_017	g0508	0	0.018839
ENSE00001017721_018	g0508	0	0.024119
ENSE00001017721_020	g0508	0	0.834470
ENSE00001017721_022	g0508	0	0.005564
ENSE00001017721_023	g0508	0	0.005927
ENSE00001017721_024	g0508	0	0.005524
ENSE00001017721_025	g0508	0	0.010612
ENSE00001017721_026	g0508	0	0.005463
ENSE00001017721_027	g0508	0	0.003951
ENSE00001017721_028	g0508	0	0.004856
ENSE00001017736_001	g0508	0	0.005395
ENSE00001017736_002	g0508	1	0.014076
ENSE00001017736_004	g0508	0	0.016731
ENSE00001017736_007	g0508	1	0.015948
ENSE00001017736_008	g0508	1	0.034598
ENSE00001017736_009	g0508	0	0.020390
ENSE00001017736_011	g0508	0	0.016084
ENSE00001017736_012	g0508	0	0.029406
ENSE00001017736_013	g0508	1	0.019110
ENSE00001017736_015	g0508	0	0.015769
ENSE00001017736_016	g0508	0	0.012855
ENSE00001017736_017	g0508	1	0.021399
ENSE00001017736_018	g0508	0	0.035616
ENSE00001017736_019	g0508	1	0.013826
ENSE00001017736_020	g0508	0	0.032342
ENSE00001017736_021	g0508	0	0.020000
ENSE00001017736_022	g0508	0	0.013241
ENSE00001017736_023	g0508	0	0.011266
ENSE00001017736_024	g0508	0	0.008386
ENSE00001017736_025	g0508	0	0.005535
ENSE00001017736_027	g0508	0	0.005720
ENSE00001017736_028	g0508	0	0.007476
ENSE00001017736_029	g0508	0	0.004020
ENSE00001017736_030	g0508	0	0.003909
ENSE00001017736_031	g0508	0	0.004676
ENSE00001017736_032	g0508	0	0.004656
ENSE00001017736_033	g0508	1	0.003470
ENSE00001020341_006	g0512	0	0.018723
ENSE00001020341_008	g0512	0	0.021660
ENSE00001020341_011	g0512	0	0.016071
ENSE00001020341_014	g0512	0	0.031219
ENSE00001020341_018	g0512	0	0.116253
ENSE00001020341_019	g0512	0	0.094701
ENSE00001020341_020	g0512	0	0.061951
ENSE00001020341_021	g0512	0	0.015499
ENSE00001023460_001	g0516	0	0.007994
ENSE00001023460_002	g0516	0	0.007180
ENSE00001023460_004	g0516	0	0.005867
ENSE00001023460_005	g0516	0	0.005259
ENSE00001023460_008	g0516	0	0.007410
ENSE00001023460_009	g0516	0	0.004292
ENSE00001023460_010	g0516	0	0.507856
ENSE00001023460_012	g0516	0	0.038761
ENSE00001023460_013	g0516	0	0.062741
ENSE00001023460_017	g0516	0	0.038043
ENSE00001023460_018	g0516	0	0.093002
ENSE00001023460_019	g0516	0	0.157141
ENSE00001023460_020	g0516	0	0.351525
ENSE00001023460_021	g0516	0	0.028692
ENSE00001023460_023	g0516	0	0.078214
ENSE00001023460_024	g0516	0	0.063532
ENSE00001023460_027	g0516	0	0.111239
ENSE00001023460_028	g0516	0	0.096290
ENSE00001023460_029	g0516	0	0.104109
ENSE00001023460_030	g0516	0	0.024824
ENSE00001023460_031	g0516	0	0.023674
ENSE00001023460_032	g0516	0	0.012085
ENSE00001023460_033	g0516	0	0.012046
ENSE00001023460_034	g0516	0	0.014452
ENSE00001025746_001	g0518	0	0.010937
ENSE00001025746_002	g0518	0	0.014016
ENSE00001025746_004	g0518	0	0.019235
ENSE00001025746_005	g0518	0	0.017705
ENSE00001025746_006	g0518	0	0.040618
ENSE00001025746_007	g0518	0	0.021136
ENSE00001025746_008	g0518	0	0.019114
ENSE00001025746_009	g0518	0	0.023868
ENSE00001025746_010	g0518	0	0.021423
ENSE00001025746_011	g0518	0	0.014533
ENSE00001025746_012	g0518	0	0.020409
ENSE00001025746_013	g0518	0	0.026500
ENSE00001025746_014	g0518	0	0.017943
ENSE00001025746_016	g0518	0	0.028352
ENSE00001025746_018	g0518	0	0.003664
ENSE00001025746_019	g0518	0	0.002890
ENSE00001025746_020	g0518	0	0.003867
ENSE00001025746_021	g0518	0	0.004253
ENSE00001026705_001	g0519	0	0.008200
ENSE00001026705_002	g0519	0	0.004178
ENSE00001026705_004	g0519	1	0.295961
ENSE00001026705_005	g0519	0	0.034694
ENSE00001026705_006	g0519	0	0.028526
ENSE00001026705_007	g0519	0	0.039754
ENSE00001026705_008	g0519	0	0.016554
ENSE00001026705_009	g0519	0	0.024645
ENSE00001026705_011	g0519	0	0.044474
ENSE00001026705_012	g0519	0	0.023615
ENSE00001026705_013	g0519	0	0.030552
ENSE00001026705_014	g0519	0	0.050040
ENSE00001026705_015	g0519	0	0.046990
ENSE00001026705_016	g0519	0	0.028101
ENSE00001026705_018	g0519	0	0.020885
ENSE00001026705_019	g0519	0	0.013572
ENSE00001026705_020	g0519	0	0.045046
ENSE00001026705_021	g0519	0	0.018024
ENSE00001026705_022	g0519	0	0.047994
ENSE00001026705_023	g0519	0	0.070800
ENSE00001026705_024	g0519	0	0.076450
ENSE00001026705_025	g0519	0	0.046171
ENSE00001026705_026	g0519	1	0.020522
ENSE00001026705_027	g0519	0	0.010831
ENSE00001026705_028	g0519	0	0.008171
ENSE00001026705_029	g0519	0	0.008171
ENSE00001030397_003	g0522	0	0.046191
ENSE00001030397_005	g0522	0	0.035877
ENSE00001030397_006	g0522	0	0.023467
ENSE00001030397_007	g0522	0	0.016030
ENSE00001030397_008	g0522	0	0.023051
ENSE00001030397_009	g0522	0	0.037233
ENSE00001030397_010	g0522	0	0.024679
ENSE00001030397_011	g0522	0	0.022046
ENSE00001030397_012	g0522	0	0.018897
ENSE00001030397_013	g0522	0	0.015988
ENSE00001030397_015	g0522	0	0.014509
ENSE00001030397_017	g0522	0	0.008745
ENSE00001030397_018	g0522	0	0.007618
ENSE00001030397_019	g0522	0	0.010069
ENSE00001030397_020	g0522	0	0.003508
ENSE00001031674_002	g0293	0	0.032379
ENSE00001031674_003	g0293	0	0.029773
ENSE00001031674_004	g0293	0	0.028006
ENSE00001031674_005	g0293	0	0.032354
ENSE00001031674_006	g0293	0	0.020463
ENSE00001031674_007	g0293	0	0.029784
ENSE00001031674_008	g0293	0	0.024475
ENSE00001031674_010	g0293	0	0.016760
ENSE00001031674_011	g0293	0	0.020133
ENSE00001031674_012	g0293	0	0.021051
ENSE00001031674_013	g0293	0	0.015564
ENSE00001031674_015	g0293	0	0.044177
ENSE00001031674_017	g0293	0	0.014881
ENSE00001031674_018	g0293	0	0.025492
ENSE00001031674_019	g0293	0	0.012262
ENSE00001031674_020	g0293	0	0.010775
ENSE00001038040_003	g0535	0	0.077001
ENSE00001038040_005	g0535	0	0.132536
ENSE00001038040_006	g0535	0	0.049827
ENSE00001038040_007	g0535	0	0.025483
ENSE00001038040_008	g0535	0	0.029801
ENSE00001038040_009	g0535	0	0.019317
ENSE00001038040_010	g0535	0	0.032622
ENSE00001038040_011	g0535	0	0.029908
ENSE00001038040_012	g0535	0	0.021602
ENSE00001038040_014	g0535	0	0.065054
ENSE00001038040_015	g0535	0	0.020548
ENSE00001038040_016	g0535	0	0.013180
ENSE00001038040_017	g0535	0	0.038165
ENSE00001042311_001	g0537	0	0.007286
ENSE00001042311_002	g0537	0	0.006627
ENSE00001042311_003	g0537	0	0.008858
ENSE00001042311_004	g0537	0	0.011550
ENSE00001042311_007	g0537	0	0.009247
ENSE00001042311_008	g0537	0	0.042089
ENSE00001042311_009	g0537	0	0.173399
ENSE00001042311_011	g0537	0	0.032637
ENSE00001042311_012	g0537	0	0.016248
ENSE00001042311_013	g0537	0	0.046276
ENSE00001042311_014	g0537	0	0.023890
ENSE00001042311_015	g0537	0	0.018945
ENSE00001042311_016	g0537	1	0.458677
ENSE00001042311_019	g0537	0	0.005522
ENSE00001042507_001	g0537	0	0.010214
ENSE00001042507_002	g0537	0	0.013336
ENSE00001042507_003	g0537	0	0.013172
ENSE00001042507_005	g0537	0	0.178989
ENSE00001042507_006	g0537	0	0.096930
ENSE00001042507_007	g0537	0	0.129489
ENSE00001042507_009	g0537	0	0.021153
ENSE00001042507_010	g0537	0	0.022256
ENSE00001042507_011	g0537	0	0.019675
ENSE00001042507_012	g0537	0	0.015772
ENSE00001042507_013	g0537	0	0.003973
ENSE00001042507_014	g0537	0	0.003316
ENSE00001042507_015	g0537	0	0.003130
ENSE00001042507_016	g0537	0	0.003130
ENSE00001045978_001	g0540	0	0.004413
ENSE00001045978_002	g0540	0	0.008189
ENSE00001045978_003	g0540	0	0.005644
ENSE00001045978_004	g0540	0	0.007224
ENSE00001045978_007	g0540	0	0.054593
ENSE00001045978_008	g0540	0	0.022375
ENSE00001045978_014	g0540	0	0.022452
ENSE00001045978_017	g0540	0	0.003459
ENSE00001056160_001	g0547	0	0.009715
ENSE00001056160_002	g0547	0	0.006134
ENSE00001056160_003	g0547	0	0.014472
ENSE00001056160_004	g0547	0	0.009304
ENSE00001056160_005	g0547	0	0.014244
ENSE00001056160_007	g0547	0	0.052194
ENSE00001056160_008	g0547	0	0.023870
ENSE00001056160_009	g0547	0	0.025023
ENSE00001056160_010	g0547	0	0.020357
ENSE00001056160_011	g0547	0	0.019942
ENSE00001056160_012	g0547	0	0.034736
ENSE00001056160_013	g0547	0	0.007910
ENSE00001056160_014	g0547	0	0.003357
ENSE00001057677_017	g0305	0	0.031884
ENSE00001057677_018	g0305	0	0.025859
ENSE00001060406_002	g0550	1	0.005150
ENSE00001060406_003	g0550	0	0.006076
ENSE00001060406_005	g0550	1	0.011998
ENSE00001060406_012	g0550	1	0.028040
ENSE00001060406_013	g0550	0	0.029381
ENSE00001060406_018	g0550	0	0.022599
ENSE00001060406_019	g0550	0	0.026482
ENSE00001060406_020	g0550	0	0.020331
ENSE00001060406_021	g0550	1	0.014965
ENSE00001060406_022	g0550	1	0.018530
ENSE00001060406_025	g0550	0	0.017152
ENSE00001060406_026	g0550	0	0.013757
ENSE00001060406_027	g0550	0	0.022490
ENSE00001060406_029	g0550	1	0.004984
ENSE00001060406_030	g0550	1	0.008457
ENSE00001060406_032	g0550	0	0.005162
ENSE00001062870_002	g0553	0	0.005009
ENSE00001062870_007	g0553	0	0.016519
ENSE00001062870_010	g0553	0	0.020463
ENSE00001062870_015	g0553	0	0.012702
ENSE00001066628_001	g0555	0	0.006190
ENSE00001066628_002	g0555	0	0.006718
ENSE00001066628_003	g0555	0	0.016720
ENSE00001066628_004	g0555	0	0.016137
ENSE00001066628_005	g0555	0	0.022493
ENSE00001066628_006	g0555	0	0.029826
ENSE00001066628_010	g0555	0	0.018329
ENSE00001066628_012	g0555	0	0.021941
ENSE00001066628_013	g0555	0	0.015191
ENSE00001066628_017	g0555	0	0.006647
ENSE00001066628_018	g0555	0	0.006685
ENSE00001066628_019	g0555	0	0.007943
ENSE00001066628_020	g0555	0	0.004488
ENSE00001066628_021	g0555	0	0.004712
ENSE00001066716_011	g0556	0	0.021679
ENSE00001066716_013	g0556	0	0.016490
ENSE00001074020_020	g0565	0	0.021347
ENSE00001074020_023	g0565	0	0.042211
ENSE00001074020_025	g0565	0	0.008303
ENSE00001075853_003	g0566	0	0.006485
ENSE00001075853_005	g0566	0	0.136590
ENSE00001075853_006	g0566	0	0.025590
ENSE00001075853_007	g0566	0	0.020458
ENSE00001075853_010	g0566	0	0.017849
ENSE00001075853_011	g0566	0	0.031303
ENSE00001075853_012	g0566	0	0.014453
ENSE00001075853_014	g0566	0	0.034769
ENSE00001075853_015	g0566	0	0.015450
ENSE00001075853_016	g0566	0	0.067361
ENSE00001075853_018	g0566	0	0.010291
ENSE00001075853_019	g0566	0	0.012243
ENSE00001075853_021	g0566	0	0.010237
ENSE00001075969_002	g0567	0	0.004627
ENSE00001075969_003	g0567	0	0.003666
ENSE00001075969_004	g0567	0	0.004244
ENSE00001075969_005	g0567	0	0.008035
ENSE00001075969_007	g0567	0	0.029307
ENSE00001075969_008	g0567	0	0.029561
ENSE00001075969_010	g0567	0	0.022667
ENSE00001075969_011	g0567	0	0.020583
ENSE00001075969_012	g0567	0	0.030042
ENSE00001075969_014	g0567	0	0.024460
ENSE00001075969_015	g0567	0	0.014074
ENSE00001075969_016	g0567	0	0.012441
ENSE00001075969_017	g0567	0	0.018499
ENSE00001075969_019	g0567	0	0.014087
ENSE00001075969_020	g0567	0	0.012614
ENSE00001075969_021	g0567	0	0.019275
ENSE00001075969_024	g0567	0	0.018849
ENSE00001075969_025	g0567	0	0.023482
ENSE00001075969_026	g0567	0	0.024951
ENSE00001075969_027	g0567	0	0.026419
ENSE00001075969_028	g0567	0	0.034231
ENSE00001080055_006	g0574	0	0.055970
ENSE00001080055_011	g0574	0	0.018916
ENSE00001080055_012	g0574	1	0.129984
ENSE00001080055_013	g0574	1	0.028310
ENSE00001080265_001	g0575	0	0.003345
ENSE00001080265_002	g0575	0	0.005396
ENSE00001080265_003	g0575	0	0.003500
ENSE00001080265_004	g0575	0	0.007171
ENSE00001080265_005	g0575	0	0.005415
ENSE00001080265_007	g0575	0	0.004150
ENSE00001080265_008	g0575	0	0.004976
ENSE00001080265_010	g0575	0	0.010256
ENSE00001080265_011	g0575	0	0.008639
ENSE00001080265_012	g0575	0	0.109940
ENSE00001080265_013	g0575	0	0.016594
ENSE00001080265_014	g0575	0	0.021557
ENSE00001080265_018	g0575	0	0.025536
ENSE00001080265_019	g0575	0	0.019615
ENSE00001080265_021	g0575	0	0.048975
ENSE00001080265_022	g0575	0	0.128610
ENSE00001080265_024	g0575	0	0.023449
ENSE00001080265_025	g0575	0	0.013651
ENSE00001080265_027	g0575	0	0.014613
ENSE00001080265_028	g0575	0	0.005981
ENSE00001080536_002	g0578	0	0.010642
ENSE00001080536_003	g0578	0	0.020205
ENSE00001080536_004	g0578	0	0.016397
ENSE00001080536_005	g0578	0	0.104946
ENSE00001080536_006	g0578	0	0.048926
ENSE00001080536_007	g0578	0	0.026893
ENSE00001080536_008	g0578	0	0.022571
ENSE00001080536_009	g0578	0	0.015252
ENSE00001080536_011	g0578	0	0.013545
ENSE00001080536_012	g0578	0	0.007437
ENSE00001081208_005	g0581	0	0.057469
ENSE00001081208_009	g0581	0	0.019904
ENSE00001081208_010	g0581	0	0.022005
ENSE00001081208_015	g0581	0	0.021477
ENSE00001081225_021	g0581	0	0.003713
ENSE00001081287_001	g0582	0	0.003141
ENSE00001081287_002	g0582	0	0.005056
ENSE00001081287_010	g0582	0	0.030418
ENSE00001081287_020	g0582	0	0.007458
ENSE00001081292_001	g0582	0	0.003740
ENSE00001081292_005	g0582	1	0.432457
ENSE00001081292_006	g0582	0	0.216677
ENSE00001081292_009	g0582	0	0.020013
ENSE00001081292_014	g0582	0	0.037166
ENSE00001081292_015	g0582	0	0.019790
ENSE00001081292_016	g0582	0	0.021753
ENSE00001081292_017	g0582	0	0.031748
ENSE00001081292_018	g0582	1	0.059927
ENSE00001081292_020	g0582	1	0.555038
ENSE00001081532_002	g0583	0	0.003209
ENSE00001081532_003	g0583	0	0.008361
ENSE00001081532_011	g0583	0	0.025656
ENSE00001081532_014	g0583	0	0.141129
ENSE00001081532_019	g0583	0	0.012760
ENSE00001086629_001	g0591	0	0.013275
ENSE00001086629_002	g0591	0	0.045221
ENSE00001086629_004	g0591	0	0.028098
ENSE00001086629_006	g0591	0	0.021062
ENSE00001086629_007	g0591	0	0.021082
ENSE00001086629_008	g0591	0	0.129255
ENSE00001086629_010	g0591	0	0.028596
ENSE00001086629_011	g0591	0	0.033257
ENSE00001086629_013	g0591	1	0.419772
ENSE00001086629_014	g0591	0	0.005538
ENSE00001086630_001	g0591	0	0.007294
ENSE00001086630_003	g0591	0	0.038397
ENSE00001086630_004	g0591	0	0.057892
ENSE00001086630_006	g0591	0	0.017993
ENSE00001086630_007	g0591	0	0.021316
ENSE00001086630_008	g0591	0	0.055812
ENSE00001086630_009	g0591	0	0.019836
ENSE00001086630_010	g0591	0	0.022861
ENSE00001086630_011	g0591	0	0.099128
ENSE00001086630_012	g0591	0	0.007366
ENSE00001086630_013	g0591	0	0.004518
ENSE00001086630_014	g0591	0	0.003969
ENSE00001086635_003	g0591	1	0.010058
ENSE00001086635_005	g0591	0	0.010141
ENSE00001086635_006	g0591	1	0.025636
ENSE00001086635_007	g0591	1	0.072357
ENSE00001086635_008	g0591	0	0.025208
ENSE00001086635_009	g0591	0	0.240847
ENSE00001086635_010	g0591	1	0.319177
ENSE00001086635_011	g0591	0	0.090774
ENSE00001086635_012	g0591	1	0.069327
ENSE00001086635_013	g0591	1	0.097427
ENSE00001086635_014	g0591	1	0.056281
ENSE00001086635_017	g0591	0	0.025332
ENSE00001086635_018	g0591	1	0.059479
ENSE00001086635_019	g0591	1	0.030709
ENSE00001086635_020	g0591	1	0.048669
ENSE00001086635_021	g0591	1	0.067873
ENSE00001086635_022	g0591	1	0.050762
ENSE00001086635_023	g0591	0	0.049075
ENSE00001086635_025	g0591	0	0.018668
ENSE00001086635_027	g0591	0	0.003544
ENSE00001086635_028	g0591	0	0.003536
ENSE00001086642_001	g0591	0	0.009811
ENSE00001086642_002	g0591	0	0.018454
ENSE00001086642_006	g0591	0	0.064023
ENSE00001086642_007	g0591	0	0.025196
ENSE00001086642_010	g0591	0	0.047156
ENSE00001086642_011	g0591	0	0.035014
ENSE00001086642_013	g0591	0	0.033254
ENSE00001086642_014	g0591	0	0.005349
ENSE00001086642_016	g0591	0	0.003641
ENSE00001086642_017	g0591	0	0.004166
ENSE00001086665_002	g0591	0	0.009184
ENSE00001086665_003	g0591	0	0.007534
ENSE00001086665_004	g0591	0	0.014986
ENSE00001086665_005	g0591	0	0.075161
ENSE00001086665_006	g0591	0	0.061084
ENSE00001086665_007	g0591	0	0.068955
ENSE00001086665_008	g0591	0	0.038065
ENSE00001086665_010	g0591	0	0.071562
ENSE00001086665_011	g0591	0	0.049752
ENSE00001086665_012	g0591	0	0.023229
ENSE00001086665_013	g0591	0	0.034267
ENSE00001086665_014	g0591	0	0.003466
ENSE00001086678_001	g0591	0	0.011512
ENSE00001086678_002	g0591	0	0.007455
ENSE00001086678_003	g0591	0	0.040351
ENSE00001086678_005	g0591	0	0.020275
ENSE00001086678_013	g0591	0	0.023180
ENSE00001086678_015	g0591	0	0.016636
ENSE00001086678_016	g0591	0	0.007951
ENSE00001086684_001	g0591	0	0.006216
ENSE00001086684_002	g0591	0	0.006623
ENSE00001086684_003	g0591	0	0.011792
ENSE00001086684_004	g0591	0	0.011150
ENSE00001086684_006	g0591	0	0.012383
ENSE00001086684_007	g0591	0	0.043364
ENSE00001086684_008	g0591	0	0.016486
ENSE00001086684_009	g0591	0	0.015840
ENSE00001086684_010	g0591	0	0.013800
ENSE00001086684_012	g0591	0	0.029446
ENSE00001086684_013	g0591	0	0.040437
ENSE00001086684_014	g0591	0	0.035599
ENSE00001086684_016	g0591	0	0.074910
ENSE00001086684_019	g0591	0	0.013798
ENSE00001086684_020	g0591	0	0.006076
ENSE00001086684_021	g0591	0	0.004453
ENSE00001086684_022	g0591	0	0.004886
ENSE00001086684_023	g0591	0	0.004335
ENSE00001086684_024	g0591	0	0.004136
ENSE00001086684_025	g0591	0	0.004136
ENSE00001086684_026	g0591	0	0.003134
ENSE00001086684_027	g0591	0	0.003246
ENSE00001086684_028	g0591	0	0.003628
ENSE00001086687_001	g0591	0	0.007368
ENSE00001086687_002	g0591	0	0.006391
ENSE00001086687_003	g0591	0	0.029204
ENSE00001086687_004	g0591	0	0.036859
ENSE00001086687_005	g0591	0	0.050791
ENSE00001086687_006	g0591	0	0.061964
ENSE00001086687_007	g0591	0	0.045838
ENSE00001086687_008	g0591	0	0.035174
ENSE00001086687_009	g0591	0	0.029596
ENSE00001086687_010	g0591	0	0.525288
ENSE00001086687_012	g0591	0	0.004568
ENSE00001086687_013	g0591	0	0.004425
ENSE00001086690_020	g0591	0	0.005436
ENSE00001086700_001	g0591	0	0.007235
ENSE00001086700_002	g0591	0	0.010677
ENSE00001086700_003	g0591	0	0.008669
ENSE00001086700_004	g0591	0	0.026016
ENSE00001086700_005	g0591	0	0.050905
ENSE00001086700_007	g0591	0	0.088397
ENSE00001086700_008	g0591	0	0.075752
ENSE00001086700_009	g0591	0	0.042141
ENSE00001086700_010	g0591	0	0.006515
ENSE00001086700_011	g0591	0	0.003779
ENSE00001086700_012	g0591	0	0.003667
ENSE00001086700_013	g0591	0	0.004740
ENSE00001086716_005	g0591	0	0.020254
ENSE00001086716_007	g0591	0	0.022247
ENSE00001086716_009	g0591	0	0.035159
ENSE00001086716_012	g0591	0	0.016588
ENSE00001086716_013	g0591	0	0.024314
ENSE00001086716_014	g0591	0	0.016335
ENSE00001086716_016	g0591	0	0.024177
ENSE00001086716_018	g0591	0	0.033383
ENSE00001086716_019	g0591	0	0.025897
ENSE00001086716_022	g0591	0	0.007467
ENSE00001086752_001	g0592	0	0.004042
ENSE00001086752_002	g0592	0	0.004063
ENSE00001086752_003	g0592	0	0.004251
ENSE00001086752_004	g0592	0	0.054865
ENSE00001086752_006	g0592	0	0.020391
ENSE00001086752_007	g0592	0	0.016376
ENSE00001086752_008	g0592	0	0.012800
ENSE00001086752_009	g0592	0	0.017760
ENSE00001086752_010	g0592	0	0.028413
ENSE00001086752_011	g0592	0	0.024733
ENSE00001086752_012	g0592	0	0.018483
ENSE00001086752_013	g0592	0	0.050952
ENSE00001086752_014	g0592	0	0.060238
ENSE00001086752_015	g0592	0	0.036119
ENSE00001086752_017	g0592	0	0.034665
ENSE00001086752_018	g0592	0	0.010205
ENSE00001086752_019	g0592	0	0.011363
ENSE00001086752_020	g0592	0	0.013327
ENSE00001086752_021	g0592	0	0.014606
ENSE00001086752_022	g0592	0	0.023433
ENSE00001086752_023	g0592	0	0.026146
ENSE00001087852_001	g0593	0	0.006519
ENSE00001087852_002	g0593	0	0.008090
ENSE00001087852_003	g0593	0	0.007264
ENSE00001087852_008	g0593	0	0.010517
ENSE00001087852_012	g0593	0	0.015603
ENSE00001087852_016	g0593	0	0.017261
ENSE00001087852_018	g0593	0	0.015420
ENSE00001087852_019	g0593	0	0.013691
ENSE00001087852_029	g0593	0	0.013709
ENSE00001088262_002	g0516	0	0.006169
ENSE00001088262_005	g0516	0	0.004437
ENSE00001088262_006	g0516	0	0.013592
ENSE00001088262_007	g0516	0	0.012591
ENSE00001088262_008	g0516	0	0.022317
ENSE00001088262_009	g0516	0	0.025165
ENSE00001088262_010	g0516	0	0.031650
ENSE00001088262_011	g0516	0	0.026523
ENSE00001088262_012	g0516	0	0.107781
ENSE00001088262_013	g0516	0	0.038157
ENSE00001088262_015	g0516	0	0.015034
ENSE00001088262_018	g0516	0	0.027800
ENSE00001088262_019	g0516	0	0.047353
ENSE00001088262_021	g0516	0	0.042817
ENSE00001088262_022	g0516	0	0.011724
ENSE00001089263_004	g0598	0	0.029060
ENSE00001089263_005	g0598	0	0.022462
ENSE00001089263_006	g0598	0	0.041538
ENSE00001089263_009	g0598	0	0.024432
ENSE00001089263_011	g0598	0	0.036215
ENSE00001089263_014	g0598	0	0.031317
ENSE00001089263_015	g0598	0	0.027437
ENSE00001089263_016	g0598	0	0.179703
ENSE00001089263_017	g0598	0	0.027070
ENSE00001089263_018	g0598	0	0.018592
ENSE00001089263_019	g0598	0	0.018723
ENSE00001089263_020	g0598	0	0.031227
ENSE00001089488_001	g0599	0	0.003411
ENSE00001089488_002	g0599	0	0.003143
ENSE00001089488_003	g0599	0	0.005990
ENSE00001089488_005	g0599	0	0.004855
ENSE00001089488_006	g0599	0	0.003494
ENSE00001089488_007	g0599	0	0.039304
ENSE00001089488_008	g0599	0	0.028775
ENSE00001089488_009	g0599	0	0.038465
ENSE00001089488_010	g0599	0	0.035648
ENSE00001089488_011	g0599	1	0.024752
ENSE00001089488_012	g0599	0	0.021334
ENSE00001089488_014	g0599	0	0.045667
ENSE00001089488_015	g0599	0	0.040051
ENSE00001089488_016	g0599	0	0.041396
ENSE00001089488_017	g0599	0	0.018075
ENSE00001089488_018	g0599	0	0.037970
ENSE00001089488_020	g0599	0	0.327871
ENSE00001089488_021	g0599	0	0.039999
ENSE00001089488_023	g0599	0	0.014839
ENSE00001089488_024	g0599	0	0.013140
ENSE00001089488_025	g0599	0	0.017511
ENSE00001089488_026	g0599	0	0.014910
ENSE00001089515_001	g0599	0	0.003133
ENSE00001089515_018	g0599	0	0.027471
ENSE00001090928_001	g0604	0	0.003929
ENSE00001090928_005	g0604	0	0.006808
ENSE00001090928_006	g0604	0	0.089708
ENSE00001090928_007	g0604	0	0.028883
ENSE00001090928_008	g0604	0	0.018635
ENSE00001090928_010	g0604	0	0.026730
ENSE00001091167_002	g0456	0	0.012304
ENSE00001091167_005	g0456	0	0.019114
ENSE00001091167_008	g0456	0	0.022441
ENSE00001091167_009	g0456	0	0.026579
ENSE00001091167_010	g0456	0	0.036690
ENSE00001091167_012	g0456	0	0.040839
ENSE00001091167_013	g0456	0	0.030439
ENSE00001091167_014	g0456	0	0.028192
ENSE00001091167_015	g0456	0	0.045799
ENSE00001091167_016	g0456	0	0.118248
ENSE00001091167_018	g0456	0	0.014937
ENSE00001091167_019	g0456	0	0.036937
ENSE00001091167_020	g0456	0	0.024909
ENSE00001091167_022	g0456	0	0.004777
ENSE00001091167_023	g0456	0	0.003747
ENSE00001091167_025	g0456	0	0.004755
ENSE00001092663_001	g0610	0	0.004652
ENSE00001092663_002	g0610	0	0.008614
ENSE00001092663_003	g0610	0	0.006530
ENSE00001092663_004	g0610	0	0.017393
ENSE00001092663_006	g0610	0	0.041875
ENSE00001092663_007	g0610	0	0.024330
ENSE00001092663_008	g0610	0	0.040847
ENSE00001092663_009	g0610	0	0.015647
ENSE00001092663_010	g0610	0	0.020114
ENSE00001092663_011	g0610	0	0.026593
ENSE00001092663_012	g0610	0	0.006623
ENSE00001092663_013	g0610	0	0.004626
ENSE00001092663_014	g0610	0	0.003091
ENSE00001094870_002	g0481	0	0.099060
ENSE00001094870_010	g0481	0	0.078417
ENSE00001094870_012	g0481	0	0.022404
ENSE00001094873_001	g0481	0	0.003168
ENSE00001094873_002	g0481	0	0.005680
ENSE00001094873_003	g0481	0	0.009822
ENSE00001094873_004	g0481	0	0.004875
ENSE00001094873_006	g0481	0	0.015199
ENSE00001094873_007	g0481	0	0.019036
ENSE00001094873_008	g0481	0	0.018473
ENSE00001094873_009	g0481	0	0.024684
ENSE00001094873_010	g0481	0	0.095382
ENSE00001094873_012	g0481	0	0.022368
ENSE00001094873_013	g0481	0	0.016223
ENSE00001094873_014	g0481	0	0.030632
ENSE00001094873_016	g0481	0	0.021590
ENSE00001094873_017	g0481	0	0.025008
ENSE00001094873_018	g0481	0	0.017312
ENSE00001094873_021	g0481	0	0.171995
ENSE00001094873_022	g0481	0	0.031162
ENSE00001094873_023	g0481	0	0.035476
ENSE00001094873_024	g0481	0	0.015840
ENSE00001094873_026	g0481	0	0.006124
ENSE00001095406_002	g0616	0	0.005664
ENSE00001095406_005	g0616	0	0.005437
ENSE00001095406_009	g0616	0	0.117676
ENSE00001095406_010	g0616	0	0.097976
ENSE00001095406_011	g0616	0	0.076868
ENSE00001095406_012	g0616	0	0.019037
ENSE00001095406_014	g0616	0	0.035842
ENSE00001095406_019	g0616	0	0.011962
ENSE00001095406_021	g0616	0	0.006175
ENSE00001095406_023	g0616	0	0.006355
ENSE00001095406_024	g0616	0	0.004781
ENSE00001096614_001	g0620	0	0.016454
ENSE00001096614_002	g0620	0	0.057893
ENSE00001096614_003	g0620	0	0.024494
ENSE00001096614_004	g0620	0	0.017141
ENSE00001096614_006	g0620	0	0.017638
ENSE00001096614_007	g0620	0	0.021491
ENSE00001096614_009	g0620	0	0.025376
ENSE00001096614_010	g0620	0	0.195907
ENSE00001096614_011	g0620	0	0.042486
ENSE00001096614_014	g0620	0	0.004135
ENSE00001096614_015	g0620	0	0.004116
ENSE00001096614_016	g0620	0	0.004129
ENSE00001099032_001	g0624	0	0.003727
ENSE00001099032_002	g0624	0	0.004209
ENSE00001099032_008	g0624	0	0.063810
ENSE00001099032_009	g0624	0	0.016596
ENSE00001099032_012	g0624	0	0.031259
ENSE00001099032_013	g0624	0	0.026728
ENSE00001099032_015	g0624	0	0.025320
ENSE00001099032_016	g0624	0	0.025641
ENSE00001099032_020	g0624	0	0.021786
ENSE00001099032_021	g0624	0	0.024332
ENSE00001099032_022	g0624	0	0.029815
ENSE00001099032_023	g0624	0	0.027106
ENSE00001099032_024	g0624	0	0.023546
ENSE00001099032_025	g0624	0	0.057146
ENSE00001099032_026	g0624	0	0.042763
ENSE00001099032_027	g0624	0	0.035251
ENSE00001099032_028	g0624	0	0.041078
ENSE00001099032_029	g0624	0	0.209448
ENSE00001099032_030	g0624	0	0.042662
ENSE00001099032_033	g0624	0	0.047964
ENSE00001099032_034	g0624	0	0.025723
ENSE00001099032_035	g0624	0	0.041693
ENSE00001099032_037	g0624	0	0.037551
ENSE00001099740_001	g0626	0	0.023286
ENSE00001099740_002	g0626	0	0.015257
ENSE00001099740_003	g0626	0	0.017143
ENSE00001099740_004	g0626	0	0.009694
ENSE00001099740_005	g0626	0	0.012252
ENSE00001101050_001	g0631	0	0.007997
ENSE00001101050_003	g0631	0	0.042895
ENSE00001101050_005	g0631	0	0.186320
ENSE00001101050_010	g0631	0	0.084882
ENSE00001101050_011	g0631	0	0.019274
ENSE00001101050_012	g0631	0	0.035460
ENSE00001101050_013	g0631	1	0.803162
ENSE00001101050_014	g0631	0	0.005669
ENSE00001104098_004	g0641	0	0.025660
ENSE00001104098_007	g0641	0	0.018883
ENSE00001104098_009	g0641	0	0.023527
ENSE00001104098_013	g0641	0	0.022970
ENSE00001104098_015	g0641	0	0.029411
ENSE00001104098_016	g0641	0	0.045232
ENSE00001104098_018	g0641	0	0.013378
ENSE00001104098_022	g0641	0	0.007598
ENSE00001104104_001	g0641	0	0.003483
ENSE00001104104_002	g0641	0	0.003189
ENSE00001104104_003	g0641	0	0.003947
ENSE00001104104_004	g0641	0	0.007767
ENSE00001104104_005	g0641	0	0.003893
ENSE00001104104_008	g0641	0	0.020609
ENSE00001104104_010	g0641	0	0.024494
ENSE00001104104_014	g0641	0	0.040487
ENSE00001104104_015	g0641	0	0.035969
ENSE00001104104_016	g0641	0	0.046930
ENSE00001104104_017	g0641	0	0.094083
ENSE00001104104_018	g0641	0	0.069531
ENSE00001104104_021	g0641	0	0.026870
ENSE00001105500_001	g0642	0	0.005099
ENSE00001105500_002	g0642	0	0.004636
ENSE00001105500_003	g0642	0	0.007362
ENSE00001105500_004	g0642	0	0.011700
ENSE00001105500_005	g0642	0	0.011042
ENSE00001105500_007	g0642	0	0.014633
ENSE00001105500_008	g0642	0	0.014771
ENSE00001105500_011	g0642	0	0.020135
ENSE00001105500_014	g0642	0	0.035052
ENSE00001105500_015	g0642	1	0.035500
ENSE00001105500_020	g0642	0	0.034276
ENSE00001105500_022	g0642	0	0.021895
ENSE00001105500_023	g0642	0	0.020246
ENSE00001105500_024	g0642	0	0.016674
ENSE00001105500_025	g0642	0	0.016623
ENSE00001105500_026	g0642	0	0.014803
ENSE00001105500_027	g0642	0	0.015893
ENSE00001105500_029	g0642	0	0.019607
ENSE00001105500_034	g0642	0	0.009508
ENSE00001105500_035	g0642	0	0.004854
ENSE00001105500_036	g0642	0	0.004930
ENSE00001105500_037	g0642	0	0.003094
ENSE00001105500_039	g0642	0	0.003098
ENSE00001105500_040	g0642	0	0.002613
ENSE00001105667_001	g0643	0	0.003188
ENSE00001105667_002	g0643	0	0.004251
ENSE00001105667_003	g0643	0	0.004251
ENSE00001105667_004	g0643	0	0.005938
ENSE00001105667_005	g0643	0	0.006608
ENSE00001105667_006	g0643	0	0.003823
ENSE00001105667_008	g0643	0	0.003955
ENSE00001105667_010	g0643	0	0.066129
ENSE00001105667_014	g0643	0	0.022808
ENSE00001105667_015	g0643	0	0.020267
ENSE00001105667_017	g0643	0	0.040678
ENSE00001105667_019	g0643	0	0.030488
ENSE00001105667_021	g0643	0	0.052947
ENSE00001105667_022	g0643	0	0.018000
ENSE00001105667_023	g0643	0	0.013188
ENSE00001105667_025	g0643	0	0.017629
ENSE00001105667_029	g0643	0	0.036454
ENSE00001105667_030	g0643	0	0.020512
ENSE00001105667_033	g0643	0	0.073202
ENSE00001105667_034	g0643	0	0.075338
ENSE00001105667_035	g0643	0	0.018374
ENSE00001105667_036	g0643	0	0.047873
ENSE00001105667_037	g0643	0	0.045899
ENSE00001105667_038	g0643	0	0.017846
ENSE00001105667_040	g0643	0	0.013882
ENSE00001105667_042	g0643	0	0.011146
ENSE00001106623_001	g0109	0	0.003019
ENSE00001106623_002	g0109	0	0.029417
ENSE00001106623_003	g0109	0	0.019448
ENSE00001106623_004	g0109	0	0.015367
ENSE00001106623_005	g0109	0	0.040230
ENSE00001106623_006	g0109	0	0.035750
ENSE00001106623_008	g0109	0	0.032864
ENSE00001106623_009	g0109	0	0.059126
ENSE00001106623_013	g0109	0	0.023012
ENSE00001106623_014	g0109	0	0.022764
ENSE00001106623_016	g0109	0	0.047353
ENSE00001106623_017	g0109	0	0.018213
ENSE00001107321_008	g0650	0	0.020950
ENSE00001107321_016	g0650	0	0.024370
ENSE00001107321_017	g0650	0	0.022451
ENSE00001108194_004	g0651	0	0.010012
ENSE00001108194_005	g0651	0	0.020039
ENSE00001108194_006	g0651	0	0.015947
ENSE00001108194_007	g0651	0	0.024834
ENSE00001108194_013	g0651	0	0.031756
ENSE00001108194_014	g0651	0	0.021111
ENSE00001108194_016	g0651	0	0.018169
ENSE00001108194_017	g0651	0	0.022948
ENSE00001108194_019	g0651	0	0.017823
ENSE00001108194_021	g0651	0	0.006115
ENSE00001108194_023	g0651	0	0.005931
ENSE00001108539_001	g0059	0	0.003457
ENSE00001108539_007	g0059	0	0.007489
ENSE00001108539_008	g0059	0	0.026979
ENSE00001108539_009	g0059	0	0.045693
ENSE00001108539_010	g0059	0	0.023800
ENSE00001108539_014	g0059	0	0.015483
ENSE00001108678_003	g0653	0	0.004799
ENSE00001108678_006	g0653	0	0.021746
ENSE00001109542_002	g0655	0	0.029107
ENSE00001109542_003	g0655	0	0.017704
ENSE00001109542_005	g0655	0	0.117118
ENSE00001109542_006	g0655	0	0.017800
ENSE00001109542_007	g0655	0	0.016684
ENSE00001109542_009	g0655	0	0.010658
ENSE00001109542_011	g0655	0	0.016987
ENSE00001109542_012	g0655	0	0.039046
ENSE00001109542_015	g0655	0	0.017899
ENSE00001109542_016	g0655	0	0.018805
ENSE00001109542_018	g0655	0	0.005613
ENSE00001111504_002	g0660	0	0.008811
ENSE00001111504_003	g0660	0	0.009268
ENSE00001111504_004	g0660	0	0.010721
ENSE00001111504_005	g0660	0	0.037534
ENSE00001111504_006	g0660	0	0.016677
ENSE00001111504_007	g0660	0	0.015563
ENSE00001111504_008	g0660	0	0.033656
ENSE00001111504_009	g0660	0	0.024036
ENSE00001111504_010	g0660	0	0.045419
ENSE00001111504_012	g0660	0	0.022612
ENSE00001111504_013	g0660	0	0.029241
ENSE00001111504_014	g0660	0	0.018134
ENSE00001111504_015	g0660	0	0.017736
ENSE00001111504_016	g0660	0	0.016396
ENSE00001111504_017	g0660	0	0.018543
ENSE00001111504_020	g0660	0	0.004773
ENSE00001111504_021	g0660	0	0.004054
ENSE00001111504_022	g0660	0	0.004033
ENSE00001111504_023	g0660	0	0.005435
ENSE00001111517_001	g0660	0	0.012508
ENSE00001111517_002	g0660	0	0.007079
ENSE00001111517_003	g0660	0	0.013952
ENSE00001111517_005	g0660	0	0.031773
ENSE00001111517_006	g0660	1	0.097530
ENSE00001111517_008	g0660	0	0.045861
ENSE00001111517_009	g0660	0	0.052332
ENSE00001111517_010	g0660	0	0.050485
ENSE00001111517_011	g0660	0	0.051470
ENSE00001111517_012	g0660	0	0.037075
ENSE00001111517_013	g0660	0	0.035859
ENSE00001111517_014	g0660	0	0.018390
ENSE00001111517_015	g0660	0	0.009138
ENSE00001111517_016	g0660	0	0.007851
ENSE00001111517_018	g0660	0	0.004677
ENSE00001111517_019	g0660	0	0.004053
ENSE00001111517_020	g0660	0	0.007205
ENSE00001112252_003	g0662	0	0.009055
ENSE00001112252_005	g0662	1	0.042955
ENSE00001112252_007	g0662	0	0.028271
ENSE00001112252_008	g0662	0	0.018705
ENSE00001112252_009	g0662	0	0.023524
ENSE00001112252_011	g0662	0	0.019609
ENSE00001112252_012	g0662	0	0.020800
ENSE00001112252_013	g0662	0	0.030078
ENSE00001112252_014	g0662	0	0.045765
ENSE00001112252_016	g0662	0	0.033371
ENSE00001112252_017	g0662	0	0.016581
ENSE00001112252_018	g0662	1	0.019830
ENSE00001112252_020	g0662	0	0.014359
ENSE00001112252_021	g0662	0	0.023141
ENSE00001112252_022	g0662	1	0.048010
ENSE00001112252_023	g0662	0	0.018463
ENSE00001115463_002	g0665	0	0.015724
ENSE00001115463_008	g0665	1	0.034123
ENSE00001115463_014	g0665	1	0.032817
ENSE00001115463_015	g0665	0	0.021345
ENSE00001115463_020	g0665	0	0.016105
ENSE00001115463_021	g0665	0	0.081715
ENSE00001115463_025	g0665	0	0.004098
ENSE00001115464_005	g0665	0	0.010829
ENSE00001115464_020	g0665	0	0.005536
ENSE00001121647_003	g0674	0	0.016235
ENSE00001121647_006	g0674	0	0.019293
ENSE00001121647_007	g0674	0	0.020139
ENSE00001121647_008	g0674	0	0.021824
ENSE00001129810_002	g0581	0	0.006386
ENSE00001129810_003	g0581	0	0.031048
ENSE00001129810_004	g0581	0	0.314581
ENSE00001129810_005	g0581	0	0.219035
ENSE00001129810_007	g0581	0	0.030160
ENSE00001129810_008	g0581	1	0.050426
ENSE00001129810_009	g0581	0	0.030693
ENSE00001129810_010	g0581	0	0.031989
ENSE00001129810_011	g0581	0	0.029987
ENSE00001129810_012	g0581	0	0.035807
ENSE00001129810_013	g0581	0	0.060548
ENSE00001129810_014	g0581	0	0.015887
ENSE00001129810_015	g0581	0	0.006917
ENSE00001129810_016	g0581	0	0.009682
ENSE00001129810_017	g0581	0	0.004886
ENSE00001129994_001	g0683	0	0.005271
ENSE00001129994_002	g0683	0	0.004871
ENSE00001129994_003	g0683	0	0.007179
ENSE00001129994_005	g0683	0	0.015239
ENSE00001129994_006	g0683	0	0.034206
ENSE00001129994_007	g0683	0	0.059687
ENSE00001129994_008	g0683	0	0.042853
ENSE00001129994_009	g0683	0	0.004170
ENSE00001129994_010	g0683	0	0.004811
ENSE00001129994_011	g0683	0	0.004056
ENSE00001129994_012	g0683	0	0.004066
ENSE00001129994_013	g0683	0	0.007438
ENSE00001129994_015	g0683	0	0.003746
ENSE00001129994_016	g0683	0	0.003578
ENSE00001129994_017	g0683	0	0.004186
ENSE00001129994_018	g0683	0	0.004302
ENSE00001130031_002	g0683	0	0.007053
ENSE00001130031_003	g0683	0	0.009101
ENSE00001130031_004	g0683	0	0.010520
ENSE00001130031_006	g0683	0	0.048800
ENSE00001130031_007	g0683	0	0.025820
ENSE00001130031_008	g0683	0	0.047495
ENSE00001130031_009	g0683	0	0.051503
ENSE00001130031_011	g0683	0	0.026983
ENSE00001130031_012	g0683	0	0.018629
ENSE00001130031_013	g0683	0	0.004313
ENSE00001130031_014	g0683	0	0.004144
ENSE00001130041_001	g0683	0	0.027471
ENSE00001130041_005	g0683	0	0.020132
ENSE00001130041_007	g0683	0	0.018559
ENSE00001130041_008	g0683	0	0.029837
ENSE00001130041_010	g0683	0	0.004011
ENSE00001130079_001	g0683	0	0.007124
ENSE00001130079_002	g0683	0	0.006524
ENSE00001130079_003	g0683	1	0.007287
ENSE00001130079_005	g0683	0	0.022983
ENSE00001130079_006	g0683	0	0.031218
ENSE00001130079_007	g0683	0	0.016581
ENSE00001130079_008	g0683	0	0.022303
ENSE00001130079_009	g0683	0	0.030409
ENSE00001130079_010	g0683	0	0.023818
ENSE00001130079_011	g0683	0	0.015980
ENSE00001130079_012	g0683	0	0.015798
ENSE00001130079_014	g0683	0	0.059711
ENSE00001130079_015	g0683	0	0.043051
ENSE00001130079_016	g0683	0	0.044564
ENSE00001130079_018	g0683	0	0.013112
ENSE00001130079_019	g0683	0	0.036746
ENSE00001130079_020	g0683	1	0.212693
ENSE00001130085_001	g0683	0	0.006571
ENSE00001130085_002	g0683	0	0.008848
ENSE00001130085_003	g0683	0	0.027191
ENSE00001130085_004	g0683	0	0.030840
ENSE00001130085_006	g0683	0	0.246102
ENSE00001130085_007	g0683	0	0.080337
ENSE00001130085_008	g0683	0	0.055070
ENSE00001130085_009	g0683	0	0.044212
ENSE00001130085_010	g0683	0	0.013624
ENSE00001130085_011	g0683	0	0.037051
ENSE00001130085_012	g0683	0	0.070647
ENSE00001130085_014	g0683	0	0.004286
ENSE00001130103_001	g0683	0	0.006576
ENSE00001130103_002	g0683	0	0.008004
ENSE00001130103_003	g0683	0	0.007212
ENSE00001130103_005	g0683	0	0.006624
ENSE00001130103_006	g0683	0	0.007183
ENSE00001130103_007	g0683	0	0.007250
ENSE00001130103_008	g0683	0	0.019011
ENSE00001130103_010	g0683	0	0.014170
ENSE00001130103_011	g0683	1	0.165957
ENSE00001130103_012	g0683	0	0.097627
ENSE00001130103_013	g0683	0	0.173859
ENSE00001130103_014	g0683	0	0.019363
ENSE00001130103_015	g0683	0	0.033936
ENSE00001130103_016	g0683	0	0.024716
ENSE00001130103_017	g0683	0	0.041864
ENSE00001130103_019	g0683	1	0.664436
ENSE00001130103_020	g0683	0	0.006653
ENSE00001130103_021	g0683	0	0.007086
ENSE00001130103_023	g0683	0	0.003763
ENSE00001130107_002	g0683	0	0.017194
ENSE00001130107_004	g0683	0	0.020364
ENSE00001130107_005	g0683	0	0.013957
ENSE00001130107_006	g0683	0	0.042794
ENSE00001130107_007	g0683	0	0.032856
ENSE00001130107_008	g0683	0	0.048930
ENSE00001130107_011	g0683	0	0.032040
ENSE00001130107_012	g0683	0	0.034134
ENSE00001130107_013	g0683	0	0.018415
ENSE00001130107_014	g0683	0	0.031836
ENSE00001130107_018	g0683	0	0.047829
ENSE00001130107_019	g0683	0	0.022714
ENSE00001130107_020	g0683	0	0.033048
ENSE00001130107_022	g0683	0	0.019723
ENSE00001130107_024	g0683	0	0.004749
ENSE00001130125_001	g0683	0	0.023886
ENSE00001130125_002	g0683	0	0.026361
ENSE00001130125_003	g0683	0	0.007351
ENSE00001130125_004	g0683	0	0.022357
ENSE00001130125_005	g0683	0	0.014253
ENSE00001130125_007	g0683	0	0.031221
ENSE00001130125_008	g0683	0	0.022533
ENSE00001130125_009	g0683	0	0.051177
ENSE00001130125_010	g0683	0	0.032798
ENSE00001130125_011	g0683	0	0.006819
ENSE00001130125_012	g0683	0	0.004330
ENSE00001130125_013	g0683	0	0.004439
ENSE00001130125_014	g0683	0	0.004439
ENSE00001130125_019	g0683	0	0.004022
ENSE00001130125_020	g0683	0	0.003130
ENSE00001130125_021	g0683	0	0.003188
ENSE00001130125_022	g0683	0	0.003377
ENSE00001130149_001	g0683	0	0.006851
ENSE00001130149_002	g0683	0	0.010052
ENSE00001130149_003	g0683	0	0.009112
ENSE00001130149_004	g0683	0	0.009915
ENSE00001130149_005	g0683	0	0.013543
ENSE00001130149_006	g0683	0	0.015069
ENSE00001130149_007	g0683	1	0.020735
ENSE00001130149_008	g0683	0	0.016456
ENSE00001130149_009	g0683	0	0.025273
ENSE00001130149_010	g0683	0	0.021788
ENSE00001130149_011	g0683	1	0.072179
ENSE00001130149_013	g0683	0	0.027128
ENSE00001130149_014	g0683	0	0.056439
ENSE00001130149_015	g0683	0	0.034516
ENSE00001130149_016	g0683	0	0.064984
ENSE00001130149_017	g0683	0	0.027560
ENSE00001130149_018	g0683	0	0.026683
ENSE00001130149_019	g0683	0	0.032308
ENSE00001130149_020	g0683	0	0.032199
ENSE00001130149_021	g0683	0	0.011125
ENSE00001130149_024	g0683	0	0.006135
ENSE00001130149_025	g0683	0	0.003162
ENSE00001130149_026	g0683	0	0.003240
ENSE00001130164_005	g0684	0	0.020615
ENSE00001130164_006	g0684	0	0.020408
ENSE00001132217_001	g0687	0	0.017503
ENSE00001132217_007	g0687	0	0.017943
ENSE00001132217_009	g0687	0	0.016484
ENSE00001132217_013	g0687	0	0.024228
ENSE00001132217_014	g0687	0	0.013262
ENSE00001132217_015	g0687	0	0.018737
ENSE00001132217_022	g0687	0	0.017776
ENSE00001132217_023	g0687	0	0.015015
ENSE00001133529_001	g0690	0	0.003284
ENSE00001133529_002	g0690	0	0.002853
ENSE00001133529_003	g0690	0	0.003902
ENSE00001133529_004	g0690	0	0.003252
ENSE00001133529_005	g0690	0	0.003776
ENSE00001133529_006	g0690	0	0.019060
ENSE00001133529_007	g0690	0	0.014814
ENSE00001133529_008	g0690	0	0.031996
ENSE00001133529_009	g0690	0	0.017633
ENSE00001133529_010	g0690	0	0.040304
ENSE00001133529_011	g0690	0	0.033211
ENSE00001133529_012	g0690	0	0.098088
ENSE00001133529_013	g0690	0	0.023700
ENSE00001133529_014	g0690	0	0.047698
ENSE00001133529_015	g0690	0	0.024171
ENSE00001133529_017	g0690	0	0.015020
ENSE00001134775_001	g0692	0	0.004642
ENSE00001134775_002	g0692	0	0.004644
ENSE00001134775_003	g0692	0	0.241248
ENSE00001134775_004	g0692	0	0.020917
ENSE00001134775_005	g0692	0	0.041780
ENSE00001134775_006	g0692	0	0.058889
ENSE00001134775_007	g0692	0	0.033234
ENSE00001134775_009	g0692	0	0.020111
ENSE00001134775_010	g0692	0	0.016270
ENSE00001134775_012	g0692	0	0.021734
ENSE00001134775_013	g0692	0	0.120701
ENSE00001134775_014	g0692	0	0.034023
ENSE00001134775_015	g0692	0	0.023634
ENSE00001135553_002	g0693	0	0.004927
ENSE00001135553_006	g0693	0	0.010669
ENSE00001135553_009	g0693	0	0.032459
ENSE00001135553_011	g0693	0	0.018687
ENSE00001135553_012	g0693	0	0.027932
ENSE00001135553_018	g0693	0	0.007713
ENSE00001136002_001	g0694	0	0.010368
ENSE00001136002_002	g0694	0	0.008292
ENSE00001136002_003	g0694	0	0.011294
ENSE00001136002_004	g0694	0	0.007444
ENSE00001136002_005	g0694	0	0.008214
ENSE00001136002_006	g0694	0	0.029467
ENSE00001136002_008	g0694	0	0.021934
ENSE00001136002_009	g0694	0	0.031379
ENSE00001136002_011	g0694	0	0.025904
ENSE00001136002_012	g0694	0	0.028860
ENSE00001136002_013	g0694	0	0.037567
ENSE00001136002_014	g0694	0	0.026008
ENSE00001136002_016	g0694	0	0.056189
ENSE00001136002_017	g0694	0	0.023654
ENSE00001136002_020	g0694	0	0.029360
ENSE00001136002_021	g0694	0	0.015439
ENSE00001136002_022	g0694	0	0.014627
ENSE00001136002_025	g0694	0	0.029147
ENSE00001136002_026	g0694	0	0.032987
ENSE00001136002_027	g0694	0	0.022419
ENSE00001139127_001	g0698	0	0.006238
ENSE00001139127_002	g0698	0	0.014001
ENSE00001139127_003	g0698	0	0.012292
ENSE00001139127_004	g0698	0	0.027536
ENSE00001139127_005	g0698	0	0.016148
ENSE00001139127_006	g0698	0	0.015241
ENSE00001139127_007	g0698	0	0.031693
ENSE00001139127_008	g0698	0	0.020424
ENSE00001139127_010	g0698	1	0.491345
ENSE00001139127_011	g0698	0	0.022624
ENSE00001139127_012	g0698	0	0.006748
ENSE00001139127_013	g0698	0	0.004620
ENSE00001139127_014	g0698	0	0.004096
ENSE00001139127_015	g0698	0	0.003854
ENSE00001139486_001	g0699	0	0.003457
ENSE00001139486_002	g0699	0	0.003457
ENSE00001139486_003	g0699	0	0.003749
ENSE00001139486_004	g0699	0	0.005952
ENSE00001139486_005	g0699	0	0.022229
ENSE00001139486_006	g0699	1	0.301938
ENSE00001139486_007	g0699	1	0.459673
ENSE00001139486_008	g0699	0	0.024214
ENSE00001139486_009	g0699	0	0.021662
ENSE00001139486_010	g0699	0	0.040467
ENSE00001139486_011	g0699	0	0.035812
ENSE00001139486_012	g0699	0	0.026600
ENSE00001139486_013	g0699	0	0.026968
ENSE00001139486_015	g0699	0	0.041680
ENSE00001139486_017	g0699	0	0.022621
ENSE00001139486_018	g0699	0	0.042817
ENSE00001139486_019	g0699	0	0.029037
ENSE00001139486_020	g0699	0	0.016423
ENSE00001139486_021	g0699	0	0.030251
ENSE00001139486_022	g0699	0	0.018331
ENSE00001139486_023	g0699	0	0.029849
ENSE00001139486_024	g0699	0	0.033676
ENSE00001139486_025	g0699	0	0.038533
ENSE00001139486_026	g0699	0	0.047942
ENSE00001139486_028	g0699	0	0.044020
ENSE00001139486_029	g0699	0	0.024835
ENSE00001139486_031	g0699	0	0.008033
ENSE00001140778_002	g0701	0	0.023719
ENSE00001140778_003	g0701	0	0.412738
ENSE00001140778_004	g0701	0	0.029086
ENSE00001140778_006	g0701	0	0.020668
ENSE00001140778_010	g0701	0	0.034680
ENSE00001140778_011	g0701	0	0.022786
ENSE00001140778_012	g0701	0	0.051814
ENSE00001140778_013	g0701	0	0.023428
ENSE00001140778_014	g0701	0	0.017426
ENSE00001140778_015	g0701	0	0.019318
ENSE00001143197_002	g0705	0	0.003634
ENSE00001143197_003	g0705	0	0.007166
ENSE00001143197_004	g0705	0	0.005632
ENSE00001143197_005	g0705	1	0.537206
ENSE00001143197_006	g0705	0	0.551248
ENSE00001143197_008	g0705	0	0.056447
ENSE00001143197_009	g0705	0	0.020409
ENSE00001143197_010	g0705	0	0.016869
ENSE00001143197_011	g0705	0	0.024801
ENSE00001143197_013	g0705	0	0.022789
ENSE00001143197_014	g0705	0	0.062617
ENSE00001143197_016	g0705	0	0.016801
ENSE00001143197_017	g0705	0	0.017403
ENSE00001143197_018	g0705	0	0.016439
ENSE00001143197_019	g0705	0	0.017765
ENSE00001143197_020	g0705	0	0.038712
ENSE00001143197_021	g0705	0	0.028627
ENSE00001143197_022	g0705	0	0.030527
ENSE00001143197_023	g0705	0	0.062768
ENSE00001143197_024	g0705	0	0.019642
ENSE00001143197_025	g0705	0	0.057364
ENSE00001143197_026	g0705	0	0.037652
ENSE00001143197_029	g0705	0	0.014452
ENSE00001143328_001	g0706	0	0.005607
ENSE00001143328_002	g0706	0	0.003518
ENSE00001143328_005	g0706	0	0.007897
ENSE00001143328_006	g0706	0	0.007991
ENSE00001151642_014	g0711	1	0.040685
ENSE00001151642_017	g0711	1	0.104972
ENSE00001160227_001	g0717	0	0.003436
ENSE00001160227_002	g0717	0	0.009257
ENSE00001160227_003	g0717	0	0.112540
ENSE00001160227_004	g0717	0	0.025279
ENSE00001160227_005	g0717	0	0.014030
ENSE00001160227_006	g0717	0	0.030307
ENSE00001160227_007	g0717	0	0.021310
ENSE00001160227_009	g0717	0	0.037975
ENSE00001160227_010	g0717	0	0.016379
ENSE00001160227_011	g0717	0	0.025338
ENSE00001160227_012	g0717	0	0.027488
ENSE00001160227_013	g0717	0	0.017450
ENSE00001160227_014	g0717	0	0.010612
ENSE00001160227_015	g0717	0	0.014522
ENSE00001160227_016	g0717	0	0.022233
ENSE00001160227_019	g0717	0	0.014723
ENSE00001160227_020	g0717	0	0.013615
ENSE00001160227_021	g0717	0	0.012663
ENSE00001160227_024	g0717	0	0.013288
ENSE00001160227_025	g0717	0	0.030923
ENSE00001160227_026	g0717	0	0.032452
ENSE00001160227_027	g0717	0	0.010610
ENSE00001160234_003	g0717	0	0.005329
ENSE00001160234_015	g0717	0	0.013346
ENSE00001160234_023	g0717	0	0.036680
ENSE00001160303_002	g0718	0	0.004487
ENSE00001160303_006	g0718	0	0.016835
ENSE00001160303_010	g0718	0	0.015704
ENSE00001160303_011	g0718	0	0.029686
ENSE00001160303_013	g0718	0	0.039203
ENSE00001160303_016	g0718	0	0.013081
ENSE00001160303_019	g0718	0	0.022561
ENSE00001160371_002	g0718	0	0.007873
ENSE00001160371_004	g0718	0	0.024448
ENSE00001160371_007	g0718	0	0.030802
ENSE00001170395_001	g0732	0	0.005595
ENSE00001170395_003	g0732	0	0.004099
ENSE00001170395_004	g0732	0	0.004253
ENSE00001170395_005	g0732	0	0.009742
ENSE00001170395_006	g0732	0	0.077484
ENSE00001170395_008	g0732	0	0.040978
ENSE00001170395_009	g0732	0	0.044385
ENSE00001170395_011	g0732	0	0.098865
ENSE00001170395_012	g0732	0	0.076384
ENSE00001170395_014	g0732	0	0.040535
ENSE00001171845_001	g0734	0	0.005580
ENSE00001171845_003	g0734	0	0.167723
ENSE00001171845_004	g0734	0	0.051874
ENSE00001171845_005	g0734	1	0.274440
ENSE00001171845_006	g0734	0	0.014354
ENSE00001171845_007	g0734	0	0.015678
ENSE00001171845_008	g0734	0	0.023662
ENSE00001171845_009	g0734	0	0.024292
ENSE00001171845_012	g0734	0	0.014657
ENSE00001171845_013	g0734	0	0.032894
ENSE00001171845_014	g0734	0	0.023616
ENSE00001171845_017	g0734	0	0.009503
ENSE00001171845_018	g0734	0	0.015085
ENSE00001171858_001	g0734	0	0.004650
ENSE00001171858_002	g0734	0	0.007538
ENSE00001171858_004	g0734	0	0.014363
ENSE00001171858_005	g0734	0	0.022620
ENSE00001171858_006	g0734	0	0.017346
ENSE00001171858_007	g0734	0	0.063149
ENSE00001171858_009	g0734	0	0.017702
ENSE00001171858_010	g0734	0	0.016451
ENSE00001171858_012	g0734	0	0.015329
ENSE00001171858_014	g0734	0	0.019645
ENSE00001171858_016	g0734	0	0.024356
ENSE00001171858_017	g0734	0	0.021622
ENSE00001171858_018	g0734	0	0.021396
ENSE00001173755_001	g0737	0	0.005709
ENSE00001173755_002	g0737	0	0.004240
ENSE00001173755_003	g0737	0	0.004925
ENSE00001173755_004	g0737	0	0.004552
ENSE00001173755_005	g0737	0	0.026437
ENSE00001173755_006	g0737	0	0.477108
ENSE00001173755_007	g0737	0	0.438147
ENSE00001173755_008	g0737	0	0.042734
ENSE00001173755_009	g0737	0	0.051568
ENSE00001173755_010	g0737	0	0.049466
ENSE00001173755_011	g0737	0	0.040555
ENSE00001173755_013	g0737	0	0.012377
ENSE00001173755_014	g0737	0	0.133569
ENSE00001173755_015	g0737	0	0.058051
ENSE00001173755_016	g0737	0	0.034069
ENSE00001173755_017	g0737	0	0.025923
ENSE00001173755_018	g0737	0	0.032807
ENSE00001173755_019	g0737	0	0.053286
ENSE00001173755_020	g0737	0	0.030965
ENSE00001173755_021	g0737	0	0.010008
ENSE00001173755_022	g0737	0	0.007632
ENSE00001173755_023	g0737	0	0.007118
ENSE00001173755_024	g0737	0	0.009185
ENSE00001173956_002	g0739	0	0.006417
ENSE00001173956_003	g0739	0	0.028431
ENSE00001173956_004	g0739	0	0.026807
ENSE00001173956_006	g0739	0	0.020900
ENSE00001173956_007	g0739	0	0.017967
ENSE00001173956_008	g0739	0	0.024712
ENSE00001173956_010	g0739	0	0.023329
ENSE00001173956_012	g0739	0	0.025600
ENSE00001173956_013	g0739	0	0.027566
ENSE00001173956_014	g0739	0	0.016518
ENSE00001173956_016	g0739	0	0.020941
ENSE00001173956_017	g0739	0	0.025099
ENSE00001173956_019	g0739	0	0.022788
ENSE00001173956_022	g0739	0	0.038007
ENSE00001173956_023	g0739	0	0.022103
ENSE00001173956_026	g0739	0	0.019495
ENSE00001183078_001	g0591	0	0.004972
ENSE00001183078_002	g0591	0	0.084619
ENSE00001183078_003	g0591	0	0.027456
ENSE00001183078_005	g0591	0	0.010471
ENSE00001183078_010	g0591	0	0.021207
ENSE00001183078_012	g0591	0	0.031807
ENSE00001183078_013	g0591	0	0.024086
ENSE00001183078_014	g0591	0	0.022919
ENSE00001183078_015	g0591	0	0.023583
ENSE00001183078_016	g0591	0	0.021696
ENSE00001183078_017	g0591	0	0.016673
ENSE00001183078_018	g0591	0	0.026110
ENSE00001183078_019	g0591	0	0.023684
ENSE00001183078_020	g0591	0	0.022499
ENSE00001183078_022	g0591	0	0.016305
ENSE00001183078_023	g0591	0	0.016603
ENSE00001183078_025	g0591	0	0.005842
ENSE00001183078_027	g0591	0	0.003685
ENSE00001183096_001	g0591	0	0.004545
ENSE00001183096_002	g0591	0	0.004545
ENSE00001183096_003	g0591	0	0.004410
ENSE00001183096_004	g0591	0	0.004831
ENSE00001183096_005	g0591	0	0.005054
ENSE00001183096_006	g0591	0	0.046949
ENSE00001183096_007	g0591	0	0.008801
ENSE00001183096_009	g0591	0	0.053534
ENSE00001183096_010	g0591	0	0.034313
ENSE00001183096_011	g0591	0	0.022231
ENSE00001183096_012	g0591	0	0.021994
ENSE00001183096_014	g0591	0	0.016827
ENSE00001183096_015	g0591	0	0.027297
ENSE00001183096_016	g0591	0	0.024037
ENSE00001183096_017	g0591	0	0.022529
ENSE00001183096_018	g0591	0	0.021252
ENSE00001183096_019	g0591	0	0.011887
ENSE00001183096_020	g0591	0	0.028743
ENSE00001183096_021	g0591	0	0.112691
ENSE00001183096_022	g0591	0	0.014913
ENSE00001183096_023	g0591	0	0.015257
ENSE00001183096_024	g0591	0	0.026049
ENSE00001183096_025	g0591	0	0.052923
ENSE00001184964_001	g0747	0	0.005206
ENSE00001184964_002	g0747	0	0.004753
ENSE00001184964_003	g0747	0	0.017341
ENSE00001184964_005	g0747	0	0.035779
ENSE00001184964_006	g0747	0	0.021380
ENSE00001184964_007	g0747	0	0.040586
ENSE00001184964_009	g0747	0	0.031098
ENSE00001184964_010	g0747	0	0.013495
ENSE00001184964_012	g0747	0	0.017507
ENSE00001187965_002	g0749	0	0.006117
ENSE00001187965_006	g0749	0	0.023948
ENSE00001187965_014	g0749	0	0.031598
ENSE00001187965_020	g0749	0	0.019659
ENSE00001192074_002	g0756	0	0.004427
ENSE00001192074_007	g0756	0	0.024593
ENSE00001192074_008	g0756	0	0.026367
ENSE00001192074_013	g0756	0	0.024831
ENSE00001194845_001	g0759	0	0.006297
ENSE00001194845_002	g0759	0	0.016882
ENSE00001194845_003	g0759	0	0.055926
ENSE00001194845_008	g0759	0	0.068623
ENSE00001194845_011	g0759	0	0.024026
ENSE00001194845_020	g0759	0	0.008535
ENSE00001200124_001	g0769	0	0.003550
ENSE00001200124_002	g0769	0	0.053032
ENSE00001200124_003	g0769	0	0.020203
ENSE00001200124_005	g0769	0	0.022295
ENSE00001200124_006	g0769	0	0.021696
ENSE00001200124_007	g0769	0	0.016397
ENSE00001200124_008	g0769	0	0.017328
ENSE00001200124_010	g0769	0	0.019254
ENSE00001200124_013	g0769	0	0.011919
ENSE00001200124_015	g0769	0	0.022913
ENSE00001200124_016	g0769	0	0.017758
ENSE00001200124_018	g0769	0	0.039700
ENSE00001200124_021	g0769	0	0.016034
ENSE00001200124_023	g0769	0	0.029649
ENSE00001200124_024	g0769	0	0.018852
ENSE00001200124_025	g0769	0	0.021921
ENSE00001200124_026	g0769	0	0.013388
ENSE00001200124_028	g0769	0	0.023314
ENSE00001200124_030	g0769	0	0.010599
ENSE00001203286_005	g0772	0	0.022062
ENSE00001203286_006	g0772	0	0.030464
ENSE00001203286_007	g0772	0	0.023099
ENSE00001203286_008	g0772	0	0.011269
ENSE00001203286_009	g0772	0	0.011711
ENSE00001204273_001	g0773	0	0.003621
ENSE00001204273_005	g0773	0	0.029047
ENSE00001204273_006	g0773	0	0.024727
ENSE00001204273_007	g0773	0	0.040439
ENSE00001204273_009	g0773	0	0.037182
ENSE00001204273_010	g0773	0	0.038701
ENSE00001204273_011	g0773	0	0.024934
ENSE00001204273_013	g0773	0	0.029369
ENSE00001204273_015	g0773	0	0.027046
ENSE00001204273_016	g0773	0	0.034103
ENSE00001204273_017	g0773	0	0.023666
ENSE00001204273_018	g0773	0	0.019580
ENSE00001204273_019	g0773	0	0.022353
ENSE00001204273_021	g0773	0	0.016734
ENSE00001204273_022	g0773	0	0.017388
ENSE00001204273_025	g0773	0	0.010989
ENSE00001204273_027	g0773	0	0.016527
ENSE00001204273_028	g0773	0	0.022024
ENSE00001204273_029	g0773	0	0.721769
ENSE00001204273_030	g0773	0	0.017058
ENSE00001204273_031	g0773	0	0.013348
ENSE00001204273_032	g0773	0	0.014304
ENSE00001204457_001	g0774	0	0.004526
ENSE00001204457_002	g0774	0	0.005588
ENSE00001204457_003	g0774	0	0.004457
ENSE00001204457_004	g0774	0	0.300602
ENSE00001204457_006	g0774	0	0.017184
ENSE00001204457_008	g0774	0	0.015104
ENSE00001204457_009	g0774	0	0.013646
ENSE00001204457_010	g0774	0	0.016986
ENSE00001204457_011	g0774	0	0.060986
ENSE00001204457_012	g0774	0	0.126713
ENSE00001204457_013	g0774	0	0.028717
ENSE00001204457_014	g0774	0	0.017920
ENSE00001204457_015	g0774	0	0.013432
ENSE00001204457_016	g0774	0	0.025365
ENSE00001204457_017	g0774	0	0.021003
ENSE00001204457_018	g0774	0	0.004418
ENSE00001204604_001	g0775	0	0.003427
ENSE00001204604_002	g0775	0	0.003427
ENSE00001204604_003	g0775	0	0.011310
ENSE00001204604_004	g0775	0	0.003756
ENSE00001204604_009	g0775	0	0.033177
ENSE00001204604_012	g0775	0	0.020696
ENSE00001204604_014	g0775	0	0.020800
ENSE00001204604_015	g0775	0	0.030483
ENSE00001204604_016	g0775	0	0.029963
ENSE00001204604_017	g0775	0	0.038140
ENSE00001204604_019	g0775	0	0.015090
ENSE00001204604_021	g0775	0	0.025794
ENSE00001204604_023	g0775	0	0.010183
ENSE00001204604_024	g0775	0	0.006616
ENSE00001207388_001	g0777	0	0.008116
ENSE00001207388_002	g0777	0	0.009045
ENSE00001207388_003	g0777	0	0.008513
ENSE00001207388_004	g0777	0	0.031393
ENSE00001207388_005	g0777	0	0.035351
ENSE00001207388_006	g0777	0	0.028058
ENSE00001207388_007	g0777	0	0.025800
ENSE00001207388_009	g0777	0	0.020857
ENSE00001207388_011	g0777	0	0.038813
ENSE00001207388_013	g0777	0	0.013056
ENSE00001207388_015	g0777	0	0.019668
ENSE00001207388_016	g0777	0	0.014000
ENSE00001207388_017	g0777	0	0.010305
ENSE00001207388_018	g0777	0	0.022416
ENSE00001207388_019	g0777	0	0.018028
ENSE00001207388_021	g0777	0	0.016051
ENSE00001207388_023	g0777	0	0.013595
ENSE00001207388_024	g0777	0	0.012539
ENSE00001207388_025	g0777	0	0.020701
ENSE00001207388_026	g0777	0	0.013762
ENSE00001207388_027	g0777	0	0.015816
ENSE00001207388_029	g0777	0	0.016160
ENSE00001207388_030	g0777	0	0.101138
ENSE00001207388_031	g0777	0	0.032430
ENSE00001207388_032	g0777	0	0.006733
ENSE00001211681_001	g0778	0	0.006391
ENSE00001211681_002	g0778	0	0.010046
ENSE00001211681_004	g0778	0	0.012503
ENSE00001211681_005	g0778	0	0.011923
ENSE00001211681_006	g0778	0	0.018101
ENSE00001211681_007	g0778	0	0.046183
ENSE00001211681_008	g0778	0	0.038281
ENSE00001211681_009	g0778	0	0.117449
ENSE00001211681_010	g0778	0	0.123637
ENSE00001211681_011	g0778	0	0.075259
ENSE00001211681_013	g0778	0	0.039664
ENSE00001211681_014	g0778	0	0.477567
ENSE00001211681_015	g0778	0	0.006141
ENSE00001211681_016	g0778	0	0.008830
ENSE00001211681_018	g0778	0	0.005388
ENSE00001211681_019	g0778	0	0.008680
ENSE00001213881_001	g0732	0	0.004682
ENSE00001213881_005	g0732	0	0.026011
ENSE00001213881_006	g0732	0	0.030777
ENSE00001213881_007	g0732	0	0.034308
ENSE00001213881_008	g0732	0	0.020581
ENSE00001213881_009	g0732	0	0.031730
ENSE00001213881_011	g0732	0	0.030954
ENSE00001213881_012	g0732	0	0.025706
ENSE00001213881_013	g0732	0	0.025380
ENSE00001213881_014	g0732	0	0.057681
ENSE00001213881_015	g0732	0	0.019055
ENSE00001213881_016	g0732	0	0.011959
ENSE00001213881_017	g0732	0	0.006085
ENSE00001213881_018	g0732	0	0.029524
ENSE00001213936_001	g0732	0	0.003191
ENSE00001213936_004	g0732	0	0.034532
ENSE00001213936_005	g0732	0	0.094530
ENSE00001213936_006	g0732	0	0.118743
ENSE00001213936_007	g0732	0	0.034040
ENSE00001213936_008	g0732	0	0.044212
ENSE00001213936_013	g0732	0	0.024257
ENSE00001213936_015	g0732	0	0.028211
ENSE00001213936_018	g0732	0	0.046603
ENSE00001213936_019	g0732	0	0.019186
ENSE00001213936_020	g0732	0	0.049035
ENSE00001213936_021	g0732	0	0.041487
ENSE00001213936_022	g0732	0	0.031420
ENSE00001213936_023	g0732	0	0.059024
ENSE00001213936_025	g0732	0	0.010262
ENSE00001213941_001	g0732	0	0.003695
ENSE00001213941_002	g0732	0	0.004020
ENSE00001213941_004	g0732	0	0.007174
ENSE00001213941_008	g0732	0	0.019272
ENSE00001213941_012	g0732	0	0.051021
ENSE00001213941_013	g0732	0	0.018297
ENSE00001213941_018	g0732	0	0.072833
ENSE00001213941_020	g0732	0	0.046067
ENSE00001213941_023	g0732	0	0.010657
ENSE00001213941_025	g0732	0	0.006696
ENSE00001213948_009	g0732	0	0.035756
ENSE00001213948_011	g0732	1	0.379393
ENSE00001213948_012	g0732	0	0.040085
ENSE00001213948_013	g0732	0	0.014969
ENSE00001213958_001	g0732	0	0.004787
ENSE00001213958_002	g0732	0	0.003504
ENSE00001213958_004	g0732	0	0.004142
ENSE00001213958_008	g0732	0	0.024833
ENSE00001213958_009	g0732	0	0.175675
ENSE00001213958_010	g0732	0	0.055380
ENSE00001213958_011	g0732	0	0.041000
ENSE00001213958_012	g0732	0	0.050836
ENSE00001213958_013	g0732	0	0.022489
ENSE00001213958_014	g0732	0	0.034636
ENSE00001213958_016	g0732	0	0.076520
ENSE00001213958_017	g0732	0	0.076499
ENSE00001213958_018	g0732	0	0.058844
ENSE00001213958_019	g0732	0	0.060562
ENSE00001213958_020	g0732	0	0.026088
ENSE00001213958_021	g0732	0	0.052198
ENSE00001213958_022	g0732	0	0.065348
ENSE00001213958_023	g0732	0	0.008920
ENSE00001213958_024	g0732	0	0.007579
ENSE00001213958_026	g0732	0	0.022493
ENSE00001213958_027	g0732	0	0.006847
ENSE00001213958_028	g0732	0	0.006808
ENSE00001213970_001	g0732	0	0.004160
ENSE00001213970_002	g0732	0	0.003781
ENSE00001213970_003	g0732	0	0.003561
ENSE00001213970_004	g0732	0	0.003561
ENSE00001213970_005	g0732	0	0.003637
ENSE00001213970_006	g0732	0	0.003732
ENSE00001213970_007	g0732	0	0.009272
ENSE00001213970_008	g0732	0	0.031220
ENSE00001213970_011	g0732	0	0.020538
ENSE00001213970_012	g0732	0	0.030054
ENSE00001213970_016	g0732	0	0.029150
ENSE00001213970_018	g0732	0	0.061312
ENSE00001213970_020	g0732	0	0.024030
ENSE00001213970_021	g0732	0	0.016586
ENSE00001214852_001	g0779	0	0.108265
ENSE00001214852_003	g0779	0	0.025105
ENSE00001214852_005	g0779	0	0.020492
ENSE00001214852_006	g0779	0	0.055925
ENSE00001214852_007	g0779	0	0.032363
ENSE00001214852_008	g0779	0	0.030510
ENSE00001214852_009	g0779	0	0.029001
ENSE00001214852_011	g0779	0	0.019734
ENSE00001214852_012	g0779	0	0.042421
ENSE00001214852_013	g0779	0	0.099494
ENSE00001214852_014	g0779	0	0.040950
ENSE00001214852_015	g0779	0	0.030604
ENSE00001214852_016	g0779	0	0.024915
ENSE00001214852_017	g0779	0	0.032421
ENSE00001214852_019	g0779	0	0.060536
ENSE00001214852_020	g0779	0	0.033306
ENSE00001214852_021	g0779	0	0.009779
ENSE00001219451_002	g0780	0	0.023528
ENSE00001219451_003	g0780	0	0.010075
ENSE00001219451_005	g0780	0	0.013394
ENSE00001219451_006	g0780	0	0.012816
ENSE00001219451_007	g0780	0	0.078178
ENSE00001219451_008	g0780	0	0.023185
ENSE00001219451_010	g0780	0	0.022940
ENSE00001219451_011	g0780	0	0.035113
ENSE00001219451_012	g0780	0	0.028496
ENSE00001219451_014	g0780	0	0.031100
ENSE00001219451_015	g0780	0	0.033861
ENSE00001219451_017	g0780	0	0.014290
ENSE00001219451_018	g0780	0	0.006427
ENSE00001219451_019	g0780	0	0.005598
ENSE00001219451_020	g0780	0	0.004815
ENSE00001219451_021	g0780	0	0.006823
ENSE00001219451_022	g0780	0	0.003759
ENSE00001219451_023	g0780	0	0.004047
ENSE00001222383_001	g0782	0	0.003864
ENSE00001222383_002	g0782	0	0.003840
ENSE00001222383_003	g0782	0	0.005681
ENSE00001222383_005	g0782	0	0.007054
ENSE00001222383_006	g0782	0	0.004206
ENSE00001222383_007	g0782	0	0.003844
ENSE00001222383_010	g0782	0	0.011660
ENSE00001222383_011	g0782	0	0.050411
ENSE00001222383_012	g0782	0	0.027466
ENSE00001222383_014	g0782	0	0.023426
ENSE00001222383_017	g0782	0	0.015879
ENSE00001222383_018	g0782	0	0.019024
ENSE00001222383_019	g0782	0	0.018125
ENSE00001222383_024	g0782	1	0.111687
ENSE00001222383_026	g0782	0	0.027847
ENSE00001222383_027	g0782	0	0.036303
ENSE00001222383_028	g0782	0	0.018201
ENSE00001222383_029	g0782	0	0.015301
ENSE00001222383_030	g0782	0	0.015425
ENSE00001222383_032	g0782	0	0.007222
ENSE00001222383_033	g0782	0	0.007761
ENSE00001222531_001	g0783	0	0.004645
ENSE00001222531_002	g0783	0	0.005793
ENSE00001222531_014	g0783	0	0.030914
ENSE00001222531_021	g0783	0	0.023208
ENSE00001224729_009	g0785	0	0.021550
ENSE00001225843_001	g0786	0	0.006082
ENSE00001225843_003	g0786	0	0.039317
ENSE00001225843_008	g0786	0	0.017721
ENSE00001225843_009	g0786	0	0.045586
ENSE00001225843_011	g0786	0	0.033806
ENSE00001225843_012	g0786	0	0.023559
ENSE00001225843_015	g0786	0	0.026407
ENSE00001225843_022	g0786	0	0.027737
ENSE00001225843_026	g0786	0	0.082089
ENSE00001225843_029	g0786	0	0.008532
ENSE00001225970_001	g0787	0	0.004155
ENSE00001225970_002	g0787	0	0.004625
ENSE00001225970_009	g0787	0	0.017695
ENSE00001225970_015	g0787	0	0.023927
ENSE00001225970_022	g0787	0	0.021246
ENSE00001225970_023	g0787	0	0.046616
ENSE00001225970_026	g0787	0	0.057292
ENSE00001225970_027	g0787	0	0.098146
ENSE00001225970_029	g0787	0	0.016725
ENSE00001226038_001	g0788	0	0.007441
ENSE00001226038_002	g0788	0	0.007745
ENSE00001226038_003	g0788	0	0.007127
ENSE00001226038_005	g0788	0	0.055934
ENSE00001226038_006	g0788	0	0.065164
ENSE00001226038_007	g0788	0	0.040476
ENSE00001226038_008	g0788	0	0.044975
ENSE00001226038_009	g0788	0	0.051152
ENSE00001226038_011	g0788	0	0.054333
ENSE00001226038_012	g0788	0	0.043023
ENSE00001226038_013	g0788	0	0.042001
ENSE00001226038_015	g0788	0	0.019744
ENSE00001226038_016	g0788	0	0.023763
ENSE00001226038_017	g0788	0	0.016783
ENSE00001226038_018	g0788	0	0.024173
ENSE00001229401_001	g0790	0	0.075316
ENSE00001229401_003	g0790	1	0.019790
ENSE00001229401_004	g0790	0	0.019472
ENSE00001229401_005	g0790	0	0.040561
ENSE00001229401_006	g0790	0	0.042538
ENSE00001229401_007	g0790	0	0.024125
ENSE00001229401_008	g0790	0	0.027174
ENSE00001229401_009	g0790	0	0.021419
ENSE00001229401_011	g0790	0	0.048228
ENSE00001229401_012	g0790	0	0.029714
ENSE00001229401_013	g0790	1	0.027626
ENSE00001229401_016	g0790	0	0.089537
ENSE00001229401_017	g0790	1	0.648071
ENSE00001229401_018	g0790	0	0.005505
ENSE00001229410_001	g0790	0	0.004708
ENSE00001229410_002	g0790	0	0.007775
ENSE00001229410_003	g0790	0	0.007734
ENSE00001229410_004	g0790	0	0.009227
ENSE00001229410_005	g0790	0	0.007630
ENSE00001229410_006	g0790	0	0.012836
ENSE00001229410_007	g0790	0	0.018778
ENSE00001229410_008	g0790	0	0.017213
ENSE00001229410_010	g0790	0	0.020995
ENSE00001229410_011	g0790	0	0.021247
ENSE00001229410_012	g0790	0	0.014927
ENSE00001229410_013	g0790	1	0.737238
ENSE00001229410_014	g0790	0	0.022770
ENSE00001229410_016	g0790	0	0.018132
ENSE00001229410_018	g0790	0	0.017263
ENSE00001229410_019	g0790	0	0.037188
ENSE00001229410_020	g0790	0	0.015344
ENSE00001229410_023	g0790	0	0.018009
ENSE00001229410_024	g0790	0	0.018335
ENSE00001229410_025	g0790	0	0.077557
ENSE00001229410_026	g0790	0	0.018303
ENSE00001229410_027	g0790	0	0.014672
ENSE00001229410_028	g0790	0	0.016106
ENSE00001229410_030	g0790	0	0.098429
ENSE00001229410_031	g0790	0	0.022334
ENSE00001229410_032	g0790	0	0.006376
ENSE00001229410_034	g0790	0	0.004737
ENSE00001229410_035	g0790	0	0.007259
ENSE00001229416_001	g0790	0	0.007131
ENSE00001229416_003	g0790	0	0.006656
ENSE00001229416_005	g0790	0	0.010855
ENSE00001229416_007	g0790	0	0.028905
ENSE00001229416_009	g0790	1	0.020002
ENSE00001229416_011	g0790	0	0.016186
ENSE00001229416_018	g0790	0	0.038161
ENSE00001229416_020	g0790	0	0.017106
ENSE00001229416_026	g0790	0	0.034243
ENSE00001229416_028	g0790	0	0.021157
ENSE00001229416_030	g0790	0	0.006612
ENSE00001229801_002	g0791	0	0.003430
ENSE00001229801_012	g0791	1	0.033498
ENSE00001229801_013	g0791	0	0.013456
ENSE00001233002_001	g0792	0	0.007587
ENSE00001233002_002	g0792	0	0.013328
ENSE00001233002_006	g0792	0	0.049298
ENSE00001233002_009	g0792	1	0.022214
ENSE00001233002_010	g0792	1	0.021849
ENSE00001233002_012	g0792	1	0.107280
ENSE00001233002_013	g0792	0	0.016680
ENSE00001233002_016	g0792	0	0.032467
ENSE00001233510_001	g0793	0	0.010656
ENSE00001233510_004	g0793	0	0.019475
ENSE00001233510_006	g0793	0	0.039651
ENSE00001233510_007	g0793	0	0.022468
ENSE00001233510_008	g0793	0	0.029368
ENSE00001233510_010	g0793	0	0.025192
ENSE00001233510_015	g0793	0	0.025011
ENSE00001233510_016	g0793	0	0.009990
ENSE00001235373_001	g0795	0	0.003479
ENSE00001235373_002	g0795	0	0.006643
ENSE00001235373_003	g0795	0	0.053859
ENSE00001235373_004	g0795	0	0.022675
ENSE00001235373_005	g0795	0	0.018643
ENSE00001235373_006	g0795	0	0.015814
ENSE00001235373_007	g0795	0	0.023357
ENSE00001235373_010	g0795	0	0.020007
ENSE00001235373_011	g0795	0	0.016046
ENSE00001235373_012	g0795	0	0.024973
ENSE00001235373_013	g0795	0	0.020345
ENSE00001235373_014	g0795	0	0.044475
ENSE00001235373_015	g0795	0	0.016123
ENSE00001235373_016	g0795	0	0.053519
ENSE00001235373_017	g0795	0	0.149220
ENSE00001235373_018	g0795	0	0.020971
ENSE00001235373_019	g0795	0	0.022192
ENSE00001235373_020	g0795	0	0.052159
ENSE00001235373_021	g0795	0	0.012957
ENSE00001235458_002	g0796	0	0.007614
ENSE00001235458_003	g0796	0	0.006769
ENSE00001235458_004	g0796	0	0.006839
ENSE00001235458_005	g0796	0	0.006376
ENSE00001235458_006	g0796	0	0.055940
ENSE00001235458_007	g0796	0	0.044122
ENSE00001235458_008	g0796	0	0.069058
ENSE00001235458_009	g0796	0	0.033256
ENSE00001235458_010	g0796	0	0.020989
ENSE00001235458_011	g0796	0	0.050829
ENSE00001235458_012	g0796	0	0.024416
ENSE00001235458_013	g0796	0	0.017095
ENSE00001235458_014	g0796	0	0.027513
ENSE00001235458_015	g0796	0	0.013948
ENSE00001235458_016	g0796	1	0.089576
ENSE00001235458_017	g0796	1	0.709057
ENSE00001235458_018	g0796	0	0.082243
ENSE00001235458_019	g0796	0	0.005444
ENSE00001235458_020	g0796	0	0.006446
ENSE00001235458_021	g0796	0	0.004138
ENSE00001235458_023	g0796	0	0.004478
ENSE00001235458_024	g0796	0	0.003233
ENSE00001235458_025	g0796	0	0.003304
ENSE00001235458_026	g0796	0	0.005501
ENSE00001235458_027	g0796	0	0.003635
ENSE00001235458_028	g0796	0	0.003215
ENSE00001238421_001	g0798	0	0.010399
ENSE00001238421_006	g0798	0	0.016493
ENSE00001238421_010	g0798	0	0.030966
ENSE00001238421_013	g0798	0	0.028302
ENSE00001238421_015	g0798	0	0.027109
ENSE00001238421_018	g0798	0	0.021140
ENSE00001238421_019	g0798	0	0.015190
ENSE00001241987_002	g0799	0	0.004086
ENSE00001241987_003	g0799	0	0.003251
ENSE00001241987_004	g0799	0	0.003222
ENSE00001241987_005	g0799	0	0.004944
ENSE00001241987_006	g0799	0	0.004717
ENSE00001241987_007	g0799	0	0.005047
ENSE00001241987_008	g0799	0	0.003974
ENSE00001241987_009	g0799	0	0.004104
ENSE00001241987_010	g0799	0	0.004398
ENSE00001241987_011	g0799	0	0.016848
ENSE00001241987_013	g0799	0	0.014758
ENSE00001241987_014	g0799	0	0.028605
ENSE00001241987_016	g0799	0	0.020785
ENSE00001241987_017	g0799	0	0.037639
ENSE00001241987_018	g0799	0	0.026769
ENSE00001241987_020	g0799	0	0.031234
ENSE00001241987_021	g0799	0	0.049976
ENSE00001241987_022	g0799	0	0.013760
ENSE00001263608_001	g0456	0	0.008725
ENSE00001263608_006	g0456	0	0.015247
ENSE00001263608_008	g0456	0	0.014874
ENSE00001263608_017	g0456	0	0.025820
ENSE00001263608_018	g0456	0	0.005855
ENSE00001263608_023	g0456	0	0.004019
ENSE00001263608_025	g0456	0	0.003141
ENSE00001265880_001	g0811	0	0.010636
ENSE00001265880_002	g0811	0	0.039907
ENSE00001265880_003	g0811	0	0.046412
ENSE00001265880_005	g0811	0	0.020730
ENSE00001265880_006	g0811	0	0.023533
ENSE00001265880_009	g0811	0	0.030430
ENSE00001265880_010	g0811	0	0.010455
ENSE00001265880_011	g0811	0	0.013490
ENSE00001265880_013	g0811	0	0.024268
ENSE00001265880_014	g0811	0	0.033388
ENSE00001265880_015	g0811	0	0.036729
ENSE00001265880_016	g0811	0	0.029500
ENSE00001265880_017	g0811	0	0.013136
ENSE00001265880_018	g0811	0	0.018595
ENSE00001265880_019	g0811	1	0.020460
ENSE00001265880_020	g0811	0	0.007140
ENSE00001267186_002	g0814	0	0.011483
ENSE00001267186_003	g0814	0	0.016604
ENSE00001267186_004	g0814	0	0.020220
ENSE00001267186_005	g0814	0	0.014205
ENSE00001267186_006	g0814	0	0.029649
ENSE00001267186_007	g0814	0	0.016793
ENSE00001267186_008	g0814	0	0.022271
ENSE00001267186_011	g0814	0	0.016260
ENSE00001267186_012	g0814	0	0.014771
ENSE00001267186_013	g0814	0	0.027165
ENSE00001267186_015	g0814	0	0.017409
ENSE00001267186_016	g0814	0	0.016258
ENSE00001267186_018	g0814	0	0.016072
ENSE00001267186_022	g0814	0	0.009497
ENSE00001267186_024	g0814	0	0.004578
ENSE00001267186_025	g0814	0	0.006146
ENSE00001267186_026	g0814	0	0.005096
ENSE00001292222_001	g0827	0	0.004688
ENSE00001292222_003	g0827	0	0.036956
ENSE00001292222_005	g0827	0	0.053645
ENSE00001292222_006	g0827	0	0.041045
ENSE00001292222_007	g0827	0	0.031384
ENSE00001292222_009	g0827	0	0.030857
ENSE00001292222_010	g0827	0	0.466364
ENSE00001292222_011	g0827	0	0.355638
ENSE00001292222_012	g0827	0	0.106540
ENSE00001292222_014	g0827	0	0.061869
ENSE00001292222_015	g0827	0	0.023308
ENSE00001293589_001	g0831	0	0.003613
ENSE00001293589_003	g0831	0	0.004048
ENSE00001293589_004	g0831	0	0.003664
ENSE00001293589_005	g0831	0	0.004518
ENSE00001293589_006	g0831	0	0.003608
ENSE00001293589_007	g0831	0	0.004168
ENSE00001293589_009	g0831	0	0.039405
ENSE00001293589_010	g0831	0	0.016888
ENSE00001293589_011	g0831	0	0.014626
ENSE00001293589_012	g0831	0	0.019243
ENSE00001293589_013	g0831	0	0.027340
ENSE00001293589_015	g0831	0	0.052406
ENSE00001293589_016	g0831	0	0.086639
ENSE00001293589_017	g0831	0	0.060389
ENSE00001293589_018	g0831	0	0.030752
ENSE00001293589_019	g0831	0	0.055827
ENSE00001293589_020	g0831	0	0.026583
ENSE00001293589_021	g0831	0	0.023864
ENSE00001293589_022	g0831	0	0.015243
ENSE00001293589_023	g0831	0	0.016325
ENSE00001293589_024	g0831	0	0.017229
ENSE00001293589_025	g0831	0	0.016533
ENSE00001293589_027	g0831	0	0.021734
ENSE00001293589_028	g0831	0	0.015603
ENSE00001293589_029	g0831	0	0.043691
ENSE00001293589_030	g0831	0	0.029249
ENSE00001293589_031	g0831	0	0.034223
ENSE00001293589_032	g0831	1	0.259937
ENSE00001293589_033	g0831	1	0.428058
ENSE00001293589_034	g0831	0	0.038729
ENSE00001293589_035	g0831	0	0.034425
ENSE00001293589_036	g0831	0	0.019385
ENSE00001293589_037	g0831	0	0.010597
ENSE00001293589_038	g0831	0	0.005064
ENSE00001295579_001	g0837	0	0.019944
ENSE00001296213_001	g0838	0	0.008963
ENSE00001296213_002	g0838	0	0.004082
ENSE00001296213_005	g0838	0	0.020677
ENSE00001296213_006	g0838	0	0.017214
ENSE00001296213_008	g0838	1	0.438854
ENSE00001296213_011	g0838	0	0.017634
ENSE00001296213_014	g0838	0	0.013611
ENSE00001296213_015	g0838	1	0.111224
ENSE00001296213_016	g0838	1	0.041713
ENSE00001296213_019	g0838	0	0.028257
ENSE00001296213_021	g0838	1	0.025108
ENSE00001296213_022	g0838	0	0.021686
ENSE00001296213_024	g0838	0	0.013611
ENSE00001296213_025	g0838	0	0.057652
ENSE00001296213_027	g0838	1	0.069007
ENSE00001296213_030	g0838	0	0.065528
ENSE00001296213_032	g0838	0	0.019282
ENSE00001296545_002	g0840	0	0.005158
ENSE00001296545_004	g0840	0	0.010735
ENSE00001296545_008	g0840	0	0.020355
ENSE00001296545_013	g0840	0	0.027423
ENSE00001296545_014	g0840	0	0.029452
ENSE00001296545_026	g0840	0	0.023009
ENSE00001296545_027	g0840	0	0.013248
ENSE00001296545_036	g0840	0	0.003765
ENSE00001296991_001	g0843	0	0.009384
ENSE00001296991_003	g0843	0	0.021953
ENSE00001296991_009	g0843	0	0.016925
ENSE00001296991_012	g0843	0	0.008379
ENSE00001296991_013	g0843	0	0.004575
ENSE00001301553_002	g0848	0	0.004076
ENSE00001301553_004	g0848	0	0.018869
ENSE00001301553_005	g0848	0	0.032632
ENSE00001301553_008	g0848	0	0.060347
ENSE00001301553_009	g0848	0	0.083531
ENSE00001301553_010	g0848	0	0.025569
ENSE00001301553_011	g0848	0	0.021326
ENSE00001301553_013	g0848	0	0.016590
ENSE00001301553_019	g0848	0	0.014464
ENSE00001301553_020	g0848	0	0.018713
ENSE00001301553_022	g0848	0	0.029009
ENSE00001301553_023	g0848	0	0.015691
ENSE00001304037_018	g0853	1	0.711967
ENSE00001305857_001	g0616	0	0.003175
ENSE00001305857_002	g0616	0	0.005031
ENSE00001305857_004	g0616	0	0.021397
ENSE00001305857_005	g0616	0	0.014973
ENSE00001305857_006	g0616	0	0.013937
ENSE00001305857_007	g0616	0	0.025244
ENSE00001305857_009	g0616	0	0.017490
ENSE00001305857_010	g0616	0	0.026417
ENSE00001305857_011	g0616	0	0.031060
ENSE00001305857_012	g0616	0	0.072532
ENSE00001305857_013	g0616	0	0.023210
ENSE00001305857_014	g0616	0	0.018517
ENSE00001305857_015	g0616	0	0.081406
ENSE00001305857_016	g0616	0	0.015957
ENSE00001305857_018	g0616	0	0.012350
ENSE00001307685_004	g0860	0	0.008007
ENSE00001307685_007	g0860	0	0.021997
ENSE00001307685_008	g0860	0	0.103809
ENSE00001307685_009	g0860	0	0.016694
ENSE00001307685_011	g0860	0	0.026245
ENSE00001307685_012	g0860	0	0.029049
ENSE00001307685_014	g0860	0	0.018514
ENSE00001307685_016	g0860	0	0.022044
ENSE00001307685_020	g0860	0	0.018521
ENSE00001307685_021	g0860	0	0.016769
ENSE00001307685_023	g0860	0	0.024411
ENSE00001307685_025	g0860	0	0.005777
ENSE00001307685_026	g0860	0	0.006034
ENSE00001307685_027	g0860	0	0.003443
ENSE00001307685_029	g0860	0	0.004022
ENSE00001307685_030	g0860	0	0.004022
ENSE00001307767_003	g0861	0	0.006670
ENSE00001307767_008	g0861	0	0.032136
ENSE00001307767_009	g0861	0	0.031177
ENSE00001307767_010	g0861	0	0.022158
ENSE00001308781_001	g0732	0	0.004315
ENSE00001308781_002	g0732	0	0.008517
ENSE00001308781_003	g0732	0	0.003992
ENSE00001308781_004	g0732	0	0.003804
ENSE00001308781_005	g0732	0	0.004772
ENSE00001308781_006	g0732	0	0.005519
ENSE00001308781_007	g0732	0	0.004252
ENSE00001308781_008	g0732	0	0.007778
ENSE00001308781_009	g0732	0	0.004000
ENSE00001308781_010	g0732	0	0.004247
ENSE00001308781_011	g0732	0	0.007204
ENSE00001308781_013	g0732	0	0.004435
ENSE00001308781_014	g0732	0	0.008109
ENSE00001308781_016	g0732	1	0.370818
ENSE00001308781_017	g0732	1	0.682058
ENSE00001308781_019	g0732	0	0.056874
ENSE00001308781_020	g0732	0	0.023357
ENSE00001308781_023	g0732	0	0.031862
ENSE00001308781_024	g0732	0	0.017356
ENSE00001308781_025	g0732	0	0.023280
ENSE00001308781_026	g0732	0	0.040095
ENSE00001308781_027	g0732	0	0.035578
ENSE00001308781_028	g0732	0	0.022745
ENSE00001308781_030	g0732	0	0.046123
ENSE00001308781_032	g0732	0	0.045237
ENSE00001308781_033	g0732	0	0.064708
ENSE00001308781_035	g0732	0	0.021890
ENSE00001308781_036	g0732	0	0.010283
ENSE00001309912_002	g0865	0	0.005477
ENSE00001309912_009	g0865	0	0.029890
ENSE00001309912_011	g0865	0	0.031627
ENSE00001309912_012	g0865	0	0.028093
ENSE00001309912_019	g0865	0	0.032387
ENSE00001310733_001	g0867	0	0.005894
ENSE00001310733_002	g0867	0	0.009243
ENSE00001310733_003	g0867	0	0.009870
ENSE00001310733_004	g0867	0	0.018026
ENSE00001310733_006	g0867	0	0.009536
ENSE00001310733_007	g0867	0	0.025419
ENSE00001310733_008	g0867	0	0.015724
ENSE00001310733_009	g0867	0	0.038199
ENSE00001310733_010	g0867	0	0.018423
ENSE00001310733_011	g0867	0	0.020594
ENSE00001310733_012	g0867	0	0.043886
ENSE00001310733_013	g0867	0	0.033329
ENSE00001310733_014	g0867	0	0.055118
ENSE00001310733_015	g0867	0	0.035462
ENSE00001310733_016	g0867	0	0.029005
ENSE00001310733_017	g0867	0	0.023472
ENSE00001310733_018	g0867	0	0.013084
ENSE00001310733_019	g0867	0	0.013002
ENSE00001310733_020	g0867	0	0.019652
ENSE00001310733_021	g0867	0	0.012627
ENSE00001310733_022	g0867	0	0.018303
ENSE00001310733_023	g0867	0	0.012967
ENSE00001310733_024	g0867	0	0.018988
ENSE00001310733_026	g0867	0	0.015587
ENSE00001310733_027	g0867	0	0.019874
ENSE00001310733_028	g0867	0	0.016457
ENSE00001310733_029	g0867	0	0.016980
ENSE00001310733_030	g0867	0	0.021479
ENSE00001310733_031	g0867	0	0.020253
ENSE00001310733_032	g0867	0	0.022248
ENSE00001310733_033	g0867	0	0.026621
ENSE00001310733_034	g0867	0	0.025078
ENSE00001310733_035	g0867	0	0.008516
ENSE00001310733_036	g0867	0	0.004813
ENSE00001310733_037	g0867	0	0.003889
ENSE00001310733_038	g0867	0	0.003815
ENSE00001310733_039	g0867	0	0.004283
ENSE00001310981_002	g0831	0	0.003726
ENSE00001310981_005	g0831	0	0.027366
ENSE00001310981_006	g0831	0	0.017212
ENSE00001310981_008	g0831	0	0.017773
ENSE00001310981_012	g0831	0	0.019373
ENSE00001310981_016	g0831	0	0.019045
ENSE00001310981_022	g0831	0	0.028505
ENSE00001310981_025	g0831	0	0.058099
ENSE00001310981_027	g0831	0	0.014151
ENSE00001310981_028	g0831	0	0.017429
ENSE00001310981_029	g0831	0	0.047373
ENSE00001312752_009	g0870	0	0.032402
ENSE00001312752_021	g0870	0	0.005616
ENSE00001312811_005	g0871	0	0.009278
ENSE00001312811_008	g0871	0	0.039917
ENSE00001312811_010	g0871	0	0.024408
ENSE00001312811_012	g0871	0	0.017967
ENSE00001312811_015	g0871	0	0.011962
ENSE00001312811_016	g0871	0	0.010440
ENSE00001312811_017	g0871	0	0.018066
ENSE00001312811_018	g0871	0	0.016726
ENSE00001312811_019	g0871	0	0.020440
ENSE00001312811_022	g0871	0	0.023798
ENSE00001312811_024	g0871	0	0.014829
ENSE00001312811_025	g0871	0	0.089237
ENSE00001312811_027	g0871	0	0.019593
ENSE00001312811_028	g0871	0	0.018305
ENSE00001312811_031	g0871	0	0.006676
ENSE00001312811_034	g0871	0	0.003081
ENSE00001312811_035	g0871	0	0.003264
ENSE00001312811_036	g0871	0	0.002932
ENSE00001313355_002	g0643	0	0.004862
ENSE00001313355_003	g0643	0	0.003869
ENSE00001313355_005	g0643	0	0.004202
ENSE00001313355_006	g0643	0	0.003988
ENSE00001313355_008	g0643	0	0.009708
ENSE00001313355_009	g0643	0	0.021135
ENSE00001313355_011	g0643	0	0.030011
ENSE00001313355_012	g0643	0	0.044940
ENSE00001313355_013	g0643	0	0.036147
ENSE00001313355_014	g0643	0	0.045262
ENSE00001313355_015	g0643	0	0.057421
ENSE00001313355_016	g0643	0	0.053813
ENSE00001313355_017	g0643	0	0.025495
ENSE00001313355_018	g0643	0	0.013079
ENSE00001313355_020	g0643	0	0.015955
ENSE00001313355_021	g0643	0	0.015976
ENSE00001313355_022	g0643	0	0.008060
ENSE00001313355_023	g0643	0	0.006720
ENSE00001315144_005	g0827	0	0.016936
ENSE00001315144_007	g0827	0	0.018481
ENSE00001315144_013	g0827	0	0.037850
ENSE00001315144_018	g0827	0	0.025421
ENSE00001315144_019	g0827	0	0.006029
ENSE00001316750_001	g0878	0	0.004224
ENSE00001316750_002	g0878	0	0.003567
ENSE00001316750_003	g0878	0	0.005156
ENSE00001316750_004	g0878	0	0.003626
ENSE00001316750_005	g0878	0	0.004128
ENSE00001316750_007	g0878	0	0.004234
ENSE00001316750_008	g0878	1	0.639118
ENSE00001316750_009	g0878	0	0.030030
ENSE00001316750_010	g0878	0	0.020635
ENSE00001316750_011	g0878	0	0.016229
ENSE00001316750_012	g0878	0	0.023113
ENSE00001316750_013	g0878	0	0.040450
ENSE00001316750_014	g0878	0	0.032411
ENSE00001316750_015	g0878	0	0.022415
ENSE00001316750_016	g0878	0	0.038665
ENSE00001316750_017	g0878	0	0.038963
ENSE00001316750_018	g0878	0	0.031309
ENSE00001316750_019	g0878	0	0.063490
ENSE00001316750_022	g0878	1	0.019356
ENSE00001316750_023	g0878	0	0.027841
ENSE00001316750_026	g0878	0	0.020364
ENSE00001316750_027	g0878	0	0.011973
ENSE00001318694_003	g0883	0	0.004217
ENSE00001318694_005	g0883	0	0.028993
ENSE00001318694_008	g0883	0	0.020951
ENSE00001318694_009	g0883	0	0.020544
ENSE00001318694_013	g0883	0	0.072696
ENSE00001318694_014	g0883	0	0.022805
ENSE00001318694_016	g0883	1	0.039537
ENSE00001318694_017	g0883	0	0.030334
ENSE00001318694_020	g0883	0	0.016290
ENSE00001318694_021	g0883	0	0.011451
ENSE00001318870_002	g0732	0	0.006798
ENSE00001318870_003	g0732	0	0.003808
ENSE00001318870_004	g0732	0	0.443200
ENSE00001318870_005	g0732	0	0.080760
ENSE00001318870_008	g0732	0	0.017251
ENSE00001318870_010	g0732	0	0.016495
ENSE00001318870_011	g0732	0	0.034779
ENSE00001318870_012	g0732	0	0.017780
ENSE00001318870_013	g0732	0	0.044493
ENSE00001318870_014	g0732	0	0.015941
ENSE00001318870_015	g0732	0	0.013863
ENSE00001318870_016	g0732	0	0.013515
ENSE00001318870_017	g0732	0	0.010571
ENSE00001318870_018	g0732	0	0.016392
ENSE00001318870_020	g0732	0	0.015823
ENSE00001318870_021	g0732	0	0.015201
ENSE00001318870_022	g0732	0	0.048263
ENSE00001318870_023	g0732	0	0.026868
ENSE00001318870_024	g0732	0	0.032463
ENSE00001318870_025	g0732	0	0.061419
ENSE00001318870_026	g0732	0	0.024282
ENSE00001318870_027	g0732	0	0.011877
ENSE00001320319_001	g0887	0	0.007889
ENSE00001320319_003	g0887	0	0.004368
ENSE00001320319_004	g0887	0	0.006755
ENSE00001320319_006	g0887	0	0.007278
ENSE00001320319_008	g0887	0	0.004269
ENSE00001320319_010	g0887	0	0.004856
ENSE00001320319_011	g0887	0	0.007486
ENSE00001320319_012	g0887	0	0.004283
ENSE00001320319_013	g0887	0	0.004149
ENSE00001320319_014	g0887	0	0.022740
ENSE00001320319_015	g0887	0	0.301466
ENSE00001320319_016	g0887	0	0.057708
ENSE00001320319_017	g0887	0	0.031529
ENSE00001320319_018	g0887	0	0.057449
ENSE00001320319_020	g0887	0	0.061740
ENSE00001320319_021	g0887	0	0.058803
ENSE00001320319_022	g0887	0	0.040439
ENSE00001320319_023	g0887	0	0.137353
ENSE00001320319_024	g0887	0	0.079954
ENSE00001320319_025	g0887	0	0.062742
ENSE00001320319_026	g0887	0	0.070325
ENSE00001320319_027	g0887	0	0.113984
ENSE00001320319_028	g0887	0	0.125445
ENSE00001320319_029	g0887	0	0.049691
ENSE00001320319_030	g0887	0	0.037544
ENSE00001320319_031	g0887	0	0.047974
ENSE00001320319_032	g0887	0	0.044161
ENSE00001320319_033	g0887	0	0.047891
ENSE00001320319_034	g0887	0	0.052007
ENSE00001320319_035	g0887	0	0.037294
ENSE00001320319_036	g0887	0	0.038086
ENSE00001320319_037	g0887	0	0.037293
ENSE00001320319_038	g0887	0	0.023914
ENSE00001320319_039	g0887	0	0.011430
ENSE00001320319_040	g0887	0	0.009248
ENSE00001320319_041	g0887	0	0.010465
ENSE00001320319_042	g0887	0	0.008421
ENSE00001320368_001	g0831	0	0.004382
ENSE00001320368_002	g0831	0	0.004442
ENSE00001320368_005	g0831	0	0.003308
ENSE00001320368_006	g0831	0	0.003957
ENSE00001320368_009	g0831	0	0.018983
ENSE00001320368_011	g0831	0	0.020443
ENSE00001320368_012	g0831	0	0.034381
ENSE00001320368_013	g0831	0	0.032295
ENSE00001320368_014	g0831	0	0.028274
ENSE00001320368_016	g0831	0	0.024721
ENSE00001320368_017	g0831	0	0.041695
ENSE00001320368_018	g0831	0	0.023368
ENSE00001320368_020	g0831	0	0.020669
ENSE00001320368_021	g0831	0	0.031520
ENSE00001320368_022	g0831	0	0.021676
ENSE00001320368_025	g0831	0	0.045546
ENSE00001320368_026	g0831	0	0.032891
ENSE00001320368_027	g0831	0	0.020765
ENSE00001320368_028	g0831	0	0.023980
ENSE00001320368_030	g0831	0	0.026091
ENSE00001320368_031	g0831	0	0.026086
ENSE00001320368_032	g0831	0	0.023012
ENSE00001320368_034	g0831	0	0.029674
ENSE00001320368_035	g0831	0	0.019662
ENSE00001320368_036	g0831	0	0.042305
ENSE00001320368_037	g0831	1	0.680790
ENSE00001320368_043	g0831	0	0.005483
ENSE00001321140_001	g0890	0	0.005434
ENSE00001321140_002	g0890	0	0.006977
ENSE00001321140_003	g0890	0	0.007010
ENSE00001321140_004	g0890	0	0.006381
ENSE00001321140_005	g0890	0	0.005736
ENSE00001321140_006	g0890	0	0.006815
ENSE00001321140_010	g0890	0	0.022445
ENSE00001321140_012	g0890	0	0.021830
ENSE00001321140_014	g0890	0	0.023542
ENSE00001321140_016	g0890	1	0.021201
ENSE00001321140_017	g0890	0	0.019857
ENSE00001321140_018	g0890	0	0.035958
ENSE00001321140_019	g0890	0	0.055345
ENSE00001321140_020	g0890	0	0.029425
ENSE00001321140_022	g0890	0	0.024233
ENSE00001321140_023	g0890	0	0.030652
ENSE00001321140_024	g0890	0	0.011968
ENSE00001321140_025	g0890	0	0.006416
ENSE00001321140_026	g0890	0	0.005960
ENSE00001321140_028	g0890	0	0.004884
ENSE00001321140_029	g0890	0	0.004442
ENSE00001321266_001	g0891	0	0.003598
ENSE00001321266_003	g0891	0	0.003882
ENSE00001321266_005	g0891	0	0.019550
ENSE00001321266_006	g0891	0	0.016991
ENSE00001321266_007	g0891	0	0.020325
ENSE00001321266_008	g0891	0	0.050368
ENSE00001321266_009	g0891	0	0.022933
ENSE00001321266_011	g0891	0	0.061812
ENSE00001321266_012	g0891	0	0.019833
ENSE00001321266_017	g0891	1	0.018081
ENSE00001321266_019	g0891	0	0.016902
ENSE00001321266_020	g0891	0	0.014648
ENSE00001321266_021	g0891	0	0.017421
ENSE00001321266_022	g0891	0	0.017153
ENSE00001321266_023	g0891	0	0.016185
ENSE00001321266_024	g0891	0	0.020132
ENSE00001321266_025	g0891	0	0.014966
ENSE00001321266_027	g0891	0	0.025319
ENSE00001321266_028	g0891	0	0.021273
ENSE00001321266_029	g0891	1	0.054322
ENSE00001321266_031	g0891	0	0.073684
ENSE00001323708_001	g0843	0	0.012155
ENSE00001323708_002	g0843	0	0.009610
ENSE00001323708_005	g0843	0	0.009834
ENSE00001323708_006	g0843	0	0.016063
ENSE00001323708_007	g0843	0	0.018335
ENSE00001323708_009	g0843	0	0.013694
ENSE00001323708_010	g0843	0	0.013752
ENSE00001323708_011	g0843	0	0.013603
ENSE00001323708_012	g0843	0	0.017876
ENSE00001323708_013	g0843	0	0.026350
ENSE00001323708_015	g0843	0	0.026683
ENSE00001323708_017	g0843	0	0.026127
ENSE00001323708_018	g0843	0	0.016433
ENSE00001323708_019	g0843	0	0.014970
ENSE00001323708_021	g0843	0	0.032007
ENSE00001324758_001	g0893	0	0.002801
ENSE00001324758_002	g0893	0	0.002801
ENSE00001324758_003	g0893	0	0.024171
ENSE00001324758_004	g0893	0	0.024078
ENSE00001324758_005	g0893	0	0.029270
ENSE00001324758_006	g0893	0	0.028772
ENSE00001324758_007	g0893	0	0.020887
ENSE00001324758_008	g0893	0	0.024310
ENSE00001324758_009	g0893	0	0.018256
ENSE00001324758_010	g0893	0	0.025115
ENSE00001324758_011	g0893	0	0.019098
ENSE00001324758_012	g0893	0	0.016403
ENSE00001324758_013	g0893	0	0.016816
ENSE00001324758_014	g0893	0	0.012956
ENSE00001324758_016	g0893	0	0.014606
ENSE00001324758_017	g0893	0	0.012221
ENSE00001324758_019	g0893	0	0.018103
ENSE00001324758_020	g0893	0	0.018442
ENSE00001324758_021	g0893	0	0.043246
ENSE00001324758_022	g0893	0	0.149092
ENSE00001324758_023	g0893	0	0.054459
ENSE00001324758_024	g0893	0	0.014655
ENSE00001324758_025	g0893	0	0.052509
ENSE00001324758_026	g0893	0	0.041597
ENSE00001324758_027	g0893	0	0.020957
ENSE00001324758_028	g0893	0	0.049573
ENSE00001324758_029	g0893	0	0.017910
ENSE00001324758_030	g0893	0	0.020078
ENSE00001324758_031	g0893	0	0.031515
ENSE00001325185_003	g0792	0	0.059162
ENSE00001325185_006	g0792	0	0.018100
ENSE00001325185_007	g0792	1	0.026486
ENSE00001325185_008	g0792	1	0.035829
ENSE00001325185_010	g0792	0	0.020736
ENSE00001325185_012	g0792	1	0.015420
ENSE00001325185_014	g0792	0	0.034050
ENSE00001329207_011	g0732	0	0.040734
ENSE00001329207_012	g0732	0	0.015155
ENSE00001329207_017	g0732	0	0.030629
ENSE00001329207_018	g0732	0	0.022580
ENSE00001329207_019	g0732	0	0.042734
ENSE00001329207_020	g0732	1	0.492071
ENSE00001330786_001	g0732	0	0.009789
ENSE00001330786_002	g0732	0	0.003798
ENSE00001330786_003	g0732	0	0.003669
ENSE00001330786_004	g0732	0	0.003545
ENSE00001330786_007	g0732	0	0.003608
ENSE00001330786_008	g0732	0	0.009749
ENSE00001330786_009	g0732	0	0.475608
ENSE00001330786_010	g0732	1	0.512486
ENSE00001330786_012	g0732	0	0.025164
ENSE00001330786_013	g0732	0	0.021875
ENSE00001330786_015	g0732	0	0.043916
ENSE00001330786_016	g0732	0	0.040495
ENSE00001330786_017	g0732	0	0.035409
ENSE00001330786_019	g0732	0	0.044782
ENSE00001330786_022	g0732	0	0.067173
ENSE00001330786_023	g0732	0	0.034687
ENSE00001330786_024	g0732	0	0.008238
ENSE00001330786_025	g0732	0	0.008093
ENSE00001330786_026	g0732	0	0.012410
ENSE00001330786_027	g0732	0	0.006307
ENSE00001331806_001	g0453	0	0.007766
ENSE00001331806_002	g0453	0	0.005063
ENSE00001331806_003	g0453	0	0.015080
ENSE00001331806_004	g0453	0	0.010503
ENSE00001331806_005	g0453	1	0.009088
ENSE00001331806_006	g0453	0	0.009643
ENSE00001331806_008	g0453	0	0.016045
ENSE00001331806_009	g0453	0	0.018330
ENSE00001331806_010	g0453	0	0.022432
ENSE00001331806_011	g0453	0	0.021029
ENSE00001331806_012	g0453	0	0.015825
ENSE00001331806_015	g0453	0	0.016961
ENSE00001331806_016	g0453	0	0.028607
ENSE00001331806_017	g0453	0	0.024521
ENSE00001331806_018	g0453	0	0.015395
ENSE00001331806_019	g0453	0	0.014087
ENSE00001331806_020	g0453	0	0.020589
ENSE00001331806_021	g0453	0	0.007659
ENSE00001331806_023	g0453	0	0.002882
ENSE00001331820_001	g0453	0	0.006262
ENSE00001331820_002	g0453	0	0.008379
ENSE00001331820_003	g0453	0	0.010422
ENSE00001331820_005	g0453	0	0.009510
ENSE00001331820_008	g0453	0	0.015596
ENSE00001331820_011	g0453	0	0.022047
ENSE00001331820_012	g0453	0	0.012617
ENSE00001331820_020	g0453	0	0.018504
ENSE00001331820_022	g0453	0	0.009681
ENSE00001331820_023	g0453	0	0.011778
ENSE00001332335_002	g0900	0	0.005296
ENSE00001332335_003	g0900	0	0.003402
ENSE00001332335_004	g0900	0	0.004447
ENSE00001332335_005	g0900	0	0.004976
ENSE00001332335_006	g0900	0	0.004032
ENSE00001332335_013	g0900	0	0.022896
ENSE00001332369_009	g0780	0	0.045340
ENSE00001332369_010	g0780	0	0.049789
ENSE00001332369_024	g0780	0	0.022277
ENSE00001332369_041	g0780	0	0.004217
ENSE00001335484_002	g0591	0	0.009397
ENSE00001335484_009	g0591	0	0.056066
ENSE00001335484_012	g0591	0	0.022741
ENSE00001335484_014	g0591	0	0.019143
ENSE00001335484_016	g0591	0	0.008481
ENSE00001335484_017	g0591	0	0.003500
ENSE00001335500_001	g0591	0	0.012335
ENSE00001335500_002	g0591	0	0.009166
ENSE00001335500_003	g0591	0	0.008408
ENSE00001335500_004	g0591	0	0.012893
ENSE00001335500_005	g0591	0	0.011988
ENSE00001335500_006	g0591	0	0.011850
ENSE00001335500_007	g0591	0	0.013308
ENSE00001335500_008	g0591	0	0.017563
ENSE00001335500_009	g0591	0	0.020248
ENSE00001335500_011	g0591	0	0.050468
ENSE00001335500_012	g0591	0	0.029796
ENSE00001335500_013	g0591	0	0.022497
ENSE00001335500_014	g0591	0	0.027342
ENSE00001335500_015	g0591	0	0.045457
ENSE00001335500_016	g0591	0	0.553216
ENSE00001335500_017	g0591	0	0.084872
ENSE00001335500_018	g0591	0	0.040385
ENSE00001335500_020	g0591	0	0.005125
ENSE00001335500_021	g0591	0	0.004584
ENSE00001335500_022	g0591	0	0.004543
ENSE00001335500_023	g0591	0	0.002730
ENSE00001337610_002	g0732	0	0.011439
ENSE00001337610_003	g0732	0	0.004091
ENSE00001337610_004	g0732	0	0.004068
ENSE00001337610_005	g0732	0	0.008694
ENSE00001337610_006	g0732	0	0.135124
ENSE00001337610_007	g0732	0	0.092893
ENSE00001337610_008	g0732	0	0.021808
ENSE00001337610_010	g0732	0	0.033445
ENSE00001337610_011	g0732	0	0.029262
ENSE00001337610_012	g0732	0	0.068955
ENSE00001337610_013	g0732	0	0.019003
ENSE00001337610_014	g0732	0	0.021054
ENSE00001337610_015	g0732	0	0.024882
ENSE00001337610_016	g0732	0	0.017980
ENSE00001337610_017	g0732	0	0.021799
ENSE00001337610_019	g0732	0	0.018419
ENSE00001337610_020	g0732	0	0.034072
ENSE00001337610_021	g0732	0	0.091803
ENSE00001337610_022	g0732	0	0.089706
ENSE00001337610_023	g0732	0	0.118893
ENSE00001337610_024	g0732	1	0.274094
ENSE00001337610_026	g0732	0	0.071355
ENSE00001337610_027	g0732	0	0.028187
ENSE00001337610_028	g0732	0	0.044738
ENSE00001337610_029	g0732	0	0.017171
ENSE00001337610_031	g0732	0	0.008203
ENSE00001337610_032	g0732	0	0.008028
ENSE00001344179_001	g0906	0	0.009264
ENSE00001344179_002	g0906	0	0.016060
ENSE00001344179_003	g0906	0	0.012253
ENSE00001344179_004	g0906	0	0.021884
ENSE00001344179_005	g0906	0	0.028094
ENSE00001344179_006	g0906	0	0.047635
ENSE00001344179_007	g0906	0	0.017243
ENSE00001344179_008	g0906	0	0.018146
ENSE00001344179_010	g0906	0	0.020504
ENSE00001344179_011	g0906	0	0.025864
ENSE00001344179_012	g0906	0	0.041038
ENSE00001344179_014	g0906	0	0.024041
ENSE00001344179_015	g0906	0	0.020148
ENSE00001344179_016	g0906	0	0.117942
ENSE00001344179_017	g0906	0	0.003473
ENSE00001351159_003	g0799	0	0.003415
ENSE00001351159_006	g0799	0	0.017932
ENSE00001351159_012	g0799	0	0.026758
ENSE00001351159_013	g0799	0	0.008575
ENSE00001353824_001	g0909	0	0.004670
ENSE00001353824_002	g0909	0	0.006042
ENSE00001353824_004	g0909	0	0.006156
ENSE00001353824_005	g0909	0	0.015664
ENSE00001353824_006	g0909	0	0.019395
ENSE00001353824_007	g0909	0	0.039999
ENSE00001353824_009	g0909	0	0.109754
ENSE00001353824_010	g0909	1	0.230002
ENSE00001353824_011	g0909	0	0.040847
ENSE00001353824_012	g0909	0	0.018424
ENSE00001353824_013	g0909	0	0.015909
ENSE00001353824_014	g0909	0	0.016154
ENSE00001353824_015	g0909	0	0.013823
ENSE00001353824_017	g0909	0	0.075412
ENSE00001353824_018	g0909	0	0.015493
ENSE00001353824_019	g0909	0	0.015959
ENSE00001353824_021	g0909	0	0.015595
ENSE00001353824_022	g0909	0	0.016001
ENSE00001353824_024	g0909	0	0.004492
ENSE00001353824_025	g0909	0	0.005004
ENSE00001353824_026	g0909	0	0.003424
ENSE00001353824_027	g0909	0	0.003936
ENSE00001353824_028	g0909	0	0.003521
ENSE00001353842_002	g0909	0	0.008321
ENSE00001353842_008	g0909	0	0.030575
ENSE00001353842_010	g0909	0	0.014167
ENSE00001353842_011	g0909	0	0.022823
ENSE00001353842_013	g0909	0	0.032279
ENSE00001353842_014	g0909	0	0.017849
ENSE00001353842_015	g0909	0	0.396678
ENSE00001353842_017	g0909	0	0.208377
ENSE00001353842_019	g0909	0	0.015221
ENSE00001353842_021	g0909	0	0.005817
ENSE00001353842_023	g0909	0	0.006131
ENSE00001353842_026	g0909	0	0.004770
ENSE00001353842_027	g0909	0	0.003454
ENSE00001353842_029	g0909	0	0.004180
ENSE00001360006_001	g0910	0	0.004589
ENSE00001360006_002	g0910	0	0.003584
ENSE00001360006_004	g0910	0	0.006309
ENSE00001360006_005	g0910	0	0.041049
ENSE00001360006_009	g0910	0	0.015207
ENSE00001360006_013	g0910	0	0.028329
ENSE00001360006_014	g0910	0	0.025721
ENSE00001360006_015	g0910	0	0.023605
ENSE00001360006_016	g0910	0	0.030396
ENSE00001360006_018	g0910	0	0.052379
ENSE00001360006_019	g0910	0	0.045718
ENSE00001360006_021	g0910	0	0.032877
ENSE00001360006_023	g0910	0	0.087154
ENSE00001360006_024	g0910	0	0.025721
ENSE00001365809_001	g0912	0	0.002991
ENSE00001365809_002	g0912	0	0.003527
ENSE00001365809_003	g0912	0	0.004001
ENSE00001365809_004	g0912	0	0.015090
ENSE00001365809_005	g0912	0	0.016717
ENSE00001365809_006	g0912	0	0.024775
ENSE00001365809_007	g0912	0	0.018936
ENSE00001365809_008	g0912	0	0.111906
ENSE00001365809_009	g0912	0	0.039215
ENSE00001371908_002	g0917	0	0.009811
ENSE00001371908_006	g0917	0	0.055988
ENSE00001371908_007	g0917	0	0.020341
ENSE00001371908_013	g0917	0	0.031581
ENSE00001371908_014	g0917	0	0.020021
ENSE00001371908_017	g0917	0	0.019663
ENSE00001371908_018	g0917	0	0.034183
ENSE00001371908_019	g0917	0	0.019122
ENSE00001371908_022	g0917	0	0.015436
ENSE00001371908_029	g0917	0	0.006315
ENSE00001371908_032	g0917	0	0.004734
ENSE00001379288_008	g0732	0	0.007120
ENSE00001379288_009	g0732	1	0.014853
ENSE00001379288_022	g0732	0	0.015411
ENSE00001379288_027	g0732	0	0.005272
ENSE00001379288_028	g0732	0	0.008942
ENSE00001383504_001	g0732	0	0.003032
ENSE00001383504_002	g0732	0	0.004103
ENSE00001383504_003	g0732	0	0.003180
ENSE00001383504_004	g0732	0	0.004141
ENSE00001383504_005	g0732	0	0.008267
ENSE00001383504_006	g0732	0	0.004815
ENSE00001383504_009	g0732	0	0.025689
ENSE00001383504_010	g0732	0	0.017925
ENSE00001383504_011	g0732	0	0.036995
ENSE00001383504_012	g0732	0	0.051823
ENSE00001383504_013	g0732	0	0.025801
ENSE00001383504_014	g0732	0	0.021639
ENSE00001383504_015	g0732	0	0.029075
ENSE00001383504_016	g0732	0	0.118228
ENSE00001383504_020	g0732	0	0.017455
ENSE00001383504_021	g0732	0	0.164990
ENSE00001383504_022	g0732	0	0.009160
ENSE00001383504_023	g0732	0	0.006746
ENSE00001388950_001	g0928	0	0.006459
ENSE00001388950_013	g0928	0	0.023240
ENSE00001388950_015	g0928	0	0.020071
ENSE00001388950_017	g0928	1	0.043213
ENSE00001388950_021	g0928	0	0.031874
ENSE00001388950_022	g0928	1	0.024257
ENSE00001388950_026	g0928	0	0.004349
ENSE00001388950_027	g0928	0	0.002928
ENSE00001390125_002	g0931	0	0.014577
ENSE00001390125_004	g0931	0	0.009725
ENSE00001390125_005	g0931	0	0.106959
ENSE00001390125_007	g0931	0	0.043142
ENSE00001390125_009	g0931	0	0.084453
ENSE00001390125_010	g0931	0	0.080023
ENSE00001390125_011	g0931	0	0.021320
ENSE00001390125_014	g0931	0	0.017180
ENSE00001390125_016	g0931	0	0.004495
ENSE00001390125_017	g0931	0	0.004483
ENSE00001390125_018	g0931	0	0.004743
ENSE00001390125_019	g0931	0	0.004071
ENSE00001390125_021	g0931	0	0.005040
ENSE00001390125_022	g0931	0	0.008320
ENSE00001400608_001	g0932	0	0.025444
ENSE00001400608_002	g0932	0	0.006018
ENSE00001400608_003	g0932	0	0.010367
ENSE00001400608_004	g0932	0	0.008525
ENSE00001400608_005	g0932	0	0.011957
ENSE00001400608_007	g0932	0	0.013145
ENSE00001400608_008	g0932	0	0.012397
ENSE00001400608_009	g0932	0	0.049258
ENSE00001400608_010	g0932	0	0.034191
ENSE00001400608_011	g0932	0	0.014028
ENSE00001400608_013	g0932	0	0.063482
ENSE00001400608_014	g0932	0	0.030271
ENSE00001400608_015	g0932	0	0.020313
ENSE00001400608_016	g0932	0	0.021261
ENSE00001400608_017	g0932	0	0.012518
ENSE00001400608_018	g0932	0	0.011603
ENSE00001401102_002	g0732	0	0.009917
ENSE00001401102_003	g0732	0	0.004304
ENSE00001401102_005	g0732	0	0.004848
ENSE00001401102_006	g0732	0	0.010530
ENSE00001401102_007	g0732	0	0.004943
ENSE00001401102_008	g0732	0	0.004943
ENSE00001401102_009	g0732	0	0.010180
ENSE00001401102_010	g0732	0	0.004115
ENSE00001401102_011	g0732	0	0.005480
ENSE00001401102_012	g0732	0	0.007069
ENSE00001401102_013	g0732	0	0.343992
ENSE00001401102_015	g0732	0	0.424100
ENSE00001401102_016	g0732	0	0.031583
ENSE00001401102_017	g0732	0	0.022628
ENSE00001401102_018	g0732	0	0.036624
ENSE00001401102_019	g0732	0	0.044334
ENSE00001401102_020	g0732	0	0.030139
ENSE00001401102_021	g0732	1	0.667648
ENSE00001401102_022	g0732	0	0.050766
ENSE00001401102_023	g0732	0	0.040096
ENSE00001401102_024	g0732	0	0.102217
ENSE00001401102_025	g0732	0	0.048973
ENSE00001401102_026	g0732	0	0.015326
ENSE00001401102_027	g0732	0	0.014436
ENSE00001401102_028	g0732	0	0.012566
ENSE00001401102_029	g0732	0	0.018992
ENSE00001401102_030	g0732	0	0.011229
ENSE00001404121_009	g0934	0	0.026575
ENSE00001404121_016	g0934	0	0.020452
ENSE00001404121_020	g0934	0	0.022031
ENSE00001404121_023	g0934	0	0.005014
ENSE00001404121_028	g0934	0	0.005473
ENSE00001405059_002	g0683	0	0.005714
ENSE00001405059_007	g0683	0	0.031639
ENSE00001405059_008	g0683	1	0.067173
ENSE00001405059_009	g0683	1	0.035779
ENSE00001405059_010	g0683	0	0.069917
ENSE00001405059_012	g0683	1	0.049080
ENSE00001405059_014	g0683	1	0.021699
ENSE00001405059_015	g0683	0	0.039218
ENSE00001405059_016	g0683	1	0.025833
ENSE00001405059_017	g0683	1	0.039901
ENSE00001405059_020	g0683	0	0.029195
ENSE00001405059_023	g0683	0	0.004509
ENSE00001405059_026	g0683	0	0.004938
ENSE00001408097_002	g0453	0	0.006704
ENSE00001408097_003	g0453	0	0.016318
ENSE00001408097_005	g0453	0	0.036060
ENSE00001408097_006	g0453	0	0.024364
ENSE00001408097_007	g0453	0	0.019235
ENSE00001408097_008	g0453	0	0.046964
ENSE00001408097_009	g0453	0	0.021968
ENSE00001408097_010	g0453	0	0.014183
ENSE00001408097_011	g0453	0	0.018734
ENSE00001408097_012	g0453	0	0.035710
ENSE00001408097_013	g0453	0	0.023589
ENSE00001408097_014	g0453	0	0.021720
ENSE00001408097_015	g0453	0	0.019102
ENSE00001408097_016	g0453	0	0.024155
ENSE00001408097_017	g0453	0	0.020453
ENSE00001408097_019	g0453	0	0.013404
ENSE00001408097_021	g0453	0	0.021842
ENSE00001408097_022	g0453	0	0.017498
ENSE00001408097_024	g0453	0	0.023033
ENSE00001408097_025	g0453	0	0.014999
ENSE00001408097_027	g0453	0	0.021970
ENSE00001408097_028	g0453	0	0.016002
ENSE00001408097_029	g0453	0	0.029975
ENSE00001408097_030	g0453	1	0.711028
ENSE00001408097_031	g0453	0	0.008759
ENSE00001408097_032	g0453	0	0.007221
ENSE00001408097_033	g0453	0	0.011141
ENSE00001408097_034	g0453	0	0.005507
ENSE00001411238_001	g0936	0	0.015848
ENSE00001411238_002	g0936	0	0.007036
ENSE00001411238_003	g0936	0	0.006936
ENSE00001411238_004	g0936	0	0.014578
ENSE00001411238_005	g0936	0	0.012261
ENSE00001411238_006	g0936	0	0.022526
ENSE00001411238_007	g0936	1	0.019253
ENSE00001411238_009	g0936	0	0.032470
ENSE00001411238_010	g0936	0	0.026773
ENSE00001411238_012	g0936	0	0.023926
ENSE00001411238_013	g0936	0	0.027445
ENSE00001411238_014	g0936	1	0.021023
ENSE00001411238_016	g0936	0	0.049807
ENSE00001411238_018	g0936	0	0.021688
ENSE00001411238_019	g0936	1	0.033549
ENSE00001411238_020	g0936	1	0.745166
ENSE00001411238_021	g0936	1	0.545095
ENSE00001411238_022	g0936	0	0.020016
ENSE00001411238_023	g0936	0	0.005919
ENSE00001411238_024	g0936	0	0.003607
ENSE00001411238_025	g0936	0	0.003754
ENSE00001411238_027	g0936	0	0.003437
ENSE00001411238_028	g0936	0	0.005544
ENSE00001411309_001	g0591	0	0.020193
ENSE00001411309_002	g0591	0	0.013036
ENSE00001411309_003	g0591	0	0.010576
ENSE00001411309_004	g0591	0	0.022431
ENSE00001411309_005	g0591	0	0.011764
ENSE00001411309_006	g0591	0	0.028344
ENSE00001411309_008	g0591	0	0.053647
ENSE00001411309_009	g0591	0	0.056578
ENSE00001411309_011	g0591	0	0.062665
ENSE00001411309_012	g0591	0	0.039809
ENSE00001411309_013	g0591	0	0.045130
ENSE00001411309_014	g0591	0	0.044927
ENSE00001411309_015	g0591	0	0.036983
ENSE00001411309_016	g0591	0	0.029719
ENSE00001411309_017	g0591	0	0.046435
ENSE00001411309_018	g0591	0	0.009418
ENSE00001411309_019	g0591	0	0.008880
ENSE00001411309_020	g0591	0	0.004283
ENSE00001411309_021	g0591	0	0.003687
ENSE00001411309_022	g0591	0	0.004507
ENSE00001411309_023	g0591	0	0.005143
ENSE00001411309_024	g0591	0	0.005143
ENSE00001411309_025	g0591	0	0.004351
ENSE00001411309_026	g0591	0	0.003044
ENSE00001413149_002	g0937	0	0.003377
ENSE00001413149_003	g0937	0	0.003909
ENSE00001413149_004	g0937	0	0.013423
ENSE00001413149_005	g0937	0	0.018444
ENSE00001413149_013	g0937	0	0.051835
ENSE00001413149_014	g0937	0	0.037456
ENSE00001413149_016	g0937	0	0.022224
ENSE00001413149_017	g0937	0	0.014365
ENSE00001413149_018	g0937	1	0.010846
ENSE00001413149_021	g0937	0	0.005185
ENSE00001414840_001	g0732	0	0.003498
ENSE00001414840_002	g0732	0	0.003498
ENSE00001414840_003	g0732	0	0.003129
ENSE00001414840_004	g0732	0	0.003129
ENSE00001414840_005	g0732	0	0.003129
ENSE00001414840_006	g0732	0	0.003330
ENSE00001414840_007	g0732	0	0.003422
ENSE00001414840_008	g0732	0	0.004112
ENSE00001414840_009	g0732	0	0.004151
ENSE00001414840_010	g0732	0	0.011943
ENSE00001414840_011	g0732	0	0.019788
ENSE00001414840_013	g0732	0	0.031117
ENSE00001414840_014	g0732	0	0.014585
ENSE00001414840_015	g0732	0	0.027834
ENSE00001414840_016	g0732	0	0.033701
ENSE00001414840_018	g0732	0	0.032039
ENSE00001414840_020	g0732	0	0.054429
ENSE00001414840_021	g0732	0	0.032878
ENSE00001414840_022	g0732	0	0.027940
ENSE00001414840_023	g0732	0	0.046432
ENSE00001414840_024	g0732	0	0.032223
ENSE00001414840_025	g0732	0	0.037016
ENSE00001414840_026	g0732	0	0.014766
ENSE00001414840_027	g0732	0	0.008314
ENSE00001414840_028	g0732	0	0.010639
ENSE00001414840_029	g0732	0	0.006768
ENSE00001414840_030	g0732	0	0.006949
ENSE00001414840_031	g0732	0	0.006124
ENSE00001414948_001	g0732	0	0.004765
ENSE00001414948_002	g0732	0	0.003823
ENSE00001414948_005	g0732	0	0.035111
ENSE00001414948_006	g0732	0	0.037986
ENSE00001414948_008	g0732	0	0.021164
ENSE00001414948_009	g0732	0	0.016621
ENSE00001415500_001	g0453	0	0.006230
ENSE00001415500_002	g0453	0	0.011339
ENSE00001415500_003	g0453	0	0.007831
ENSE00001415500_004	g0453	0	0.014652
ENSE00001415500_005	g0453	0	0.017320
ENSE00001415500_006	g0453	0	0.037556
ENSE00001415500_007	g0453	0	0.022110
ENSE00001415500_008	g0453	0	0.036660
ENSE00001415500_009	g0453	0	0.015458
ENSE00001415500_010	g0453	0	0.014847
ENSE00001415500_013	g0453	0	0.014105
ENSE00001415500_014	g0453	0	0.067166
ENSE00001415500_016	g0453	0	0.027097
ENSE00001415500_017	g0453	0	0.045852
ENSE00001415500_018	g0453	0	0.023895
ENSE00001415500_019	g0453	0	0.050661
ENSE00001415500_021	g0453	0	0.024517
ENSE00001415500_022	g0453	0	0.013641
ENSE00001415500_023	g0453	0	0.020433
ENSE00001415500_024	g0453	0	0.009850
ENSE00001415500_025	g0453	0	0.030233
ENSE00001416835_002	g0732	0	0.003547
ENSE00001416835_003	g0732	0	0.004767
ENSE00001416835_004	g0732	0	0.005531
ENSE00001416835_005	g0732	0	0.004358
ENSE00001416835_007	g0732	0	0.023391
ENSE00001416835_008	g0732	0	0.047281
ENSE00001416835_009	g0732	0	0.022075
ENSE00001416835_010	g0732	0	0.017517
ENSE00001416835_011	g0732	0	0.022794
ENSE00001416835_012	g0732	0	0.018912
ENSE00001416835_013	g0732	0	0.030439
ENSE00001416835_014	g0732	0	0.027726
ENSE00001416835_015	g0732	0	0.025555
ENSE00001416835_017	g0732	0	0.038708
ENSE00001416835_018	g0732	0	0.034000
ENSE00001416835_019	g0732	0	0.088494
ENSE00001416835_020	g0732	0	0.240675
ENSE00001416835_022	g0732	0	0.039357
ENSE00001416835_023	g0732	0	0.043062
ENSE00001416835_024	g0732	0	0.036897
ENSE00001416835_025	g0732	0	0.014500
ENSE00001416835_026	g0732	0	0.009735
ENSE00001416835_027	g0732	0	0.012394
ENSE00001416835_028	g0732	0	0.006257
ENSE00001416945_017	g0732	0	0.049781
ENSE00001417450_003	g0940	0	0.044785
ENSE00001417450_005	g0940	0	0.052838
ENSE00001417450_006	g0940	0	0.021848
ENSE00001417450_007	g0940	0	0.021788
ENSE00001417450_008	g0940	0	0.036706
ENSE00001417450_009	g0940	0	0.041913
ENSE00001417450_010	g0940	0	0.041073
ENSE00001417450_011	g0940	0	0.035684
ENSE00001417450_012	g0940	0	0.040828
ENSE00001417450_013	g0940	0	0.040519
ENSE00001417450_014	g0940	0	0.034905
ENSE00001417450_015	g0940	0	0.021803
ENSE00001417450_017	g0940	0	0.053716
ENSE00001417450_018	g0940	0	0.025594
ENSE00001417450_019	g0940	0	0.032464
ENSE00001417450_020	g0940	0	0.015485
ENSE00001417450_021	g0940	0	0.019020
ENSE00001417450_022	g0940	0	0.006125
ENSE00001417450_023	g0940	0	0.006567
ENSE00001417450_024	g0940	0	0.002745
ENSE00001419814_010	g0683	0	0.029813
ENSE00001419814_016	g0683	0	0.003918
ENSE00001421660_001	g0591	0	0.009729
ENSE00001421660_002	g0591	0	0.008291
ENSE00001421660_003	g0591	0	0.008229
ENSE00001421660_004	g0591	0	0.007544
ENSE00001421660_006	g0591	1	0.109043
ENSE00001421660_008	g0591	0	0.054290
ENSE00001421660_010	g0591	0	0.030614
ENSE00001421660_011	g0591	0	0.045227
ENSE00001421660_012	g0591	0	0.058966
ENSE00001421660_013	g0591	0	0.035560
ENSE00001421660_014	g0591	0	0.029762
ENSE00001421660_016	g0591	1	0.023170
ENSE00001421660_017	g0591	0	0.034170
ENSE00001421660_019	g0591	0	0.028177
ENSE00001421660_020	g0591	0	0.174541
ENSE00001421660_022	g0591	0	0.050168
ENSE00001421660_023	g0591	0	0.022484
ENSE00001421660_024	g0591	0	0.016030
ENSE00001421660_025	g0591	0	0.004841
ENSE00001421660_026	g0591	0	0.005030
ENSE00001421660_027	g0591	0	0.005106
ENSE00001421660_028	g0591	0	0.004104
ENSE00001421660_029	g0591	0	0.003736
ENSE00001421810_003	g0943	0	0.012337
ENSE00001421810_006	g0943	0	0.070856
ENSE00001421810_015	g0943	0	0.032305
ENSE00001421810_019	g0943	0	0.008828
ENSE00001423601_001	g0732	0	0.003129
ENSE00001423601_002	g0732	0	0.004746
ENSE00001423601_003	g0732	0	0.004214
ENSE00001423601_005	g0732	0	0.004083
ENSE00001423601_007	g0732	0	0.004970
ENSE00001423601_009	g0732	0	0.021393
ENSE00001423601_013	g0732	0	0.019293
ENSE00001423601_014	g0732	0	0.025974
ENSE00001423601_015	g0732	0	0.033144
ENSE00001423601_018	g0732	0	0.076599
ENSE00001423601_024	g0732	0	0.011391
ENSE00001423601_025	g0732	0	0.007635
ENSE00001425011_002	g0944	0	0.014514
ENSE00001425011_005	g0944	0	0.019518
ENSE00001425011_007	g0944	0	0.021358
ENSE00001425011_010	g0944	0	0.019057
ENSE00001425011_011	g0944	0	0.021110
ENSE00001425011_013	g0944	0	0.026224
ENSE00001425011_020	g0944	0	0.025260
ENSE00001425011_021	g0944	0	0.013280
ENSE00001425011_022	g0944	0	0.007349
ENSE00001425011_023	g0944	0	0.005881
ENSE00001425801_001	g0732	0	0.003969
ENSE00001425801_002	g0732	0	0.003961
ENSE00001425801_003	g0732	0	0.006932
ENSE00001425801_004	g0732	0	0.006875
ENSE00001425801_005	g0732	0	0.019155
ENSE00001425801_006	g0732	1	0.409240
ENSE00001425801_007	g0732	0	0.021636
ENSE00001425801_008	g0732	0	0.030181
ENSE00001425801_009	g0732	0	0.037317
ENSE00001425801_011	g0732	0	0.051572
ENSE00001425801_013	g0732	0	0.027386
ENSE00001425801_014	g0732	0	0.088191
ENSE00001425801_015	g0732	0	0.024044
ENSE00001425801_016	g0732	0	0.029659
ENSE00001425801_017	g0732	0	0.044441
ENSE00001425801_018	g0732	1	0.047410
ENSE00001425801_020	g0732	0	0.045337
ENSE00001425801_021	g0732	0	0.036999
ENSE00001425801_022	g0732	1	0.047678
ENSE00001425801_023	g0732	0	0.012886
ENSE00001425801_024	g0732	0	0.011888
ENSE00001425801_025	g0732	0	0.007264
ENSE00001428689_003	g0732	0	0.004680
ENSE00001428689_004	g0732	0	0.004518
ENSE00001428689_005	g0732	0	0.004527
ENSE00001428689_008	g0732	0	0.006717
ENSE00001428689_009	g0732	0	0.007514
ENSE00001428689_010	g0732	0	0.054264
ENSE00001428689_012	g0732	1	0.718114
ENSE00001428689_013	g0732	0	0.039197
ENSE00001428689_014	g0732	0	0.041735
ENSE00001428689_015	g0732	0	0.057775
ENSE00001428689_016	g0732	0	0.127440
ENSE00001428689_017	g0732	0	0.063774
ENSE00001428689_019	g0732	0	0.073725
ENSE00001428689_020	g0732	0	0.058189
ENSE00001433814_008	g0732	0	0.004061
ENSE00001433814_014	g0732	0	0.046483
ENSE00001433814_019	g0732	0	0.044982
ENSE00001433814_021	g0732	0	0.031459
ENSE00001433814_022	g0732	0	0.060274
ENSE00001434905_001	g0946	1	0.019408
ENSE00001434905_002	g0946	0	0.010054
ENSE00001434905_003	g0946	1	0.025016
ENSE00001434905_004	g0946	0	0.029509
ENSE00001434905_005	g0946	0	0.057628
ENSE00001434905_006	g0946	0	0.092252
ENSE00001434905_007	g0946	0	0.031112
ENSE00001434905_008	g0946	0	0.032230
ENSE00001434905_009	g0946	0	0.019380
ENSE00001434905_010	g0946	0	0.012980
ENSE00001434905_011	g0946	0	0.013436
ENSE00001434905_012	g0946	0	0.069975
ENSE00001434905_013	g0946	1	0.803696
ENSE00001434905_014	g0946	0	0.023910
ENSE00001434905_015	g0946	0	0.008178
ENSE00001435474_001	g0947	0	0.007263
ENSE00001435474_003	g0947	0	0.013622
ENSE00001435474_007	g0947	0	0.013129
ENSE00001435474_009	g0947	1	0.048675
ENSE00001435474_012	g0947	0	0.026851
ENSE00001435474_013	g0947	0	0.029510
ENSE00001435474_014	g0947	0	0.015071
ENSE00001435474_017	g0947	0	0.017332
ENSE00001435474_023	g0947	0	0.009547
ENSE00001435474_024	g0947	0	0.006243
ENSE00001435474_025	g0947	0	0.003688
ENSE00001436426_001	g0946	0	0.007321
ENSE00001436426_002	g0946	0	0.015095
ENSE00001436426_003	g0946	0	0.023109
ENSE00001436426_004	g0946	0	0.026981
ENSE00001436426_005	g0946	0	0.028820
ENSE00001436426_006	g0946	0	0.017980
ENSE00001436426_007	g0946	0	0.020041
ENSE00001436426_008	g0946	0	0.011468
ENSE00001436426_010	g0946	0	0.016990
ENSE00001436426_012	g0946	0	0.408246
ENSE00001436426_013	g0946	0	0.685347
ENSE00001436426_015	g0946	0	0.008864
ENSE00001436426_016	g0946	0	0.003119
ENSE00001461269_001	g0949	0	0.021991
ENSE00001461269_002	g0949	0	0.011152
ENSE00001461269_004	g0949	0	0.029665
ENSE00001461269_005	g0949	0	0.014584
ENSE00001461269_006	g0949	0	0.042899
ENSE00001461269_007	g0949	0	0.066044
ENSE00001461269_008	g0949	0	0.021412
ENSE00001461269_009	g0949	0	0.048818
ENSE00001461269_010	g0949	0	0.022778
ENSE00001461269_011	g0949	0	0.037729
ENSE00001461269_013	g0949	0	0.017509
ENSE00001461269_015	g0949	0	0.024721
ENSE00001461269_016	g0949	0	0.017271
ENSE00001461269_017	g0949	0	0.006398
ENSE00001461269_018	g0949	0	0.005786
ENSE00001461269_019	g0949	0	0.005115
ENSE00001461269_020	g0949	0	0.005115
ENSE00001461269_021	g0949	0	0.004111
ENSE00001461269_022	g0949	0	0.004866
ENSE00001461269_023	g0949	0	0.002801
ENSE00001461269_024	g0949	0	0.002801
ENSE00001461281_001	g0949	0	0.005195
ENSE00001461281_002	g0949	0	0.007258
ENSE00001461281_003	g0949	0	0.006846
ENSE00001461281_004	g0949	0	0.009389
ENSE00001461281_005	g0949	0	0.007650
ENSE00001461281_006	g0949	0	0.007338
ENSE00001461281_007	g0949	0	0.008513
ENSE00001461281_008	g0949	0	0.015459
ENSE00001461281_010	g0949	0	0.027547
ENSE00001461281_013	g0949	0	0.056372
ENSE00001461281_014	g0949	0	0.038639
ENSE00001461281_015	g0949	0	0.469029
ENSE00001461281_022	g0949	0	0.019796
ENSE00001461281_023	g0949	0	0.028862
ENSE00001461281_025	g0949	0	0.004398
ENSE00001461281_026	g0949	0	0.003720
ENSE00001461281_027	g0949	0	0.003465
ENSE00001461313_001	g0950	0	0.004397
ENSE00001461313_002	g0950	0	0.003543
ENSE00001461313_003	g0950	0	0.004880
ENSE00001461313_007	g0950	0	0.042644
ENSE00001461313_010	g0950	0	0.052210
ENSE00001461313_011	g0950	0	0.198883
ENSE00001461313_013	g0950	0	0.104643
ENSE00001461313_016	g0950	0	0.012565
ENSE00001461314_002	g0950	0	0.011018
ENSE00001461314_003	g0950	0	0.004900
ENSE00001461314_004	g0950	0	0.030469
ENSE00001461314_010	g0950	1	0.143607
ENSE00001461314_011	g0950	1	0.054451
ENSE00001461314_016	g0950	1	0.031888
ENSE00001461314_017	g0950	0	0.008603
ENSE00001461316_001	g0950	0	0.005281
ENSE00001461316_003	g0950	0	0.003825
ENSE00001461316_006	g0950	0	0.003617
ENSE00001461316_007	g0950	0	0.004922
ENSE00001461316_008	g0950	0	0.257760
ENSE00001461316_010	g0950	1	0.034104
ENSE00001461316_012	g0950	0	0.084122
ENSE00001461316_013	g0950	1	0.041095
ENSE00001461316_015	g0950	0	0.127953
ENSE00001461316_016	g0950	1	0.776499
ENSE00001461316_017	g0950	0	0.195808
ENSE00001461316_018	g0950	0	0.049625
ENSE00001461316_020	g0950	0	0.024473
ENSE00001461316_021	g0950	0	0.010375
ENSE00001461316_022	g0950	0	0.006564
ENSE00001461320_001	g0950	0	0.002961
ENSE00001461320_002	g0950	0	0.003548
ENSE00001461320_003	g0950	0	0.004588
ENSE00001461320_004	g0950	1	0.388947
ENSE00001461320_005	g0950	0	0.079332
ENSE00001461320_006	g0950	0	0.037787
ENSE00001461320_007	g0950	0	0.012577
ENSE00001461320_009	g0950	0	0.019369
ENSE00001461320_011	g0950	0	0.015850
ENSE00001461320_012	g0950	0	0.018978
ENSE00001461320_013	g0950	1	0.014022
ENSE00001461320_014	g0950	0	0.034343
ENSE00001461320_015	g0950	0	0.026560
ENSE00001461320_016	g0950	0	0.025475
ENSE00001461320_017	g0950	0	0.019863
ENSE00001461320_018	g0950	0	0.017713
ENSE00001461320_019	g0950	0	0.012567
ENSE00001461320_020	g0950	0	0.024177
ENSE00001461320_021	g0950	0	0.034110
ENSE00001461320_023	g0950	0	0.008844
ENSE00001461320_024	g0950	0	0.006319
ENSE00001471865_024	g0956	0	0.012140
ENSE00001479783_001	g0959	0	0.004983
ENSE00001479783_002	g0959	0	0.004082
ENSE00001479783_003	g0959	0	0.003594
ENSE00001479783_005	g0959	0	0.008186
ENSE00001479783_008	g0959	0	0.047601
ENSE00001479783_010	g0959	0	0.023107
ENSE00001479783_011	g0959	0	0.014944
ENSE00001479783_014	g0959	0	0.025955
ENSE00001479783_015	g0959	0	0.034012
ENSE00001479783_016	g0959	0	0.029174
ENSE00001479783_017	g0959	0	0.029254
ENSE00001479783_018	g0959	0	0.005896
ENSE00001479783_019	g0959	0	0.005818
ENSE00001479783_020	g0959	0	0.004333
ENSE00001479783_021	g0959	0	0.015892
ENSE00001483044_001	g0591	0	0.008261
ENSE00001483044_002	g0591	0	0.015951
ENSE00001483044_003	g0591	0	0.025135
ENSE00001483044_005	g0591	1	0.059196
ENSE00001483044_006	g0591	0	0.071497
ENSE00001483044_008	g0591	0	0.050662
ENSE00001483044_009	g0591	0	0.166363
ENSE00001483044_013	g0591	0	0.114661
ENSE00001483044_014	g0591	0	0.052187
ENSE00001483044_016	g0591	0	0.004836
ENSE00001483044_017	g0591	0	0.003659
ENSE00001483044_019	g0591	0	0.006732
ENSE00001483044_020	g0591	0	0.004349
ENSE00001483044_022	g0591	0	0.004422
ENSE00001483454_002	g0961	0	0.004910
ENSE00001483454_010	g0961	0	0.014966
ENSE00001483454_013	g0961	0	0.021022
ENSE00001483454_017	g0961	0	0.023767
ENSE00001484412_001	g0936	0	0.005169
ENSE00001484412_002	g0936	0	0.017674
ENSE00001484412_003	g0936	0	0.014693
ENSE00001484412_004	g0936	0	0.030817
ENSE00001484412_005	g0936	0	0.040359
ENSE00001484412_006	g0936	0	0.032367
ENSE00001484412_008	g0936	0	0.051789
ENSE00001484412_009	g0936	0	0.030001
ENSE00001484412_010	g0936	0	0.079721
ENSE00001484412_012	g0936	0	0.016378
ENSE00001484412_013	g0936	0	0.028435
ENSE00001484412_014	g0936	0	0.020455
ENSE00001484412_015	g0936	0	0.017631
ENSE00001484412_016	g0936	0	0.018812
ENSE00001484412_017	g0936	0	0.038148
ENSE00001484412_019	g0936	0	0.027133
ENSE00001484412_021	g0936	0	0.021403
ENSE00001484412_022	g0936	0	0.023934
ENSE00001484412_023	g0936	0	0.021470
ENSE00001484412_027	g0936	0	0.022568
ENSE00001484412_028	g0936	0	0.025300
ENSE00001484412_030	g0936	0	0.005336
ENSE00001484412_031	g0936	0	0.004445
ENSE00001484412_032	g0936	0	0.003929
ENSE00001488336_002	g0964	0	0.005822
ENSE00001488336_003	g0964	1	0.817301
ENSE00001488336_004	g0964	0	0.059265
ENSE00001488336_005	g0964	0	0.010835
ENSE00001488336_006	g0964	0	0.020924
ENSE00001488336_007	g0964	0	0.028081
ENSE00001488336_008	g0964	0	0.061842
ENSE00001488336_010	g0964	0	0.017581
ENSE00001488336_011	g0964	0	0.030004
ENSE00001488336_012	g0964	0	0.034157
ENSE00001488336_014	g0964	0	0.112771
ENSE00001488336_015	g0964	0	0.011266
ENSE00001488336_016	g0964	0	0.012601
ENSE00001488336_017	g0964	0	0.036495
ENSE00001488336_018	g0964	0	0.022000
ENSE00001488336_019	g0964	0	0.016009
ENSE00001488336_020	g0964	0	0.010379
ENSE00001505837_002	g0969	0	0.005825
ENSE00001505837_004	g0969	0	0.015578
ENSE00001505837_007	g0969	0	0.019965
ENSE00001505837_009	g0969	0	0.042398
ENSE00001505837_010	g0969	0	0.027206
ENSE00001505837_011	g0969	0	0.034484
ENSE00001505837_012	g0969	0	0.026466
ENSE00001505837_013	g0969	0	0.020356
ENSE00001505837_016	g0969	0	0.015696
ENSE00001505837_017	g0969	0	0.015591
ENSE00001505837_020	g0969	0	0.031417
ENSE00001505837_021	g0969	0	0.020118
ENSE00001505837_022	g0969	0	0.020105
ENSE00001505837_023	g0969	0	0.020038
ENSE00001505837_025	g0969	0	0.042499
ENSE00001505837_026	g0969	0	0.017670
ENSE00001505837_027	g0969	0	0.015070
ENSE00001505837_028	g0969	0	0.016744
ENSE00001577294_001	g0575	0	0.005044
ENSE00001577294_003	g0575	0	0.005951
ENSE00001577294_008	g0575	0	0.004068
ENSE00001577294_009	g0575	0	0.019237
ENSE00001577294_010	g0575	0	0.024544
ENSE00001577294_012	g0575	0	0.036895
ENSE00001577294_014	g0575	0	0.093264
ENSE00001577294_015	g0575	0	0.025893
ENSE00001577294_017	g0575	0	0.029445
ENSE00001577294_021	g0575	0	0.011148
ENSE00001577294_024	g0575	0	0.005289
ENSE00001589348_001	g0575	0	0.045431
ENSE00001589348_003	g0575	0	0.018775
ENSE00001589348_004	g0575	0	0.019662
ENSE00001589348_005	g0575	0	0.021526
ENSE00001589348_006	g0575	0	0.022674
ENSE00001589348_007	g0575	0	0.016794
ENSE00001589348_008	g0575	0	0.041486
ENSE00001589348_009	g0575	0	0.033842
ENSE00001589348_010	g0575	0	0.026238
ENSE00001589348_011	g0575	0	0.024520
ENSE00001589348_012	g0575	0	0.020995
ENSE00001589348_014	g0575	0	0.029448
ENSE00001589348_015	g0575	0	0.039453
ENSE00001589348_017	g0575	0	0.081696
ENSE00001589348_018	g0575	0	0.023494
ENSE00001589348_019	g0575	0	0.013385
ENSE00001589348_020	g0575	0	0.008179
ENSE00001593922_002	g0983	0	0.003894
ENSE00001593922_004	g0983	0	0.075298
ENSE00001593922_005	g0983	0	0.017371
ENSE00001593922_006	g0983	0	0.022322
ENSE00001593922_009	g0983	0	0.020050
ENSE00001593922_012	g0983	0	0.042084
ENSE00001593922_013	g0983	0	0.053563
ENSE00001593922_014	g0983	0	0.176851
ENSE00001593922_016	g0983	0	0.044657
ENSE00001593922_017	g0983	0	0.008977
ENSE00001595572_001	g0778	0	0.009713
ENSE00001595572_002	g0778	0	0.007892
ENSE00001595572_004	g0778	0	0.023675
ENSE00001595572_006	g0778	0	0.042446
ENSE00001595572_007	g0778	0	0.019333
ENSE00001595572_008	g0778	0	0.003490
ENSE00001597659_001	g0989	0	0.003200
ENSE00001597659_002	g0989	0	0.003948
ENSE00001597659_005	g0989	0	0.023477
ENSE00001597659_006	g0989	0	0.022459
ENSE00001597659_009	g0989	0	0.022548
ENSE00001598152_005	g0991	0	0.053740
ENSE00001598152_011	g0991	0	0.023946
ENSE00001598152_012	g0991	0	0.023254
ENSE00001598152_013	g0991	0	0.018850
ENSE00001598152_014	g0991	0	0.006234
ENSE00001598578_001	g0992	0	0.006439
ENSE00001598578_002	g0992	0	0.007943
ENSE00001598578_007	g0992	0	0.019352
ENSE00001598578_009	g0992	0	0.015770
ENSE00001598578_010	g0992	0	0.021237
ENSE00001598578_012	g0992	0	0.023248
ENSE00001598578_013	g0992	0	0.013618
ENSE00001600313_001	g0994	0	0.012781
ENSE00001600313_002	g0994	0	0.011531
ENSE00001600313_004	g0994	0	0.016199
ENSE00001600313_006	g0994	0	0.019115
ENSE00001600313_007	g0994	0	0.012975
ENSE00001600313_008	g0994	0	0.016813
ENSE00001600313_009	g0994	0	0.093647
ENSE00001600313_010	g0994	0	0.044095
ENSE00001600313_011	g0994	0	0.012549
ENSE00001600313_013	g0994	0	0.007393
ENSE00001602153_001	g0998	0	0.018787
ENSE00001608196_001	g0456	0	0.006279
ENSE00001608196_009	g0456	0	0.044293
ENSE00001608196_014	g0456	0	0.006076
ENSE00001608196_019	g0456	0	0.004056
ENSE00001614247_001	g1014	0	0.005149
ENSE00001614247_002	g1014	0	0.006068
ENSE00001614247_003	g1014	0	0.006896
ENSE00001614247_004	g1014	0	0.018600
ENSE00001614247_006	g1014	0	0.015886
ENSE00001614247_007	g1014	0	0.190176
ENSE00001614247_010	g1014	0	0.039224
ENSE00001614247_011	g1014	0	0.027444
ENSE00001614247_012	g1014	0	0.017068
ENSE00001614247_014	g1014	0	0.012694
ENSE00001614247_015	g1014	0	0.022367
ENSE00001614247_016	g1014	0	0.013648
ENSE00001614247_017	g1014	0	0.016125
ENSE00001614247_018	g1014	0	0.012465
ENSE00001614247_019	g1014	0	0.012896
ENSE00001614247_022	g1014	0	0.015804
ENSE00001614247_023	g1014	0	0.022195
ENSE00001614247_026	g1014	0	0.025996
ENSE00001614247_028	g1014	0	0.027183
ENSE00001614247_029	g1014	0	0.020902
ENSE00001614247_030	g1014	0	0.014253
ENSE00001614247_031	g1014	0	0.012535
ENSE00001614247_032	g1014	0	0.020194
ENSE00001614247_034	g1014	0	0.057084
ENSE00001614247_035	g1014	0	0.034390
ENSE00001614247_036	g1014	0	0.842676
ENSE00001614247_038	g1014	0	0.013309
ENSE00001614247_039	g1014	0	0.005511
ENSE00001614247_042	g1014	0	0.003657
ENSE00001614247_043	g1014	0	0.003468
ENSE00001614247_044	g1014	0	0.003561
ENSE00001614618_001	g1015	0	0.003374
ENSE00001614618_002	g1015	0	0.003919
ENSE00001614618_003	g1015	0	0.010804
ENSE00001614618_004	g1015	1	0.004172
ENSE00001614618_009	g1015	0	0.021934
ENSE00001614618_010	g1015	0	0.020344
ENSE00001614618_011	g1015	0	0.019788
ENSE00001614618_012	g1015	0	0.019649
ENSE00001614618_014	g1015	0	0.022701
ENSE00001614618_017	g1015	0	0.025256
ENSE00001614618_018	g1015	0	0.060258
ENSE00001614618_019	g1015	0	0.020157
ENSE00001614618_020	g1015	0	0.034956
ENSE00001614618_022	g1015	0	0.023702
ENSE00001614618_023	g1015	1	0.019693
ENSE00001614618_024	g1015	0	0.016427
ENSE00001614618_025	g1015	0	0.030631
ENSE00001614618_026	g1015	0	0.011696
ENSE00001614618_028	g1015	0	0.006339
ENSE00001617896_001	g1020	0	0.006558
ENSE00001617896_004	g1020	0	0.007746
ENSE00001617896_005	g1020	0	0.012997
ENSE00001617896_007	g1020	1	0.030320
ENSE00001617896_010	g1020	0	0.059408
ENSE00001617896_011	g1020	0	0.012063
ENSE00001617896_014	g1020	0	0.018758
ENSE00001617896_015	g1020	0	0.022590
ENSE00001617896_016	g1020	0	0.021700
ENSE00001617896_017	g1020	0	0.011530
ENSE00001617896_019	g1020	0	0.020895
ENSE00001617896_020	g1020	0	0.014607
ENSE00001617896_022	g1020	0	0.019192
ENSE00001617896_023	g1020	1	0.018966
ENSE00001617896_025	g1020	0	0.050409
ENSE00001617896_026	g1020	0	0.009365
ENSE00001617896_027	g1020	0	0.007026
ENSE00001617896_028	g1020	0	0.005838
ENSE00001617896_029	g1020	0	0.003701
ENSE00001619744_004	g1022	0	0.036720
ENSE00001619744_007	g1022	0	0.033763
ENSE00001619744_009	g1022	0	0.052265
ENSE00001619744_012	g1022	0	0.059250
ENSE00001619744_022	g1022	0	0.013627
ENSE00001620643_001	g0994	0	0.005054
ENSE00001620643_002	g0994	0	0.005017
ENSE00001620643_003	g0994	0	0.005617
ENSE00001620643_004	g0994	0	0.007682
ENSE00001620643_005	g0994	0	0.009415
ENSE00001620643_006	g0994	1	0.020836
ENSE00001620643_007	g0994	0	0.018858
ENSE00001620643_008	g0994	0	0.048396
ENSE00001620643_009	g0994	0	0.084341
ENSE00001620643_010	g0994	0	0.026468
ENSE00001620643_012	g0994	0	0.029410
ENSE00001620643_013	g0994	0	0.022174
ENSE00001620643_016	g0994	0	0.039864
ENSE00001620643_017	g0994	0	0.021749
ENSE00001620643_018	g0994	0	0.018516
ENSE00001620643_019	g0994	0	0.017607
ENSE00001620643_020	g0994	0	0.005326
ENSE00001620643_021	g0994	0	0.002730
ENSE00001620741_001	g0989	0	0.003547
ENSE00001620741_002	g0989	0	0.007329
ENSE00001620741_003	g0989	0	0.012151
ENSE00001620741_004	g0989	0	0.024462
ENSE00001620741_005	g0989	0	0.015266
ENSE00001620741_006	g0989	0	0.033228
ENSE00001620741_008	g0989	0	0.026762
ENSE00001620741_009	g0989	0	0.037913
ENSE00001620741_010	g0989	0	0.054541
ENSE00001621722_003	g0994	0	0.005747
ENSE00001621722_006	g0994	0	0.075454
ENSE00001621722_008	g0994	0	0.027918
ENSE00001621722_009	g0994	0	0.018398
ENSE00001621722_011	g0994	0	0.015804
ENSE00001621722_015	g0994	0	0.024986
ENSE00001621722_016	g0994	0	0.021862
ENSE00001621722_017	g0994	0	0.026078
ENSE00001621722_019	g0994	0	0.026929
ENSE00001621722_020	g0994	0	0.006786
ENSE00001621722_021	g0994	0	0.008340
ENSE00001621722_022	g0994	0	0.005579
ENSE00001623489_005	g0699	0	0.026222
ENSE00001623489_006	g0699	0	0.025829
ENSE00001623489_009	g0699	0	0.020637
ENSE00001623489_010	g0699	0	0.028439
ENSE00001623528_006	g1028	0	0.027960
ENSE00001623528_009	g1028	0	0.014453
ENSE00001623528_010	g1028	0	0.028358
ENSE00001623528_015	g1028	0	0.025324
ENSE00001623528_021	g1028	0	0.014625
ENSE00001624107_001	g1029	0	0.011968
ENSE00001624107_004	g1029	0	0.014248
ENSE00001624107_017	g1029	0	0.014032
ENSE00001624107_018	g1029	0	0.022112
ENSE00001624107_019	g1029	0	0.017089
ENSE00001624107_020	g1029	0	0.016695
ENSE00001624107_028	g1029	0	0.025847
ENSE00001625627_004	g0456	0	0.023619
ENSE00001625627_007	g0456	1	0.176240
ENSE00001625627_010	g0456	0	0.053740
ENSE00001625627_012	g0456	0	0.039286
ENSE00001625627_014	g0456	0	0.043760
ENSE00001625627_015	g0456	0	0.034269
ENSE00001625627_019	g0456	1	0.033893
ENSE00001625627_024	g0456	0	0.006903
ENSE00001632380_011	g0456	0	0.053185
ENSE00001632380_015	g0456	0	0.048368
ENSE00001632380_025	g0456	0	0.009633
ENSE00001635067_005	g1043	0	0.017223
ENSE00001635067_011	g1043	0	0.036275
ENSE00001635067_012	g1043	0	0.013803
ENSE00001635067_013	g1043	0	0.024805
ENSE00001635067_016	g1043	0	0.023607
ENSE00001635067_017	g1043	0	0.020519
ENSE00001635067_019	g1043	0	0.018329
ENSE00001635067_021	g1043	0	0.016658
ENSE00001635067_023	g1043	0	0.009681
ENSE00001635067_025	g1043	0	0.005778
ENSE00001635067_027	g1043	0	0.005124
ENSE00001635067_028	g1043	0	0.006383
ENSE00001635327_001	g1045	0	0.006012
ENSE00001635327_002	g1045	0	0.003795
ENSE00001635327_003	g1045	0	0.004346
ENSE00001635327_004	g1045	0	0.005140
ENSE00001635327_005	g1045	0	0.009095
ENSE00001635327_006	g1045	0	0.026673
ENSE00001635327_007	g1045	0	0.028446
ENSE00001635327_008	g1045	0	0.031390
ENSE00001635327_009	g1045	0	0.031089
ENSE00001635327_010	g1045	0	0.030413
ENSE00001635327_013	g1045	0	0.012760
ENSE00001635327_015	g1045	0	0.030524
ENSE00001635327_016	g1045	0	0.038996
ENSE00001635327_017	g1045	0	0.054513
ENSE00001635327_019	g1045	1	0.674196
ENSE00001635327_020	g1045	0	0.034586
ENSE00001635327_022	g1045	0	0.023367
ENSE00001635327_024	g1045	0	0.026331
ENSE00001635327_025	g1045	0	0.016746
ENSE00001635327_026	g1045	0	0.015610
ENSE00001635327_027	g1045	0	0.005748
ENSE00001635327_028	g1045	0	0.006305
ENSE00001635327_029	g1045	0	0.006013
ENSE00001639984_001	g1051	0	0.005760
ENSE00001639984_002	g1051	0	0.003728
ENSE00001639984_003	g1051	0	0.003431
ENSE00001639984_004	g1051	0	0.651757
ENSE00001639984_005	g1051	0	0.034917
ENSE00001639984_006	g1051	0	0.019977
ENSE00001639984_007	g1051	0	0.019044
ENSE00001639984_008	g1051	0	0.018315
ENSE00001639984_009	g1051	0	0.019474
ENSE00001639984_011	g1051	0	0.013861
ENSE00001639984_018	g1051	0	0.017863
ENSE00001639984_020	g1051	0	0.016537
ENSE00001639984_021	g1051	0	0.026553
ENSE00001639984_022	g1051	0	0.050320
ENSE00001639984_023	g1051	0	0.061349
ENSE00001639984_024	g1051	0	0.061712
ENSE00001639984_025	g1051	0	0.041867
ENSE00001639984_026	g1051	0	0.016164
ENSE00001639984_027	g1051	0	0.027402
ENSE00001639984_028	g1051	0	0.012113
ENSE00001639984_029	g1051	0	0.026937
ENSE00001639984_030	g1051	0	0.016905
ENSE00001642061_004	g1053	0	0.017254
ENSE00001642061_010	g1053	1	0.046091
ENSE00001642061_015	g1053	0	0.023818
ENSE00001642061_021	g1053	0	0.041724
ENSE00001642061_024	g1053	0	0.003087
ENSE00001642210_001	g1054	0	0.021595
ENSE00001642210_002	g1054	0	0.013668
ENSE00001642210_003	g1054	0	0.023497
ENSE00001642210_004	g1054	0	0.016874
ENSE00001642210_006	g1054	0	0.020075
ENSE00001642210_008	g1054	0	0.013232
ENSE00001642210_009	g1054	0	0.011730
ENSE00001642210_010	g1054	0	0.017530
ENSE00001642210_011	g1054	0	0.017633
ENSE00001642210_012	g1054	0	0.040362
ENSE00001642210_014	g1054	0	0.017415
ENSE00001643037_001	g0989	0	0.003638
ENSE00001643037_003	g0989	0	0.004111
ENSE00001643037_005	g0989	0	0.003662
ENSE00001643037_007	g0989	0	0.003576
ENSE00001643037_008	g0989	0	0.003346
ENSE00001643037_009	g0989	0	0.035319
ENSE00001643037_010	g0989	0	0.040222
ENSE00001643037_011	g0989	0	0.028644
ENSE00001643037_012	g0989	0	0.041846
ENSE00001643037_014	g0989	0	0.022285
ENSE00001643037_017	g0989	0	0.027934
ENSE00001643037_018	g0989	0	0.044038
ENSE00001643037_020	g0989	0	0.036035
ENSE00001643037_021	g0989	0	0.037024
ENSE00001643037_023	g0989	1	0.113034
ENSE00001643037_024	g0989	0	0.030418
ENSE00001644049_001	g0456	0	0.009002
ENSE00001644049_002	g0456	0	0.009839
ENSE00001644049_003	g0456	0	0.018737
ENSE00001644049_004	g0456	0	0.010545
ENSE00001644049_005	g0456	0	0.008677
ENSE00001644049_006	g0456	0	0.023120
ENSE00001644049_007	g0456	0	0.030582
ENSE00001644049_008	g0456	0	0.034635
ENSE00001644049_009	g0456	0	0.044697
ENSE00001644049_011	g0456	0	0.031020
ENSE00001644049_013	g0456	0	0.025786
ENSE00001644049_014	g0456	0	0.022715
ENSE00001644049_015	g0456	0	0.055935
ENSE00001644049_016	g0456	0	0.046066
ENSE00001644049_017	g0456	0	0.029792
ENSE00001644049_018	g0456	0	0.027090
ENSE00001644049_019	g0456	0	0.006126
ENSE00001644049_020	g0456	0	0.005687
ENSE00001644049_021	g0456	0	0.005960
ENSE00001644049_022	g0456	0	0.005583
ENSE00001644049_023	g0456	0	0.006590
ENSE00001644049_024	g0456	0	0.005911
ENSE00001644049_025	g0456	0	0.004190
ENSE00001644049_026	g0456	0	0.003541
ENSE00001644049_027	g0456	0	0.009697
ENSE00001647173_005	g1059	0	0.030421
ENSE00001647173_006	g1059	0	0.017103
ENSE00001647173_008	g1059	1	0.660704
ENSE00001647173_009	g1059	0	0.060959
ENSE00001647173_016	g1059	0	0.017212
ENSE00001647173_019	g1059	0	0.011307
ENSE00001647173_020	g1059	0	0.010847
ENSE00001647173_022	g1059	0	0.024266
ENSE00001647173_023	g1059	0	0.006519
ENSE00001647173_024	g1059	0	0.005240
ENSE00001650689_002	g1066	0	0.006606
ENSE00001650689_007	g1066	0	0.011274
ENSE00001650689_009	g1066	0	0.013727
ENSE00001650689_012	g1066	1	0.023721
ENSE00001650689_013	g1066	0	0.025153
ENSE00001650689_014	g1066	0	0.624055
ENSE00001650689_016	g1066	0	0.023234
ENSE00001650689_019	g1066	0	0.027443
ENSE00001650689_021	g1066	0	0.030333
ENSE00001650689_022	g1066	0	0.030384
ENSE00001650689_024	g1066	0	0.051727
ENSE00001650689_027	g1066	0	0.076017
ENSE00001650689_031	g1066	0	0.004209
ENSE00001650689_032	g1066	0	0.003933
ENSE00001650689_033	g1066	0	0.003678
ENSE00001650689_034	g1066	0	0.005309
ENSE00001650689_035	g1066	0	0.003664
ENSE00001650689_036	g1066	0	0.003442
ENSE00001650689_037	g1066	0	0.006682
ENSE00001650689_039	g1066	0	0.003153
ENSE00001650838_001	g0477	0	0.003542
ENSE00001650838_002	g0477	0	0.003612
ENSE00001650838_003	g0477	0	0.003722
ENSE00001650838_005	g0477	0	0.006307
ENSE00001650838_006	g0477	0	0.057350
ENSE00001650838_007	g0477	0	0.046756
ENSE00001650838_008	g0477	0	0.060781
ENSE00001650838_009	g0477	0	0.074304
ENSE00001650838_010	g0477	0	0.019972
ENSE00001650838_011	g0477	0	0.025309
ENSE00001650838_013	g0477	0	0.035392
ENSE00001650838_015	g0477	0	0.008602
ENSE00001650838_016	g0477	0	0.007975
ENSE00001650929_001	g0456	0	0.005626
ENSE00001650929_004	g0456	0	0.006585
ENSE00001650929_006	g0456	0	0.014097
ENSE00001650929_007	g0456	0	0.007817
ENSE00001650929_008	g0456	0	0.007256
ENSE00001650929_009	g0456	0	0.030142
ENSE00001650929_011	g0456	0	0.033996
ENSE00001650929_016	g0456	0	0.033263
ENSE00001650929_018	g0456	0	0.006432
ENSE00001650929_019	g0456	0	0.005817
ENSE00001650929_022	g0456	0	0.002944
ENSE00001651121_002	g0295	0	0.003168
ENSE00001651121_003	g0295	0	0.004422
ENSE00001651121_004	g0295	0	0.004488
ENSE00001651121_005	g0295	0	0.029962
ENSE00001651121_006	g0295	0	0.019731
ENSE00001651121_008	g0295	0	0.024966
ENSE00001651121_009	g0295	0	0.026130
ENSE00001651121_010	g0295	0	0.025263
ENSE00001651121_012	g0295	0	0.035916
ENSE00001651121_013	g0295	0	0.040191
ENSE00001651121_014	g0295	0	0.030456
ENSE00001651121_015	g0295	0	0.016513
ENSE00001651121_016	g0295	0	0.020155
ENSE00001651121_017	g0295	0	0.006676
ENSE00001653697_001	g0516	0	0.004492
ENSE00001653697_002	g0516	0	0.005592
ENSE00001653697_003	g0516	0	0.004292
ENSE00001653697_004	g0516	0	0.004292
ENSE00001653697_005	g0516	0	0.005852
ENSE00001653697_006	g0516	0	0.005181
ENSE00001653697_007	g0516	0	0.019835
ENSE00001653697_008	g0516	0	0.033344
ENSE00001653697_009	g0516	0	0.556499
ENSE00001653697_010	g0516	0	0.015917
ENSE00001653697_011	g0516	0	0.022795
ENSE00001653697_012	g0516	0	0.023186
ENSE00001653697_013	g0516	0	0.038130
ENSE00001653697_014	g0516	0	0.031772
ENSE00001653697_015	g0516	0	0.026010
ENSE00001653697_016	g0516	0	0.019175
ENSE00001653697_017	g0516	0	0.014501
ENSE00001653697_018	g0516	0	0.011104
ENSE00001653697_019	g0516	0	0.019788
ENSE00001653697_021	g0516	0	0.011066
ENSE00001653953_002	g1071	0	0.008170
ENSE00001653953_003	g1071	0	0.003837
ENSE00001653953_004	g1071	0	0.004212
ENSE00001653953_006	g1071	0	0.005178
ENSE00001653953_008	g1071	0	0.048290
ENSE00001653953_010	g1071	0	0.024208
ENSE00001653953_011	g1071	0	0.027399
ENSE00001653953_015	g1071	0	0.038538
ENSE00001653953_016	g1071	0	0.021301
ENSE00001653953_017	g1071	0	0.034079
ENSE00001653953_018	g1071	0	0.022549
ENSE00001653953_021	g1071	0	0.026988
ENSE00001653953_022	g1071	0	0.027669
ENSE00001653953_023	g1071	0	0.015995
ENSE00001653953_024	g1071	0	0.021153
ENSE00001653953_027	g1071	1	0.454583
ENSE00001653953_028	g1071	0	0.027966
ENSE00001653953_029	g1071	0	0.018277
ENSE00001653953_030	g1071	0	0.032358
ENSE00001653953_031	g1071	0	0.013661
ENSE00001653953_032	g1071	0	0.022285
ENSE00001653953_033	g1071	0	0.009196
ENSE00001653953_034	g1071	0	0.015448
ENSE00001653953_035	g1071	0	0.011470
ENSE00001654905_006	g1073	0	0.023978
ENSE00001654905_008	g1073	0	0.035337
ENSE00001656503_001	g1075	0	0.004831
ENSE00001656503_002	g1075	0	0.006952
ENSE00001656503_003	g1075	0	0.003952
ENSE00001656503_004	g1075	0	0.003997
ENSE00001656503_007	g1075	0	0.433324
ENSE00001656503_010	g1075	0	0.030011
ENSE00001656503_013	g1075	0	0.032761
ENSE00001656503_014	g1075	0	0.020026
ENSE00001656503_015	g1075	0	0.018740
ENSE00001656503_016	g1075	0	0.027563
ENSE00001656503_017	g1075	0	0.030204
ENSE00001656503_018	g1075	0	0.033623
ENSE00001656503_019	g1075	0	0.020285
ENSE00001656503_020	g1075	0	0.018959
ENSE00001656503_022	g1075	0	0.019529
ENSE00001656503_023	g1075	0	0.084270
ENSE00001656503_025	g1075	0	0.010367
ENSE00001656503_027	g1075	0	0.009643
ENSE00001659445_003	g1078	0	0.022015
ENSE00001659445_006	g1078	0	0.050436
ENSE00001659445_009	g1078	0	0.033591
ENSE00001659445_011	g1078	0	0.048357
ENSE00001659445_012	g1078	0	0.504275
ENSE00001661147_001	g1082	0	0.004913
ENSE00001661147_004	g1082	0	0.059101
ENSE00001661147_006	g1082	0	0.075403
ENSE00001661147_009	g1082	0	0.017561
ENSE00001661147_011	g1082	0	0.012737
ENSE00001661147_016	g1082	0	0.003479
ENSE00001662387_003	g1083	0	0.013362
ENSE00001662387_004	g1083	0	0.020391
ENSE00001662387_006	g1083	0	0.046661
ENSE00001662971_001	g1084	0	0.003440
ENSE00001662971_003	g1084	0	0.003877
ENSE00001662971_004	g1084	0	0.004071
ENSE00001662971_006	g1084	0	0.025918
ENSE00001662971_008	g1084	0	0.024466
ENSE00001662971_009	g1084	0	0.032158
ENSE00001662971_010	g1084	0	0.033050
ENSE00001662971_011	g1084	0	0.026003
ENSE00001662971_013	g1084	0	0.017779
ENSE00001662971_014	g1084	0	0.026038
ENSE00001662971_015	g1084	0	0.030717
ENSE00001662971_016	g1084	0	0.022813
ENSE00001662971_018	g1084	0	0.026443
ENSE00001662971_019	g1084	0	0.035663
ENSE00001665059_001	g1087	0	0.003849
ENSE00001665059_002	g1087	0	0.003735
ENSE00001665059_003	g1087	0	0.003584
ENSE00001665059_005	g1087	0	0.025392
ENSE00001665059_006	g1087	0	0.023355
ENSE00001665059_007	g1087	0	0.018164
ENSE00001665059_008	g1087	0	0.065445
ENSE00001665059_009	g1087	0	0.047163
ENSE00001665059_010	g1087	0	0.045626
ENSE00001665059_012	g1087	0	0.018259
ENSE00001665059_013	g1087	0	0.022733
ENSE00001665059_014	g1087	0	0.031709
ENSE00001665059_015	g1087	0	0.031836
ENSE00001665059_016	g1087	0	0.032803
ENSE00001665059_017	g1087	0	0.026053
ENSE00001665059_021	g1087	0	0.010858
ENSE00001665059_022	g1087	0	0.007467
ENSE00001666005_001	g1090	0	0.006195
ENSE00001666005_002	g1090	0	0.003901
ENSE00001666005_006	g1090	0	0.015578
ENSE00001666005_009	g1090	0	0.023849
ENSE00001666005_010	g1090	0	0.026668
ENSE00001666005_011	g1090	0	0.018677
ENSE00001666005_012	g1090	0	0.036035
ENSE00001666005_015	g1090	0	0.082956
ENSE00001666005_017	g1090	0	0.033046
ENSE00001666005_021	g1090	0	0.008999
ENSE00001666005_022	g1090	0	0.006632
ENSE00001666264_002	g1091	0	0.005669
ENSE00001666264_004	g1091	0	0.010066
ENSE00001666264_006	g1091	0	0.030208
ENSE00001666264_008	g1091	0	0.097628
ENSE00001666264_011	g1091	0	0.012841
ENSE00001666264_012	g1091	0	0.021652
ENSE00001666264_013	g1091	0	0.014843
ENSE00001666264_015	g1091	0	0.032072
ENSE00001666264_016	g1091	0	0.027430
ENSE00001666264_018	g1091	0	0.184277
ENSE00001666264_019	g1091	0	0.004300
ENSE00001666264_020	g1091	0	0.005454
ENSE00001666264_022	g1091	0	0.003757
ENSE00001666264_023	g1091	0	0.004726
ENSE00001666264_024	g1091	0	0.003186
ENSE00001668703_004	g1093	0	0.010417
ENSE00001668703_010	g1093	0	0.327261
ENSE00001668703_012	g1093	0	0.004322
ENSE00001670105_001	g1095	0	0.035242
ENSE00001670105_002	g1095	0	0.502557
ENSE00001670105_004	g1095	0	0.023856
ENSE00001670105_005	g1095	0	0.024461
ENSE00001670105_006	g1095	0	0.050588
ENSE00001670105_007	g1095	0	0.043798
ENSE00001670105_008	g1095	0	0.018458
ENSE00001670105_009	g1095	0	0.023489
ENSE00001670105_011	g1095	0	0.032611
ENSE00001670105_012	g1095	0	0.026585
ENSE00001670105_013	g1095	0	0.012766
ENSE00001670105_014	g1095	0	0.008289
ENSE00001670105_015	g1095	0	0.009899
ENSE00001670105_016	g1095	0	0.007217
ENSE00001671197_001	g0477	0	0.003848
ENSE00001671197_002	g0477	0	0.005393
ENSE00001671197_003	g0477	0	0.012133
ENSE00001671197_005	g0477	0	0.038099
ENSE00001671197_006	g0477	0	0.018314
ENSE00001671197_007	g0477	0	0.013056
ENSE00001671197_008	g0477	0	0.021746
ENSE00001671197_009	g0477	0	0.016804
ENSE00001671197_010	g0477	0	0.023288
ENSE00001671197_011	g0477	0	0.015519
ENSE00001671197_012	g0477	0	0.014005
ENSE00001671197_013	g0477	0	0.025949
ENSE00001671197_014	g0477	0	0.022844
ENSE00001671197_015	g0477	0	0.016353
ENSE00001671197_016	g0477	0	0.017722
ENSE00001671197_017	g0477	0	0.017468
ENSE00001671197_018	g0477	0	0.025998
ENSE00001671197_019	g0477	0	0.033189
ENSE00001671197_020	g0477	0	0.042098
ENSE00001671197_021	g0477	0	0.024950
ENSE00001671197_022	g0477	0	0.028412
ENSE00001671197_023	g0477	0	0.024185
ENSE00001671197_025	g0477	0	0.049807
ENSE00001671197_026	g0477	0	0.008334
ENSE00001671444_002	g1096	0	0.007582
ENSE00001671444_003	g1096	0	0.012782
ENSE00001671444_004	g1096	0	0.011586
ENSE00001671444_006	g1096	0	0.011438
ENSE00001671444_007	g1096	0	0.013658
ENSE00001671444_009	g1096	0	0.020490
ENSE00001671444_012	g1096	0	0.021001
ENSE00001671444_015	g1096	0	0.037236
ENSE00001671444_020	g1096	0	0.018356
ENSE00001671444_022	g1096	0	0.082991
ENSE00001671444_024	g1096	0	0.005657
ENSE00001672515_001	g0747	0	0.004312
ENSE00001672515_002	g0747	0	0.007177
ENSE00001672515_003	g0747	0	0.007840
ENSE00001672515_004	g0747	0	0.012562
ENSE00001672515_006	g0747	0	0.004059
ENSE00001672515_007	g0747	0	0.012824
ENSE00001672515_009	g0747	0	0.025392
ENSE00001672515_010	g0747	0	0.020516
ENSE00001672515_011	g0747	0	0.029239
ENSE00001672515_012	g0747	0	0.018684
ENSE00001672515_013	g0747	0	0.031715
ENSE00001672515_014	g0747	0	0.063958
ENSE00001672515_015	g0747	0	0.028222
ENSE00001672515_016	g0747	0	0.035825
ENSE00001672515_020	g0747	0	0.017286
ENSE00001672515_021	g0747	0	0.015598
ENSE00001672515_022	g0747	0	0.010159
ENSE00001672515_025	g0747	0	0.008220
ENSE00001672515_027	g0747	0	0.014965
ENSE00001672515_028	g0747	0	0.006924
ENSE00001673549_001	g1100	0	0.006256
ENSE00001673549_002	g1100	0	0.006595
ENSE00001673549_003	g1100	0	0.007432
ENSE00001673549_004	g1100	0	0.025572
ENSE00001673549_005	g1100	0	0.046853
ENSE00001673549_006	g1100	0	0.033196
ENSE00001673549_007	g1100	0	0.030753
ENSE00001673549_008	g1100	0	0.015275
ENSE00001673549_009	g1100	0	0.018566
ENSE00001673549_011	g1100	0	0.053429
ENSE00001673549_012	g1100	0	0.008385
ENSE00001673549_013	g1100	0	0.005128
ENSE00001673549_015	g1100	0	0.003376
ENSE00001679208_002	g0994	0	0.011503
ENSE00001679208_005	g0994	0	0.007011
ENSE00001679208_010	g0994	0	0.019600
ENSE00001679208_013	g0994	0	0.023907
ENSE00001679208_014	g0994	0	0.021359
ENSE00001679208_017	g0994	0	0.003384
ENSE00001679208_019	g0994	0	0.003337
ENSE00001683641_002	g0295	0	0.003342
ENSE00001683641_003	g0295	0	0.017648
ENSE00001683641_005	g0295	0	0.014587
ENSE00001683641_008	g0295	0	0.019088
ENSE00001683641_009	g0295	0	0.021469
ENSE00001683641_010	g0295	0	0.032694
ENSE00001683641_011	g0295	0	0.036860
ENSE00001683641_012	g0295	0	0.020920
ENSE00001683641_013	g0295	0	0.018134
ENSE00001683641_014	g0295	0	0.021675
ENSE00001683641_015	g0295	0	0.013684
ENSE00001683641_016	g0295	0	0.067793
ENSE00001683641_017	g0295	0	0.029963
ENSE00001683641_018	g0295	0	0.032313
ENSE00001686462_001	g1111	0	0.009192
ENSE00001686462_002	g1111	0	0.006017
ENSE00001686462_004	g1111	0	0.082067
ENSE00001686462_005	g1111	0	0.045688
ENSE00001686462_006	g1111	0	0.035942
ENSE00001686462_007	g1111	0	0.029699
ENSE00001686462_008	g1111	0	0.023708
ENSE00001686462_009	g1111	0	0.034011
ENSE00001686462_010	g1111	0	0.019104
ENSE00001686462_011	g1111	0	0.034840
ENSE00001686462_012	g1111	0	0.076012
ENSE00001686462_013	g1111	0	0.095831
ENSE00001686462_014	g1111	0	0.019177
ENSE00001686462_015	g1111	0	0.019649
ENSE00001686462_016	g1111	0	0.018509
ENSE00001686462_017	g1111	0	0.026228
ENSE00001686462_019	g1111	0	0.010695
ENSE00001686462_020	g1111	0	0.005686
ENSE00001686462_021	g1111	0	0.005412
ENSE00001686462_022	g1111	0	0.005412
ENSE00001686530_005	g1112	1	0.657007
ENSE00001687232_003	g1113	0	0.019335
ENSE00001687232_004	g1113	0	0.017896
ENSE00001687232_012	g1113	0	0.024123
ENSE00001687232_014	g1113	0	0.009890
ENSE00001687232_017	g1113	0	0.007645
ENSE00001687232_018	g1113	0	0.006837
ENSE00001688034_001	g1115	0	0.006617
ENSE00001688034_002	g1115	0	0.008457
ENSE00001688034_003	g1115	0	0.014598
ENSE00001688034_009	g1115	0	0.025018
ENSE00001688034_010	g1115	0	0.029464
ENSE00001688034_011	g1115	0	0.007258
ENSE00001688034_012	g1115	0	0.006204
ENSE00001688034_014	g1115	0	0.003843
ENSE00001688034_016	g1115	0	0.003535
ENSE00001688034_017	g1115	0	0.003367
ENSE00001695610_003	g0282	0	0.019252
ENSE00001695610_005	g0282	0	0.016844
ENSE00001695610_015	g0282	0	0.026335
ENSE00001695610_016	g0282	0	0.071428
ENSE00001695610_017	g0282	0	0.021146
ENSE00001695610_021	g0282	0	0.005944
ENSE00001695610_022	g0282	0	0.005919
ENSE00001695610_024	g0282	0	0.004008
ENSE00001697359_002	g1123	0	0.010960
ENSE00001697359_003	g1123	0	0.008421
ENSE00001697359_004	g1123	0	0.125008
ENSE00001697359_005	g1123	0	0.025197
ENSE00001697359_007	g1123	0	0.017443
ENSE00001697359_009	g1123	0	0.022180
ENSE00001697359_012	g1123	0	0.006049
ENSE00001697371_001	g1124	0	0.003757
ENSE00001697371_004	g1124	0	0.059925
ENSE00001698921_016	g1125	0	0.004260
ENSE00001699188_001	g0989	0	0.004067
ENSE00001699188_002	g0989	0	0.003057
ENSE00001699188_003	g0989	0	0.003027
ENSE00001699188_004	g0989	0	0.004371
ENSE00001699188_005	g0989	0	0.004371
ENSE00001699188_006	g0989	0	0.003038
ENSE00001699188_007	g0989	0	0.004002
ENSE00001699188_008	g0989	0	0.005793
ENSE00001699188_013	g0989	0	0.050789
ENSE00001699188_016	g0989	0	0.039843
ENSE00001699188_018	g0989	0	0.027157
ENSE00001699188_021	g0989	0	0.049505
ENSE00001699188_022	g0989	0	0.054508
ENSE00001699188_023	g0989	0	0.067274
ENSE00001699188_024	g0989	0	0.019713
ENSE00001699188_025	g0989	0	0.045129
ENSE00001699188_029	g0989	0	0.008814
ENSE00001699898_003	g1127	0	0.002864
ENSE00001699898_007	g1127	0	0.017783
ENSE00001699898_008	g1127	0	0.030486
ENSE00001699898_009	g1127	0	0.018598
ENSE00001699898_012	g1127	0	0.030844
ENSE00001699898_013	g1127	0	0.013134
ENSE00001699898_014	g1127	0	0.015386
ENSE00001699898_017	g1127	0	0.004859
ENSE00001699898_018	g1127	0	0.006873
ENSE00001700147_002	g1128	0	0.003103
ENSE00001700147_006	g1128	0	0.003844
ENSE00001700147_009	g1128	0	0.017469
ENSE00001700147_010	g1128	0	0.021995
ENSE00001700147_013	g1128	0	0.012387
ENSE00001700147_014	g1128	1	0.018358
ENSE00001700147_016	g1128	0	0.022784
ENSE00001700147_017	g1128	0	0.026879
ENSE00001700147_018	g1128	0	0.024022
ENSE00001700147_019	g1128	0	0.015465
ENSE00001700147_026	g1128	0	0.048873
ENSE00001700147_029	g1128	0	0.009722
ENSE00001702657_002	g1131	0	0.006697
ENSE00001702657_003	g1131	0	0.007430
ENSE00001702657_004	g1131	0	0.009566
ENSE00001702657_005	g1131	0	0.013126
ENSE00001702657_006	g1131	0	0.021172
ENSE00001702657_009	g1131	0	0.068739
ENSE00001702657_010	g1131	0	0.028125
ENSE00001702657_011	g1131	0	0.006320
ENSE00001702657_013	g1131	0	0.004508
ENSE00001702657_014	g1131	0	0.004218
ENSE00001702822_001	g0456	0	0.010507
ENSE00001702822_002	g0456	0	0.008470
ENSE00001702822_003	g0456	0	0.011989
ENSE00001702822_004	g0456	0	0.013709
ENSE00001702822_006	g0456	0	0.014620
ENSE00001702822_008	g0456	0	0.022597
ENSE00001702822_009	g0456	0	0.063040
ENSE00001702822_010	g0456	0	0.024038
ENSE00001702822_011	g0456	0	0.047612
ENSE00001702822_013	g0456	0	0.053172
ENSE00001702822_014	g0456	0	0.026345
ENSE00001702822_015	g0456	0	0.015915
ENSE00001702822_018	g0456	0	0.005098
ENSE00001702822_019	g0456	0	0.004414
ENSE00001702822_021	g0456	0	0.005289
ENSE00001702822_022	g0456	0	0.005567
ENSE00001702822_023	g0456	0	0.004097
ENSE00001702822_024	g0456	0	0.003392
ENSE00001704022_004	g1135	0	0.076280
ENSE00001704022_011	g1135	0	0.004889
ENSE00001704022_012	g1135	0	0.004889
ENSE00001704164_001	g1136	0	0.004579
ENSE00001704164_002	g1136	0	0.025762
ENSE00001704164_006	g1136	0	0.110489
ENSE00001708226_001	g1140	0	0.007203
ENSE00001708226_002	g1140	0	0.037023
ENSE00001708226_003	g1140	0	0.056779
ENSE00001708226_009	g1140	0	0.020965
ENSE00001708226_010	g1140	0	0.024448
ENSE00001708226_011	g1140	0	0.026835
ENSE00001708226_013	g1140	0	0.019451
ENSE00001708226_014	g1140	0	0.018008
ENSE00001708226_017	g1140	0	0.012547
ENSE00001708226_018	g1140	0	0.012011
ENSE00001708226_023	g1140	0	0.014933
ENSE00001708226_024	g1140	0	0.017180
ENSE00001708226_029	g1140	0	0.007030
ENSE00001708226_030	g1140	0	0.007030
ENSE00001708226_031	g1140	0	0.003649
ENSE00001708545_002	g1141	0	0.027693
ENSE00001708545_006	g1141	0	0.043374
ENSE00001708545_007	g1141	0	0.031958
ENSE00001708545_010	g1141	0	0.015035
ENSE00001708545_011	g1141	0	0.036708
ENSE00001708545_014	g1141	0	0.034216
ENSE00001708545_015	g1141	0	0.018469
ENSE00001708545_016	g1141	0	0.027078
ENSE00001708545_018	g1141	0	0.015023
ENSE00001708545_019	g1141	0	0.037372
ENSE00001708717_002	g1142	0	0.005880
ENSE00001708717_003	g1142	0	0.049088
ENSE00001708717_004	g1142	0	0.029288
ENSE00001708717_005	g1142	0	0.044617
ENSE00001708717_006	g1142	0	0.020775
ENSE00001708717_007	g1142	0	0.024854
ENSE00001708717_008	g1142	0	0.018170
ENSE00001708717_009	g1142	0	0.046499
ENSE00001708717_010	g1142	0	0.035067
ENSE00001708717_011	g1142	0	0.022907
ENSE00001708717_012	g1142	0	0.023725
ENSE00001708717_014	g1142	0	0.026773
ENSE00001708717_015	g1142	0	0.020777
ENSE00001708717_016	g1142	0	0.016049
ENSE00001708717_017	g1142	0	0.015096
ENSE00001708717_018	g1142	0	0.010892
ENSE00001708823_001	g1143	0	0.003768
ENSE00001708823_003	g1143	0	0.027556
ENSE00001708823_004	g1143	0	0.023401
ENSE00001708823_006	g1143	0	0.036154
ENSE00001708823_007	g1143	0	0.023002
ENSE00001708823_008	g1143	0	0.021655
ENSE00001708823_009	g1143	0	0.018700
ENSE00001708823_010	g1143	0	0.014989
ENSE00001708823_011	g1143	0	0.012738
ENSE00001708823_012	g1143	0	0.010035
ENSE00001710254_001	g1147	0	0.004180
ENSE00001710254_002	g1147	0	0.007853
ENSE00001710254_003	g1147	0	0.006675
ENSE00001710254_004	g1147	0	0.031868
ENSE00001710254_005	g1147	0	0.055020
ENSE00001710254_007	g1147	0	0.018624
ENSE00001710254_008	g1147	0	0.012824
ENSE00001710254_009	g1147	0	0.010450
ENSE00001716901_001	g1151	0	0.030082
ENSE00001716901_002	g1151	0	0.050513
ENSE00001716901_003	g1151	0	0.026103
ENSE00001716901_004	g1151	0	0.052656
ENSE00001716901_005	g1151	0	0.020317
ENSE00001716901_006	g1151	0	0.024548
ENSE00001716901_007	g1151	0	0.015642
ENSE00001716901_008	g1151	0	0.012590
ENSE00001716901_009	g1151	0	0.028251
ENSE00001716901_010	g1151	0	0.020675
ENSE00001716901_015	g1151	0	0.029979
ENSE00001716901_016	g1151	0	0.037093
ENSE00001716901_017	g1151	0	0.016553
ENSE00001716901_019	g1151	0	0.037852
ENSE00001716901_020	g1151	0	0.014307
ENSE00001716901_022	g1151	0	0.005754
ENSE00001717577_001	g1152	0	0.006376
ENSE00001717577_002	g1152	0	0.007083
ENSE00001717577_004	g1152	0	0.022266
ENSE00001717577_012	g1152	0	0.028774
ENSE00001717577_013	g1152	0	0.016070
ENSE00001717577_015	g1152	0	0.038314
ENSE00001717577_016	g1152	0	0.012282
ENSE00001717577_017	g1152	0	0.013967
ENSE00001717577_022	g1152	0	0.019611
ENSE00001717577_023	g1152	0	0.022856
ENSE00001717577_025	g1152	0	0.011998
ENSE00001717577_026	g1152	0	0.035140
ENSE00001717914_002	g1153	0	0.004008
ENSE00001717914_003	g1153	0	0.005643
ENSE00001717914_005	g1153	0	0.004533
ENSE00001717914_006	g1153	0	0.021630
ENSE00001717914_008	g1153	0	0.030896
ENSE00001717914_010	g1153	0	0.021001
ENSE00001717914_011	g1153	0	0.015430
ENSE00001717914_012	g1153	0	0.018711
ENSE00001717914_013	g1153	0	0.034824
ENSE00001717914_015	g1153	0	0.073219
ENSE00001718712_001	g0989	0	0.003163
ENSE00001718712_002	g0989	0	0.003475
ENSE00001718712_003	g0989	0	0.006372
ENSE00001718712_004	g0989	0	0.004600
ENSE00001718712_005	g0989	0	0.003917
ENSE00001718712_006	g0989	0	0.003917
ENSE00001718712_007	g0989	0	0.004441
ENSE00001718712_008	g0989	0	0.011594
ENSE00001718712_009	g0989	0	0.012348
ENSE00001718712_010	g0989	0	0.026544
ENSE00001718712_011	g0989	0	0.080692
ENSE00001718712_012	g0989	0	0.024298
ENSE00001718712_014	g0989	0	0.028092
ENSE00001718712_015	g0989	0	0.027589
ENSE00001718712_016	g0989	0	0.025243
ENSE00001718712_017	g0989	0	0.018781
ENSE00001718712_018	g0989	0	0.018961
ENSE00001718712_019	g0989	0	0.021540
ENSE00001718712_020	g0989	0	0.046780
ENSE00001718712_021	g0989	0	0.076111
ENSE00001718712_022	g0989	0	0.020538
ENSE00001718712_023	g0989	0	0.016304
ENSE00001718712_024	g0989	0	0.005746
ENSE00001719634_001	g1154	0	0.003830
ENSE00001719634_002	g1154	0	0.006075
ENSE00001719634_003	g1154	0	0.004805
ENSE00001719634_004	g1154	0	0.005356
ENSE00001719634_005	g1154	0	0.006776
ENSE00001719634_009	g1154	0	0.005606
ENSE00001719634_010	g1154	0	0.005929
ENSE00001719634_011	g1154	0	0.003444
ENSE00001719634_012	g1154	0	0.003330
ENSE00001719634_013	g1154	0	0.004162
ENSE00001719634_014	g1154	0	0.009150
ENSE00001719634_015	g1154	0	0.030185
ENSE00001719634_017	g1154	1	0.125321
ENSE00001719634_018	g1154	0	0.041930
ENSE00001719634_019	g1154	0	0.043998
ENSE00001719634_020	g1154	0	0.064490
ENSE00001719634_021	g1154	0	0.249607
ENSE00001719634_022	g1154	0	0.104551
ENSE00001726168_001	g1161	0	0.006067
ENSE00001726168_002	g1161	0	0.005738
ENSE00001726168_003	g1161	0	0.018273
ENSE00001726168_004	g1161	0	0.045043
ENSE00001726168_005	g1161	0	0.044825
ENSE00001726168_006	g1161	0	0.043821
ENSE00001726168_007	g1161	0	0.013295
ENSE00001726168_009	g1161	0	0.013715
ENSE00001726168_012	g1161	0	0.011560
ENSE00001726168_013	g1161	0	0.007125
ENSE00001726168_014	g1161	0	0.003465
ENSE00001726243_001	g1022	0	0.006451
ENSE00001726243_002	g1022	0	0.006143
ENSE00001726243_003	g1022	0	0.006577
ENSE00001726243_004	g1022	0	0.009024
ENSE00001726243_006	g1022	0	0.030021
ENSE00001726243_008	g1022	0	0.022262
ENSE00001726243_009	g1022	0	0.021391
ENSE00001726243_010	g1022	0	0.018637
ENSE00001726243_011	g1022	0	0.023956
ENSE00001726243_012	g1022	0	0.029734
ENSE00001726243_013	g1022	0	0.012921
ENSE00001726243_014	g1022	0	0.015976
ENSE00001726243_016	g1022	0	0.021060
ENSE00001726243_017	g1022	0	0.019937
ENSE00001726243_018	g1022	0	0.028330
ENSE00001726243_019	g1022	0	0.054743
ENSE00001726243_020	g1022	0	0.023353
ENSE00001726243_022	g1022	0	0.004945
ENSE00001727061_007	g1115	0	0.040785
ENSE00001727061_012	g1115	1	0.013132
ENSE00001727061_013	g1115	0	0.117126
ENSE00001727061_016	g1115	0	0.006776
ENSE00001727061_021	g1115	0	0.004077
ENSE00001727061_022	g1115	0	0.004539
ENSE00001727061_024	g1115	0	0.003020
ENSE00001730636_001	g1170	0	0.003809
ENSE00001730636_002	g1170	0	0.007292
ENSE00001730636_003	g1170	0	0.007750
ENSE00001730636_004	g1170	1	0.078191
ENSE00001730636_006	g1170	0	0.024971
ENSE00001730636_007	g1170	0	0.033544
ENSE00001730636_008	g1170	0	0.016142
ENSE00001730636_009	g1170	0	0.024676
ENSE00001730636_010	g1170	0	0.032874
ENSE00001730636_011	g1170	0	0.017344
ENSE00001730636_012	g1170	0	0.017879
ENSE00001730636_013	g1170	0	0.018730
ENSE00001730636_014	g1170	0	0.012749
ENSE00001730636_015	g1170	1	0.019862
ENSE00001730636_016	g1170	0	0.020326
ENSE00001730636_017	g1170	0	0.025791
ENSE00001730673_002	g0456	0	0.009665
ENSE00001730673_003	g0456	0	0.008720
ENSE00001730673_004	g0456	0	0.007618
ENSE00001730673_007	g0456	0	0.014473
ENSE00001730673_008	g0456	0	0.009947
ENSE00001730673_009	g0456	0	0.012548
ENSE00001730673_010	g0456	0	0.038576
ENSE00001730673_011	g0456	0	0.018158
ENSE00001730673_014	g0456	0	0.023645
ENSE00001730673_018	g0456	0	0.033041
ENSE00001730673_019	g0456	0	0.013830
ENSE00001730673_024	g0456	0	0.004237
ENSE00001730673_025	g0456	0	0.004703
ENSE00001730673_028	g0456	0	0.004508
ENSE00001731240_001	g0477	0	0.006036
ENSE00001731240_002	g0477	0	0.005491
ENSE00001731240_003	g0477	0	0.024995
ENSE00001731240_004	g0477	0	0.022069
ENSE00001731240_006	g0477	0	0.015709
ENSE00001731240_007	g0477	0	0.021204
ENSE00001731240_010	g0477	0	0.016837
ENSE00001731240_011	g0477	0	0.014918
ENSE00001731240_012	g0477	0	0.020890
ENSE00001731240_013	g0477	0	0.015734
ENSE00001731240_014	g0477	0	0.022844
ENSE00001731240_015	g0477	0	0.016705
ENSE00001731240_016	g0477	0	0.013287
ENSE00001731240_017	g0477	0	0.011735
ENSE00001731240_018	g0477	0	0.025465
ENSE00001731240_020	g0477	0	0.013309
ENSE00001731240_021	g0477	0	0.120280
ENSE00001731240_022	g0477	0	0.015341
ENSE00001731240_023	g0477	0	0.009160
ENSE00001731240_024	g0477	0	0.018948
ENSE00001731240_025	g0477	0	0.021069
ENSE00001734682_001	g0456	0	0.011228
ENSE00001734682_003	g0456	0	0.018424
ENSE00001734682_004	g0456	0	0.018783
ENSE00001734682_005	g0456	0	0.011086
ENSE00001734682_006	g0456	0	0.012162
ENSE00001734682_007	g0456	0	0.189744
ENSE00001734682_008	g0456	0	0.040507
ENSE00001734682_009	g0456	0	0.058419
ENSE00001734682_010	g0456	0	0.030379
ENSE00001734682_011	g0456	0	0.022630
ENSE00001734682_012	g0456	0	0.022303
ENSE00001734682_013	g0456	0	0.017419
ENSE00001734682_015	g0456	0	0.032658
ENSE00001734682_018	g0456	0	0.021524
ENSE00001734682_019	g0456	0	0.020045
ENSE00001734682_020	g0456	0	0.009381
ENSE00001734682_021	g0456	0	0.005236
ENSE00001734682_022	g0456	0	0.004788
ENSE00001734682_023	g0456	0	0.005297
ENSE00001734682_026	g0456	0	0.004438
ENSE00001740637_003	g0989	0	0.004133
ENSE00001740637_004	g0989	0	0.004653
ENSE00001740637_005	g0989	0	0.003925
ENSE00001740637_007	g0989	0	0.004531
ENSE00001740637_011	g0989	0	0.040873
ENSE00001740637_015	g0989	0	0.050811
ENSE00001740637_016	g0989	0	0.017831
ENSE00001740637_021	g0989	0	0.028993
ENSE00001740637_022	g0989	0	0.013636
ENSE00001740637_025	g0989	0	0.008664
ENSE00001740637_026	g0989	0	0.005485
ENSE00001740637_027	g0989	0	0.005511
ENSE00001741292_002	g1096	0	0.012449
ENSE00001741292_006	g1096	0	0.026589
ENSE00001741292_009	g1096	0	0.046054
ENSE00001743562_001	g1143	0	0.006864
ENSE00001743562_002	g1143	0	0.005509
ENSE00001743562_005	g1143	0	0.004173
ENSE00001743562_006	g1143	0	0.004482
ENSE00001743562_008	g1143	0	0.091673
ENSE00001743562_009	g1143	0	0.041109
ENSE00001743562_010	g1143	0	0.030834
ENSE00001743562_011	g1143	0	0.029239
ENSE00001743562_013	g1143	0	0.031773
ENSE00001743562_014	g1143	0	0.029853
ENSE00001743562_017	g1143	0	0.029501
ENSE00001743562_019	g1143	0	0.039178
ENSE00001743562_020	g1143	0	0.026278
ENSE00001743562_021	g1143	0	0.009736
ENSE00001743562_022	g1143	0	0.017818
ENSE00001743562_023	g1143	0	0.013001
ENSE00001745859_001	g1191	0	0.018715
ENSE00001745859_002	g1191	0	0.016623
ENSE00001745859_004	g1191	0	0.014264
ENSE00001745859_005	g1191	0	0.013446
ENSE00001745859_006	g1191	0	0.027368
ENSE00001745859_007	g1191	0	0.015850
ENSE00001745859_008	g1191	0	0.025193
ENSE00001745859_009	g1191	0	0.019119
ENSE00001745859_010	g1191	0	0.020134
ENSE00001745859_011	g1191	0	0.020899
ENSE00001745859_012	g1191	0	0.023115
ENSE00001745859_014	g1191	0	0.028724
ENSE00001745859_015	g1191	0	0.016586
ENSE00001745859_017	g1191	0	0.023257
ENSE00001745859_018	g1191	0	0.045944
ENSE00001745859_020	g1191	0	0.004522
ENSE00001745859_021	g1191	0	0.003843
ENSE00001746050_001	g0989	0	0.003410
ENSE00001746050_002	g0989	0	0.003724
ENSE00001746050_003	g0989	0	0.004359
ENSE00001746050_004	g0989	0	0.003933
ENSE00001746050_005	g0989	0	0.004438
ENSE00001746050_009	g0989	0	0.033562
ENSE00001746050_010	g0989	0	0.034958
ENSE00001746050_011	g0989	0	0.055165
ENSE00001746050_012	g0989	0	0.075943
ENSE00001746050_013	g0989	0	0.046494
ENSE00001746050_014	g0989	0	0.030240
ENSE00001746050_015	g0989	0	0.009887
ENSE00001746050_016	g0989	0	0.006308
ENSE00001746050_017	g0989	0	0.008331
ENSE00001746050_018	g0989	0	0.006684
ENSE00001746140_001	g1136	0	0.003486
ENSE00001746140_002	g1136	0	0.026083
ENSE00001746140_003	g1136	0	0.028081
ENSE00001746804_001	g0295	0	0.003789
ENSE00001746804_002	g0295	0	0.003135
ENSE00001746804_003	g0295	0	0.006366
ENSE00001746804_004	g0295	0	0.004352
ENSE00001746804_005	g0295	0	0.004372
ENSE00001746804_006	g0295	0	0.009820
ENSE00001746804_007	g0295	0	0.020890
ENSE00001746804_008	g0295	0	0.038584
ENSE00001746804_009	g0295	0	0.017879
ENSE00001746804_010	g0295	0	0.022760
ENSE00001746804_011	g0295	0	0.017136
ENSE00001746804_012	g0295	0	0.024940
ENSE00001746804_013	g0295	0	0.047878
ENSE00001746804_015	g0295	0	0.024794
ENSE00001746804_016	g0295	0	0.056176
ENSE00001746804_017	g0295	0	0.033933
ENSE00001746804_018	g0295	0	0.018798
ENSE00001746804_019	g0295	0	0.029924
ENSE00001746804_020	g0295	0	0.056934
ENSE00001746804_021	g0295	0	0.025353
ENSE00001746804_022	g0295	0	0.011570
ENSE00001746804_023	g0295	0	0.021401
ENSE00001746804_024	g0295	0	0.007706
ENSE00001746804_025	g0295	0	0.007674
ENSE00001746804_026	g0295	0	0.013950
ENSE00001746804_027	g0295	0	0.008285
ENSE00001746804_029	g0295	0	0.007689
ENSE00001746804_031	g0295	0	0.007205
ENSE00001747277_001	g0989	0	0.003887
ENSE00001747277_002	g0989	0	0.003645
ENSE00001747277_006	g0989	0	0.005313
ENSE00001747277_009	g0989	0	0.030687
ENSE00001747277_012	g0989	0	0.059138
ENSE00001747277_015	g0989	0	0.030571
ENSE00001747277_018	g0989	0	0.040509
ENSE00001747277_019	g0989	0	0.012657
ENSE00001747277_021	g0989	0	0.010122
ENSE00001747277_022	g0989	0	0.009271
ENSE00001747277_025	g0989	0	0.005929
ENSE00001747870_001	g1196	0	0.008190
ENSE00001747870_003	g1196	0	0.012163
ENSE00001747870_004	g1196	0	0.032319
ENSE00001747870_005	g1196	0	0.079861
ENSE00001747870_007	g1196	0	0.043767
ENSE00001747870_008	g1196	0	0.081171
ENSE00001747870_009	g1196	0	0.036095
ENSE00001747870_011	g1196	0	0.117686
ENSE00001747870_013	g1196	0	0.020671
ENSE00001747870_014	g1196	0	0.037142
ENSE00001747870_015	g1196	0	0.017623
ENSE00001747870_016	g1196	0	0.021689
ENSE00001747870_017	g1196	0	0.046833
ENSE00001747870_018	g1196	0	0.016078
ENSE00001747870_019	g1196	0	0.017681
ENSE00001747870_020	g1196	0	0.024111
ENSE00001747870_022	g1196	0	0.024100
ENSE00001747870_023	g1196	0	0.013287
ENSE00001747870_024	g1196	0	0.017267
ENSE00001747870_025	g1196	0	0.013687
ENSE00001747870_026	g1196	0	0.015228
ENSE00001747870_027	g1196	0	0.019616
ENSE00001747870_028	g1196	0	0.019992
ENSE00001747870_029	g1196	0	0.018631
ENSE00001747870_030	g1196	0	0.016811
ENSE00001747870_031	g1196	0	0.015612
ENSE00001747870_032	g1196	0	0.013577
ENSE00001747870_033	g1196	0	0.098819
ENSE00001747870_034	g1196	0	0.218960
ENSE00001747870_035	g1196	0	0.018028
ENSE00001747870_036	g1196	0	0.029720
ENSE00001747870_037	g1196	0	0.012898
ENSE00001747870_038	g1196	0	0.006780
ENSE00001747870_039	g1196	0	0.011822
ENSE00001747870_040	g1196	0	0.008285
ENSE00001747870_042	g1196	0	0.004061
ENSE00001750848_001	g1202	0	0.003533
ENSE00001750848_002	g1202	0	0.003941
ENSE00001750848_006	g1202	0	0.036841
ENSE00001750848_007	g1202	0	0.018327
ENSE00001750848_009	g1202	1	0.024123
ENSE00001750848_010	g1202	0	0.013673
ENSE00001750848_011	g1202	0	0.008032
ENSE00001751160_002	g1196	0	0.035106
ENSE00001751160_003	g1196	0	0.031584
ENSE00001751160_004	g1196	1	0.024169
ENSE00001751160_005	g1196	0	0.018201
ENSE00001751160_006	g1196	0	0.030144
ENSE00001751160_008	g1196	0	0.036922
ENSE00001751160_009	g1196	0	0.032352
ENSE00001751160_010	g1196	0	0.038554
ENSE00001751160_011	g1196	0	0.027977
ENSE00001751160_012	g1196	0	0.026760
ENSE00001751160_014	g1196	0	0.025802
ENSE00001751160_015	g1196	0	0.016228
ENSE00001751160_016	g1196	1	0.017731
ENSE00001751160_018	g1196	0	0.077729
ENSE00001751160_019	g1196	0	0.008125
ENSE00001751160_020	g1196	0	0.011940
ENSE00001751163_001	g1205	0	0.007419
ENSE00001751163_003	g1205	0	0.008121
ENSE00001751163_004	g1205	1	0.011378
ENSE00001751163_005	g1205	1	0.060187
ENSE00001751163_006	g1205	0	0.032310
ENSE00001751163_007	g1205	1	0.034270
ENSE00001751163_013	g1205	0	0.017435
ENSE00001751163_015	g1205	0	0.011003
ENSE00001751163_016	g1205	0	0.018542
ENSE00001751163_018	g1205	1	0.021115
ENSE00001751163_019	g1205	1	0.027207
ENSE00001751163_022	g1205	0	0.015756
ENSE00001751163_023	g1205	1	0.015471
ENSE00001751163_024	g1205	1	0.013803
ENSE00001751163_025	g1205	1	0.016276
ENSE00001751163_026	g1205	0	0.020802
ENSE00001751163_028	g1205	0	0.018092
ENSE00001751163_029	g1205	0	0.048841
ENSE00001751163_030	g1205	1	0.781328
ENSE00001751163_031	g1205	1	0.835888
ENSE00001751163_034	g1205	0	0.005800
ENSE00001751163_035	g1205	0	0.003743
ENSE00001751835_001	g1206	0	0.003565
ENSE00001751835_006	g1206	0	0.020113
ENSE00001751835_008	g1206	0	0.029427
ENSE00001753202_001	g0989	0	0.004625
ENSE00001753202_002	g0989	0	0.003645
ENSE00001753202_003	g0989	0	0.004245
ENSE00001753202_005	g0989	0	0.003677
ENSE00001753202_006	g0989	0	0.003677
ENSE00001753202_010	g0989	0	0.004131
ENSE00001753202_012	g0989	0	0.015105
ENSE00001753202_013	g0989	0	0.010116
ENSE00001753202_014	g0989	0	0.044545
ENSE00001753202_018	g0989	0	0.175416
ENSE00001753202_019	g0989	0	0.039380
ENSE00001753202_021	g0989	0	0.038491
ENSE00001753202_024	g0989	0	0.052974
ENSE00001753202_025	g0989	1	0.055428
ENSE00001753202_026	g0989	0	0.020849
ENSE00001753202_027	g0989	0	0.006594
ENSE00001756605_007	g1209	0	0.039164
ENSE00001756605_012	g1209	0	0.034900
ENSE00001756605_019	g1209	0	0.027574
ENSE00001756605_022	g1209	0	0.022683
ENSE00001756619_002	g1210	0	0.014820
ENSE00001756619_003	g1210	0	0.016562
ENSE00001756619_004	g1210	0	0.031851
ENSE00001756619_006	g1210	0	0.085075
ENSE00001756619_009	g1210	0	0.024588
ENSE00001756619_010	g1210	0	0.021291
ENSE00001756619_012	g1210	0	0.015115
ENSE00001756619_013	g1210	0	0.019513
ENSE00001756619_014	g1210	0	0.019931
ENSE00001756619_015	g1210	0	0.041120
ENSE00001756619_018	g1210	0	0.020823
ENSE00001756619_019	g1210	0	0.027665
ENSE00001756619_020	g1210	0	0.008446
ENSE00001756619_021	g1210	0	0.003095
ENSE00001756935_001	g1211	0	0.020545
ENSE00001756935_002	g1211	0	0.011288
ENSE00001756935_003	g1211	0	0.014067
ENSE00001756935_005	g1211	0	0.024090
ENSE00001756935_007	g1211	0	0.011517
ENSE00001758231_009	g0446	0	0.019551
ENSE00001758231_010	g0446	0	0.013734
ENSE00001760884_002	g1213	1	0.004622
ENSE00001760884_003	g1213	0	0.003689
ENSE00001760884_004	g1213	0	0.009872
ENSE00001760884_005	g1213	1	0.175951
ENSE00001760884_008	g1213	0	0.016494
ENSE00001760884_011	g1213	0	0.039969
ENSE00001760884_012	g1213	0	0.021366
ENSE00001760884_014	g1213	0	0.015977
ENSE00001760884_015	g1213	0	0.021565
ENSE00001760884_017	g1213	0	0.019691
ENSE00001760884_018	g1213	0	0.014569
ENSE00001760884_019	g1213	0	0.021486
ENSE00001760884_020	g1213	0	0.024193
ENSE00001760884_021	g1213	1	0.019310
ENSE00001760884_023	g1213	0	0.012461
ENSE00001760884_024	g1213	0	0.016224
ENSE00001760884_025	g1213	0	0.011781
ENSE00001760884_026	g1213	0	0.011729
ENSE00001760884_027	g1213	0	0.016346
ENSE00001760884_028	g1213	0	0.018844
ENSE00001761497_002	g1045	0	0.003772
ENSE00001761497_003	g1045	0	0.003897
ENSE00001761497_015	g1045	0	0.038483
ENSE00001761497_023	g1045	0	0.015603
ENSE00001761497_026	g1045	1	0.019492
ENSE00001761817_002	g0989	0	0.004979
ENSE00001761817_003	g0989	0	0.005753
ENSE00001761817_004	g0989	0	0.003441
ENSE00001761817_005	g0989	0	0.003441
ENSE00001761817_006	g0989	1	0.642172
ENSE00001761817_007	g0989	0	0.018433
ENSE00001761817_008	g0989	0	0.030732
ENSE00001761817_009	g0989	0	0.026478
ENSE00001761817_010	g0989	1	0.033134
ENSE00001761817_011	g0989	0	0.017494
ENSE00001761817_013	g0989	0	0.017613
ENSE00001761817_014	g0989	1	0.181636
ENSE00001761817_015	g0989	0	0.021017
ENSE00001761817_017	g0989	0	0.015929
ENSE00001761817_019	g0989	0	0.027111
ENSE00001761817_020	g0989	0	0.013067
ENSE00001761817_021	g0989	0	0.020022
ENSE00001761817_022	g0989	0	0.008627
ENSE00001765217_003	g1218	0	0.012391
ENSE00001765217_005	g1218	0	0.027598
ENSE00001767172_012	g1219	0	0.024507
ENSE00001767172_013	g1219	0	0.021142
ENSE00001767172_015	g1219	0	0.028400
ENSE00001768118_001	g1221	0	0.003780
ENSE00001768118_002	g1221	0	0.003424
ENSE00001768118_003	g1221	0	0.003583
ENSE00001768118_006	g1221	0	0.047236
ENSE00001768118_009	g1221	0	0.054332
ENSE00001768118_012	g1221	0	0.077325
ENSE00001768118_014	g1221	1	0.202932
ENSE00001768118_016	g1221	0	0.063150
ENSE00001768118_017	g1221	0	0.033955
ENSE00001768118_018	g1221	1	0.154624
ENSE00001768118_019	g1221	1	0.354400
ENSE00001768118_021	g1221	0	0.050239
ENSE00001768118_022	g1221	0	0.049173
ENSE00001768118_023	g1221	0	0.033107
ENSE00001768118_025	g1221	0	0.067595
ENSE00001768118_027	g1221	0	0.008889
ENSE00001774521_013	g0477	0	0.024696
ENSE00001774521_019	g0477	0	0.013297
ENSE00001775517_003	g1230	0	0.003541
ENSE00001775517_005	g1230	0	0.003715
ENSE00001775517_008	g1230	0	0.003658
ENSE00001775517_009	g1230	0	0.016823
ENSE00001775517_016	g1230	0	0.014760
ENSE00001775517_020	g1230	0	0.020248
ENSE00001775517_027	g1230	0	0.006915
ENSE00001776272_003	g1233	0	0.007766
ENSE00001776272_006	g1233	0	0.004637
ENSE00001776272_009	g1233	0	0.003715
ENSE00001776272_010	g1233	0	0.003685
ENSE00001776272_011	g1233	0	0.003893
ENSE00001776272_013	g1233	0	0.027625
ENSE00001776272_014	g1233	0	0.022326
ENSE00001776272_015	g1233	0	0.023354
ENSE00001776272_018	g1233	0	0.033998
ENSE00001776272_019	g1233	0	0.031284
ENSE00001776272_021	g1233	0	0.016069
ENSE00001776970_001	g1235	0	0.008505
ENSE00001776970_003	g1235	1	0.020834
ENSE00001776970_004	g1235	0	0.013014
ENSE00001776970_006	g1235	0	0.018119
ENSE00001776970_009	g1235	0	0.034392
ENSE00001776970_010	g1235	0	0.015158
ENSE00001776970_014	g1235	0	0.016412
ENSE00001776970_016	g1235	0	0.015504
ENSE00001776970_017	g1235	0	0.015095
ENSE00001776970_018	g1235	0	0.046042
ENSE00001776970_019	g1235	0	0.004795
ENSE00001776970_020	g1235	0	0.005010
ENSE00001776970_021	g1235	0	0.005130
ENSE00001776970_022	g1235	0	0.003223
ENSE00001778245_001	g0989	0	0.004177
ENSE00001778245_002	g0989	0	0.004968
ENSE00001778245_004	g0989	0	0.003954
ENSE00001778245_007	g0989	0	0.140230
ENSE00001778245_010	g0989	0	0.037740
ENSE00001778245_012	g0989	0	0.033743
ENSE00001778245_013	g0989	0	0.047113
ENSE00001778245_018	g0989	0	0.193943
ENSE00001778245_019	g0989	0	0.189299
ENSE00001778245_021	g0989	0	0.008211
ENSE00001778387_001	g0786	0	0.004347
ENSE00001778387_003	g0786	0	0.013006
ENSE00001778387_004	g0786	0	0.032265
ENSE00001778387_006	g0786	0	0.017131
ENSE00001778387_007	g0786	0	0.020636
ENSE00001778387_008	g0786	0	0.016716
ENSE00001778387_009	g0786	0	0.019595
ENSE00001778387_010	g0786	0	0.018122
ENSE00001778387_012	g0786	0	0.040634
ENSE00001778387_013	g0786	0	0.015549
ENSE00001778387_015	g0786	0	0.016368
ENSE00001779638_003	g1239	0	0.191098
ENSE00001779638_008	g1239	0	0.022870
ENSE00001779638_010	g1239	0	0.025543
ENSE00001779638_017	g1239	0	0.022115
ENSE00001779638_020	g1239	0	0.033567
ENSE00001779638_021	g1239	0	0.011957
ENSE00001779638_025	g1239	0	0.020002
ENSE00001780748_001	g1240	0	0.008080
ENSE00001780748_002	g1240	0	0.006554
ENSE00001780748_004	g1240	0	0.011588
ENSE00001780748_006	g1240	0	0.033730
ENSE00001780748_009	g1240	0	0.045153
ENSE00001780748_010	g1240	0	0.091712
ENSE00001780748_015	g1240	0	0.034345
ENSE00001780748_017	g1240	0	0.024633
ENSE00001780748_020	g1240	1	0.766159
ENSE00001780748_021	g1240	0	0.051662
ENSE00001780748_023	g1240	0	0.005609
ENSE00001780748_024	g1240	0	0.004169
ENSE00001781541_001	g1242	0	0.005809
ENSE00001781541_002	g1242	0	0.005715
ENSE00001781541_003	g1242	0	0.005445
ENSE00001781541_004	g1242	0	0.036054
ENSE00001781541_005	g1242	0	0.043427
ENSE00001781541_006	g1242	0	0.043254
ENSE00001781541_007	g1242	0	0.012599
ENSE00001781541_008	g1242	0	0.052780
ENSE00001781541_009	g1242	0	0.045823
ENSE00001781541_010	g1242	0	0.032631
ENSE00001781541_011	g1242	0	0.033626
ENSE00001781541_012	g1242	0	0.024275
ENSE00001781541_014	g1242	0	0.029613
ENSE00001781541_016	g1242	0	0.033491
ENSE00001781541_017	g1242	0	0.031513
ENSE00001781541_019	g1242	0	0.046016
ENSE00001781541_020	g1242	0	0.035692
ENSE00001781541_023	g1242	0	0.019300
ENSE00001781541_024	g1242	0	0.018101
ENSE00001781541_026	g1242	0	0.005989
ENSE00001781541_027	g1242	0	0.006611
ENSE00001781541_029	g1242	0	0.007058
ENSE00001781541_030	g1242	0	0.004996
ENSE00001781541_031	g1242	0	0.003389
ENSE00001783324_001	g1243	0	0.010473
ENSE00001783324_005	g1243	0	0.027804
ENSE00001787987_001	g0477	0	0.445690
ENSE00001787987_002	g0477	0	0.017253
ENSE00001787987_003	g0477	0	0.023428
ENSE00001787987_004	g0477	0	0.024293
ENSE00001787987_005	g0477	0	0.022444
ENSE00001787987_006	g0477	0	0.062278
ENSE00001787987_007	g0477	0	0.028967
ENSE00001787987_009	g0477	0	0.019572
ENSE00001787987_010	g0477	0	0.025563
ENSE00001787987_012	g0477	0	0.016132
ENSE00001787987_013	g0477	0	0.015164
ENSE00001787987_014	g0477	0	0.008166
ENSE00001787987_015	g0477	0	0.015389
ENSE00001788956_001	g0989	0	0.006296
ENSE00001788956_002	g0989	0	0.003972
ENSE00001788956_003	g0989	0	0.006536
ENSE00001788956_004	g0989	0	0.007573
ENSE00001788956_005	g0989	0	0.003924
ENSE00001788956_007	g0989	0	0.014152
ENSE00001788956_009	g0989	0	0.024536
ENSE00001788956_010	g0989	0	0.028359
ENSE00001788956_011	g0989	0	0.049122
ENSE00001788956_014	g0989	0	0.020113
ENSE00001788956_015	g0989	0	0.057111
ENSE00001788956_016	g0989	0	0.016344
ENSE00001788956_017	g0989	0	0.021646
ENSE00001788956_018	g0989	0	0.009166
ENSE00001788956_019	g0989	0	0.005973
ENSE00001790785_001	g1247	0	0.013885
ENSE00001790785_002	g1247	0	0.011034
ENSE00001790785_003	g1247	0	0.013072
ENSE00001790785_004	g1247	0	0.023956
ENSE00001790785_005	g1247	0	0.029491
ENSE00001790785_006	g1247	0	0.032081
ENSE00001790785_007	g1247	0	0.054284
ENSE00001790785_008	g1247	0	0.025809
ENSE00001790785_010	g1247	0	0.025498
ENSE00001790785_011	g1247	0	0.025114
ENSE00001790785_014	g1247	0	0.025404
ENSE00001798716_002	g1251	0	0.015484
ENSE00001798716_008	g1251	0	0.073607
ENSE00001798716_009	g1251	0	0.037027
ENSE00001798716_010	g1251	0	0.025670
ENSE00001798716_011	g1251	0	0.060896
ENSE00001798716_013	g1251	0	0.020696
ENSE00001798716_015	g1251	0	0.013275
ENSE00001798716_016	g1251	0	0.024330
ENSE00001798716_017	g1251	0	0.019869
ENSE00001798716_018	g1251	0	0.023116
ENSE00001798716_020	g1251	0	0.313213
ENSE00001798716_021	g1251	0	0.007422
ENSE00001798716_023	g1251	0	0.004305
ENSE00001800310_001	g1252	0	0.004324
ENSE00001800310_002	g1252	0	0.003623
ENSE00001800310_003	g1252	0	0.007279
ENSE00001800310_005	g1252	0	0.022015
ENSE00001800310_006	g1252	0	0.015625
ENSE00001800310_007	g1252	0	0.025123
ENSE00001800310_008	g1252	0	0.056438
ENSE00001800310_009	g1252	0	0.127879
ENSE00001800310_010	g1252	0	0.024678
ENSE00001800310_011	g1252	0	0.012984
ENSE00001800310_013	g1252	0	0.018159
ENSE00001800310_014	g1252	0	0.016772
ENSE00001800310_015	g1252	0	0.027091
ENSE00001800310_016	g1252	0	0.035892
ENSE00001800310_018	g1252	0	0.025954
ENSE00001800310_019	g1252	0	0.037049
ENSE00001800310_022	g1252	0	0.017567
ENSE00001800310_023	g1252	0	0.018041
ENSE00001804656_002	g1256	0	0.005916
ENSE00001804656_007	g1256	0	0.039679
ENSE00001804656_009	g1256	0	0.016766
ENSE00001804656_011	g1256	0	0.019958
ENSE00001804656_016	g1256	0	0.038898
ENSE00001804656_017	g1256	0	0.024359
ENSE00001804656_020	g1256	0	0.025518
ENSE00001804656_024	g1256	0	0.026028
ENSE00001804656_025	g1256	0	0.024463
ENSE00001804656_028	g1256	0	0.040930
ENSE00001804656_029	g1256	0	0.024980
ENSE00001804656_037	g1256	0	0.025891
ENSE00001804977_003	g1257	0	0.007663
ENSE00001804977_004	g1257	0	0.008557
ENSE00001804977_005	g1257	0	0.012454
ENSE00001804977_006	g1257	0	0.009355
ENSE00001804977_008	g1257	0	0.070394
ENSE00001804977_009	g1257	0	0.089798
ENSE00001804977_010	g1257	0	0.075539
ENSE00001804977_011	g1257	0	0.066261
ENSE00001804977_014	g1257	0	0.033995
ENSE00001804977_015	g1257	0	0.020519
ENSE00001804977_016	g1257	0	0.015475
ENSE00001804977_017	g1257	0	0.022181
ENSE00001804977_022	g1257	0	0.010289
ENSE00001804977_024	g1257	0	0.007116
ENSE00001804977_025	g1257	0	0.004624
ENSE00001805855_003	g0747	0	0.018240
ENSE00001805855_008	g0747	0	0.030753
ENSE00001805855_010	g0747	1	0.054394
ENSE00001805855_011	g0747	0	0.017410
ENSE00001805855_014	g0747	1	0.013038
ENSE00001805855_015	g0747	1	0.007630
ENSE00001965627_001	g1258	0	0.009761
ENSE00001965627_002	g1258	0	0.012983
ENSE00001965627_003	g1258	0	0.010250
ENSE00001965627_004	g1258	0	0.014107
ENSE00001965627_005	g1258	0	0.024077
ENSE00001965627_006	g1258	0	0.026575
ENSE00001965627_008	g1258	0	0.041746
ENSE00001965627_009	g1258	0	0.058942
ENSE00001965627_010	g1258	0	0.023140
ENSE00001965627_011	g1258	0	0.011807
ENSE00001965627_012	g1258	0	0.015638
ENSE00001965627_013	g1258	0	0.013364
ENSE00001965627_015	g1258	0	0.005419
ENSE00001965627_016	g1258	0	0.005686
ENSE00001965627_017	g1258	0	0.003692
ENSE00001965627_018	g1258	0	0.004068
ENSE00001965627_019	g1258	0	0.005662
ENSE00001965627_020	g1258	0	0.003891
ENSE00002087838_001	g1265	0	0.002973
ENSE00002087838_002	g1265	0	0.022803
ENSE00002087838_006	g1265	0	0.035032
ENSE00002087838_008	g1265	0	0.035350
ENSE00002087838_009	g1265	0	0.013425
ENSE00002087838_011	g1265	0	0.016251
ENSE00002108329_002	g1266	0	0.003471
ENSE00002108329_003	g1266	0	0.054087
ENSE00002108329_004	g1266	0	0.014412
ENSE00002108329_007	g1266	0	0.019955
ENSE00002108329_008	g1266	0	0.018564
ENSE00002108329_010	g1266	0	0.025210
ENSE00002108329_016	g1266	0	0.015123
ENSE00002108329_017	g1266	0	0.005013
ENSE00002171872_003	g1268	0	0.006618
ENSE00002171872_008	g1268	0	0.013580
ENSE00002171872_009	g1268	0	0.012082
ENSE00002171872_010	g1268	1	0.519949
ENSE00002171872_013	g1268	0	0.007096
ENSE00002178626_001	g1270	0	0.014411
ENSE00002178626_002	g1270	0	0.016849
ENSE00002178626_003	g1270	0	0.014087
ENSE00002178626_004	g1270	0	0.031143
ENSE00002178626_005	g1270	0	0.018340
ENSE00002178626_006	g1270	0	0.061823
ENSE00002178626_007	g1270	0	0.036991
ENSE00002178626_008	g1270	0	0.028304
ENSE00002178626_009	g1270	0	0.024901
ENSE00002178626_010	g1270	0	0.026917
ENSE00002178626_011	g1270	0	0.016231
ENSE00002178626_012	g1270	0	0.019886
ENSE00002178626_014	g1270	0	0.018177
ENSE00002178626_015	g1270	0	0.015659
ENSE00002178626_017	g1270	0	0.019834
ENSE00002178626_019	g1270	0	0.028703
ENSE00002178626_022	g1270	0	0.018797
ENSE00002178626_024	g1270	0	0.022528
ENSE00002178626_025	g1270	0	0.023711
ENSE00002178626_026	g1270	0	0.042352
ENSE00002178626_027	g1270	0	0.006342
ENSE00002178626_028	g1270	0	0.008473
ENSE00002178626_030	g1270	0	0.010362
ENSE00002212809_002	g1277	0	0.006155
ENSE00002212809_006	g1277	0	0.004272
ENSE00002212809_007	g1277	0	0.010474
ENSE00002212809_009	g1277	0	0.011885
ENSE00002212809_012	g1277	0	0.017792
ENSE00002212809_013	g1277	0	0.016063
ENSE00002212809_015	g1277	0	0.042834
ENSE00002212809_016	g1277	0	0.034460
ENSE00002212809_018	g1277	0	0.017777
ENSE00002212809_019	g1277	1	0.018362
ENSE00002212809_024	g1277	0	0.028069
ENSE00002212809_026	g1277	0	0.014189
ENSE00002212809_028	g1277	0	0.020325
ENSE00002214498_001	g0167	0	0.007097
ENSE00002214498_002	g0167	0	0.016009
ENSE00002214498_004	g0167	0	0.013406
ENSE00002214498_005	g0167	0	0.016072
ENSE00002214498_006	g0167	0	0.197872
ENSE00002214498_008	g0167	0	0.040598
ENSE00002214498_009	g0167	0	0.026581
ENSE00002214498_011	g0167	0	0.038320
ENSE00002214498_012	g0167	0	0.051770
ENSE00002214498_014	g0167	0	0.042888
ENSE00002214498_016	g0167	0	0.096390
ENSE00002214498_017	g0167	0	0.037808
ENSE00002214498_020	g0167	0	0.034097
ENSE00002214498_021	g0167	0	0.021507
ENSE00002214498_022	g0167	0	0.027818
ENSE00002214498_023	g0167	0	0.011721
ENSE00002214621_013	g0798	0	0.058749
ENSE00002214621_021	g0798	0	0.007353
ENSE00002214621_024	g0798	0	0.003496
ENSE00002214621_031	g0798	0	0.003856
ENSE00002214621_033	g0798	0	0.004774
ENSE00002215495_002	g1279	0	0.020589
ENSE00002215495_003	g1279	0	0.027515
ENSE00002215495_004	g1279	0	0.044533
ENSE00002215495_006	g1279	0	0.043268
ENSE00002215495_008	g1279	0	0.017010
ENSE00002215495_010	g1279	0	0.020242
ENSE00002217270_004	g1280	0	0.012807
ENSE00002217270_018	g1280	0	0.006085
ENSE00002217270_020	g1280	0	0.006973
ENSE00002218022_003	g1281	0	0.005325
ENSE00002218022_006	g1281	0	0.013284
ENSE00002218022_007	g1281	0	0.019157
ENSE00002218022_009	g1281	0	0.013421
ENSE00002218022_010	g1281	0	0.016478
ENSE00002218022_011	g1281	0	0.144971
ENSE00002218022_012	g1281	0	0.040031
ENSE00002218022_013	g1281	0	0.042319
ENSE00002218022_014	g1281	0	0.018667
ENSE00002218022_015	g1281	0	0.025733
ENSE00002218022_016	g1281	0	0.030338
ENSE00002218022_018	g1281	0	0.020277
ENSE00002218022_020	g1281	0	0.032330
ENSE00002218022_023	g1281	0	0.038810
ENSE00002218022_026	g1281	0	0.019240
ENSE00002218022_028	g1281	0	0.004627
ENSE00002218022_029	g1281	0	0.004066
ENSE00002218022_030	g1281	0	0.004107
ENSE00002234720_001	g1287	0	0.003683
ENSE00002234720_003	g1287	0	0.004549
ENSE00002234720_004	g1287	0	0.006628
ENSE00002234720_005	g1287	0	0.004671
ENSE00002234720_006	g1287	0	0.406956
ENSE00002234720_007	g1287	0	0.022869
ENSE00002234720_008	g1287	0	0.021469
ENSE00002234720_009	g1287	0	0.026476
ENSE00002234720_010	g1287	0	0.052883
ENSE00002234720_011	g1287	0	0.021202
ENSE00002234720_012	g1287	0	0.015713
ENSE00002234720_013	g1287	0	0.057911
ENSE00002234720_014	g1287	0	0.021889
ENSE00002234720_015	g1287	0	0.078807
ENSE00002234720_016	g1287	0	0.077833
ENSE00002234720_017	g1287	0	0.068118
ENSE00002234720_018	g1287	0	0.051846
ENSE00002234720_019	g1287	0	0.041058
ENSE00002234720_020	g1287	0	0.056900
ENSE00002234720_022	g1287	0	0.010750
ENSE00002234720_023	g1287	0	0.006371
ENSE00002234720_024	g1287	0	0.011592
ENSE00002239615_001	g1279	0	0.012526
ENSE00002239615_008	g1279	0	0.018650
ENSE00002239615_009	g1279	0	0.027287
ENSE00002239615_014	g1279	0	0.022158
ENSE00002239615_015	g1279	0	0.005008
ENSE00002239615_016	g1279	0	0.004385
ENSE00002239615_018	g1279	0	0.011912
ENSE00002244455_007	g1290	0	0.021553
ENSE00002244455_008	g1290	0	0.020678
ENSE00002244455_009	g1290	0	0.019350
ENSE00002244455_010	g1290	0	0.023617
ENSE00002244455_011	g1290	0	0.023313
ENSE00002244455_013	g1290	1	0.028205
ENSE00002244455_014	g1290	0	0.016910
ENSE00002244455_018	g1290	0	0.007848
ENSE00002244455_019	g1290	0	0.007142
ENSE00002244455_020	g1290	0	0.005076
ENSE00002244455_021	g1290	0	0.005179
ENSE00002270312_001	g1292	0	0.004298
ENSE00002270312_002	g1292	0	0.003697
ENSE00002270312_003	g1292	0	0.015398
ENSE00002270312_004	g1292	0	0.012975
ENSE00002270312_006	g1292	0	0.023968
ENSE00002270312_007	g1292	0	0.033839
ENSE00002270312_009	g1292	0	0.018084
ENSE00002270312_010	g1292	0	0.004624
ENSE00002270312_011	g1292	0	0.003445
ENSE00002275313_002	g1294	0	0.005221
ENSE00002275313_003	g1294	0	0.008332
ENSE00002275313_004	g1294	0	0.022326
ENSE00002275313_012	g1294	0	0.020137
ENSE00002275313_019	g1294	0	0.017269
ENSE00002275313_020	g1294	0	0.019452
ENSE00002275313_024	g1294	0	0.006307
ENSE00002278274_001	g1298	0	0.003412
ENSE00002278274_002	g1298	0	0.005282
ENSE00002278274_004	g1298	0	0.017304
ENSE00002278274_005	g1298	0	0.020424
ENSE00002278274_006	g1298	0	0.071036
ENSE00002278274_007	g1298	0	0.030212
ENSE00002278274_008	g1298	0	0.023347
ENSE00002278274_009	g1298	0	0.016013
ENSE00002278274_010	g1298	0	0.019877
ENSE00002278274_011	g1298	0	0.016313
ENSE00002278274_012	g1298	0	0.019977
ENSE00002278274_014	g1298	0	0.032623
ENSE00002278274_015	g1298	0	0.021629
ENSE00002278274_016	g1298	0	0.100596
ENSE00002278274_017	g1298	0	0.107180
ENSE00002278274_018	g1298	0	0.060962
ENSE00002278274_021	g1298	0	0.027319
ENSE00002278274_022	g1298	0	0.012889
ENSE00002278274_023	g1298	0	0.009969
ENSE00002281957_002	g1300	0	0.005412
ENSE00002281957_007	g1300	0	0.028961
ENSE00002281957_014	g1300	0	0.037631
ENSE00002281957_015	g1300	1	0.029045
ENSE00002282659_004	g1302	0	0.028347
ENSE00002282659_005	g1302	0	0.023048
ENSE00002282659_006	g1302	0	0.031240
ENSE00002282659_008	g1302	0	0.030069
ENSE00002282659_012	g1302	0	0.036908
ENSE00002282659_013	g1302	0	0.025205
ENSE00002282659_019	g1302	0	0.028910
ENSE00002282659_022	g1302	0	0.016368
ENSE00002282659_023	g1302	0	0.019592
ENSE00002282659_028	g1302	0	0.041539
ENSE00002282659_030	g1302	0	0.016362
ENSE00002282659_031	g1302	0	0.014558
ENSE00002282659_033	g1302	0	0.028941
ENSE00002282659_034	g1302	0	0.029378
ENSE00002282659_035	g1302	0	0.024743
ENSE00002282659_038	g1302	0	0.021998
ENSE00002282659_039	g1302	0	0.019387
ENSE00002282659_041	g1302	0	0.058728
ENSE00002282659_043	g1302	0	0.056811
ENSE00002282659_044	g1302	0	0.055267
ENSE00002282659_046	g1302	0	0.058321
ENSE00002282659_050	g1302	0	0.051961
ENSE00002284279_001	g1304	0	0.006912
ENSE00002284279_002	g1304	0	0.011278
ENSE00002284279_004	g1304	0	0.028622
ENSE00002284279_005	g1304	0	0.019433
ENSE00002284279_006	g1304	0	0.038930
ENSE00002284279_009	g1304	0	0.029288
ENSE00002284279_014	g1304	0	0.029355
ENSE00002284279_015	g1304	0	0.033937
ENSE00002284279_016	g1304	0	0.043101
ENSE00002284279_018	g1304	0	0.007138
ENSE00002284279_019	g1304	0	0.003610
ENSE00002287176_002	g1305	0	0.008049
ENSE00002287176_003	g1305	0	0.005722
ENSE00002287176_004	g1305	0	0.003412
ENSE00002287176_005	g1305	0	0.008254
ENSE00002287176_006	g1305	0	0.003166
ENSE00002287176_007	g1305	0	0.003534
ENSE00002287176_010	g1305	0	0.104019
ENSE00002287176_011	g1305	0	0.015407
ENSE00002287176_012	g1305	0	0.020523
ENSE00002287176_013	g1305	0	0.019666
ENSE00002287176_016	g1305	0	0.014455
ENSE00002287176_019	g1305	0	0.019921
ENSE00002287176_020	g1305	0	0.071499
ENSE00002287176_022	g1305	0	0.014774
ENSE00002287176_024	g1305	0	0.015867
ENSE00002287176_026	g1305	0	0.007832
ENSE00002291630_006	g1300	0	0.019035
ENSE00002291630_008	g1300	0	0.108869
ENSE00002291630_009	g1300	0	0.028524
ENSE00002291630_013	g1300	0	0.025055
ENSE00002291630_015	g1300	0	0.020014
ENSE00002291630_019	g1300	0	0.006287
ENSE00002291630_022	g1300	0	0.003580
ENSE00002296409_004	g1307	0	0.015306
ENSE00002296409_005	g1307	0	0.041236
ENSE00002296409_008	g1307	0	0.017382
ENSE00002296409_028	g1307	0	0.004984
ENSE00002296409_030	g1307	0	0.003051
ENSE00002308659_005	g1314	0	0.068352
ENSE00002308659_006	g1314	0	0.033234
ENSE00002308659_007	g1314	0	0.031387
ENSE00002308659_012	g1314	0	0.025182
ENSE00002308659_014	g1314	0	0.027519
ENSE00002308659_015	g1314	0	0.018167
ENSE00002308659_017	g1314	0	0.050361
ENSE00002308659_018	g1314	0	0.089153
ENSE00002308659_020	g1314	0	0.009006
ENSE00002308659_021	g1314	0	0.003633
ENSE00002310311_002	g1315	0	0.004085
ENSE00002310311_003	g1315	0	0.003901
ENSE00002310311_004	g1315	0	0.019474
ENSE00002310311_005	g1315	0	0.031911
ENSE00002310311_007	g1315	0	0.047962
ENSE00002310311_008	g1315	0	0.070133
ENSE00002310311_009	g1315	0	0.015935
ENSE00002310311_010	g1315	0	0.028209
ENSE00002310311_011	g1315	0	0.015328
ENSE00002310311_012	g1315	0	0.013012
ENSE00002310311_013	g1315	0	0.047351
ENSE00002310311_014	g1315	0	0.031694
ENSE00002312953_001	g1279	0	0.013630
ENSE00002312953_002	g1279	0	0.010513
ENSE00002312953_004	g1279	0	0.011470
ENSE00002312953_005	g1279	0	0.049091
ENSE00002312953_006	g1279	0	0.026424
ENSE00002312953_007	g1279	0	0.024728
ENSE00002312953_008	g1279	0	0.014250
ENSE00002312953_010	g1279	0	0.024867
ENSE00002312953_011	g1279	0	0.025914
ENSE00002312953_013	g1279	0	0.007805
ENSE00002312953_014	g1279	0	0.004184
ENSE00002312953_015	g1279	0	0.003908
ENSE00002312953_016	g1279	0	0.003908
ENSE00002315097_001	g1287	0	0.004044
ENSE00002315097_002	g1287	0	0.004127
ENSE00002315097_003	g1287	0	0.004163
ENSE00002315097_004	g1287	0	0.023263
ENSE00002315097_006	g1287	0	0.022655
ENSE00002315097_007	g1287	0	0.022079
ENSE00002315097_008	g1287	0	0.017675
ENSE00002315097_009	g1287	0	0.023314
ENSE00002315097_011	g1287	0	0.020551
ENSE00002315097_012	g1287	0	0.027509
ENSE00002315097_016	g1287	0	0.039310
ENSE00002315097_017	g1287	0	0.106034
ENSE00002315097_019	g1287	0	0.015237
ENSE00002315097_020	g1287	0	0.007134
ENSE00002315097_021	g1287	0	0.010554
ENSE00002316035_001	g1319	0	0.005121
ENSE00002316035_002	g1319	0	0.008985
ENSE00002316035_003	g1319	0	0.008842
ENSE00002316035_004	g1319	0	0.049080
ENSE00002316035_005	g1319	1	0.057204
ENSE00002316035_006	g1319	0	0.034477
ENSE00002316035_007	g1319	0	0.024025
ENSE00002316035_008	g1319	0	0.013619
ENSE00002316035_009	g1319	0	0.019025
ENSE00002316035_010	g1319	0	0.013863
ENSE00002316035_012	g1319	1	0.020758
ENSE00002316035_013	g1319	0	0.017770
ENSE00002316035_014	g1319	1	0.018102
ENSE00002316035_015	g1319	0	0.014424
ENSE00002316035_016	g1319	1	0.016630
ENSE00002316035_018	g1319	0	0.016293
ENSE00002316035_020	g1319	0	0.004854
ENSE00002325120_001	g1323	0	0.004264
ENSE00002325120_003	g1323	0	0.009859
ENSE00002325120_006	g1323	0	0.003759
ENSE00002325120_008	g1323	0	0.020644
ENSE00002325120_009	g1323	0	0.023394
ENSE00002325120_013	g1323	0	0.040260
ENSE00002325120_014	g1323	0	0.020280
ENSE00002325120_015	g1323	0	0.020682
ENSE00002325120_016	g1323	0	0.012955
ENSE00002325120_018	g1323	0	0.019838
ENSE00002325120_019	g1323	0	0.014204
ENSE00002325120_020	g1323	0	0.008643
ENSE00002325120_021	g1323	0	0.008757
ENSE00002325120_022	g1323	0	0.016807
ENSE00002325517_001	g1265	0	0.006973
ENSE00002325517_002	g1265	0	0.003705
ENSE00002325517_004	g1265	0	0.004741
ENSE00002325517_005	g1265	0	0.005414
ENSE00002325517_006	g1265	0	0.004415
ENSE00002325517_007	g1265	0	0.003800
ENSE00002325517_008	g1265	0	0.004388
ENSE00002325517_009	g1265	0	0.010878
ENSE00002325517_010	g1265	0	0.018406
ENSE00002325517_012	g1265	0	0.053550
ENSE00002325517_013	g1265	0	0.020758
ENSE00002325517_014	g1265	0	0.019934
ENSE00002325517_016	g1265	0	0.035122
ENSE00002325517_017	g1265	0	0.027920
ENSE00002325517_018	g1265	0	0.017804
ENSE00002325517_019	g1265	0	0.079556
ENSE00002325517_020	g1265	0	0.019571
ENSE00002325517_021	g1265	0	0.016071
ENSE00002325517_023	g1265	0	0.010992
ENSE00002325517_024	g1265	0	0.010138
ENSE00002325517_025	g1265	0	0.007531
ENSE00002325517_026	g1265	0	0.016118
ENSE00002327016_001	g1327	0	0.004867
ENSE00002327016_002	g1327	0	0.008264
ENSE00002327016_004	g1327	0	0.020954
ENSE00002327016_005	g1327	0	0.018785
ENSE00002327016_006	g1327	0	0.043872
ENSE00002327016_007	g1327	0	0.032076
ENSE00002327016_008	g1327	0	0.035261
ENSE00002327016_010	g1327	0	0.018199
ENSE00002327016_011	g1327	0	0.045014
ENSE00002327016_012	g1327	0	0.022715
ENSE00002327016_013	g1327	0	0.021855
ENSE00002327016_014	g1327	0	0.022702
ENSE00002327016_015	g1327	0	0.288030
ENSE00002327016_016	g1327	0	0.099196
ENSE00002327016_017	g1327	0	0.046669
ENSE00002328082_001	g1328	0	0.006445
ENSE00002328082_002	g1328	0	0.013949
ENSE00002328082_003	g1328	0	0.021245
ENSE00002328082_004	g1328	0	0.035658
ENSE00002328082_005	g1328	0	0.015580
ENSE00002328082_006	g1328	0	0.011281
ENSE00002328082_007	g1328	0	0.015989
ENSE00002328082_008	g1328	0	0.006412
ENSE00002328082_010	g1328	0	0.006602
ENSE00002328082_011	g1328	0	0.003979
ENSE00002328107_001	g1329	0	0.004659
ENSE00002328107_002	g1329	0	0.095714
ENSE00002328107_003	g1329	0	0.081374
ENSE00002328107_004	g1329	0	0.020209
ENSE00002328107_006	g1329	0	0.015827
ENSE00002328107_007	g1329	1	0.022876
ENSE00002328107_008	g1329	0	0.030725
ENSE00002328107_013	g1329	0	0.036919
ENSE00002328107_014	g1329	0	0.019281
ENSE00002328107_015	g1329	0	0.018290
ENSE00002328107_016	g1329	0	0.017176
ENSE00002328107_018	g1329	0	0.012740
ENSE00002328107_019	g1329	0	0.027088
ENSE00002328107_021	g1329	0	0.008556
ENSE00002329164_001	g1332	0	0.012196
ENSE00002329164_002	g1332	0	0.015407
ENSE00002329164_003	g1332	0	0.010689
ENSE00002329164_005	g1332	0	0.106896
ENSE00002329164_006	g1332	0	0.039474
ENSE00002329164_007	g1332	0	0.024415
ENSE00002329164_008	g1332	0	0.025541
ENSE00002329164_009	g1332	0	0.042144
ENSE00002329164_010	g1332	0	0.022009
ENSE00002329164_011	g1332	0	0.120203
ENSE00002329164_012	g1332	0	0.012693
ENSE00002329164_013	g1332	0	0.004583
ENSE00002329164_014	g1332	0	0.006692
ENSE00002329164_015	g1332	0	0.003992
ENSE00002330674_002	g1339	0	0.008644
ENSE00002330674_003	g1339	0	0.010609
ENSE00002330674_005	g1339	0	0.059021
ENSE00002330674_009	g1339	0	0.026684
ENSE00002330674_015	g1339	0	0.030062
ENSE00002331924_001	g0773	0	0.006673
ENSE00002331924_002	g0773	0	0.025658
ENSE00002331924_003	g0773	0	0.024260
ENSE00002331924_004	g0773	0	0.019076
ENSE00002331924_005	g0773	0	0.025006
ENSE00002331924_006	g0773	0	0.023925
ENSE00002331924_008	g0773	0	0.013568
ENSE00002331924_009	g0773	0	0.010674
ENSE00002331924_010	g0773	0	0.010312
ENSE00002331924_011	g0773	0	0.011333
ENSE00002331924_013	g0773	0	0.013993
ENSE00002331924_014	g0773	0	0.023204
ENSE00002331924_015	g0773	0	0.024837
ENSE00002331924_016	g0773	0	0.035616
ENSE00002331924_018	g0773	0	0.023410
ENSE00002331924_019	g0773	0	0.029950
ENSE00002331924_020	g0773	0	0.017642
ENSE00002331924_021	g0773	0	0.023878
ENSE00002331924_022	g0773	0	0.035440
ENSE00002331924_024	g0773	0	0.015636
ENSE00002331924_025	g0773	0	0.062674
ENSE00002331924_026	g0773	0	0.009593
ENSE00002331924_027	g0773	0	0.018780
ENSE00002332792_002	g1346	0	0.003659
ENSE00002332792_003	g1346	0	0.004902
ENSE00002332792_008	g1346	0	0.019057
ENSE00002332792_011	g1346	0	0.037260
ENSE00002332792_012	g1346	0	0.028883
ENSE00002332792_015	g1346	0	0.119975
ENSE00002332792_016	g1346	0	0.013085
ENSE00002332792_019	g1346	0	0.005524
ENSE00002333772_018	g1350	0	0.015462
ENSE00002334398_003	g1351	0	0.007923
ENSE00002334398_011	g1351	0	0.025044
ENSE00002334398_015	g1351	0	0.060919
ENSE00002334398_028	g1351	0	0.003251
ENSE00002335404_001	g0272	0	0.003238
ENSE00002335404_002	g0272	0	0.004104
ENSE00002335404_003	g0272	0	0.004382
ENSE00002335404_004	g0272	0	0.006403
ENSE00002335404_005	g0272	0	0.044938
ENSE00002335404_006	g0272	0	0.018240
ENSE00002335404_007	g0272	0	0.023678
ENSE00002335404_008	g0272	0	0.028637
ENSE00002335404_009	g0272	0	0.033375
ENSE00002335404_010	g0272	0	0.038557
ENSE00002335404_011	g0272	0	0.066467
ENSE00002335404_012	g0272	0	0.030886
ENSE00002335404_014	g0272	0	0.037170
ENSE00002335404_015	g0272	0	0.037531
ENSE00002335404_016	g0272	0	0.016366
ENSE00002335404_018	g0272	0	0.030302
ENSE00002335404_019	g0272	0	0.020971
ENSE00002335404_020	g0272	0	0.016150
ENSE00002337228_001	g1354	0	0.013895
ENSE00002337228_004	g1354	0	0.020741
ENSE00002337228_005	g1354	0	0.083403
ENSE00002337228_007	g1354	0	0.065138
ENSE00002337228_008	g1354	0	0.024151
ENSE00002337228_009	g1354	0	0.026458
ENSE00002337228_011	g1354	0	0.036427
ENSE00002337228_014	g1354	0	0.016819
ENSE00002337228_016	g1354	0	0.045595
ENSE00002337228_018	g1354	0	0.064527
ENSE00002337228_020	g1354	0	0.007355
ENSE00002337228_021	g1354	0	0.009130
ENSE00002337228_022	g1354	0	0.008612
ENSE00002337228_023	g1354	0	0.005409
ENSE00002337228_026	g1354	0	0.006151
ENSE00002337228_027	g1354	0	0.004777
ENSE00002337841_001	g1357	0	0.003345
ENSE00002337841_002	g1357	0	0.004702
ENSE00002337841_005	g1357	0	0.025488
ENSE00002337841_006	g1357	0	0.064814
ENSE00002337841_007	g1357	0	0.153989
ENSE00002337841_009	g1357	0	0.025476
ENSE00002337841_010	g1357	0	0.025015
ENSE00002337841_013	g1357	0	0.012238
ENSE00002339454_002	g0272	0	0.007081
ENSE00002339454_003	g0272	0	0.004511
ENSE00002339454_004	g0272	0	0.005520
ENSE00002339454_005	g0272	0	0.009794
ENSE00002339454_006	g0272	0	0.022250
ENSE00002339454_007	g0272	0	0.015921
ENSE00002339454_008	g0272	0	0.019720
ENSE00002339454_009	g0272	0	0.026865
ENSE00002339454_010	g0272	0	0.017073
ENSE00002339454_013	g0272	0	0.024284
ENSE00002339454_015	g0272	0	0.020060
ENSE00002339454_017	g0272	0	0.019296
ENSE00002339454_018	g0272	0	0.016981
ENSE00002339454_019	g0272	0	0.017643
ENSE00002339454_022	g0272	0	0.032939
ENSE00002339454_024	g0272	0	0.014367
ENSE00002339454_025	g0272	0	0.019929
ENSE00002342710_001	g1368	0	0.004277
ENSE00002342710_002	g1368	0	0.031383
ENSE00002342710_003	g1368	0	0.030159
ENSE00002342710_004	g1368	0	0.029710
ENSE00002342710_005	g1368	0	0.068152
ENSE00002342710_006	g1368	0	0.039013
ENSE00002342710_008	g1368	0	0.047229
ENSE00002342710_009	g1368	0	0.020276
ENSE00002342710_010	g1368	0	0.025468
ENSE00002342710_011	g1368	0	0.013782
ENSE00002342710_014	g1368	0	0.020079
ENSE00002342710_015	g1368	0	0.016400
ENSE00002342710_017	g1368	0	0.015672
ENSE00002342710_018	g1368	0	0.048072
ENSE00002343629_002	g1371	0	0.007927
ENSE00002343629_003	g1371	0	0.008489
ENSE00002343629_004	g1371	0	0.011805
ENSE00002343629_007	g1371	0	0.018638
ENSE00002343629_009	g1371	0	0.014258
ENSE00002343629_010	g1371	0	0.018758
ENSE00002343629_011	g1371	0	0.016775
ENSE00002343629_012	g1371	0	0.015696
ENSE00002343629_013	g1371	0	0.017918
ENSE00002343629_014	g1371	0	0.016482
ENSE00002343629_015	g1371	0	0.017492
ENSE00002343629_016	g1371	0	0.014110
ENSE00002343629_017	g1371	0	0.014498
ENSE00002343629_019	g1371	0	0.012330
ENSE00002343629_020	g1371	0	0.005988
ENSE00002343629_021	g1371	0	0.003743
ENSE00002343629_022	g1371	0	0.003679
ENSE00002343974_001	g1374	0	0.013156
ENSE00002343974_005	g1374	0	0.029226
ENSE00002343974_011	g1374	0	0.018806
ENSE00002343974_014	g1374	0	0.023257
ENSE00002343974_016	g1374	0	0.018804
ENSE00002343974_018	g1374	0	0.018933
ENSE00002343974_019	g1374	0	0.027302
ENSE00002343974_025	g1374	0	0.033811
ENSE00002343974_026	g1374	0	0.007083
ENSE00002343974_027	g1374	0	0.007413
ENSE00002343974_030	g1374	0	0.003618
ENSE00002344191_001	g1375	0	0.003741
ENSE00002344191_002	g1375	0	0.003949
ENSE00002344191_003	g1375	0	0.015142
ENSE00002344191_004	g1375	0	0.021914
ENSE00002344191_006	g1375	0	0.021485
ENSE00002344191_007	g1375	0	0.036957
ENSE00002344191_008	g1375	0	0.072653
ENSE00002344191_009	g1375	0	0.046524
ENSE00002344191_011	g1375	0	0.022754
ENSE00002344191_012	g1375	0	0.074529
ENSE00002344191_013	g1375	0	0.034067
ENSE00002344191_014	g1375	0	0.052315
ENSE00002344191_015	g1375	0	0.041387
ENSE00002344191_016	g1375	0	0.023366
ENSE00002344191_017	g1375	0	0.039816
ENSE00002344191_018	g1375	0	0.019234
ENSE00002344191_019	g1375	0	0.011415
ENSE00002344191_020	g1375	0	0.008477
ENSE00002344191_021	g1375	0	0.009117
ENSE00002344191_022	g1375	0	0.010615
ENSE00002345132_001	g0272	0	0.003930
ENSE00002345132_004	g0272	0	0.004237
ENSE00002345132_005	g0272	0	0.039854
ENSE00002345132_006	g0272	0	0.061789
ENSE00002345132_007	g0272	0	0.037414
ENSE00002345132_009	g0272	0	0.029229
ENSE00002345132_010	g0272	0	0.055137
ENSE00002345132_012	g0272	0	0.040276
ENSE00002345498_002	g1379	0	0.023983
ENSE00002345498_003	g1379	0	0.008965
ENSE00002345498_004	g1379	0	0.010383
ENSE00002345498_005	g1379	0	0.013408
ENSE00002345498_006	g1379	1	0.020207
ENSE00002345498_007	g1379	0	0.012184
ENSE00002345498_008	g1379	0	0.014062
ENSE00002345498_009	g1379	1	0.014939
ENSE00002345498_010	g1379	1	0.056040
ENSE00002345498_014	g1379	0	0.034452
ENSE00002345498_015	g1379	0	0.023518
ENSE00002345498_016	g1379	0	0.014632
ENSE00002345498_017	g1379	0	0.026300
ENSE00002345498_019	g1379	0	0.012645
ENSE00002345498_020	g1379	1	0.075793
ENSE00002345498_021	g1379	0	0.015209
ENSE00002345498_023	g1379	1	0.024908
ENSE00002345498_024	g1379	1	0.025542
ENSE00002345498_026	g1379	0	0.006527
ENSE00002345498_027	g1379	0	0.004843
ENSE00002345498_028	g1379	0	0.005279
ENSE00002345498_029	g1379	1	0.004510
ENSE00002345936_001	g1381	0	0.009231
ENSE00002345936_002	g1381	0	0.003957
ENSE00002345936_003	g1381	0	0.004929
ENSE00002345936_004	g1381	0	0.005332
ENSE00002345936_005	g1381	0	0.031865
ENSE00002345936_006	g1381	0	0.021894
ENSE00002345936_007	g1381	0	0.017688
ENSE00002345936_008	g1381	0	0.020835
ENSE00002345936_009	g1381	0	0.026522
ENSE00002345936_011	g1381	0	0.046006
ENSE00002345936_012	g1381	0	0.011773
ENSE00002348862_001	g1389	0	0.005642
ENSE00002348862_004	g1389	0	0.009826
ENSE00002348862_005	g1389	0	0.009926
ENSE00002348862_006	g1389	0	0.038161
ENSE00002348862_008	g1389	0	0.023944
ENSE00002348862_011	g1389	1	0.133925
ENSE00002348862_012	g1389	1	0.041530
ENSE00002348862_015	g1389	0	0.015407
ENSE00002348862_016	g1389	1	0.020283
ENSE00002348862_018	g1389	1	0.021624
ENSE00002348862_019	g1389	1	0.020326
ENSE00002348862_021	g1389	0	0.019771
ENSE00002348862_023	g1389	0	0.067868
ENSE00002348862_025	g1389	0	0.019422
ENSE00002348862_028	g1389	0	0.130355
ENSE00002348862_029	g1389	0	0.011923
ENSE00002348862_032	g1389	0	0.004878
ENSE00002348862_033	g1389	0	0.004469
ENSE00002348862_035	g1389	0	0.005176
ENSE00002348862_036	g1389	0	0.004893
ENSE00002348862_037	g1389	0	0.002809
ENSE00002348862_038	g1389	0	0.004284
ENSE00002348862_039	g1389	0	0.004730
ENSE00002349453_003	g1391	0	0.003468
ENSE00002349453_005	g1391	0	0.005232
ENSE00002349453_008	g1391	1	0.715634
ENSE00002349453_010	g1391	0	0.027779
ENSE00002349453_014	g1391	0	0.023292
ENSE00002351279_002	g1397	0	0.012211
ENSE00002351279_003	g1397	0	0.007392
ENSE00002351279_004	g1397	0	0.046677
ENSE00002351279_006	g1397	0	0.023626
ENSE00002351279_007	g1397	0	0.027936
ENSE00002351279_008	g1397	0	0.019170
ENSE00002351279_009	g1397	0	0.049006
ENSE00002351279_010	g1397	0	0.035186
ENSE00002351279_012	g1397	0	0.004466
ENSE00002352652_001	g1403	0	0.008236
ENSE00002352652_002	g1403	0	0.009010
ENSE00002352652_003	g1403	0	0.012527
ENSE00002352652_004	g1403	0	0.012366
ENSE00002352652_005	g1403	1	0.618118
ENSE00002352652_006	g1403	0	0.022496
ENSE00002352652_007	g1403	0	0.038811
ENSE00002352652_009	g1403	0	0.020419
ENSE00002352652_010	g1403	0	0.033536
ENSE00002352652_012	g1403	0	0.025353
ENSE00002352652_013	g1403	0	0.024396
ENSE00002352652_014	g1403	0	0.023694
ENSE00002352652_015	g1403	0	0.022242
ENSE00002352652_017	g1403	0	0.014321
ENSE00002352652_018	g1403	0	0.034343
ENSE00002352652_019	g1403	0	0.019440
ENSE00002352652_020	g1403	0	0.017802
ENSE00002352652_021	g1403	0	0.013096
ENSE00002352652_022	g1403	0	0.023896
ENSE00002352652_023	g1403	0	0.478418
ENSE00002352652_024	g1403	0	0.006793
ENSE00002352652_026	g1403	0	0.004834
ENSE00002352760_001	g0167	0	0.003978
ENSE00002352760_003	g0167	0	0.005165
ENSE00002352760_004	g0167	0	0.710085
ENSE00002352760_005	g0167	0	0.151910
ENSE00002352760_007	g0167	0	0.023916
ENSE00002352760_008	g0167	0	0.033641
ENSE00002352760_009	g0167	0	0.039366
ENSE00002352760_010	g0167	0	0.172952
ENSE00002352760_011	g0167	0	0.056009
ENSE00002352760_013	g0167	0	0.062646
ENSE00002352760_014	g0167	0	0.005157
ENSE00002352760_015	g0167	0	0.005086
ENSE00002352760_016	g0167	0	0.008873
ENSE00002354222_002	g1410	0	0.040696
ENSE00002354222_003	g1410	0	0.019801
ENSE00002354222_004	g1410	0	0.024880
ENSE00002354222_008	g1410	0	0.024917
ENSE00002354222_009	g1410	0	0.019099
ENSE00002354222_010	g1410	0	0.017563
ENSE00002354222_011	g1410	0	0.019263
ENSE00002354222_012	g1410	0	0.026504
ENSE00002354222_015	g1410	0	0.024154
ENSE00002354222_016	g1410	0	0.017768
ENSE00002354222_017	g1410	0	0.022606
ENSE00002354222_018	g1410	0	0.021793
ENSE00002354222_019	g1410	0	0.017887
ENSE00002354222_023	g1410	0	0.018086
ENSE00002354222_024	g1410	0	0.021032
ENSE00002354222_025	g1410	0	0.019276
ENSE00002354222_026	g1410	0	0.031087
ENSE00002354222_027	g1410	0	0.019487
ENSE00002354222_030	g1410	0	0.019108
ENSE00002354222_032	g1410	0	0.023029
ENSE00002354222_033	g1410	0	0.035191
ENSE00002354222_034	g1410	0	0.015956
ENSE00002355689_003	g1265	0	0.004197
ENSE00002355689_007	g1265	0	0.028093
ENSE00002355689_010	g1265	0	0.043271
ENSE00002355689_013	g1265	0	0.078088
ENSE00002356095_001	g1413	0	0.003499
ENSE00002356095_003	g1413	0	0.004598
ENSE00002356095_004	g1413	0	0.018836
ENSE00002356095_006	g1413	0	0.015637
ENSE00002356095_007	g1413	0	0.038256
ENSE00002356095_008	g1413	0	0.021139
ENSE00002356095_010	g1413	0	0.025574
ENSE00002356095_011	g1413	0	0.016884
ENSE00002356095_012	g1413	0	0.025922
ENSE00002356095_013	g1413	0	0.016458
ENSE00002356095_015	g1413	0	0.058500
ENSE00002356095_016	g1413	0	0.063829
ENSE00002356125_001	g1414	0	0.005972
ENSE00002356125_004	g1414	0	0.032754
ENSE00002356125_005	g1414	0	0.051671
ENSE00002356125_006	g1414	0	0.031016
ENSE00002356125_008	g1414	0	0.010785
ENSE00002356125_010	g1414	0	0.020901
ENSE00002356125_012	g1414	0	0.022247
ENSE00002356125_014	g1414	0	0.041941
ENSE00002356125_016	g1414	0	0.029843
ENSE00002356125_017	g1414	0	0.046755
ENSE00002356125_020	g1414	0	0.045596
ENSE00002356125_021	g1414	0	0.030251
ENSE00002356125_025	g1414	0	0.012512
ENSE00002356125_026	g1414	0	0.015043
ENSE00002356125_027	g1414	0	0.005655
ENSE00002356780_002	g1416	0	0.006861
ENSE00002356780_003	g1416	0	0.030400
ENSE00002356780_004	g1416	0	0.021520
ENSE00002356780_006	g1416	0	0.021978
ENSE00002356780_007	g1416	0	0.030233
ENSE00002356780_008	g1416	0	0.040365
ENSE00002356780_009	g1416	0	0.026838
ENSE00002356780_010	g1416	0	0.043352
ENSE00002356780_011	g1416	0	0.025630
ENSE00002356780_014	g1416	0	0.031489
ENSE00002356780_017	g1416	0	0.028178
ENSE00002356780_018	g1416	0	0.012927
ENSE00002356780_019	g1416	0	0.020588
ENSE00002356780_020	g1416	0	0.059251
ENSE00002356780_022	g1416	0	0.004224
ENSE00002356780_023	g1416	0	0.003627
ENSE00002356780_024	g1416	0	0.004059
ENSE00002358672_001	g1323	0	0.004526
ENSE00002358672_003	g1323	0	0.005096
ENSE00002358672_005	g1323	0	0.015125
ENSE00002358672_006	g1323	0	0.015520
ENSE00002358672_007	g1323	0	0.027176
ENSE00002358672_008	g1323	0	0.026360
ENSE00002358672_009	g1323	0	0.032216
ENSE00002358672_010	g1323	0	0.022495
ENSE00002358672_011	g1323	0	0.030989
ENSE00002358672_013	g1323	0	0.043369
ENSE00002358672_014	g1323	0	0.027277
ENSE00002358672_015	g1323	0	0.014044
ENSE00002358672_016	g1323	0	0.022001
ENSE00002358672_018	g1323	0	0.065762
ENSE00002359074_002	g1422	0	0.016886
ENSE00002359074_005	g1422	0	0.091398
ENSE00002359074_006	g1422	0	0.094418
ENSE00002359074_007	g1422	0	0.044300
ENSE00002359074_008	g1422	0	0.058373
ENSE00002359074_009	g1422	0	0.048552
ENSE00002359074_010	g1422	0	0.011730
ENSE00002359074_011	g1422	0	0.025862
ENSE00002359074_012	g1422	0	0.017219
ENSE00002359074_013	g1422	0	0.014942
ENSE00002359074_014	g1422	0	0.021470
ENSE00002359074_016	g1422	0	0.015049
ENSE00002359074_017	g1422	0	0.018372
ENSE00002359074_018	g1422	0	0.031088
ENSE00002359074_019	g1422	0	0.083917
ENSE00002359074_020	g1422	0	0.012852
ENSE00002359074_021	g1422	0	0.012472
ENSE00002359074_022	g1422	0	0.005903
ENSE00002359074_023	g1422	0	0.029717
ENSE00002359074_024	g1422	0	0.003314
ENSE00002359127_001	g1350	0	0.014013
ENSE00002359127_003	g1350	0	0.015669
ENSE00002359127_004	g1350	0	0.756928
ENSE00002359127_005	g1350	0	0.012313
ENSE00002359127_006	g1350	0	0.018300
ENSE00002359127_007	g1350	0	0.016922
ENSE00002359127_008	g1350	0	0.022590
ENSE00002359127_010	g1350	0	0.019454
ENSE00002359127_011	g1350	0	0.021326
ENSE00002359127_012	g1350	0	0.016797
ENSE00002359127_014	g1350	0	0.029248
ENSE00002359127_017	g1350	0	0.027588
ENSE00002359127_018	g1350	0	0.021754
ENSE00002359127_019	g1350	0	0.027101
ENSE00002359127_021	g1350	0	0.008761
ENSE00002359127_022	g1350	0	0.003530
ENSE00002359554_001	g1423	0	0.003464
ENSE00002359554_003	g1423	0	0.004368
ENSE00002359554_004	g1423	0	0.005468
ENSE00002359554_006	g1423	0	0.300638
ENSE00002359554_007	g1423	0	0.012743
ENSE00002359554_008	g1423	0	0.016238
ENSE00002359554_009	g1423	0	0.016838
ENSE00002359554_012	g1423	0	0.020690
ENSE00002359554_017	g1423	0	0.018663
ENSE00002359554_018	g1423	0	0.011002
ENSE00002359554_019	g1423	0	0.012014
ENSE00002359554_020	g1423	0	0.014788
ENSE00002359554_021	g1423	0	0.006622
ENSE00002360468_002	g1424	0	0.007007
ENSE00002360468_003	g1424	0	0.016723
ENSE00002360468_007	g1424	0	0.027463
ENSE00002360468_009	g1424	0	0.025721
ENSE00002360468_010	g1424	0	0.019958
ENSE00002360468_011	g1424	0	0.030175
ENSE00002360468_012	g1424	0	0.020700
ENSE00002360468_013	g1424	0	0.024027
ENSE00002360468_014	g1424	0	0.016216
ENSE00002360468_015	g1424	0	0.025053
ENSE00002360468_017	g1424	1	0.617620
ENSE00002360468_018	g1424	0	0.005508
ENSE00002360468_019	g1424	0	0.004606
ENSE00002361318_003	g1427	0	0.022159
ENSE00002361318_004	g1427	0	0.018073
ENSE00002361318_005	g1427	0	0.017360
ENSE00002361318_007	g1427	0	0.022109
ENSE00002361318_009	g1427	0	0.051762
ENSE00002361318_010	g1427	0	0.024364
ENSE00002361318_011	g1427	0	0.022988
ENSE00002361318_013	g1427	0	0.027007
ENSE00002361318_014	g1427	0	0.016088
ENSE00002361318_016	g1427	0	0.018171
ENSE00002361318_018	g1427	0	0.023068
ENSE00002361318_020	g1427	0	0.021195
ENSE00002361318_021	g1427	0	0.010458
ENSE00002361772_001	g1430	0	0.007576
ENSE00002361772_004	g1430	0	0.003829
ENSE00002361772_005	g1430	0	0.003944
ENSE00002361772_008	g1430	0	0.022156
ENSE00002361855_001	g1431	0	0.004023
ENSE00002361855_011	g1431	0	0.017044
ENSE00002361855_017	g1431	0	0.017999
ENSE00002361855_018	g1431	0	0.011927
ENSE00002363723_002	g1439	0	0.022466
ENSE00002363723_003	g1439	0	0.019523
ENSE00002363723_006	g1439	0	0.018886
ENSE00002363723_009	g1439	0	0.016560
ENSE00002363723_011	g1439	0	0.027028
ENSE00002363723_012	g1439	0	0.015506
ENSE00002363723_013	g1439	0	0.014411
ENSE00002363723_014	g1439	0	0.017057
ENSE00002364112_003	g1440	0	0.041801
ENSE00002364112_004	g1440	0	0.027997
ENSE00002364112_005	g1440	0	0.022388
ENSE00002364112_006	g1440	0	0.035411
ENSE00002364112_007	g1440	0	0.049298
ENSE00002364112_008	g1440	0	0.039355
ENSE00002364112_009	g1440	0	0.056113
ENSE00002364112_012	g1440	0	0.022428
ENSE00002364112_013	g1440	0	0.017498
ENSE00002364112_014	g1440	0	0.022303
ENSE00002364112_017	g1440	0	0.090113
ENSE00002364112_019	g1440	0	0.040758
ENSE00002364112_020	g1440	0	0.019857
ENSE00002364112_021	g1440	0	0.058964
ENSE00002364245_001	g1441	0	0.003294
ENSE00002364245_002	g1441	0	0.005314
ENSE00002364245_003	g1441	0	0.004774
ENSE00002364245_004	g1441	0	0.005314
ENSE00002364245_005	g1441	0	0.003294
ENSE00002364245_006	g1441	0	0.005485
ENSE00002364245_007	g1441	0	0.004567
ENSE00002364245_009	g1441	0	0.154927
ENSE00002364245_010	g1441	0	0.018754
ENSE00002364245_011	g1441	0	0.027886
ENSE00002364245_013	g1441	0	0.021520
ENSE00002364245_014	g1441	0	0.032016
ENSE00002364245_017	g1441	0	0.036080
ENSE00002364245_018	g1441	0	0.040410
ENSE00002364245_019	g1441	0	0.028211
ENSE00002364245_022	g1441	0	0.035538
ENSE00002364245_026	g1441	0	0.015191
ENSE00002364245_027	g1441	0	0.010078
ENSE00002364667_005	g1443	0	0.031925
ENSE00002364667_006	g1443	0	0.025274
ENSE00002364667_007	g1443	0	0.030481
ENSE00002364667_010	g1443	0	0.020214
ENSE00002364667_020	g1443	0	0.005861
ENSE00002365239_001	g1424	0	0.019641
ENSE00002365239_002	g1424	0	0.019461
ENSE00002365239_003	g1424	0	0.057507
ENSE00002365239_005	g1424	0	0.023555
ENSE00002365239_007	g1424	0	0.023513
ENSE00002365239_008	g1424	0	0.023648
ENSE00002365239_009	g1424	0	0.038800
ENSE00002365239_010	g1424	0	0.014486
ENSE00002365239_011	g1424	0	0.012708
ENSE00002365239_014	g1424	0	0.015479
ENSE00002365239_015	g1424	0	0.015245
ENSE00002365239_016	g1424	0	0.015943
ENSE00002365239_017	g1424	0	0.021357
ENSE00002365239_023	g1424	0	0.003168
ENSE00002366740_005	g1448	0	0.028403
ENSE00002366740_006	g1448	0	0.043213
ENSE00002366740_008	g1448	0	0.016926
ENSE00002366740_009	g1448	0	0.019607
ENSE00002366740_011	g1448	0	0.014851
ENSE00002366740_012	g1448	0	0.020837
ENSE00002366740_013	g1448	0	0.020104
ENSE00002366740_014	g1448	0	0.042118
ENSE00002366740_016	g1448	0	0.020263
ENSE00002366740_017	g1448	0	0.023329
ENSE00002366740_018	g1448	0	0.025010
ENSE00002366740_019	g1448	0	0.028642
ENSE00002366740_022	g1448	0	0.042220
ENSE00002366740_023	g1448	0	0.016343
ENSE00002366740_025	g1448	0	0.016805
ENSE00002366740_026	g1448	0	0.006934
ENSE00002368364_011	g1455	0	0.018441
ENSE00002368364_013	g1455	0	0.033736
ENSE00002368364_014	g1455	1	0.041437
ENSE00002368364_015	g1455	0	0.020672
ENSE00002368364_018	g1455	0	0.089506
ENSE00002368364_022	g1455	1	0.071859
ENSE00002368364_027	g1455	0	0.021146
ENSE00002368364_030	g1455	0	0.005772
ENSE00002368515_001	g1456	0	0.011342
ENSE00002368515_003	g1456	0	0.024494
ENSE00002368515_004	g1456	0	0.016080
ENSE00002368515_006	g1456	0	0.018072
ENSE00002368515_008	g1456	0	0.028664
ENSE00002368515_009	g1456	0	0.014436
ENSE00002368515_010	g1456	0	0.018290
ENSE00002368515_011	g1456	0	0.042307
ENSE00002368515_012	g1456	0	0.037127
ENSE00002369644_001	g1460	0	0.003652
ENSE00002369644_002	g1460	0	0.004832
ENSE00002369644_004	g1460	0	0.003591
ENSE00002369644_006	g1460	0	0.021183
ENSE00002369644_007	g1460	0	0.031875
ENSE00002369644_008	g1460	0	0.031931
ENSE00002369644_009	g1460	0	0.030557
ENSE00002369644_010	g1460	0	0.025029
ENSE00002369644_011	g1460	0	0.027771
ENSE00002369644_012	g1460	0	0.021151
ENSE00002369644_013	g1460	0	0.022079
ENSE00002369644_018	g1460	0	0.023269
ENSE00002369644_019	g1460	0	0.020448
ENSE00002369644_020	g1460	0	0.024387
ENSE00002369644_021	g1460	0	0.023923
ENSE00002370008_001	g1448	0	0.003695
ENSE00002370008_006	g1448	0	0.016063
ENSE00002370008_008	g1448	0	0.029121
ENSE00002370008_009	g1448	0	0.017760
ENSE00002370008_010	g1448	0	0.030071
ENSE00002370008_012	g1448	0	0.013737
ENSE00002371235_001	g1463	0	0.008554
ENSE00002371235_002	g1463	0	0.015385
ENSE00002371235_003	g1463	0	0.020060
ENSE00002371235_007	g1463	0	0.017055
ENSE00002371235_009	g1463	0	0.020573
ENSE00002371235_010	g1463	0	0.023222
ENSE00002371235_011	g1463	0	0.024868
ENSE00002371235_013	g1463	0	0.014863
ENSE00002371235_014	g1463	0	0.016979
ENSE00002371235_016	g1463	0	0.018608
ENSE00002371235_018	g1463	0	0.015727
ENSE00002371235_019	g1463	0	0.030750
ENSE00002371235_020	g1463	0	0.029828
ENSE00002371235_021	g1463	0	0.035789
ENSE00002371235_022	g1463	0	0.042468
ENSE00002371235_023	g1463	0	0.009676
ENSE00002371235_024	g1463	0	0.003860
ENSE00002371248_003	g1464	0	0.004675
ENSE00002371248_005	g1464	0	0.004613
ENSE00002371248_013	g1464	0	0.028490
ENSE00002371248_016	g1464	0	0.009447
ENSE00002371248_017	g1464	0	0.009767
ENSE00002371985_001	g1467	0	0.004170
ENSE00002371985_002	g1467	0	0.004672
ENSE00002371985_004	g1467	0	0.056035
ENSE00002371985_005	g1467	0	0.058674
ENSE00002371985_008	g1467	0	0.015065
ENSE00002371985_011	g1467	1	0.019660
ENSE00002371985_012	g1467	0	0.018891
ENSE00002371985_014	g1467	0	0.021473
ENSE00002373097_001	g1468	0	0.004313
ENSE00002373097_002	g1468	0	0.004494
ENSE00002373097_003	g1468	0	0.003933
ENSE00002373097_004	g1468	0	0.012163
ENSE00002373097_006	g1468	0	0.020949
ENSE00002373097_007	g1468	0	0.020238
ENSE00002373097_008	g1468	0	0.014888
ENSE00002373097_011	g1468	0	0.030000
ENSE00002373097_012	g1468	0	0.037849
ENSE00002373097_013	g1468	0	0.024074
ENSE00002373097_014	g1468	0	0.033840
ENSE00002373097_015	g1468	0	0.042355
ENSE00002373097_016	g1468	0	0.015926
ENSE00002373097_017	g1468	0	0.047225
ENSE00002373097_018	g1468	0	0.014758
ENSE00002373097_019	g1468	0	0.024355
ENSE00002373097_020	g1468	0	0.026966
ENSE00002373097_021	g1468	0	0.013038
ENSE00002373097_023	g1468	0	0.006868
ENSE00002376718_029	g1478	0	0.005203
ENSE00002376872_001	g1397	0	0.005411
ENSE00002376872_002	g1397	0	0.011416
ENSE00002376872_003	g1397	0	0.010038
ENSE00002376872_004	g1397	0	0.013491
ENSE00002376872_005	g1397	0	0.017395
ENSE00002376872_007	g1397	0	0.013570
ENSE00002376872_011	g1397	0	0.027533
ENSE00002376872_015	g1397	0	0.015419
ENSE00002376872_019	g1397	0	0.060944
ENSE00002376872_022	g1397	0	0.004750
ENSE00002378369_002	g1448	0	0.004565
ENSE00002378369_005	g1448	0	0.020155
ENSE00002378369_006	g1448	0	0.296835
ENSE00002378369_009	g1448	0	0.014621
ENSE00002378369_010	g1448	0	0.023334
ENSE00002378369_011	g1448	0	0.034088
ENSE00002378369_012	g1448	0	0.013094
ENSE00002378369_015	g1448	0	0.010503
ENSE00002378702_003	g1483	0	0.003749
ENSE00002379912_001	g1486	0	0.007108
ENSE00002379912_002	g1486	0	0.013008
ENSE00002379912_004	g1486	0	0.012092
ENSE00002379912_005	g1486	0	0.019553
ENSE00002379912_006	g1486	0	0.009761
ENSE00002379912_007	g1486	0	0.031883
ENSE00002379912_008	g1486	0	0.023356
ENSE00002379912_009	g1486	0	0.057126
ENSE00002379912_010	g1486	0	0.024880
ENSE00002379912_011	g1486	0	0.026923
ENSE00002379912_012	g1486	0	0.037342
ENSE00002379912_013	g1486	0	0.022258
ENSE00002379912_015	g1486	0	0.021719
ENSE00002379912_017	g1486	0	0.019112
ENSE00002379912_018	g1486	0	0.020024
ENSE00002379912_019	g1486	0	0.023679
ENSE00002379912_020	g1486	0	0.018387
ENSE00002379912_021	g1486	0	0.015844
ENSE00002379912_022	g1486	0	0.007841
ENSE00002379912_024	g1486	0	0.004388
ENSE00002379912_025	g1486	0	0.004284
ENSE00002380807_001	g0167	0	0.003275
ENSE00002380807_002	g0167	0	0.003896
ENSE00002380807_003	g0167	0	0.003841
ENSE00002380807_004	g0167	0	0.004241
ENSE00002380807_005	g0167	0	0.004333
ENSE00002380807_006	g0167	0	0.003803
ENSE00002380807_007	g0167	0	0.003957
ENSE00002380807_011	g0167	0	0.032865
ENSE00002380807_012	g0167	0	0.025468
ENSE00002380807_013	g0167	0	0.019370
ENSE00002380807_017	g0167	0	0.018517
ENSE00002380807_018	g0167	0	0.030810
ENSE00002380807_021	g0167	0	0.033098
ENSE00002380807_022	g0167	0	0.030599
ENSE00002380807_023	g0167	0	0.018703
ENSE00002380807_025	g0167	0	0.029308
ENSE00002380807_027	g0167	0	0.015619
ENSE00002380807_029	g0167	0	0.033532
ENSE00002380807_030	g0167	0	0.023180
ENSE00002380807_031	g0167	0	0.017404
ENSE00002380807_033	g0167	0	0.019009
ENSE00002381640_005	g1350	0	0.045135
ENSE00002381640_006	g1350	0	0.016338
ENSE00002381640_007	g1350	0	0.033678
ENSE00002381640_009	g1350	0	0.029646
ENSE00002381640_014	g1350	0	0.009949
ENSE00002381640_017	g1350	0	0.012785
ENSE00002381640_018	g1350	0	0.007199
ENSE00002382210_001	g1490	0	0.004785
ENSE00002382210_002	g1490	0	0.007148
ENSE00002382210_003	g1490	0	0.006374
ENSE00002382210_005	g1490	0	0.010550
ENSE00002382210_006	g1490	0	0.015240
ENSE00002382210_007	g1490	0	0.030515
ENSE00002382210_008	g1490	0	0.024954
ENSE00002382210_009	g1490	0	0.027894
ENSE00002382210_010	g1490	0	0.040441
ENSE00002382210_011	g1490	0	0.124944
ENSE00002382210_012	g1490	0	0.095336
ENSE00002382210_013	g1490	0	0.024580
ENSE00002382210_014	g1490	0	0.054656
ENSE00002382210_015	g1490	0	0.015891
ENSE00002382210_016	g1490	0	0.012753
ENSE00002382210_017	g1490	0	0.024304
ENSE00002382210_019	g1490	0	0.020508
ENSE00002382210_020	g1490	0	0.022093
ENSE00002382210_023	g1490	0	0.018906
ENSE00002382210_024	g1490	0	0.018244
ENSE00002382210_025	g1490	0	0.028214
ENSE00002382210_026	g1490	0	0.006959
ENSE00002385110_001	g1494	0	0.004100
ENSE00002385110_002	g1494	0	0.004146
ENSE00002385110_005	g1494	0	0.004150
ENSE00002385110_006	g1494	0	0.003979
ENSE00002385110_007	g1494	0	0.014381
ENSE00002385110_008	g1494	0	0.021661
ENSE00002385110_009	g1494	0	0.394964
ENSE00002385110_011	g1494	0	0.027201
ENSE00002385110_012	g1494	0	0.024615
ENSE00002385110_013	g1494	0	0.022036
ENSE00002385110_014	g1494	0	0.023729
ENSE00002385110_015	g1494	0	0.013575
ENSE00002385110_016	g1494	0	0.020906
ENSE00002385110_017	g1494	0	0.012818
ENSE00002385110_018	g1494	0	0.018205
ENSE00002385110_019	g1494	0	0.015571
ENSE00002385110_020	g1494	0	0.021245
ENSE00002385110_022	g1494	0	0.016985
ENSE00002385110_023	g1494	0	0.035495
ENSE00002385110_024	g1494	1	0.545873
ENSE00002385110_026	g1494	0	0.028159
ENSE00002385110_027	g1494	0	0.037263
ENSE00002385110_028	g1494	0	0.031595
ENSE00002385110_029	g1494	0	0.062082
ENSE00002385110_030	g1494	0	0.021358
ENSE00002385110_031	g1494	0	0.015629
ENSE00002385110_032	g1494	0	0.054680
ENSE00002385110_033	g1494	0	0.012853
ENSE00002385110_034	g1494	0	0.017543
ENSE00002385110_035	g1494	0	0.010210
ENSE00002385110_036	g1494	0	0.048827
ENSE00002385110_037	g1494	0	0.006200
ENSE00002386005_010	g1350	0	0.042596
ENSE00002386005_017	g1350	0	0.006597
ENSE00002386150_002	g0167	0	0.004197
ENSE00002386150_003	g0167	0	0.004224
ENSE00002386150_004	g0167	0	0.003778
ENSE00002386150_005	g0167	0	0.003863
ENSE00002386150_006	g0167	0	0.003881
ENSE00002386150_007	g0167	0	0.008898
ENSE00002386150_008	g0167	0	0.072340
ENSE00002386150_009	g0167	0	0.027052
ENSE00002386150_010	g0167	0	0.024233
ENSE00002386150_012	g0167	0	0.020750
ENSE00002386150_013	g0167	0	0.046783
ENSE00002386150_014	g0167	0	0.112202
ENSE00002386150_015	g0167	0	0.015257
ENSE00002386150_016	g0167	0	0.028653
ENSE00002386150_017	g0167	0	0.014672
ENSE00002386150_018	g0167	0	0.022183
ENSE00002386196_001	g1498	0	0.006907
ENSE00002386196_002	g1498	0	0.008634
ENSE00002386196_004	g1498	1	0.812016
ENSE00002386196_005	g1498	0	0.079377
ENSE00002386196_006	g1498	0	0.040378
ENSE00002386196_008	g1498	0	0.014297
ENSE00002386196_009	g1498	0	0.030414
ENSE00002386196_010	g1498	0	0.035448
ENSE00002386196_011	g1498	0	0.025505
ENSE00002386196_013	g1498	1	0.028808
ENSE00002386196_014	g1498	0	0.013242
ENSE00002386196_015	g1498	0	0.009329
ENSE00002387405_002	g1350	0	0.007199
ENSE00002387405_003	g1350	0	0.009332
ENSE00002387405_004	g1350	0	0.019056
ENSE00002387405_005	g1350	0	0.126373
ENSE00002387405_006	g1350	0	0.106052
ENSE00002387405_007	g1350	0	0.043750
ENSE00002387405_008	g1350	0	0.018024
ENSE00002387405_009	g1350	0	0.021822
ENSE00002387405_010	g1350	0	0.018342
ENSE00002387405_011	g1350	0	0.018244
ENSE00002387405_012	g1350	0	0.012782
ENSE00002387405_013	g1350	0	0.013693
ENSE00002387405_014	g1350	0	0.030662
ENSE00002387405_015	g1350	0	0.022643
ENSE00002387405_016	g1350	0	0.035172
ENSE00002387405_017	g1350	0	0.091850
ENSE00002387405_018	g1350	0	0.009253
ENSE00002387405_019	g1350	0	0.006281
ENSE00002387405_020	g1350	0	0.003187
ENSE00002388554_014	g1504	0	0.017698
ENSE00002388554_016	g1504	0	0.022339
ENSE00002388554_017	g1504	1	0.006138
ENSE00002389183_001	g1505	0	0.004637
ENSE00002389183_002	g1505	0	0.007832
ENSE00002389183_003	g1505	0	0.034356
ENSE00002389183_004	g1505	0	0.027425
ENSE00002389183_005	g1505	0	0.032650
ENSE00002389183_006	g1505	0	0.033268
ENSE00002389183_007	g1505	0	0.016139
ENSE00002389183_008	g1505	0	0.018567
ENSE00002389183_009	g1505	0	0.040191
ENSE00002389183_011	g1505	0	0.027065
ENSE00002389183_012	g1505	0	0.194259
ENSE00002391389_002	g1512	1	0.073162
ENSE00002391389_003	g1512	0	0.040550
ENSE00002391389_010	g1512	0	0.049244
ENSE00002391389_011	g1512	0	0.035490
ENSE00002391389_013	g1512	0	0.042182
ENSE00002391389_020	g1512	0	0.004072
ENSE00002392171_002	g0756	0	0.023217
ENSE00002392171_003	g0756	0	0.043960
ENSE00002392171_004	g0756	0	0.053936
ENSE00002392171_008	g0756	0	0.020447
ENSE00002392171_009	g0756	0	0.050382
ENSE00002392171_011	g0756	0	0.019350
ENSE00002392171_015	g0756	0	0.044802
ENSE00002392171_018	g0756	0	0.048377
ENSE00002392171_019	g0756	0	0.039865
ENSE00002392171_020	g0756	0	0.228140
ENSE00002392171_023	g0756	0	0.010331
ENSE00002393630_004	g1514	0	0.005018
ENSE00002393630_006	g1514	0	0.016376
ENSE00002393630_007	g1514	0	0.240685
ENSE00002393630_010	g1514	0	0.028043
ENSE00002393630_011	g1514	0	0.025456
ENSE00002393630_012	g1514	0	0.024936
ENSE00002393630_014	g1514	0	0.021966
ENSE00002393630_015	g1514	0	0.016041
ENSE00002393630_018	g1514	0	0.024330
ENSE00002393630_019	g1514	0	0.019719
ENSE00002393630_020	g1514	0	0.017816
ENSE00002393630_022	g1514	0	0.017534
ENSE00002393630_026	g1514	0	0.020854
ENSE00002393630_030	g1514	0	0.012327
ENSE00002393630_033	g1514	0	0.007518
ENSE00002393630_034	g1514	0	0.005814
ENSE00002393708_012	g1515	0	0.015033
ENSE00002393708_018	g1515	0	0.020153
ENSE00002393708_021	g1515	0	0.014222
ENSE00002393708_025	g1515	0	0.006382
ENSE00002393945_001	g1516	1	0.814578
ENSE00002393945_002	g1516	1	0.814647
ENSE00002393945_003	g1516	0	0.040743
ENSE00002393945_005	g1516	0	0.031634
ENSE00002393945_007	g1516	0	0.029680
ENSE00002393945_008	g1516	1	0.024412
ENSE00002393945_010	g1516	1	0.015443
ENSE00002393945_011	g1516	1	0.033719
ENSE00002393945_013	g1516	1	0.031924
ENSE00002393945_017	g1516	0	0.015736
ENSE00002393945_018	g1516	1	0.043191
ENSE00002393945_019	g1516	0	0.026709
ENSE00002393945_020	g1516	1	0.072811
ENSE00002393945_021	g1516	1	0.031016
ENSE00002393945_022	g1516	0	0.019667
ENSE00002393945_025	g1516	1	0.659000
ENSE00002393945_027	g1516	1	0.058739
ENSE00002393945_028	g1516	1	0.126885
ENSE00002393945_030	g1516	1	0.011463
ENSE00002393945_031	g1516	1	0.008330
ENSE00002394108_004	g1517	0	0.077951
ENSE00002394108_006	g1517	0	0.012185
ENSE00002394108_009	g1517	0	0.020669
ENSE00002394108_016	g1517	0	0.032328
ENSE00002394108_019	g1517	0	0.005812
ENSE00002394108_022	g1517	0	0.007574
ENSE00002394124_001	g1518	0	0.007019
ENSE00002394124_005	g1518	1	0.019287
ENSE00002394124_006	g1518	1	0.039464
ENSE00002394124_007	g1518	0	0.037013
ENSE00002394124_009	g1518	0	0.029135
ENSE00002394124_010	g1518	0	0.019898
ENSE00002394124_011	g1518	0	0.020469
ENSE00002394124_014	g1518	1	0.063919
ENSE00002394124_015	g1518	1	0.024109
ENSE00002394124_019	g1518	1	0.469256
ENSE00002394124_021	g1518	0	0.009989
ENSE00002394124_022	g1518	0	0.006395
ENSE00002394124_023	g1518	0	0.006611
ENSE00002395855_002	g1522	1	0.029762
ENSE00002395855_003	g1522	0	0.027074
ENSE00002395855_004	g1522	1	0.060929
ENSE00002395855_005	g1522	0	0.044316
ENSE00002395855_007	g1522	0	0.021245
ENSE00002395855_008	g1522	0	0.021245
ENSE00002395855_009	g1522	0	0.018130
ENSE00002395855_010	g1522	0	0.025277
ENSE00002395855_017	g1522	0	0.029974
ENSE00002395855_018	g1522	0	0.007229
ENSE00002395855_019	g1522	0	0.012242
ENSE00002395941_001	g1525	0	0.004909
ENSE00002395941_002	g1525	0	0.004711
ENSE00002395941_003	g1525	0	0.023913
ENSE00002395941_004	g1525	0	0.046715
ENSE00002395941_005	g1525	0	0.025294
ENSE00002395941_007	g1525	0	0.018517
ENSE00002395941_008	g1525	0	0.014907
ENSE00002395941_010	g1525	0	0.013570
ENSE00002395941_011	g1525	0	0.015162
ENSE00002395941_012	g1525	0	0.019326
ENSE00002395941_014	g1525	0	0.032390
ENSE00002395941_017	g1525	0	0.008390
ENSE00002395941_018	g1525	0	0.003958
ENSE00002395941_019	g1525	0	0.004526
ENSE00002397014_002	g1529	0	0.014362
ENSE00002397014_005	g1529	0	0.015065
ENSE00002397014_008	g1529	0	0.015210
ENSE00002397014_013	g1529	0	0.029444
ENSE00002397014_014	g1529	0	0.017516
ENSE00002397014_015	g1529	0	0.025804
ENSE00002397014_016	g1529	0	0.019051
ENSE00002397014_020	g1529	0	0.020185
ENSE00002397014_021	g1529	0	0.021450
ENSE00002397014_022	g1529	0	0.017131
ENSE00002397014_024	g1529	0	0.413594
ENSE00002397014_025	g1529	0	0.006158
ENSE00002398572_002	g1532	0	0.014109
ENSE00002398572_003	g1532	0	0.211991
ENSE00002398572_004	g1532	0	0.036449
ENSE00002398572_005	g1532	0	0.021333
ENSE00002398572_006	g1532	0	0.025954
ENSE00002398572_007	g1532	0	0.034640
ENSE00002398572_009	g1532	0	0.020106
ENSE00002398572_012	g1532	0	0.023292
ENSE00002398572_013	g1532	0	0.013597
ENSE00002398572_015	g1532	0	0.089866
ENSE00002398572_016	g1532	0	0.015879
ENSE00002398572_017	g1532	0	0.010313
ENSE00002398572_019	g1532	0	0.010641
ENSE00002398572_023	g1532	0	0.091140
ENSE00002398572_025	g1532	0	0.006326
ENSE00002398572_026	g1532	0	0.005420
ENSE00002398934_002	g1413	0	0.006082
ENSE00002398934_003	g1413	0	0.003333
ENSE00002398934_005	g1413	0	0.030288
ENSE00002398934_006	g1413	0	0.032251
ENSE00002398934_007	g1413	0	0.040329
ENSE00002398934_008	g1413	0	0.018437
ENSE00002398934_011	g1413	0	0.004954
ENSE00002399206_001	g1440	0	0.003292
ENSE00002399206_003	g1440	0	0.005070
ENSE00002399206_004	g1440	0	0.005072
ENSE00002399206_005	g1440	0	0.010525
ENSE00002399206_006	g1440	1	0.769802
ENSE00002399206_007	g1440	0	0.084293
ENSE00002399206_008	g1440	0	0.016411
ENSE00002399206_009	g1440	0	0.029366
ENSE00002399206_010	g1440	0	0.018426
ENSE00002399206_012	g1440	0	0.023378
ENSE00002399206_013	g1440	0	0.019383
ENSE00002399206_015	g1440	0	0.016023
ENSE00002399206_016	g1440	0	0.020186
ENSE00002399206_017	g1440	0	0.020354
ENSE00002399206_018	g1440	0	0.023326
ENSE00002399206_019	g1440	0	0.017047
ENSE00002399206_020	g1440	0	0.033419
ENSE00002399206_021	g1440	0	0.016814
ENSE00002399206_022	g1440	0	0.018203
ENSE00002399206_023	g1440	1	0.067044
ENSE00002399206_024	g1440	0	0.014547
ENSE00002399361_002	g1448	0	0.005101
ENSE00002399361_004	g1448	0	0.004111
ENSE00002399361_009	g1448	0	0.021637
ENSE00002399361_010	g1448	0	0.024591
ENSE00002399361_019	g1448	0	0.026033
ENSE00002399361_026	g1448	0	0.065936
ENSE00002399430_001	g1397	0	0.011269
ENSE00002399430_002	g1397	0	0.013214
ENSE00002399430_003	g1397	0	0.007504
ENSE00002399430_004	g1397	0	0.007247
ENSE00002399430_005	g1397	0	0.008510
ENSE00002399430_008	g1397	0	0.691689
ENSE00002399430_009	g1397	0	0.030986
ENSE00002399430_010	g1397	0	0.023441
ENSE00002399430_011	g1397	0	0.019492
ENSE00002399430_012	g1397	0	0.019049
ENSE00002399430_013	g1397	0	0.046055
ENSE00002399430_014	g1397	0	0.032276
ENSE00002399430_015	g1397	0	0.016395
ENSE00002399430_016	g1397	0	0.014983
ENSE00002399430_018	g1397	0	0.011682
ENSE00002399430_019	g1397	0	0.034324
ENSE00002399430_021	g1397	0	0.015704
ENSE00002399430_022	g1397	0	0.478851
ENSE00002399430_023	g1397	0	0.006580
ENSE00002399430_024	g1397	0	0.007474
ENSE00002399430_025	g1397	0	0.003168
ENSE00002399430_027	g1397	0	0.003168
ENSE00002400069_001	g1534	0	0.004125
ENSE00002400069_002	g1534	0	0.003665
ENSE00002400069_003	g1534	0	0.004233
ENSE00002400069_004	g1534	0	0.004521
ENSE00002400069_008	g1534	0	0.016586
ENSE00002400069_010	g1534	0	0.028079
ENSE00002400069_011	g1534	0	0.065898
ENSE00002400069_013	g1534	0	0.021903
ENSE00002400069_014	g1534	0	0.112945
ENSE00002400069_015	g1534	0	0.032647
ENSE00002400069_017	g1534	0	0.021931
ENSE00002400069_018	g1534	0	0.040070
ENSE00002400069_019	g1534	0	0.053835
ENSE00002400069_021	g1534	0	0.051729
ENSE00002400069_022	g1534	0	0.019886
ENSE00002400069_023	g1534	0	0.015024
ENSE00002400069_024	g1534	0	0.019562
ENSE00002400069_025	g1534	0	0.022274
ENSE00002400069_027	g1534	0	0.016189
ENSE00002402310_001	g1539	0	0.012827
ENSE00002402310_002	g1539	0	0.011052
ENSE00002402310_003	g1539	0	0.013374
ENSE00002402310_007	g1539	0	0.007874
ENSE00002402310_008	g1539	0	0.015166
ENSE00002402310_009	g1539	0	0.023042
ENSE00002402310_010	g1539	0	0.016707
ENSE00002402310_014	g1539	0	0.025142
ENSE00002402310_020	g1539	0	0.029561
ENSE00002402310_022	g1539	0	0.033988
ENSE00002402310_024	g1539	0	0.036448
ENSE00002402310_025	g1539	0	0.004617
ENSE00002404026_001	g1416	0	0.008836
ENSE00002404026_005	g1416	0	0.009393
ENSE00002404026_006	g1416	0	0.008489
ENSE00002404026_007	g1416	0	0.071160
ENSE00002404026_010	g1416	0	0.063024
ENSE00002404026_012	g1416	0	0.021990
ENSE00002404026_015	g1416	0	0.028913
ENSE00002404026_018	g1416	0	0.027700
ENSE00002404026_019	g1416	0	0.042008
ENSE00002404026_020	g1416	0	0.040171
ENSE00002404026_023	g1416	1	0.018985
ENSE00002405732_007	g1410	0	0.021368
ENSE00002405732_008	g1410	0	0.036574
ENSE00002405732_012	g1410	0	0.026224
ENSE00002405732_015	g1410	0	0.022553
ENSE00002405732_019	g1410	0	0.026262
ENSE00002405732_021	g1410	0	0.006642
ENSE00002405732_024	g1410	0	0.006530
ENSE00002405732_025	g1410	0	0.006362
ENSE00002405759_001	g1542	0	0.006141
ENSE00002405759_002	g1542	0	0.005924
ENSE00002405759_003	g1542	0	0.010193
ENSE00002405759_014	g1542	0	0.039584
ENSE00002405759_015	g1542	0	0.026167
ENSE00002405759_016	g1542	0	0.022052
ENSE00002406575_011	g1546	0	0.039503
ENSE00002406575_020	g1546	0	0.012398
ENSE00002407617_001	g1547	0	0.003570
ENSE00002407617_002	g1547	0	0.004671
ENSE00002407617_004	g1547	0	0.005533
ENSE00002407617_005	g1547	0	0.029257
ENSE00002407617_006	g1547	0	0.022304
ENSE00002407617_007	g1547	0	0.047857
ENSE00002407617_008	g1547	0	0.025227
ENSE00002407617_009	g1547	0	0.027058
ENSE00002407617_010	g1547	0	0.083900
ENSE00002407617_011	g1547	0	0.025222
ENSE00002407617_012	g1547	0	0.058328
ENSE00002407617_013	g1547	0	0.018070
ENSE00002407617_014	g1547	0	0.017798
ENSE00002407617_015	g1547	1	0.058210
ENSE00002407617_016	g1547	0	0.082254
ENSE00002407617_017	g1547	0	0.015085
ENSE00002407617_018	g1547	0	0.159845
ENSE00002407617_019	g1547	0	0.135246
ENSE00002407617_020	g1547	0	0.063040
ENSE00002407617_021	g1547	0	0.018960
ENSE00002407617_022	g1547	0	0.014116
ENSE00002407617_023	g1547	0	0.009603
ENSE00002408722_001	g1551	0	0.003548
ENSE00002408722_002	g1551	0	0.008009
ENSE00002408722_004	g1551	0	0.016096
ENSE00002408722_005	g1551	0	0.017535
ENSE00002408722_006	g1551	0	0.275261
ENSE00002408722_007	g1551	0	0.015091
ENSE00002408722_008	g1551	0	0.012417
ENSE00002408722_012	g1551	0	0.120648
ENSE00002408722_014	g1551	0	0.030203
ENSE00002408722_015	g1551	0	0.048444
ENSE00002408722_016	g1551	0	0.029253
ENSE00002408722_017	g1551	0	0.009756
ENSE00002410436_019	g1554	0	0.050106
ENSE00002410582_002	g1371	0	0.026704
ENSE00002410582_003	g1371	0	0.036571
ENSE00002410582_007	g1371	0	0.075284
ENSE00002410582_008	g1371	0	0.031076
ENSE00002410582_009	g1371	0	0.035194
ENSE00002410582_011	g1371	0	0.024539
ENSE00002410582_012	g1371	0	0.032169
ENSE00002410582_013	g1371	0	0.017604
ENSE00002410582_016	g1371	0	0.016204
ENSE00002410582_017	g1371	0	0.006761
ENSE00002410582_018	g1371	0	0.005610
ENSE00002412190_001	g1556	0	0.003591
ENSE00002412190_002	g1556	0	0.003563
ENSE00002412190_003	g1556	0	0.003681
ENSE00002412190_004	g1556	0	0.003756
ENSE00002412190_007	g1556	0	0.028518
ENSE00002412190_008	g1556	0	0.024718
ENSE00002412190_009	g1556	0	0.015029
ENSE00002412190_010	g1556	0	0.017092
ENSE00002412190_011	g1556	0	0.020765
ENSE00002412190_013	g1556	0	0.023385
ENSE00002412190_015	g1556	0	0.016622
ENSE00002412190_016	g1556	0	0.017847
ENSE00002412190_017	g1556	0	0.020225
ENSE00002412190_019	g1556	0	0.023920
ENSE00002412190_020	g1556	0	0.021943
ENSE00002412190_021	g1556	0	0.025981
ENSE00002412190_022	g1556	0	0.059505
ENSE00002412190_023	g1556	0	0.072767
ENSE00002412190_024	g1556	0	0.017730
ENSE00002412190_026	g1556	0	0.015027
ENSE00002412190_027	g1556	0	0.031159
ENSE00002415750_002	g1565	0	0.008224
ENSE00002415750_008	g1565	0	0.018094
ENSE00002415750_009	g1565	0	0.018416
ENSE00002415750_010	g1565	1	0.277805
ENSE00002415750_011	g1565	0	0.004896
ENSE00002415750_012	g1565	0	0.005116
ENSE00002415921_007	g1566	0	0.027158
ENSE00002415921_012	g1566	0	0.028358
ENSE00002415921_013	g1566	0	0.012385
ENSE00002415921_017	g1566	0	0.006469
ENSE00002415921_022	g1566	0	0.005925
ENSE00002416064_001	g1567	0	0.003825
ENSE00002416064_002	g1567	1	0.342989
ENSE00002416064_005	g1567	0	0.023425
ENSE00002416064_008	g1567	0	0.014446
ENSE00002416064_009	g1567	0	0.019038
ENSE00002416064_013	g1567	0	0.018401
ENSE00002416064_014	g1567	0	0.013014
ENSE00002416064_018	g1567	0	0.044301
ENSE00002416064_021	g1567	0	0.013504
ENSE00002416141_009	g0167	0	0.032824
ENSE00002416141_021	g0167	0	0.011295
ENSE00002418231_001	g1571	0	0.006521
ENSE00002418231_002	g1571	0	0.011820
ENSE00002418231_003	g1571	0	0.034296
ENSE00002418231_004	g1571	0	0.044996
ENSE00002418231_005	g1571	0	0.022599
ENSE00002418231_006	g1571	0	0.036584
ENSE00002418231_007	g1571	0	0.028728
ENSE00002418231_010	g1571	0	0.027953
ENSE00002418231_011	g1571	0	0.039244
ENSE00002418231_012	g1571	0	0.032530
ENSE00002418231_014	g1571	0	0.033723
ENSE00002418231_015	g1571	0	0.032294
ENSE00002418231_016	g1571	0	0.044556
ENSE00002418231_017	g1571	0	0.030466
ENSE00002418231_018	g1571	0	0.035508
ENSE00002418231_019	g1571	0	0.048313
ENSE00002418231_020	g1571	0	0.044019
ENSE00002418231_021	g1571	0	0.024434
ENSE00002418231_022	g1571	0	0.024285
ENSE00002418231_023	g1571	0	0.023909
ENSE00002418231_024	g1571	0	0.021900
ENSE00002418231_025	g1571	0	0.011844
ENSE00002418231_026	g1571	1	0.748760
ENSE00002418231_027	g1571	0	0.002861
ENSE00002418231_028	g1571	0	0.003150
ENSE00002418231_029	g1571	0	0.003564
ENSE00002418231_030	g1571	0	0.003165
ENSE00002419170_001	g1281	0	0.005561
ENSE00002419170_002	g1281	0	0.004892
ENSE00002419170_003	g1281	0	0.040244
ENSE00002419170_005	g1281	0	0.109906
ENSE00002419170_008	g1281	0	0.040362
ENSE00002419170_009	g1281	0	0.019169
ENSE00002419170_010	g1281	0	0.023804
ENSE00002419170_011	g1281	0	0.041666
ENSE00002419170_012	g1281	0	0.034059
ENSE00002419170_013	g1281	0	0.028811
ENSE00002419170_014	g1281	0	0.023279
ENSE00002419170_015	g1281	0	0.020282
ENSE00002419170_016	g1281	0	0.030148
ENSE00002419170_017	g1281	0	0.025036
ENSE00002419170_018	g1281	0	0.026408
ENSE00002419170_019	g1281	0	0.050320
ENSE00002419170_022	g1281	0	0.014950
ENSE00002419170_023	g1281	0	0.016997
ENSE00002419170_025	g1281	0	0.015456
ENSE00002419170_027	g1281	0	0.011227
ENSE00002419170_029	g1281	0	0.005948
ENSE00002419170_030	g1281	0	0.004059
ENSE00002419457_003	g1573	0	0.004814
ENSE00002419457_004	g1573	0	0.004333
ENSE00002419457_005	g1573	0	0.003974
ENSE00002419457_006	g1573	0	0.023444
ENSE00002419457_007	g1573	0	0.020102
ENSE00002419457_008	g1573	0	0.039335
ENSE00002419457_010	g1573	0	0.017345
ENSE00002419457_012	g1573	0	0.011728
ENSE00002419784_003	g1448	0	0.005174
ENSE00002419784_004	g1448	0	0.014733
ENSE00002419784_006	g1448	0	0.021121
ENSE00002419784_007	g1448	0	0.022490
ENSE00002419784_008	g1448	0	0.021325
ENSE00002419784_009	g1448	0	0.028510
ENSE00002419784_011	g1448	0	0.032442
ENSE00002419784_013	g1448	0	0.021343
ENSE00002419784_016	g1448	0	0.030875
ENSE00002419784_018	g1448	0	0.066401
ENSE00002419784_021	g1448	0	0.020725
ENSE00002419784_022	g1448	0	0.083190
ENSE00002419784_023	g1448	0	0.010795
ENSE00002420931_001	g1576	0	0.003361
ENSE00002420931_002	g1576	0	0.012793
ENSE00002420931_006	g1576	0	0.024018
ENSE00002420931_007	g1576	0	0.056834
ENSE00002420931_012	g1576	0	0.026106
ENSE00002422133_001	g0773	0	0.006661
ENSE00002422133_002	g0773	0	0.004674
ENSE00002422133_003	g0773	0	0.005328
ENSE00002422133_005	g0773	0	0.009419
ENSE00002422133_008	g0773	0	0.016355
ENSE00002422133_010	g0773	0	0.023091
ENSE00002422133_012	g0773	0	0.021256
ENSE00002422133_014	g0773	0	0.059309
ENSE00002422133_017	g0773	0	0.062840
ENSE00002422133_018	g0773	0	0.018996
ENSE00002422133_019	g0773	0	0.022346
ENSE00002422133_020	g0773	0	0.032876
ENSE00002422133_021	g0773	0	0.063462
ENSE00002422133_023	g0773	0	0.024051
ENSE00002422133_024	g0773	0	0.034038
ENSE00002422605_001	g1579	0	0.004836
ENSE00002422605_003	g1579	0	0.008287
ENSE00002422605_004	g1579	0	0.006478
ENSE00002422605_005	g1579	0	0.007308
ENSE00002422605_006	g1579	0	0.008080
ENSE00002422605_007	g1579	0	0.020281
ENSE00002422605_008	g1579	0	0.109616
ENSE00002422605_009	g1579	0	0.046825
ENSE00002422605_010	g1579	0	0.016961
ENSE00002422605_011	g1579	0	0.026272
ENSE00002422605_012	g1579	0	0.013832
ENSE00002422605_013	g1579	0	0.005460
ENSE00002422605_014	g1579	0	0.008394
ENSE00002422605_015	g1579	0	0.003760
ENSE00002422605_016	g1579	0	0.003999
ENSE00002423541_001	g1582	0	0.007306
ENSE00002423541_002	g1582	0	0.005445
ENSE00002423541_003	g1582	0	0.008566
ENSE00002423541_004	g1582	0	0.008053
ENSE00002423541_005	g1582	0	0.009563
ENSE00002423541_006	g1582	0	0.011482
ENSE00002423541_007	g1582	0	0.042072
ENSE00002423541_008	g1582	0	0.043279
ENSE00002423541_009	g1582	0	0.052435
ENSE00002423541_010	g1582	0	0.106626
ENSE00002423541_011	g1582	0	0.029360
ENSE00002423541_012	g1582	0	0.018147
ENSE00002423541_013	g1582	0	0.028159
ENSE00002423541_014	g1582	0	0.035788
ENSE00002423541_015	g1582	0	0.037362
ENSE00002423541_016	g1582	0	0.020651
ENSE00002423541_017	g1582	0	0.027647
ENSE00002423541_018	g1582	0	0.032863
ENSE00002423541_020	g1582	0	0.021117
ENSE00002423541_022	g1582	0	0.009127
ENSE00002423541_023	g1582	0	0.004009
ENSE00002423541_024	g1582	0	0.002850
ENSE00002424628_003	g1583	0	0.005520
ENSE00002424628_017	g1583	0	0.027873
ENSE00002424628_025	g1583	0	0.018943
ENSE00002424628_027	g1583	0	0.014785
ENSE00002428804_002	g1589	0	0.003177
ENSE00002428804_003	g1589	0	0.004703
ENSE00002428804_004	g1589	1	0.615614
ENSE00002428804_005	g1589	0	0.017643
ENSE00002428804_007	g1589	0	0.022026
ENSE00002428804_008	g1589	0	0.016783
ENSE00002428804_009	g1589	0	0.037948
ENSE00002428804_010	g1589	0	0.024140
ENSE00002428804_011	g1589	0	0.042306
ENSE00002428804_013	g1589	0	0.035596
ENSE00002428804_014	g1589	0	0.016801
ENSE00002428804_015	g1589	0	0.027351
ENSE00002428804_016	g1589	0	0.041271
ENSE00002428804_017	g1589	0	0.017709
ENSE00002428804_021	g1589	0	0.011253
ENSE00002428804_022	g1589	0	0.005850
ENSE00002428804_023	g1589	0	0.006704
ENSE00002428956_003	g1467	0	0.003965
ENSE00002428956_004	g1467	0	0.006062
ENSE00002428956_005	g1467	0	0.005383
ENSE00002428956_007	g1467	0	0.003866
ENSE00002428956_009	g1467	0	0.027230
ENSE00002428956_010	g1467	0	0.028044
ENSE00002428956_011	g1467	0	0.032282
ENSE00002428956_012	g1467	0	0.018616
ENSE00002428956_013	g1467	0	0.022583
ENSE00002428956_015	g1467	1	0.035626
