id	group	label	score
ENSE00000338771_002	g0002	1	0.0091500919
ENSE00000338771_003	g0002	0	0.0084081299
ENSE00000338771_006	g0002	0	0.0207171610
ENSE00000338771_008	g0002	0	0.0206716243
ENSE00000338771_009	g0002	0	0.0287740101
ENSE00000338771_010	g0002	1	0.0358625010
ENSE00000338771_012	g0002	0	0.0197343117
ENSE00000338771_013	g0002	0	0.0319311382
ENSE00000338771_014	g0002	0	0.0174808256
ENSE00000338771_016	g0002	0	0.0388298460
ENSE00000338771_021	g0002	0	0.0313186409
ENSE00000338771_022	g0002	0	0.0376181827
ENSE00000338771_023	g0002	0	0.0375377622
ENSE00000411843_001	g0009	0	0.0014843197
ENSE00000411843_003	g0009	0	0.0096342169
ENSE00000411843_006	g0009	0	0.0184040627
ENSE00000411843_007	g0009	0	0.0069670545
ENSE00000411843_008	g0009	0	0.0176670484
ENSE00000411843_009	g0009	0	0.0063961543
ENSE00000411843_010	g0009	0	0.0090423720
ENSE00000411843_011	g0009	0	0.0101391446
ENSE00000411843_012	g0009	0	0.0120867195
ENSE00000411843_014	g0009	0	0.0129406818
ENSE00000411843_015	g0009	0	0.0179625638
ENSE00000411843_016	g0009	0	0.0168550982
ENSE00000411843_017	g0009	0	0.0095915132
ENSE00000411843_018	g0009	0	0.0191126512
ENSE00000411843_021	g0009	0	0.0300432547
ENSE00000411843_022	g0009	0	0.0681751553
ENSE00000411843_023	g0009	0	0.0599892758
ENSE00000411843_024	g0009	0	0.0394872238
ENSE00000411843_025	g0009	0	0.0252473586
ENSE00000411843_026	g0009	0	0.5865653594
ENSE00000411843_027	g0009	0	0.0443952170
ENSE00000411843_028	g0009	0	0.0796901161
ENSE00000411843_029	g0009	1	0.5024070283
ENSE00000411843_031	g0009	0	0.0028503740
ENSE00000411843_032	g0009	0	0.0029326689
ENSE00000411843_034	g0009	0	0.0022209908
ENSE00000412978_001	g0010	0	0.0020386786
ENSE00000412978_002	g0010	0	0.0013933656
ENSE00000412978_005	g0010	0	0.0408544076
ENSE00000412978_006	g0010	0	0.0237209214
ENSE00000412978_007	g0010	0	0.0110406994
ENSE00000412978_008	g0010	0	0.0207153286
ENSE00000412978_009	g0010	0	0.0185597407
ENSE00000430832_001	g0011	0	0.0038907194
ENSE00000430832_003	g0011	0	0.0110354205
ENSE00000430832_005	g0011	1	0.0114747051
ENSE00000430832_007	g0011	1	0.0420727292
ENSE00000430832_010	g0011	1	0.1095672662
ENSE00000430832_018	g0011	1	0.0286646516
ENSE00000430832_021	g0011	1	0.0083199044
ENSE00000430832_023	g0011	1	0.3833913644
ENSE00000430832_024	g0011	1	0.8900269279
ENSE00000430832_029	g0011	0	0.0105710151
ENSE00000522305_012	g0016	0	0.0261414222
ENSE00000522305_016	g0016	0	0.0815809269
ENSE00000540397_003	g0019	0	0.0167841575
ENSE00000540397_011	g0019	0	0.0076186994
ENSE00000540397_012	g0019	0	0.0028188043
ENSE00000542500_001	g0020	0	0.0023206356
ENSE00000542500_002	g0020	0	0.0016619824
ENSE00000542500_003	g0020	0	0.0041393533
ENSE00000542500_004	g0020	0	0.0063004533
ENSE00000542500_005	g0020	0	0.0028802249
ENSE00000542500_006	g0020	0	0.0022048146
ENSE00000542500_007	g0020	0	0.0028355117
ENSE00000542500_011	g0020	0	0.0228071342
ENSE00000542500_012	g0020	0	0.0093862731
ENSE00000542500_013	g0020	0	0.0150546390
ENSE00000542500_014	g0020	0	0.0136894882
ENSE00000542500_015	g0020	0	0.0254848330
ENSE00000542500_016	g0020	0	0.0127528778
ENSE00000542500_017	g0020	0	0.0161632433
ENSE00000542500_018	g0020	0	0.0152053868
ENSE00000542500_019	g0020	0	0.0212110132
ENSE00000542500_020	g0020	0	0.0231862313
ENSE00000542500_022	g0020	0	0.0213749227
ENSE00000542500_023	g0020	0	0.0093129950
ENSE00000542500_024	g0020	0	0.0159749796
ENSE00000542500_025	g0020	0	0.0150050482
ENSE00000542500_026	g0020	0	0.0064434934
ENSE00000583150_003	g0023	0	0.0132584629
ENSE00000583150_004	g0023	0	0.0079845427
ENSE00000583150_005	g0023	0	0.0147920259
ENSE00000583150_006	g0023	0	0.0189039041
ENSE00000583150_007	g0023	0	0.0414693591
ENSE00000583150_008	g0023	0	0.0256846618
ENSE00000583150_009	g0023	0	0.0547689735
ENSE00000583150_010	g0023	0	0.0175528124
ENSE00000583150_011	g0023	0	0.0205743472
ENSE00000583150_012	g0023	0	0.0209705557
ENSE00000583150_013	g0023	0	0.0495638618
ENSE00000650769_009	g0026	0	0.0262855669
ENSE00000650769_012	g0026	0	0.0483334908
ENSE00000650769_019	g0026	0	0.0074475384
ENSE00000650771_002	g0026	0	0.0062567611
ENSE00000650771_003	g0026	0	0.0023496534
ENSE00000654359_001	g0031	0	0.0039804610
ENSE00000654359_002	g0031	0	0.0026735991
ENSE00000654359_003	g0031	0	0.0156251202
ENSE00000654359_004	g0031	1	0.0646383703
ENSE00000654359_005	g0031	1	0.0348498550
ENSE00000654359_006	g0031	0	0.0099388371
ENSE00000654359_007	g0031	0	0.0184276610
ENSE00000654359_008	g0031	0	0.0104679404
ENSE00000654359_009	g0031	0	0.0132888508
ENSE00000654359_010	g0031	0	0.0239211255
ENSE00000654359_011	g0031	1	0.0181155296
ENSE00000654359_013	g0031	1	0.0194618981
ENSE00000654359_014	g0031	0	0.0054784290
ENSE00000654359_015	g0031	0	0.0073309086
ENSE00000654359_016	g0031	0	0.0070475497
ENSE00000654359_017	g0031	0	0.0085208755
ENSE00000655095_001	g0035	0	0.0019897991
ENSE00000655095_002	g0035	0	0.0025055919
ENSE00000655095_003	g0035	0	0.0057874101
ENSE00000655095_004	g0035	0	0.0035925048
ENSE00000655095_010	g0035	0	0.0109067453
ENSE00000655095_011	g0035	0	0.0144589236
ENSE00000655095_012	g0035	0	0.0104736333
ENSE00000655095_013	g0035	0	0.0290518521
ENSE00000655414_001	g0036	0	0.0017038248
ENSE00000655414_002	g0036	0	0.0011751506
ENSE00000655414_003	g0036	0	0.0015276755
ENSE00000655414_005	g0036	0	0.0052305792
ENSE00000655414_007	g0036	0	0.0022188707
ENSE00000655414_008	g0036	0	0.0021251175
ENSE00000655414_009	g0036	0	0.0019547119
ENSE00000655414_010	g0036	0	0.0031464522
ENSE00000655414_011	g0036	0	0.0129488704
ENSE00000655414_014	g0036	0	0.0182725419
ENSE00000655414_015	g0036	0	0.0117340328
ENSE00000655414_018	g0036	0	0.0182441597
ENSE00000655414_019	g0036	0	0.0107313106
ENSE00000655414_020	g0036	0	0.1418404231
ENSE00000655414_022	g0036	0	0.0233101696
ENSE00000655414_024	g0036	0	0.0060390130
ENSE00000658029_002	g0039	0	0.0076043990
ENSE00000658029_005	g0039	0	0.0314107255
ENSE00000658029_006	g0039	0	0.0163353182
ENSE00000658029_008	g0039	0	0.0236313107
ENSE00000658029_009	g0039	0	0.0160381974
ENSE00000658029_011	g0039	0	0.0359611377
ENSE00000658029_012	g0039	0	0.0893327209
ENSE00000658029_015	g0039	0	0.0148221938
ENSE00000658029_016	g0039	0	0.0413847953
ENSE00000658029_018	g0039	0	0.0166763816
ENSE00000658029_024	g0039	0	0.0036621431
ENSE00000658029_025	g0039	0	0.0029243212
ENSE00000658029_026	g0039	0	0.0026521732
ENSE00000658402_006	g0040	0	0.0142101505
ENSE00000658402_008	g0040	0	0.0358178034
ENSE00000658402_011	g0040	0	0.0481307785
ENSE00000658402_020	g0040	0	0.0025282587
ENSE00000658753_004	g0043	0	0.0035663244
ENSE00000658753_005	g0043	0	0.0026846007
ENSE00000658753_006	g0043	0	0.0042584956
ENSE00000658753_008	g0043	0	0.0274931502
ENSE00000658753_009	g0043	0	0.0186450926
ENSE00000658753_013	g0043	0	0.0221221490
ENSE00000658753_024	g0043	0	0.0298991673
ENSE00000658753_027	g0043	0	0.0256344693
ENSE00000658753_029	g0043	0	0.1363269857
ENSE00000660516_001	g0048	0	0.0023742061
ENSE00000660516_002	g0048	0	0.0031514280
ENSE00000660516_003	g0048	0	0.0045582706
ENSE00000660516_004	g0048	0	0.0171227247
ENSE00000660516_005	g0048	0	0.0132955333
ENSE00000660516_006	g0048	0	0.0111004547
ENSE00000660516_007	g0048	0	0.0090949284
ENSE00000660516_008	g0048	0	0.0075555029
ENSE00000660516_009	g0048	0	0.0089559350
ENSE00000660516_010	g0048	0	0.0079586495
ENSE00000660516_011	g0048	0	0.0297995599
ENSE00000660516_012	g0048	0	0.0171874914
ENSE00000660516_014	g0048	0	0.0131185004
ENSE00000660516_015	g0048	0	0.0170700873
ENSE00000660516_016	g0048	0	0.0268921820
ENSE00000660516_017	g0048	0	0.0180761645
ENSE00000660516_018	g0048	0	0.0245562322
ENSE00000660516_019	g0048	0	0.0175474662
ENSE00000660516_020	g0048	0	0.0184023995
ENSE00000660516_021	g0048	0	0.0247461828
ENSE00000660516_022	g0048	0	0.0084721988
ENSE00000660516_024	g0048	0	0.0103993390
ENSE00000660516_025	g0048	0	0.0168902304
ENSE00000660516_026	g0048	0	0.1156336678
ENSE00000660516_027	g0048	0	0.1733788726
ENSE00000660516_028	g0048	0	0.0092875620
ENSE00000660516_029	g0048	0	0.0031836636
ENSE00000660516_030	g0048	0	0.0033355302
ENSE00000660516_032	g0048	0	0.0020471717
ENSE00000660516_033	g0048	0	0.0035477383
ENSE00000660516_034	g0048	0	0.0061711233
ENSE00000660516_035	g0048	0	0.0022172625
ENSE00000660516_036	g0048	0	0.0018485734
ENSE00000660516_037	g0048	0	0.0019320235
ENSE00000660516_038	g0048	0	0.0020852323
ENSE00000660516_039	g0048	0	0.0012781123
ENSE00000660516_041	g0048	0	0.0016172349
ENSE00000660518_001	g0048	0	0.0165915234
ENSE00000660518_002	g0048	0	0.0211228357
ENSE00000660518_003	g0048	0	0.0184279290
ENSE00000660518_005	g0048	0	0.0776145650
ENSE00000660518_009	g0048	0	0.0147896320
ENSE00000660518_010	g0048	0	0.0602244539
ENSE00000660518_012	g0048	0	0.0111957944
ENSE00000660518_013	g0048	0	0.0126432221
ENSE00000660518_016	g0048	0	0.0284824390
ENSE00000660518_018	g0048	0	0.0120749219
ENSE00000660518_019	g0048	0	0.0112688177
ENSE00000660518_020	g0048	0	0.0103397631
ENSE00000660518_021	g0048	0	0.0082204265
ENSE00000660518_023	g0048	0	0.0274524825
ENSE00000660518_024	g0048	0	0.0066007850
ENSE00000660518_025	g0048	0	0.0023743378
ENSE00000660518_027	g0048	0	0.0007451226
ENSE00000661950_001	g0051	0	0.0023644452
ENSE00000661950_002	g0051	0	0.0061235080
ENSE00000661950_003	g0051	0	0.0036528790
ENSE00000661950_004	g0051	0	0.0039806144
ENSE00000661950_005	g0051	0	0.0170070608
ENSE00000661950_007	g0051	0	0.0249390589
ENSE00000661950_008	g0051	1	0.6793408955
ENSE00000661950_009	g0051	0	0.0082028225
ENSE00000661950_010	g0051	0	0.0455927512
ENSE00000661950_012	g0051	0	0.0141958732
ENSE00000661950_013	g0051	0	0.0077096878
ENSE00000661950_014	g0051	0	0.0820503028
ENSE00000661950_017	g0051	0	0.0350805970
ENSE00000661950_018	g0051	0	0.0297980103
ENSE00000661950_019	g0051	0	0.0089663181
ENSE00000661950_020	g0051	0	0.0137449376
ENSE00000661950_021	g0051	0	0.0173392398
ENSE00000661950_023	g0051	0	0.0110701033
ENSE00000661950_024	g0051	0	0.0098284852
ENSE00000661950_025	g0051	0	0.0122719945
ENSE00000661950_026	g0051	0	0.0074635274
ENSE00000661950_027	g0051	0	0.0357590850
ENSE00000661950_030	g0051	0	0.0110324729
ENSE00000661950_032	g0051	0	0.0540124705
ENSE00000661950_035	g0051	1	0.8225022487
ENSE00000661950_037	g0051	0	0.0038913404
ENSE00000661950_039	g0051	0	0.0034290041
ENSE00000661950_041	g0051	0	0.0026645915
ENSE00000662887_007	g0054	0	0.0105082197
ENSE00000662887_008	g0054	0	0.0061248167
ENSE00000662887_013	g0054	0	0.0182069484
ENSE00000662887_018	g0054	0	0.0013483383
ENSE00000664260_003	g0055	0	0.0055084353
ENSE00000664260_004	g0055	0	0.0032609484
ENSE00000664260_005	g0055	0	0.0180226913
ENSE00000664260_009	g0055	0	0.0145478888
ENSE00000664260_011	g0055	0	0.0269633253
ENSE00000664260_014	g0055	0	0.0079325724
ENSE00000664260_015	g0055	0	0.0088948690
ENSE00000664260_019	g0055	0	0.0074364928
ENSE00000664260_020	g0055	0	0.0038282834
ENSE00000664260_021	g0055	0	0.0020249048
ENSE00000664260_024	g0055	0	0.0021797594
ENSE00000664260_025	g0055	0	0.0021913614
ENSE00000664260_026	g0055	0	0.0033338179
ENSE00000664260_027	g0055	0	0.0026890796
ENSE00000664260_028	g0055	0	0.0023107246
ENSE00000664260_030	g0055	0	0.0024381751
ENSE00000666326_005	g0059	0	0.0026539179
ENSE00000666326_014	g0059	0	0.0258105304
ENSE00000666326_018	g0059	1	0.0452639188
ENSE00000666326_019	g0059	0	0.0468627305
ENSE00000667042_002	g0062	0	0.0101966012
ENSE00000667042_003	g0062	0	0.0116426650
ENSE00000667042_005	g0062	0	0.0055866935
ENSE00000667042_007	g0062	0	0.0052393884
ENSE00000667042_008	g0062	0	0.0081203803
ENSE00000667042_010	g0062	0	0.0078778752
ENSE00000667042_011	g0062	0	0.1258310584
ENSE00000667042_013	g0062	0	0.0900878651
ENSE00000667042_015	g0062	0	0.0297699749
ENSE00000667042_018	g0062	0	0.0197805702
ENSE00000667042_019	g0062	0	0.0411433676
ENSE00000667042_021	g0062	0	0.0209572391
ENSE00000667042_022	g0062	0	0.0136703677
ENSE00000667042_025	g0062	0	0.0150379117
ENSE00000667042_026	g0062	0	0.0617368604
ENSE00000667042_027	g0062	0	0.0122537523
ENSE00000667042_028	g0062	0	0.0108926041
ENSE00000667042_029	g0062	0	0.0343127559
ENSE00000667042_033	g0062	0	0.0235261770
ENSE00000667042_034	g0062	0	0.0111378453
ENSE00000667042_038	g0062	0	0.0013703067
ENSE00000668406_001	g0066	0	0.0091523028
ENSE00000668406_003	g0066	0	0.0035046508
ENSE00000668406_008	g0066	0	0.2378571957
ENSE00000668406_015	g0066	0	0.0324160764
ENSE00000668406_017	g0066	0	0.0143156761
ENSE00000668406_019	g0066	0	0.0050980847
ENSE00000668406_020	g0066	0	0.0058008221
ENSE00000668638_001	g0067	0	0.0031531935
ENSE00000668638_002	g0067	0	0.0024152420
ENSE00000668638_003	g0067	0	0.0025516433
ENSE00000668638_004	g0067	0	0.0352598648
ENSE00000668638_005	g0067	0	0.0147938071
ENSE00000668638_006	g0067	0	0.0095658218
ENSE00000668638_008	g0067	0	0.0066546436
ENSE00000675594_001	g0002	0	0.0010707601
ENSE00000675594_002	g0002	0	0.0012115380
ENSE00000675594_003	g0002	0	0.0053466966
ENSE00000675594_004	g0002	0	0.0051949860
ENSE00000675594_005	g0002	0	0.0011491018
ENSE00000675594_006	g0002	0	0.0019079526
ENSE00000675594_007	g0002	0	0.0039899343
ENSE00000675594_008	g0002	0	0.0201733477
ENSE00000675594_009	g0002	0	0.0322041526
ENSE00000675594_010	g0002	0	0.0104937765
ENSE00000675594_011	g0002	0	0.0173939916
ENSE00000675594_012	g0002	0	0.0112790693
ENSE00000675594_013	g0002	0	0.0098293719
ENSE00000675594_014	g0002	0	0.0080444192
ENSE00000675594_015	g0002	0	0.0057125137
ENSE00000675594_016	g0002	0	0.0147076018
ENSE00000675594_017	g0002	0	0.0125824152
ENSE00000675594_018	g0002	0	0.0077425251
ENSE00000675594_019	g0002	0	0.0148666631
ENSE00000675594_022	g0002	0	0.0958748790
ENSE00000675594_023	g0002	0	0.0123953611
ENSE00000675594_026	g0002	0	0.0090991755
ENSE00000675594_027	g0002	0	0.0544011554
ENSE00000675594_028	g0002	0	0.0261274724
ENSE00000676004_001	g0082	0	0.0031264659
ENSE00000676004_003	g0082	0	0.0033158507
ENSE00000676004_004	g0082	0	0.0020924340
ENSE00000676004_020	g0082	0	0.0064358795
ENSE00000676004_027	g0082	0	0.0322934995
ENSE00000676004_028	g0082	0	0.0745082577
ENSE00000677429_002	g0085	0	0.0034431295
ENSE00000677429_004	g0085	0	0.0097023510
ENSE00000677429_005	g0085	0	0.0096429477
ENSE00000677429_007	g0085	0	0.0089623588
ENSE00000677429_010	g0085	0	0.0527499741
ENSE00000677429_012	g0085	0	0.0381785715
ENSE00000677429_013	g0085	0	0.0196838015
ENSE00000677429_017	g0085	0	0.0074280525
ENSE00000677429_018	g0085	0	0.0104181642
ENSE00000677429_025	g0085	0	0.0199646326
ENSE00000677429_026	g0085	0	0.0422269567
ENSE00000677429_027	g0085	0	0.0699854310
ENSE00000677429_028	g0085	0	0.0185265084
ENSE00000677429_029	g0085	0	0.0126580345
ENSE00000677429_033	g0085	0	0.0075980614
ENSE00000677429_035	g0085	0	0.0025002593
ENSE00000680817_003	g0092	0	0.0186052175
ENSE00000680817_011	g0092	0	0.0126736490
ENSE00000681287_001	g0093	0	0.0109872288
ENSE00000681287_002	g0093	0	0.0024250364
ENSE00000681287_005	g0093	0	0.0032855293
ENSE00000681287_007	g0093	0	0.0048970160
ENSE00000681287_011	g0093	0	0.0242303919
ENSE00000681287_012	g0093	0	0.0225975362
ENSE00000681287_015	g0093	0	0.0163567888
ENSE00000681287_018	g0093	0	0.0393568551
ENSE00000681287_025	g0093	0	0.1513049102
ENSE00000681287_027	g0093	1	0.0916071492
ENSE00000687910_001	g0102	0	0.0011737863
ENSE00000687910_002	g0102	0	0.0022284663
ENSE00000687910_006	g0102	0	0.0115486924
ENSE00000687910_009	g0102	0	0.0250571049
ENSE00000687910_012	g0102	0	0.0182271149
ENSE00000687910_014	g0102	0	0.0291369488
ENSE00000687910_016	g0102	0	0.0104012587
ENSE00000687910_019	g0102	0	0.0148873359
ENSE00000687910_027	g0102	0	0.0070923645
ENSE00000694349_001	g0109	0	0.0013913015
ENSE00000694349_002	g0109	0	0.0015375456
ENSE00000694349_003	g0109	0	0.0026220128
ENSE00000694349_004	g0109	0	0.0024205244
ENSE00000694349_005	g0109	0	0.0030345720
ENSE00000694349_006	g0109	0	0.0158452655
ENSE00000694349_007	g0109	0	0.0141119876
ENSE00000694349_008	g0109	0	0.0643182384
ENSE00000694349_009	g0109	0	0.0582306326
ENSE00000694349_010	g0109	0	0.1072268205
ENSE00000694349_011	g0109	0	0.1542704815
ENSE00000694349_013	g0109	0	0.0236206987
ENSE00000694349_014	g0109	0	0.0084556823
ENSE00000694349_015	g0109	0	0.0353977665
ENSE00000694349_016	g0109	0	0.0237876384
ENSE00000694349_017	g0109	0	0.0141168422
ENSE00000694349_019	g0109	0	0.0826992798
ENSE00000694349_020	g0109	0	0.0320184519
ENSE00000694349_021	g0109	0	0.0708580534
ENSE00000694349_023	g0109	0	0.0092292389
ENSE00000694349_025	g0109	0	0.0243996943
ENSE00000694349_026	g0109	0	0.0150180354
ENSE00000694349_027	g0109	0	0.0270734474
ENSE00000699206_001	g0117	0	0.0016412725
ENSE00000699206_002	g0117	0	0.0128499804
ENSE00000699206_003	g0117	0	0.0017590247
ENSE00000699206_004	g0117	0	0.0121689505
ENSE00000699206_005	g0117	0	0.0125967335
ENSE00000699206_006	g0117	0	0.0148791803
ENSE00000699206_007	g0117	0	0.0081020511
ENSE00000699206_008	g0117	0	0.0079913600
ENSE00000699206_011	g0117	0	0.0144800478
ENSE00000699206_013	g0117	0	0.0039551851
ENSE00000699206_014	g0117	0	0.0022334132
ENSE00000699206_015	g0117	0	0.0051031522
ENSE00000699242_001	g0117	0	0.0088803929
ENSE00000699242_002	g0117	0	0.0040472300
ENSE00000699242_003	g0117	0	0.0026996129
ENSE00000699242_004	g0117	1	0.0479021210
ENSE00000699242_005	g0117	0	0.0108248030
ENSE00000699242_006	g0117	0	0.0084102725
ENSE00000699242_007	g0117	0	0.0088357635
ENSE00000699242_008	g0117	1	0.0111743215
ENSE00000699242_009	g0117	1	0.7122547829
ENSE00000699242_010	g0117	0	0.0059191353
ENSE00000699242_011	g0117	0	0.0138339801
ENSE00000699242_012	g0117	0	0.0093548846
ENSE00000699242_013	g0117	0	0.0064529124
ENSE00000699242_014	g0117	0	0.0330978917
ENSE00000699242_017	g0117	0	0.0117768007
ENSE00000699242_018	g0117	0	0.0062988860
ENSE00000699242_019	g0117	0	0.0030577241
ENSE00000699242_020	g0117	0	0.0054823060
ENSE00000700481_001	g0120	0	0.0073655500
ENSE00000700481_002	g0120	0	0.0135918056
ENSE00000700481_004	g0120	0	0.0125212199
ENSE00000700481_005	g0120	0	0.0108511544
ENSE00000700481_008	g0120	0	0.0166152828
ENSE00000700481_011	g0120	0	0.0144483964
ENSE00000700481_015	g0120	0	0.0190878888
ENSE00000700481_017	g0120	0	0.0377231393
ENSE00000700625_001	g0121	0	0.0009373782
ENSE00000700625_002	g0121	0	0.0010832880
ENSE00000700625_003	g0121	0	0.0022520933
ENSE00000700625_007	g0121	0	0.0049494019
ENSE00000700625_008	g0121	0	0.0049000726
ENSE00000700625_009	g0121	0	0.0144557622
ENSE00000700625_011	g0121	0	0.0158178045
ENSE00000700625_013	g0121	0	0.0283261538
ENSE00000700625_014	g0121	0	0.0585207074
ENSE00000700625_015	g0121	0	0.0516232613
ENSE00000700625_016	g0121	0	0.0129891307
ENSE00000700625_017	g0121	0	0.0099777752
ENSE00000700625_019	g0121	0	0.0174477508
ENSE00000700625_020	g0121	0	0.0297120228
ENSE00000700625_021	g0121	0	0.0600937967
ENSE00000700625_022	g0121	0	0.0081714751
ENSE00000700625_023	g0121	0	0.0061171730
ENSE00000700625_024	g0121	0	0.0076314487
ENSE00000700625_025	g0121	0	0.0515484601
ENSE00000700625_026	g0121	0	0.0099967458
ENSE00000700625_027	g0121	0	0.0087189099
ENSE00000704071_001	g0124	0	0.0025692975
ENSE00000704071_002	g0124	0	0.0010018747
ENSE00000704071_003	g0124	0	0.0029790963
ENSE00000704071_004	g0124	0	0.0020825205
ENSE00000704071_005	g0124	0	0.0012696876
ENSE00000704071_006	g0124	0	0.0014755495
ENSE00000704071_007	g0124	0	0.0172225590
ENSE00000704071_008	g0124	1	0.5625083256
ENSE00000704071_009	g0124	0	0.0111071071
ENSE00000704071_010	g0124	0	0.0100048079
ENSE00000704071_011	g0124	0	0.0119915208
ENSE00000704071_012	g0124	0	0.0087283268
ENSE00000704071_013	g0124	0	0.0135321266
ENSE00000704071_014	g0124	0	0.0213724012
ENSE00000704071_016	g0124	0	0.0092701608
ENSE00000704071_018	g0124	0	0.0247356576
ENSE00000704071_020	g0124	0	0.0123845542
ENSE00000704071_021	g0124	0	0.0174910666
ENSE00000704071_022	g0124	0	0.0068309656
ENSE00000704071_023	g0124	0	0.0939875864
ENSE00000704071_025	g0124	0	0.0074549169
ENSE00000704071_026	g0124	0	0.0080473977
ENSE00000704071_027	g0124	0	0.0060584887
ENSE00000704071_028	g0124	0	0.0074927706
ENSE00000704071_029	g0124	0	0.0106256081
ENSE00000704071_030	g0124	0	0.0044725511
ENSE00000704071_031	g0124	0	0.0054067823
ENSE00000706055_001	g0126	0	0.0029829815
ENSE00000706055_002	g0126	0	0.0374475579
ENSE00000706055_004	g0126	0	0.0271059175
ENSE00000706055_006	g0126	0	0.0158319531
ENSE00000706055_008	g0126	0	0.0232123881
ENSE00000706055_009	g0126	0	0.0171701131
ENSE00000706055_012	g0126	0	0.0724737396
ENSE00000706055_013	g0126	0	0.1223802712
ENSE00000706055_016	g0126	0	0.0031636732
ENSE00000706055_019	g0126	0	0.0043844498
ENSE00000706055_021	g0126	0	0.0026986380
ENSE00000706064_029	g0126	0	0.0042373835
ENSE00000706991_005	g0127	0	0.1589254200
ENSE00000706991_007	g0127	0	0.0102250323
ENSE00000706991_011	g0127	0	0.0093489121
ENSE00000706991_016	g0127	0	0.0187154466
ENSE00000706991_018	g0127	0	0.0107004348
ENSE00000706991_021	g0127	0	0.0106214348
ENSE00000707642_001	g0129	0	0.0090114295
ENSE00000707642_002	g0129	0	0.0100915974
ENSE00000707642_004	g0129	0	0.0110120764
ENSE00000707642_005	g0129	0	0.0047417094
ENSE00000707642_007	g0129	0	0.0084784551
ENSE00000707642_008	g0129	0	0.0121684171
ENSE00000707642_010	g0129	0	0.0211181453
ENSE00000707642_013	g0129	0	0.0106892414
ENSE00000707642_015	g0129	0	0.0113070153
ENSE00000707642_016	g0129	0	0.0140548376
ENSE00000707642_017	g0129	0	0.0052230635
ENSE00000707642_018	g0129	0	0.0053829688
ENSE00000707642_019	g0129	0	0.0060860614
ENSE00000707642_020	g0129	0	0.0015474474
ENSE00000707650_001	g0129	0	0.0030098614
ENSE00000707650_030	g0129	0	0.0018057604
ENSE00000708419_006	g0130	0	0.0732839747
ENSE00000708419_011	g0130	0	0.0164714847
ENSE00000708419_012	g0130	0	0.0106903511
ENSE00000708419_013	g0130	0	0.0114678790
ENSE00000708419_014	g0130	0	0.0276454111
ENSE00000708419_016	g0130	0	0.0281669417
ENSE00000708419_017	g0130	0	0.0075801735
ENSE00000708419_019	g0130	0	0.0110878690
ENSE00000708419_021	g0130	0	0.0713338384
ENSE00000708419_022	g0130	1	0.2050037630
ENSE00000708419_024	g0130	0	0.0244616506
ENSE00000708419_026	g0130	0	0.0152312814
ENSE00000708419_027	g0130	0	0.0206042844
ENSE00000709778_009	g0132	0	0.0093595637
ENSE00000709778_010	g0132	0	0.0121769396
ENSE00000709778_013	g0132	0	0.0552137008
ENSE00000709778_014	g0132	0	0.0581069486
ENSE00000709778_015	g0132	0	0.0393371763
ENSE00000712808_001	g0135	0	0.0063031214
ENSE00000712808_002	g0135	0	0.0024739026
ENSE00000712808_003	g0135	1	0.3996751722
ENSE00000712808_005	g0135	0	0.0280898224
ENSE00000712808_006	g0135	0	0.0649768359
ENSE00000712808_007	g0135	0	0.0405567094
ENSE00000712808_008	g0135	0	0.0172956233
ENSE00000712808_009	g0135	0	0.0246967471
ENSE00000712808_010	g0135	0	0.0037101011
ENSE00000712808_011	g0135	0	0.0217695279
ENSE00000712808_012	g0135	0	0.0333259938
ENSE00000712808_013	g0135	0	0.0324832022
ENSE00000712808_014	g0135	0	0.0174398660
ENSE00000712808_015	g0135	0	0.0229584683
ENSE00000712808_016	g0135	0	0.0127502296
ENSE00000712808_018	g0135	0	0.0051964864
ENSE00000712808_019	g0135	0	0.0020567459
ENSE00000713716_003	g0138	0	0.0078261149
ENSE00000713716_006	g0138	0	0.0189483713
ENSE00000713716_008	g0138	0	0.0089905815
ENSE00000713716_010	g0138	0	0.0168915998
ENSE00000713716_011	g0138	0	0.0481185095
ENSE00000713716_012	g0138	0	0.0622424143
ENSE00000713716_014	g0138	0	0.0144168885
ENSE00000713716_016	g0138	0	0.0142880892
ENSE00000713716_017	g0138	0	0.0173822712
ENSE00000713716_026	g0138	0	0.0023375479
ENSE00000714319_001	g0140	0	0.0005935688
ENSE00000714319_002	g0140	0	0.0045351832
ENSE00000714319_003	g0140	0	0.0010871057
ENSE00000714319_005	g0140	0	0.0024848820
ENSE00000714319_006	g0140	0	0.0097336212
ENSE00000714319_007	g0140	0	0.0105603137
ENSE00000714319_008	g0140	0	0.0144124674
ENSE00000714319_009	g0140	0	0.0188454906
ENSE00000714319_010	g0140	0	0.0136662944
ENSE00000714319_011	g0140	0	0.0110135795
ENSE00000714319_012	g0140	0	0.0085809129
ENSE00000714319_014	g0140	0	0.0158956290
ENSE00000714319_015	g0140	0	0.0147628631
ENSE00000714319_016	g0140	0	0.0080773064
ENSE00000714319_017	g0140	0	0.0126673321
ENSE00000714319_018	g0140	0	0.0130516810
ENSE00000714319_019	g0140	0	0.0073142730
ENSE00000714319_020	g0140	0	0.0137065974
ENSE00000714319_021	g0140	0	0.0198785004
ENSE00000714319_022	g0140	0	0.0343331279
ENSE00000714319_023	g0140	0	0.0117223630
ENSE00000714319_025	g0140	0	0.1132520879
ENSE00000714319_026	g0140	0	0.0255862751
ENSE00000714319_027	g0140	0	0.0039408012
ENSE00000714319_028	g0140	0	0.0041754534
ENSE00000714848_001	g0142	0	0.0083337535
ENSE00000714848_002	g0142	0	0.0223162031
ENSE00000714848_003	g0142	0	0.0042507045
ENSE00000714848_004	g0142	0	0.0064393188
ENSE00000714848_006	g0142	0	0.0107146433
ENSE00000714848_007	g0142	0	0.0342801217
ENSE00000714848_008	g0142	0	0.0102491211
ENSE00000714848_009	g0142	0	0.0052376008
ENSE00000714848_010	g0142	0	0.0159750696
ENSE00000714848_011	g0142	0	0.0074574757
ENSE00000714848_012	g0142	0	0.0202120563
ENSE00000714848_016	g0142	0	0.0437649747
ENSE00000714848_017	g0142	0	0.0201053516
ENSE00000714848_018	g0142	0	0.0091814354
ENSE00000714848_019	g0142	0	0.0212440967
ENSE00000714848_023	g0142	0	0.0183839954
ENSE00000714848_025	g0142	0	0.0100977898
ENSE00000718333_001	g0149	0	0.0090635404
ENSE00000718333_002	g0149	0	0.1192825575
ENSE00000718333_003	g0149	0	0.7106657746
ENSE00000718333_005	g0149	0	0.0366029936
ENSE00000718333_006	g0149	0	0.0086580094
ENSE00000718333_008	g0149	0	0.0118924550
ENSE00000718333_009	g0149	0	0.0252960400
ENSE00000718333_010	g0149	0	0.0252115364
ENSE00000718333_012	g0149	0	0.0178959882
ENSE00000718333_013	g0149	0	0.0091698676
ENSE00000718333_014	g0149	0	0.0155927753
ENSE00000718333_015	g0149	0	0.0075527126
ENSE00000718333_016	g0149	0	0.0146920320
ENSE00000718333_017	g0149	0	0.0172630132
ENSE00000718333_018	g0149	0	0.0950079890
ENSE00000718333_019	g0149	0	0.0187301518
ENSE00000718333_020	g0149	1	0.3496471188
ENSE00000718333_022	g0149	0	0.0009250201
ENSE00000718333_023	g0149	0	0.0015740892
ENSE00000718333_024	g0149	0	0.0023628840
ENSE00000718733_001	g0150	0	0.0028045569
ENSE00000718733_003	g0150	0	0.0070495502
ENSE00000718733_004	g0150	0	0.0087540823
ENSE00000718733_009	g0150	0	0.0097090050
ENSE00000718733_011	g0150	0	0.0190932012
ENSE00000718733_014	g0150	0	0.0291250370
ENSE00000718733_015	g0150	1	0.0380580763
ENSE00000723701_003	g0156	0	0.0326268483
ENSE00000723701_004	g0156	0	0.0340530089
ENSE00000723701_005	g0156	0	0.0158626655
ENSE00000723701_006	g0156	0	0.0120967917
ENSE00000723701_007	g0156	0	0.0081744792
ENSE00000723701_008	g0156	0	0.0104100363
ENSE00000723701_011	g0156	0	0.0176916646
ENSE00000723701_012	g0156	0	0.0132951128
ENSE00000723701_013	g0156	0	0.0385732694
ENSE00000723701_014	g0156	0	0.0141717027
ENSE00000723701_015	g0156	0	0.0347705764
ENSE00000723701_019	g0156	0	0.0292912480
ENSE00000723701_020	g0156	0	0.0515241231
ENSE00000723701_022	g0156	0	0.0170262852
ENSE00000723701_023	g0156	1	0.0550939606
ENSE00000723701_024	g0156	0	0.0358775069
ENSE00000732109_002	g0165	0	0.0575386278
ENSE00000732109_003	g0165	0	0.1358972408
ENSE00000732109_004	g0165	0	0.0308842013
ENSE00000732109_005	g0165	0	0.0272762401
ENSE00000732109_006	g0165	0	0.0933581228
ENSE00000732109_007	g0165	0	0.0787234418
ENSE00000732109_008	g0165	0	0.0203175109
ENSE00000732109_009	g0165	0	0.0165120538
ENSE00000732109_012	g0165	0	0.0150418802
ENSE00000732109_013	g0165	0	0.0070269434
ENSE00000732109_015	g0165	0	0.0164022897
ENSE00000732109_016	g0165	0	0.0096440507
ENSE00000732109_017	g0165	0	0.0028227770
ENSE00000732112_002	g0165	0	0.0049869777
ENSE00000732112_005	g0165	0	0.0077083785
ENSE00000732112_008	g0165	0	0.0673541614
ENSE00000732112_009	g0165	0	0.0955673187
ENSE00000732112_010	g0165	0	0.0028434128
ENSE00000736713_004	g0167	0	0.0062646429
ENSE00000736713_006	g0167	0	0.0250212699
ENSE00000736713_007	g0167	0	0.0105692886
ENSE00000736713_010	g0167	0	0.0250831845
ENSE00000736713_012	g0167	0	0.0095206110
ENSE00000736713_014	g0167	0	0.0706681601
ENSE00000736713_015	g0167	0	0.0046098041
ENSE00000736713_016	g0167	0	0.0035072250
ENSE00000736713_017	g0167	0	0.0076464014
ENSE00000736713_018	g0167	0	0.0032803606
ENSE00000736847_001	g0167	0	0.0065644193
ENSE00000736847_002	g0167	0	0.0010733718
ENSE00000736847_003	g0167	0	0.0018546106
ENSE00000736847_004	g0167	0	0.0017186142
ENSE00000736847_007	g0167	0	0.0170518561
ENSE00000736847_010	g0167	0	0.0194849411
ENSE00000736847_011	g0167	0	0.0583594587
ENSE00000736847_012	g0167	0	0.0170660658
ENSE00000736847_014	g0167	0	0.0121971325
ENSE00000744547_006	g0176	0	0.0040880639
ENSE00000744547_009	g0176	0	0.0428221694
ENSE00000744547_011	g0176	0	0.0210167590
ENSE00000744547_013	g0176	0	0.0173312878
ENSE00000744547_014	g0176	0	0.0287329924
ENSE00000744547_018	g0176	0	0.0040608671
ENSE00000744547_020	g0176	0	0.0039304868
ENSE00000752986_001	g0180	0	0.0260627287
ENSE00000752986_002	g0180	0	0.0257452735
ENSE00000752986_005	g0180	0	0.0114488851
ENSE00000752986_006	g0180	0	0.0238728802
ENSE00000752986_008	g0180	0	0.0189205158
ENSE00000752986_009	g0180	0	0.0075571651
ENSE00000752986_011	g0180	0	0.0206040506
ENSE00000752986_012	g0180	0	0.0089773264
ENSE00000752986_013	g0180	0	0.0113379634
ENSE00000752986_014	g0180	0	0.0112243511
ENSE00000752986_015	g0180	0	0.0108600178
ENSE00000752986_018	g0180	0	0.0214676438
ENSE00000752986_019	g0180	0	0.0118356521
ENSE00000752986_020	g0180	0	0.0058670071
ENSE00000752986_021	g0180	0	0.0136020654
ENSE00000752986_022	g0180	0	0.0570657033
ENSE00000752986_023	g0180	0	0.0508005821
ENSE00000752986_025	g0180	0	0.0080355396
ENSE00000763518_001	g0185	0	0.0137518978
ENSE00000763518_004	g0185	0	0.2465502285
ENSE00000763518_008	g0185	0	0.0211735948
ENSE00000763518_014	g0185	0	0.0340489840
ENSE00000763518_015	g0185	0	0.0245676696
ENSE00000767839_002	g0189	0	0.0036864020
ENSE00000767839_003	g0189	0	0.1912551408
ENSE00000767839_005	g0189	0	0.0098315515
ENSE00000767839_006	g0189	0	0.0741002985
ENSE00000767839_007	g0189	0	0.0221503914
ENSE00000767839_008	g0189	0	0.0289856029
ENSE00000767839_009	g0189	0	0.0145947042
ENSE00000767839_010	g0189	0	0.0102807746
ENSE00000767839_011	g0189	0	0.0199696747
ENSE00000767839_012	g0189	0	0.0192038921
ENSE00000767839_015	g0189	0	0.0253187768
ENSE00000771330_001	g0197	0	0.0074170176
ENSE00000771330_002	g0197	0	0.0038227103
ENSE00000771330_003	g0197	0	0.0266612623
ENSE00000771330_004	g0197	0	0.0123643013
ENSE00000771330_005	g0197	0	0.0122769950
ENSE00000771330_007	g0197	0	0.0120015554
ENSE00000771330_010	g0197	0	0.0061479010
ENSE00000771330_011	g0197	0	0.0103568794
ENSE00000771330_012	g0197	0	0.0175444796
ENSE00000771330_015	g0197	0	0.0425583741
ENSE00000771330_017	g0197	0	0.0273573814
ENSE00000771330_018	g0197	0	0.0287346879
ENSE00000771330_019	g0197	0	0.0198987477
ENSE00000771330_022	g0197	0	0.0051496329
ENSE00000771330_023	g0197	0	0.0020436089
ENSE00000773526_002	g0198	0	0.0072211355
ENSE00000773526_003	g0198	0	0.0159064708
ENSE00000773526_004	g0198	0	0.0194783253
ENSE00000773526_005	g0198	0	0.0253824944
ENSE00000773526_006	g0198	0	0.0338727865
ENSE00000773526_007	g0198	0	0.1283155025
ENSE00000773526_009	g0198	0	0.0612081837
ENSE00000773526_011	g0198	0	0.0211901539
ENSE00000773526_012	g0198	0	0.0199623426
ENSE00000773526_013	g0198	0	0.0110533825
ENSE00000773526_014	g0198	0	0.0426280280
ENSE00000773526_015	g0198	0	0.0360038425
ENSE00000773526_016	g0198	0	0.0159867796
ENSE00000773526_017	g0198	0	0.0126669203
ENSE00000773526_020	g0198	0	0.0299977376
ENSE00000773526_022	g0198	0	0.0062839540
ENSE00000773526_023	g0198	0	0.0119644411
ENSE00000773526_024	g0198	0	0.0033504153
ENSE00000773526_025	g0198	0	0.0018880921
ENSE00000785388_001	g0009	0	0.0040149587
ENSE00000785388_002	g0009	0	0.0016091047
ENSE00000785388_003	g0009	0	0.0015543461
ENSE00000785388_004	g0009	0	0.0066108593
ENSE00000785388_006	g0009	0	0.0289238528
ENSE00000785388_007	g0009	0	0.0287918671
ENSE00000785388_008	g0009	0	0.0458584223
ENSE00000785388_009	g0009	0	0.0150540930
ENSE00000785388_011	g0009	0	0.0167102549
ENSE00000785388_012	g0009	0	0.0236476397
ENSE00000785388_013	g0009	0	0.0266118676
ENSE00000785388_014	g0009	0	0.0551570332
ENSE00000785388_015	g0009	0	0.0159511655
ENSE00000785388_016	g0009	0	0.0895970159
ENSE00000785388_017	g0009	0	0.0178798108
ENSE00000785388_018	g0009	0	0.0182841892
ENSE00000785388_019	g0009	1	0.5402355238
ENSE00000785388_020	g0009	0	0.0018829263
ENSE00000785388_022	g0009	0	0.0011337311
ENSE00000796206_001	g0210	0	0.0023560176
ENSE00000796206_006	g0210	0	0.0013630321
ENSE00000796206_007	g0210	0	0.0106243828
ENSE00000796206_008	g0210	0	0.2861691318
ENSE00000796206_009	g0210	0	0.2494889256
ENSE00000796206_010	g0210	0	0.0276458535
ENSE00000796206_011	g0210	0	0.0166481657
ENSE00000796206_015	g0210	0	0.0448132961
ENSE00000796206_017	g0210	0	0.0151579925
ENSE00000796206_019	g0210	0	0.0669596082
ENSE00000796206_021	g0210	0	0.0433213886
ENSE00000796206_023	g0210	0	0.0060371052
ENSE00000796206_024	g0210	0	0.0059179828
ENSE00000801180_001	g0214	0	0.0023676498
ENSE00000801180_003	g0214	0	0.0046280961
ENSE00000801180_010	g0214	0	0.0112405583
ENSE00000801180_014	g0214	0	0.0102732122
ENSE00000801180_015	g0214	0	0.0258235977
ENSE00000801180_016	g0214	0	0.0310334610
ENSE00000801180_017	g0214	0	0.0415260356
ENSE00000801180_018	g0214	0	0.0402249394
ENSE00000801180_019	g0214	0	0.0483045344
ENSE00000801180_020	g0214	0	0.0328285539
ENSE00000801180_021	g0214	0	0.0173255530
ENSE00000801180_022	g0214	0	0.0446515495
ENSE00000801180_023	g0214	0	0.0265915117
ENSE00000801437_001	g0215	0	0.0241221245
ENSE00000801437_002	g0215	0	0.0024592659
ENSE00000801437_003	g0215	0	0.0113772666
ENSE00000801437_004	g0215	0	0.0044563925
ENSE00000801437_006	g0215	0	0.0119413684
ENSE00000801437_007	g0215	0	0.0127975776
ENSE00000801437_008	g0215	0	0.0032287298
ENSE00000802182_002	g0217	0	0.0025854750
ENSE00000802182_018	g0217	0	0.0094124973
ENSE00000802182_020	g0217	0	0.0047938641
ENSE00000802182_022	g0217	0	0.0115598150
ENSE00000802182_033	g0217	0	0.0134768523
ENSE00000802193_002	g0217	0	0.0027812961
ENSE00000802193_003	g0217	0	0.0015886943
ENSE00000802193_004	g0217	0	0.0083046467
ENSE00000802193_005	g0217	0	0.0062207380
ENSE00000802193_007	g0217	0	0.0090722733
ENSE00000802193_013	g0217	0	0.0161011704
ENSE00000802193_014	g0217	0	0.0073668785
ENSE00000802193_015	g0217	0	0.0215014615
ENSE00000802193_018	g0217	0	0.0201413814
ENSE00000802193_019	g0217	0	0.0094214771
ENSE00000802193_022	g0217	0	0.0077976020
ENSE00000802193_023	g0217	0	0.0085420793
ENSE00000802193_024	g0217	0	0.0080988266
ENSE00000802193_026	g0217	0	0.0245103742
ENSE00000804061_004	g0219	0	0.0170012766
ENSE00000804061_008	g0219	0	0.0092065024
ENSE00000804061_009	g0219	0	0.0106227833
ENSE00000804061_011	g0219	0	0.0181650870
ENSE00000804061_013	g0219	0	0.0162887662
ENSE00000804061_015	g0219	0	0.0255631515
ENSE00000806005_008	g0221	0	0.0047901652
ENSE00000806005_009	g0221	0	0.0102856516
ENSE00000806005_016	g0221	0	0.0128714874
ENSE00000806005_017	g0221	0	0.0089824132
ENSE00000806005_018	g0221	0	0.0137462351
ENSE00000806215_001	g0222	0	0.0028077222
ENSE00000806215_002	g0222	0	0.0038168326
ENSE00000806215_003	g0222	0	0.0209753562
ENSE00000806215_004	g0222	1	0.2475704225
ENSE00000806215_006	g0222	0	0.0222688265
ENSE00000806215_007	g0222	1	0.0233747280
ENSE00000806215_009	g0222	1	0.0251077618
ENSE00000806215_010	g0222	1	0.0213058342
ENSE00000806215_011	g0222	0	0.0177716743
ENSE00000806215_014	g0222	1	0.0186418187
ENSE00000806215_015	g0222	0	0.0194380452
ENSE00000806215_017	g0222	0	0.0376224209
ENSE00000806215_019	g0222	0	0.0360337416
ENSE00000806215_020	g0222	0	0.0122618540
ENSE00000806215_022	g0222	0	0.0111890796
ENSE00000807561_001	g0225	0	0.0029077360
ENSE00000807561_002	g0225	0	0.0180100770
ENSE00000807561_003	g0225	0	0.0132446794
ENSE00000807561_004	g0225	0	0.0448725332
ENSE00000807561_005	g0225	0	0.0127730806
ENSE00000807561_006	g0225	0	0.0382484928
ENSE00000807561_007	g0225	0	0.0098792994
ENSE00000807561_008	g0225	0	0.0102814344
ENSE00000807561_011	g0225	0	0.0096044397
ENSE00000807561_012	g0225	0	0.0063741133
ENSE00000807561_014	g0225	0	0.1498688673
ENSE00000807561_016	g0225	0	0.0085132257
ENSE00000807561_018	g0225	0	0.0024721741
ENSE00000807561_019	g0225	0	0.0055468899
ENSE00000808204_001	g0228	0	0.0019765399
ENSE00000808204_003	g0228	0	0.0038539831
ENSE00000808204_004	g0228	0	0.0115098859
ENSE00000808204_007	g0228	0	0.0361966464
ENSE00000808204_008	g0228	0	0.1168160126
ENSE00000808204_009	g0228	0	0.0159025869
ENSE00000808204_010	g0228	0	0.0295110503
ENSE00000808204_012	g0228	0	0.0143422768
ENSE00000808204_013	g0228	0	0.0677279553
ENSE00000808204_014	g0228	0	0.0220228613
ENSE00000808204_015	g0228	0	0.1598669742
ENSE00000808204_016	g0228	0	0.1558230405
ENSE00000808204_020	g0228	0	0.0473413677
ENSE00000808204_021	g0228	0	0.0258940789
ENSE00000811044_001	g0235	0	0.0017228653
ENSE00000811044_002	g0235	0	0.0009675535
ENSE00000811044_004	g0235	0	0.0102514850
ENSE00000811044_006	g0235	0	0.0102502541
ENSE00000811044_008	g0235	0	0.0101188139
ENSE00000811044_009	g0235	0	0.0188056515
ENSE00000811044_010	g0235	0	0.0124085708
ENSE00000811044_012	g0235	0	0.0096443799
ENSE00000811044_013	g0235	0	0.0266594546
ENSE00000811044_014	g0235	0	0.0153385787
ENSE00000811044_017	g0235	0	0.0062425065
ENSE00000811044_018	g0235	0	0.0125261226
ENSE00000811044_025	g0235	0	0.0013021401
ENSE00000816181_019	g0241	0	0.0152981920
ENSE00000816181_021	g0241	0	0.1245992642
ENSE00000816181_023	g0241	0	0.0084667214
ENSE00000817062_001	g0242	0	0.0024084807
ENSE00000817062_002	g0242	0	0.0024211086
ENSE00000817062_005	g0242	0	0.0287181489
ENSE00000817062_006	g0242	0	0.0241056527
ENSE00000817062_007	g0242	0	0.0255990524
ENSE00000817062_008	g0242	0	0.0185695568
ENSE00000817062_009	g0242	0	0.0450992401
ENSE00000817062_011	g0242	0	0.0084212384
ENSE00000817062_013	g0242	0	0.0056302461
ENSE00000817062_014	g0242	0	0.0195366518
ENSE00000817062_015	g0242	0	0.0108947184
ENSE00000817062_016	g0242	0	0.0179943039
ENSE00000817062_019	g0242	0	0.0181212647
ENSE00000817062_020	g0242	0	0.0067736689
ENSE00000817062_021	g0242	0	0.5781928450
ENSE00000817062_022	g0242	0	0.6019430965
ENSE00000828162_001	g0245	0	0.0043678436
ENSE00000828162_002	g0245	0	0.0044002837
ENSE00000828162_005	g0245	0	0.0107196324
ENSE00000828162_008	g0245	0	0.0524401201
ENSE00000828162_013	g0245	0	0.0199101690
ENSE00000828162_014	g0245	0	0.0034192201
ENSE00000828162_016	g0245	0	0.0053222924
ENSE00000831538_003	g0249	0	0.0018330827
ENSE00000831538_006	g0249	0	0.0069662938
ENSE00000831538_007	g0249	0	0.0122639216
ENSE00000831538_008	g0249	0	0.0476283927
ENSE00000831538_009	g0249	0	0.0218225450
ENSE00000831538_011	g0249	0	0.0137504335
ENSE00000831538_012	g0249	1	0.0132930131
ENSE00000831538_013	g0249	1	0.0170531379
ENSE00000831538_014	g0249	0	0.0083498855
ENSE00000831538_015	g0249	0	0.0178395289
ENSE00000831538_016	g0249	0	0.0220231026
ENSE00000831538_017	g0249	0	0.0182131669
ENSE00000831538_018	g0249	0	0.3061359539
ENSE00000831538_020	g0249	0	0.0033947446
ENSE00000831538_021	g0249	0	0.0024983487
ENSE00000831538_022	g0249	0	0.0023885206
ENSE00000835661_001	g0251	0	0.0033675152
ENSE00000835661_005	g0251	0	0.0262460093
ENSE00000835661_006	g0251	0	0.0538586377
ENSE00000835661_008	g0251	0	0.0462063346
ENSE00000835661_011	g0251	0	0.0197416894
ENSE00000835661_012	g0251	0	0.0196912413
ENSE00000835661_013	g0251	0	0.0054207010
ENSE00000841262_003	g0256	0	0.0053186306
ENSE00000841262_008	g0256	0	0.0171977517
ENSE00000841262_011	g0256	0	0.0102363194
ENSE00000843141_001	g0059	0	0.0046048705
ENSE00000843141_002	g0059	0	0.0187101325
ENSE00000843141_003	g0059	0	0.0332228180
ENSE00000843141_004	g0059	0	0.0854784355
ENSE00000843141_005	g0059	0	0.0128625218
ENSE00000843142_001	g0059	0	0.0489886957
ENSE00000843142_003	g0059	0	0.0071385446
ENSE00000843142_004	g0059	0	0.0301574686
ENSE00000843142_005	g0059	0	0.0171619367
ENSE00000843142_006	g0059	0	0.0280746389
ENSE00000843142_007	g0059	0	0.0183488627
ENSE00000843142_008	g0059	0	0.0088889270
ENSE00000843142_009	g0059	0	0.0145466639
ENSE00000843142_010	g0059	0	0.0044210070
ENSE00000844709_008	g0258	1	0.0672309490
ENSE00000844709_015	g0258	0	0.0049663245
ENSE00000844983_004	g0260	0	0.0076418865
ENSE00000844983_010	g0260	0	0.0195602585
ENSE00000844983_011	g0260	0	0.0131413635
ENSE00000844983_017	g0260	0	0.0092237401
ENSE00000844983_025	g0260	0	0.0077822509
ENSE00000844983_030	g0260	1	0.0126684889
ENSE00000844983_031	g0260	0	0.0084096529
ENSE00000845336_003	g0261	0	0.0017233670
ENSE00000845336_008	g0261	0	0.0056500761
ENSE00000845336_010	g0261	0	0.0128468704
ENSE00000845336_012	g0261	0	0.0867086687
ENSE00000845336_014	g0261	0	0.0610380379
ENSE00000845336_015	g0261	0	0.0189538618
ENSE00000845336_021	g0261	0	0.0129202737
ENSE00000845336_025	g0261	0	0.0061793381
ENSE00000845336_027	g0261	0	0.0039007042
ENSE00000846524_001	g0266	0	0.0034802436
ENSE00000846524_002	g0266	0	0.0018249036
ENSE00000846524_003	g0266	0	0.0109881941
ENSE00000846524_004	g0266	0	0.0531293955
ENSE00000846524_005	g0266	0	0.0132980351
ENSE00000846524_006	g0266	0	0.0185682799
ENSE00000846524_008	g0266	0	0.0234297335
ENSE00000846524_010	g0266	0	0.0168508821
ENSE00000846524_012	g0266	0	0.0228981748
ENSE00000846524_015	g0266	0	0.0172797342
ENSE00000846524_016	g0266	0	0.0167863111
ENSE00000846889_001	g0267	0	0.0048523575
ENSE00000846889_003	g0267	0	0.0425762548
ENSE00000846889_004	g0267	0	0.0690125335
ENSE00000846889_006	g0267	0	0.0151832541
ENSE00000846889_007	g0267	0	0.0172362798
ENSE00000846889_008	g0267	0	0.0076136669
ENSE00000846889_009	g0267	0	0.0125302273
ENSE00000846889_010	g0267	0	0.0092952108
ENSE00000846889_013	g0267	0	0.0123086538
ENSE00000846889_014	g0267	0	0.0093596826
ENSE00000846889_015	g0267	0	0.0087622809
ENSE00000846889_016	g0267	0	0.0078583487
ENSE00000846889_018	g0267	0	0.0161925942
ENSE00000846889_019	g0267	0	0.0088088080
ENSE00000846889_021	g0267	0	0.1187709495
ENSE00000846889_022	g0267	0	0.0056837732
ENSE00000846889_023	g0267	0	0.0109579935
ENSE00000846889_024	g0267	0	0.0015785084
ENSE00000846889_025	g0267	0	0.0007611677
ENSE00000850031_001	g0268	0	0.0019527631
ENSE00000850031_003	g0268	0	0.0022454877
ENSE00000850031_006	g0268	0	0.0033415638
ENSE00000850031_012	g0268	0	0.0315510621
ENSE00000850031_021	g0268	0	0.0038755777
ENSE00000852784_001	g0269	0	0.0042686196
ENSE00000852784_003	g0269	0	0.0030703717
ENSE00000852784_005	g0269	0	0.0027426759
ENSE00000852784_006	g0269	0	0.0016663828
ENSE00000852784_007	g0269	0	0.0048898706
ENSE00000852784_008	g0269	0	0.0057319871
ENSE00000852784_009	g0269	1	0.8683604713
ENSE00000852784_010	g0269	0	0.0177863101
ENSE00000852784_011	g0269	0	0.0559758589
ENSE00000852784_012	g0269	0	0.0124834386
ENSE00000852784_013	g0269	0	0.0107858444
ENSE00000852784_014	g0269	0	0.0166492514
ENSE00000852784_015	g0269	0	0.0133859115
ENSE00000852784_016	g0269	0	0.0070209176
ENSE00000852784_017	g0269	0	0.0134884990
ENSE00000852784_018	g0269	0	0.0785652834
ENSE00000852784_019	g0269	0	0.0445319127
ENSE00000852784_020	g0269	0	0.0178307151
ENSE00000852784_021	g0269	0	0.0263647276
ENSE00000852784_023	g0269	0	0.0295416149
ENSE00000852784_024	g0269	1	0.1679317016
ENSE00000852784_025	g0269	0	0.0628060490
ENSE00000852784_026	g0269	0	0.0233129895
ENSE00000852784_027	g0269	0	0.0062125787
ENSE00000852784_028	g0269	0	0.0138910147
ENSE00000857044_001	g0272	0	0.0045182844
ENSE00000857044_002	g0272	0	0.0045839330
ENSE00000857044_003	g0272	0	0.0084666518
ENSE00000857044_005	g0272	1	0.6433937704
ENSE00000857044_008	g0272	0	0.0086792159
ENSE00000857044_009	g0272	0	0.0110903554
ENSE00000857044_010	g0272	0	0.0172081074
ENSE00000857044_012	g0272	0	0.0367309184
ENSE00000857044_014	g0272	0	0.0051729965
ENSE00000857044_015	g0272	0	0.0052898572
ENSE00000857479_009	g0273	0	0.0279897980
ENSE00000857479_012	g0273	0	0.0320500424
ENSE00000857479_016	g0273	0	0.0060828201
ENSE00000857479_017	g0273	0	0.0120165469
ENSE00000857743_001	g0150	0	0.0013363675
ENSE00000857743_002	g0150	0	0.0016378721
ENSE00000857743_003	g0150	0	0.0015967683
ENSE00000857743_005	g0150	0	0.0061499046
ENSE00000857743_010	g0150	0	0.0113007050
ENSE00000857743_011	g0150	0	0.0153839095
ENSE00000857743_012	g0150	0	0.0423974097
ENSE00000857743_013	g0150	0	0.0936149706
ENSE00000857743_014	g0150	0	0.0703778655
ENSE00000857743_015	g0150	0	0.2297459531
ENSE00000857743_017	g0150	0	0.0207794448
ENSE00000857743_018	g0150	0	0.0112456357
ENSE00000857743_019	g0150	0	0.0124888750
ENSE00000857743_020	g0150	0	0.0098451698
ENSE00000857743_021	g0150	0	0.0118196424
ENSE00000858111_001	g0274	0	0.0020297287
ENSE00000858111_002	g0274	0	0.0025015589
ENSE00000858111_003	g0274	0	0.0032135819
ENSE00000858111_004	g0274	0	0.0019174081
ENSE00000858111_005	g0274	0	0.0017780288
ENSE00000858111_007	g0274	1	0.3123590688
ENSE00000858111_010	g0274	0	0.0882581845
ENSE00000858111_013	g0274	0	0.0189778956
ENSE00000858111_014	g0274	0	0.0138312919
ENSE00000858111_015	g0274	0	0.0318088032
ENSE00000858111_016	g0274	0	0.0376002331
ENSE00000858111_018	g0274	0	0.0055338598
ENSE00000858111_020	g0274	0	0.0068121243
ENSE00000858111_022	g0274	0	0.0050724360
ENSE00000858111_023	g0274	0	0.0096215107
ENSE00000858111_024	g0274	0	0.0032155448
ENSE00000859129_001	g0276	0	0.0018303563
ENSE00000859129_002	g0276	0	0.0273179082
ENSE00000860014_005	g0280	0	0.0192018637
ENSE00000860014_010	g0280	0	0.0062559973
ENSE00000860014_011	g0280	0	0.0074510295
ENSE00000860247_001	g0282	0	0.0040078971
ENSE00000860247_004	g0282	0	0.0087620630
ENSE00000860247_007	g0282	0	0.0154952345
ENSE00000860247_013	g0282	0	0.0033410774
ENSE00000860247_014	g0282	0	0.0017952669
ENSE00000860247_015	g0282	0	0.0030111353
ENSE00000860247_016	g0282	0	0.0027378739
ENSE00000860247_018	g0282	0	0.0015153661
ENSE00000862428_024	g0283	0	0.0356589828
ENSE00000862428_033	g0283	0	0.0054443641
ENSE00000863750_001	g0285	0	0.0049385616
ENSE00000863750_004	g0285	0	0.0452665344
ENSE00000863750_005	g0285	0	0.0240930952
ENSE00000863750_007	g0285	0	0.0318913014
ENSE00000863750_008	g0285	0	0.0113329789
ENSE00000863750_009	g0285	0	0.0248118191
ENSE00000863750_010	g0285	0	0.0234225023
ENSE00000863750_011	g0285	0	0.0240984847
ENSE00000863750_012	g0285	0	0.0177661634
ENSE00000863750_013	g0285	0	0.0365862450
ENSE00000863750_014	g0285	0	0.0704948932
ENSE00000863750_016	g0285	0	0.0077338189
ENSE00000863750_017	g0285	0	0.0233918702
ENSE00000865703_003	g0287	0	0.0011862524
ENSE00000865703_004	g0287	0	0.0015720830
ENSE00000865703_005	g0287	0	0.0047023683
ENSE00000865703_007	g0287	0	0.0044498921
ENSE00000865703_010	g0287	0	0.1682842321
ENSE00000865703_011	g0287	0	0.0105320091
ENSE00000865703_012	g0287	0	0.0492556044
ENSE00000865703_013	g0287	0	0.0261962737
ENSE00000865703_014	g0287	0	0.0271261894
ENSE00000865703_016	g0287	0	0.0320022482
ENSE00000865703_017	g0287	0	0.0453130060
ENSE00000865703_018	g0287	0	0.0261163916
ENSE00000865703_023	g0287	0	0.0117836658
ENSE00000865703_025	g0287	0	0.0303254060
ENSE00000865703_026	g0287	0	0.0798364588
ENSE00000865703_029	g0287	0	0.0253922542
ENSE00000865703_033	g0287	0	0.7892996875
ENSE00000865703_035	g0287	0	0.0099083620
ENSE00000865703_037	g0287	0	0.0119190196
ENSE00000865703_040	g0287	0	0.0247739924
ENSE00000868110_001	g0290	0	0.0098801287
ENSE00000868110_003	g0290	0	0.0077666104
ENSE00000868110_004	g0290	0	0.0226213808
ENSE00000868110_005	g0290	0	0.0406311186
ENSE00000868110_006	g0290	0	0.0629681808
ENSE00000868110_007	g0290	0	0.0124727457
ENSE00000868110_008	g0290	0	0.0159604740
ENSE00000868110_009	g0290	0	0.0129811384
ENSE00000868110_011	g0290	0	0.0057668304
ENSE00000868110_014	g0290	0	0.0045456366
ENSE00000868110_015	g0290	0	0.0033515607
ENSE00000869920_001	g0293	0	0.0039202860
ENSE00000869920_003	g0293	0	0.0019576983
ENSE00000869920_004	g0293	0	0.0028849860
ENSE00000869920_005	g0293	0	0.0035692283
ENSE00000869920_006	g0293	0	0.0015679253
ENSE00000869920_007	g0293	0	0.0012839467
ENSE00000869920_008	g0293	0	0.0017960573
ENSE00000869920_009	g0293	0	0.0015467107
ENSE00000869920_010	g0293	0	0.0183600366
ENSE00000869920_011	g0293	0	0.0352944012
ENSE00000869920_012	g0293	0	0.0379351227
ENSE00000869920_013	g0293	0	0.0120036205
ENSE00000869920_014	g0293	0	0.0252897641
ENSE00000869920_015	g0293	0	0.0323707682
ENSE00000869920_017	g0293	0	0.0459641940
ENSE00000869920_018	g0293	0	0.0955570078
ENSE00000869920_019	g0293	0	0.0719009059
ENSE00000869920_020	g0293	0	0.0575425404
ENSE00000869920_021	g0293	0	0.0390732316
ENSE00000869920_023	g0293	0	0.0377184082
ENSE00000869920_024	g0293	0	0.0044541821
ENSE00000869920_026	g0293	0	0.0046829452
ENSE00000869924_001	g0293	0	0.0136291047
ENSE00000869924_003	g0293	0	0.0080493648
ENSE00000869924_004	g0293	0	0.0087646429
ENSE00000869924_005	g0293	0	0.0416438190
ENSE00000869924_006	g0293	0	0.0281051374
ENSE00000869924_009	g0293	0	0.0181420851
ENSE00000869924_012	g0293	0	0.0211645123
ENSE00000869924_013	g0293	0	0.0243763241
ENSE00000869924_014	g0293	0	0.0187606037
ENSE00000869924_015	g0293	0	0.0219641990
ENSE00000869924_016	g0293	0	0.0197183128
ENSE00000869924_017	g0293	0	0.0251263145
ENSE00000869924_018	g0293	0	0.0156112587
ENSE00000869924_019	g0293	0	0.0119104341
ENSE00000869924_020	g0293	0	0.0075290502
ENSE00000869924_021	g0293	0	0.0119199824
ENSE00000869924_022	g0293	0	0.0087991332
ENSE00000873488_004	g0294	0	0.0107852518
ENSE00000873488_005	g0294	0	0.0105731114
ENSE00000873488_006	g0294	0	0.0208436044
ENSE00000873488_010	g0294	0	0.0019097382
ENSE00000874520_001	g0295	0	0.0037165757
ENSE00000874520_002	g0295	0	0.0021499836
ENSE00000874520_003	g0295	0	0.0165621841
ENSE00000874520_005	g0295	0	0.0291741625
ENSE00000874520_007	g0295	0	0.0107643471
ENSE00000874520_008	g0295	0	0.0124821828
ENSE00000874520_009	g0295	0	0.0171511248
ENSE00000874520_010	g0295	0	0.0137479167
ENSE00000874520_012	g0295	0	0.0112056604
ENSE00000874520_013	g0295	0	0.0067882142
ENSE00000874520_014	g0295	0	0.0126860221
ENSE00000874520_015	g0295	0	0.0394602204
ENSE00000874520_016	g0295	0	0.0142317282
ENSE00000874520_017	g0295	0	0.1006886320
ENSE00000874520_018	g0295	0	0.0157421289
ENSE00000874520_019	g0295	0	0.0308767177
ENSE00000874520_020	g0295	0	0.0365669624
ENSE00000874520_021	g0295	0	0.0068403123
ENSE00000874520_022	g0295	0	0.0096930074
ENSE00000874520_023	g0295	0	0.0127719120
ENSE00000883832_001	g0297	0	0.0017135401
ENSE00000883832_002	g0297	0	0.0020213184
ENSE00000883832_003	g0297	0	0.0018435681
ENSE00000883832_005	g0297	0	0.0061709609
ENSE00000883832_013	g0297	0	0.0203934054
ENSE00000883832_015	g0297	0	0.0076833612
ENSE00000883832_016	g0297	0	0.0486201282
ENSE00000883832_018	g0297	0	0.0084473791
ENSE00000883832_020	g0297	0	0.0350202929
ENSE00000883832_025	g0297	0	0.0230027398
ENSE00000883832_026	g0297	0	0.0169668891
ENSE00000883832_029	g0297	0	0.0077896181
ENSE00000889327_002	g0303	0	0.0124242781
ENSE00000889327_005	g0303	0	0.0124901934
ENSE00000889327_008	g0303	0	0.0074888647
ENSE00000889327_013	g0303	0	0.0200624141
ENSE00000890958_001	g0305	0	0.0968416240
ENSE00000890958_003	g0305	0	0.0193857939
ENSE00000890958_004	g0305	0	0.0202005879
ENSE00000890958_006	g0305	0	0.0272849323
ENSE00000890958_007	g0305	0	0.0315641541
ENSE00000890958_008	g0305	0	0.0209193676
ENSE00000890958_009	g0305	0	0.0097318926
ENSE00000890958_014	g0305	0	0.0461153613
ENSE00000890958_016	g0305	0	0.0140313484
ENSE00000890958_019	g0305	0	0.0087326562
ENSE00000890958_020	g0305	0	0.0114335972
ENSE00000890958_021	g0305	0	0.0091820307
ENSE00000890958_022	g0305	0	0.0107450939
ENSE00000890958_023	g0305	0	0.0288944200
ENSE00000890958_024	g0305	0	0.0614276991
ENSE00000890958_025	g0305	0	0.0175722183
ENSE00000890958_028	g0305	0	0.0123177693
ENSE00000890958_030	g0305	0	0.0276586142
ENSE00000890958_031	g0305	0	0.0276306337
ENSE00000890969_002	g0305	0	0.0020185713
ENSE00000890969_003	g0305	0	0.0014286883
ENSE00000890969_005	g0305	0	0.0249737648
ENSE00000890969_007	g0305	0	0.0602718893
ENSE00000890969_009	g0305	0	0.0437849893
ENSE00000890969_010	g0305	0	0.2360814029
ENSE00000890969_011	g0305	0	0.2205345815
ENSE00000890969_012	g0305	0	0.0700662280
ENSE00000890969_013	g0305	0	0.0640897500
ENSE00000890969_014	g0305	0	0.0329693136
ENSE00000890969_017	g0305	0	0.0048382369
ENSE00000892383_001	g0036	0	0.0037654729
ENSE00000892383_005	g0036	0	0.0179350226
ENSE00000892383_007	g0036	0	0.0296914294
ENSE00000892383_008	g0036	0	0.0106096829
ENSE00000892383_009	g0036	0	0.0350068303
ENSE00000892383_012	g0036	0	0.0125979779
ENSE00000892383_014	g0036	0	0.0122629548
ENSE00000892383_015	g0036	0	0.0058196430
ENSE00000892383_018	g0036	0	0.0190979247
ENSE00000892383_020	g0036	0	0.0136751774
ENSE00000892383_021	g0036	0	0.0225669667
ENSE00000892383_023	g0036	0	0.0400418478
ENSE00000892383_025	g0036	0	0.0128428936
ENSE00000892383_026	g0036	0	0.0196119471
ENSE00000893115_007	g0306	0	0.0044079531
ENSE00000893115_009	g0306	0	0.0302114538
ENSE00000893115_011	g0306	0	0.0100981498
ENSE00000893115_018	g0306	0	0.0199637176
ENSE00000896941_002	g0312	0	0.0019812826
ENSE00000896941_003	g0312	0	0.0028629058
ENSE00000896941_004	g0312	0	0.0031104588
ENSE00000896941_005	g0312	0	0.0134275891
ENSE00000896941_006	g0312	0	0.0119188935
ENSE00000896941_007	g0312	0	0.0140930769
ENSE00000896941_008	g0312	0	0.0137506024
ENSE00000896941_009	g0312	0	0.0059632035
ENSE00000896941_010	g0312	0	0.0120517124
ENSE00000896941_011	g0312	0	0.0161166013
ENSE00000896941_012	g0312	0	0.0218866664
ENSE00000896941_013	g0312	0	0.0229391217
ENSE00000896941_014	g0312	0	0.0239021195
ENSE00000896941_015	g0312	0	0.0097630666
ENSE00000896941_016	g0312	0	0.0296551959
ENSE00000896941_017	g0312	0	0.0182015126
ENSE00000896941_020	g0312	0	0.0040033796
ENSE00000903568_001	g0316	0	0.0014944893
ENSE00000903568_004	g0316	0	0.2665001762
ENSE00000903568_006	g0316	0	0.0140444812
ENSE00000903568_008	g0316	0	0.0264094844
ENSE00000903568_012	g0316	0	0.0268175656
ENSE00000903568_019	g0316	0	0.0607596869
ENSE00000903568_021	g0316	0	0.0561205922
ENSE00000903568_022	g0316	0	0.0189505192
ENSE00000903568_023	g0316	0	0.0294297373
ENSE00000903568_025	g0316	0	0.0416996913
ENSE00000903568_026	g0316	0	0.0231293962
ENSE00000903568_030	g0316	0	0.0046340824
ENSE00000906770_001	g0320	0	0.0023884002
ENSE00000906770_003	g0320	0	0.0081033788
ENSE00000906770_004	g0320	0	0.0049479601
ENSE00000906770_005	g0320	0	0.0033598285
ENSE00000906770_006	g0320	1	0.3089677300
ENSE00000906770_007	g0320	0	0.0321517004
ENSE00000906770_008	g0320	0	0.0089533624
ENSE00000906770_010	g0320	0	0.0171933304
ENSE00000906770_011	g0320	0	0.0240293426
ENSE00000906770_012	g0320	0	0.0231538507
ENSE00000906770_013	g0320	0	0.0245117822
ENSE00000906770_014	g0320	0	0.0064365484
ENSE00000906770_015	g0320	0	0.0162250683
ENSE00000906770_016	g0320	0	0.0092834232
ENSE00000906770_017	g0320	0	0.0081866328
ENSE00000906770_018	g0320	0	0.0139386489
ENSE00000906770_020	g0320	0	0.0240216775
ENSE00000906770_021	g0320	0	0.0228002225
ENSE00000906770_022	g0320	0	0.0122771730
ENSE00000906770_023	g0320	1	0.8207164425
ENSE00000906770_024	g0320	0	0.0483416838
ENSE00000906770_025	g0320	0	0.0179864164
ENSE00000906770_026	g0320	0	0.0131038392
ENSE00000906770_027	g0320	0	0.0124424329
ENSE00000906856_009	g0321	0	0.0254691293
ENSE00000906856_020	g0321	0	0.0060961466
ENSE00000906856_025	g0321	0	0.0021124762
ENSE00000907705_004	g0323	0	0.0052313022
ENSE00000907705_005	g0323	0	0.0152469519
ENSE00000907705_009	g0323	0	0.0561950969
ENSE00000907705_011	g0323	0	0.0117526437
ENSE00000907705_012	g0323	0	0.0075210658
ENSE00000907705_013	g0323	0	0.0101285689
ENSE00000907705_017	g0323	0	0.0102286090
ENSE00000907705_019	g0323	0	0.0380167659
ENSE00000907705_028	g0323	0	0.0320638085
ENSE00000907705_031	g0323	0	0.0037066399
ENSE00000907705_032	g0323	0	0.0016950262
ENSE00000919127_001	g0337	0	0.0023831736
ENSE00000919127_002	g0337	0	0.0130251499
ENSE00000919127_004	g0337	0	0.0268195952
ENSE00000919127_005	g0337	0	0.0430359394
ENSE00000919127_006	g0337	0	0.0758481728
ENSE00000919127_008	g0337	0	0.0053363876
ENSE00000919127_009	g0337	0	0.0638255867
ENSE00000919127_010	g0337	0	0.0299627897
ENSE00000919127_011	g0337	0	0.0189851576
ENSE00000919127_013	g0337	0	0.0174732649
ENSE00000919127_014	g0337	0	0.0347956944
ENSE00000919127_015	g0337	0	0.0374134125
ENSE00000919127_017	g0337	0	0.0132654222
ENSE00000919127_018	g0337	0	0.0086905699
ENSE00000921242_002	g0341	0	0.0057599243
ENSE00000921242_004	g0341	0	0.0081829844
ENSE00000921242_007	g0341	0	0.0825115520
ENSE00000921242_013	g0341	1	0.0248432800
ENSE00000921242_027	g0341	0	0.0526301797
ENSE00000921242_031	g0341	0	0.0145452898
ENSE00000923145_001	g0344	0	0.0270200630
ENSE00000923145_002	g0344	0	0.0097176934
ENSE00000923145_003	g0344	0	0.0270500787
ENSE00000923145_005	g0344	0	0.0203876237
ENSE00000923145_006	g0344	0	0.0095640525
ENSE00000923145_008	g0344	0	0.0092484757
ENSE00000923145_009	g0344	0	0.0107268422
ENSE00000923145_010	g0344	0	0.0091961585
ENSE00000923145_011	g0344	0	0.0081307180
ENSE00000923145_014	g0344	0	0.0046340751
ENSE00000923145_016	g0344	0	0.0019496038
ENSE00000923145_017	g0344	0	0.0036622108
ENSE00000923145_018	g0344	0	0.0019086767
ENSE00000923145_019	g0344	0	0.0011681193
ENSE00000923145_021	g0344	0	0.0009819058
ENSE00000924918_002	g0348	0	0.0080293365
ENSE00000924918_003	g0348	0	0.0264978671
ENSE00000924918_004	g0348	0	0.0802448995
ENSE00000924918_005	g0348	0	0.2102000123
ENSE00000924918_006	g0348	0	0.0077789961
ENSE00000924918_007	g0348	0	0.0556774133
ENSE00000924918_009	g0348	0	0.0158684453
ENSE00000924918_010	g0348	0	0.0069932904
ENSE00000924918_011	g0348	0	0.0111388768
ENSE00000924918_013	g0348	0	0.0091321973
ENSE00000924918_014	g0348	0	0.0076508713
ENSE00000924918_015	g0348	0	0.0064163874
ENSE00000924918_016	g0348	0	0.0085647620
ENSE00000924918_017	g0348	0	0.0065777684
ENSE00000924918_018	g0348	0	0.0082522911
ENSE00000924918_019	g0348	0	0.0095377392
ENSE00000924918_020	g0348	0	0.0145011674
ENSE00000924918_021	g0348	0	0.0708646954
ENSE00000924918_022	g0348	0	0.8602277198
ENSE00000924918_023	g0348	0	0.0070661341
ENSE00000924918_024	g0348	0	0.0016486790
ENSE00000924918_025	g0348	0	0.0044263996
ENSE00000926455_002	g0351	0	0.0055321189
ENSE00000926455_004	g0351	0	0.0916355388
ENSE00000926455_006	g0351	0	0.0306871044
ENSE00000926455_008	g0351	0	0.0126910443
ENSE00000926455_012	g0351	0	0.0286424909
ENSE00000926455_016	g0351	0	0.0137022277
ENSE00000926455_017	g0351	0	0.0212859127
ENSE00000926455_019	g0351	0	0.0137201851
ENSE00000926455_020	g0351	0	0.0080083606
ENSE00000926455_025	g0351	0	0.0142555292
ENSE00000926455_026	g0351	0	0.0437707851
ENSE00000926455_028	g0351	0	0.0164647005
ENSE00000926455_029	g0351	0	0.0826926811
ENSE00000926455_030	g0351	0	0.0014631751
ENSE00000928239_004	g0358	0	0.0152551451
ENSE00000928239_009	g0358	0	0.0116067940
ENSE00000928239_010	g0358	0	0.0078604018
ENSE00000928239_015	g0358	0	0.0044710167
ENSE00000928743_001	g0359	0	0.0068085498
ENSE00000928743_003	g0359	0	0.0255048067
ENSE00000928743_004	g0359	0	0.0129872038
ENSE00000928743_005	g0359	0	0.0444875450
ENSE00000928743_006	g0359	1	0.8078683878
ENSE00000928743_007	g0359	0	0.0192718663
ENSE00000928743_008	g0359	0	0.0268659388
ENSE00000928743_009	g0359	0	0.0262610069
ENSE00000928743_010	g0359	0	0.0284692083
ENSE00000928743_011	g0359	0	0.0441340883
ENSE00000928743_012	g0359	0	0.0334287452
ENSE00000928743_013	g0359	0	0.1454609767
ENSE00000928743_014	g0359	0	0.0421017350
ENSE00000928743_016	g0359	0	0.0254926389
ENSE00000928743_017	g0359	0	0.0175125285
ENSE00000928743_018	g0359	0	0.0255139526
ENSE00000928743_021	g0359	0	0.0051314757
ENSE00000928743_022	g0359	0	0.0034736202
ENSE00000928743_023	g0359	0	0.0021994400
ENSE00000928743_024	g0359	0	0.0028568157
ENSE00000933900_001	g0373	0	0.0041091379
ENSE00000933900_002	g0373	0	0.0108349161
ENSE00000933900_003	g0373	0	0.0102282031
ENSE00000933900_004	g0373	0	0.0126276354
ENSE00000933900_006	g0373	0	0.0516498810
ENSE00000933900_008	g0373	0	0.0341225004
ENSE00000933900_009	g0373	0	0.0320253733
ENSE00000933900_011	g0373	0	0.0220733550
ENSE00000933900_012	g0373	0	0.0166860599
ENSE00000933900_013	g0373	0	0.0122635460
ENSE00000933900_016	g0373	0	0.0553519233
ENSE00000933900_017	g0373	0	0.0336558887
ENSE00000933900_018	g0373	0	0.0050596159
ENSE00000933900_019	g0373	0	0.0073633646
ENSE00000933900_021	g0373	0	0.0033804201
ENSE00000934494_001	g0376	0	0.0025447525
ENSE00000934494_003	g0376	0	0.0048723894
ENSE00000934494_004	g0376	0	0.0055048990
ENSE00000934494_005	g0376	0	0.0191788118
ENSE00000934494_006	g0376	0	0.0051708179
ENSE00000934494_007	g0376	0	0.0278507451
ENSE00000934494_008	g0376	0	0.0887357169
ENSE00000934494_009	g0376	0	0.0216494403
ENSE00000934494_010	g0376	0	0.0093134502
ENSE00000934494_011	g0376	0	0.0049254374
ENSE00000934494_012	g0376	0	0.0117966610
ENSE00000934494_014	g0376	0	0.0232390684
ENSE00000934494_015	g0376	0	0.0126408350
ENSE00000934494_016	g0376	0	0.0140748209
ENSE00000934494_017	g0376	0	0.0131201276
ENSE00000934494_018	g0376	0	0.0161417357
ENSE00000934494_019	g0376	0	0.0047645649
ENSE00000934494_020	g0376	0	0.0184080678
ENSE00000934494_021	g0376	0	0.0106305882
ENSE00000934494_022	g0376	0	0.0116588118
ENSE00000934494_023	g0376	0	0.0117793180
ENSE00000934494_025	g0376	0	0.0282083643
ENSE00000934494_026	g0376	0	0.0245575095
ENSE00000934494_027	g0376	0	0.0068012903
ENSE00000934494_028	g0376	0	0.0037487171
ENSE00000934494_029	g0376	0	0.0045056262
ENSE00000934494_030	g0376	0	0.0012744953
ENSE00000934494_031	g0376	0	0.0017726299
ENSE00000940404_003	g0383	0	0.0087589225
ENSE00000940404_005	g0383	0	0.0080696542
ENSE00000940404_006	g0383	0	0.0225872435
ENSE00000940404_008	g0383	0	0.0120175500
ENSE00000940404_010	g0383	1	0.0168590482
ENSE00000940404_011	g0383	0	0.0187194740
ENSE00000942056_002	g0387	0	0.0044759493
ENSE00000942056_003	g0387	1	0.4111428543
ENSE00000942056_004	g0387	0	0.0115178751
ENSE00000942056_005	g0387	0	0.0083951744
ENSE00000942056_009	g0387	0	0.1170863245
ENSE00000942056_010	g0387	0	0.0422958098
ENSE00000942056_012	g0387	0	0.0092117713
ENSE00000942056_014	g0387	0	0.0106745336
ENSE00000942056_015	g0387	0	0.0243172441
ENSE00000942056_016	g0387	0	0.0124555021
ENSE00000942056_017	g0387	0	0.1634181950
ENSE00000942574_001	g0390	0	0.0021294051
ENSE00000942574_002	g0390	0	0.0015424301
ENSE00000942574_003	g0390	0	0.4812150258
ENSE00000942574_004	g0390	0	0.2440969487
ENSE00000942574_005	g0390	0	0.6320145319
ENSE00000942574_006	g0390	0	0.5205891555
ENSE00000942574_007	g0390	0	0.0401593675
ENSE00000942574_008	g0390	0	0.0182857883
ENSE00000942574_009	g0390	0	0.0182528592
ENSE00000942574_010	g0390	0	0.0234747359
ENSE00000942574_011	g0390	0	0.0181274096
ENSE00000942574_012	g0390	0	0.0174450269
ENSE00000942574_015	g0390	0	0.0157426755
ENSE00000942574_016	g0390	0	0.0411698944
ENSE00000942574_017	g0390	0	0.0092321446
ENSE00000942574_018	g0390	0	0.0303885960
ENSE00000942574_019	g0390	0	0.0312927578
ENSE00000942574_021	g0390	0	0.0112563673
ENSE00000942574_022	g0390	0	0.0042050658
ENSE00000942574_023	g0390	0	0.0077831239
ENSE00000942578_001	g0390	0	0.0084482501
ENSE00000942578_002	g0390	0	0.0057369008
ENSE00000942578_003	g0390	0	0.0030325406
ENSE00000942578_004	g0390	0	0.0119631763
ENSE00000942578_005	g0390	0	0.0016310012
ENSE00000942578_006	g0390	0	0.0038293178
ENSE00000942578_007	g0390	0	0.0019731205
ENSE00000942578_008	g0390	0	0.0014985917
ENSE00000942578_009	g0390	0	0.0124294472
ENSE00000942578_010	g0390	0	0.0151215092
ENSE00000942578_011	g0390	0	0.0599941308
ENSE00000942578_012	g0390	0	0.0167118410
ENSE00000942578_013	g0390	0	0.0916526118
ENSE00000942578_014	g0390	0	0.0223106894
ENSE00000942578_015	g0390	0	0.1963899976
ENSE00000942578_016	g0390	0	0.0251551935
ENSE00000942578_017	g0390	0	0.2834081788
ENSE00000942578_018	g0390	0	0.1596867417
ENSE00000942578_019	g0390	0	0.0260100202
ENSE00000942578_020	g0390	0	0.0143192048
ENSE00000942578_021	g0390	0	0.0135028791
ENSE00000942578_022	g0390	0	0.0026638970
ENSE00000942843_001	g0391	0	0.0016749667
ENSE00000942843_002	g0391	0	0.0025197706
ENSE00000942843_004	g0391	0	0.0023431451
ENSE00000942843_005	g0391	0	0.0065054808
ENSE00000942843_007	g0391	0	0.0085801103
ENSE00000942843_010	g0391	0	0.0167823035
ENSE00000942843_014	g0391	0	0.0103318732
ENSE00000942843_016	g0391	0	0.0676756374
ENSE00000942843_018	g0391	0	0.0778088912
ENSE00000942843_021	g0391	0	0.0164191838
ENSE00000942843_022	g0391	0	0.0118071056
ENSE00000942843_023	g0391	0	0.0102383312
ENSE00000942843_024	g0391	0	0.0063435350
ENSE00000943447_001	g0393	0	0.0029774188
ENSE00000943447_003	g0393	1	0.3240290887
ENSE00000943447_005	g0393	0	0.0680003279
ENSE00000943447_006	g0393	0	0.0617098102
ENSE00000943447_007	g0393	0	0.1463480253
ENSE00000943447_009	g0393	0	0.0488901765
ENSE00000943447_011	g0393	0	0.0281602872
ENSE00000943447_013	g0393	0	0.0574946497
ENSE00000943447_016	g0393	0	0.0372282147
ENSE00000943447_017	g0393	0	0.0170640442
ENSE00000943447_018	g0393	0	0.0176098200
ENSE00000943447_019	g0393	0	0.0371684117
ENSE00000943447_020	g0393	0	0.0378881535
ENSE00000943447_021	g0393	0	0.0172802854
ENSE00000943447_024	g0393	0	0.0117222558
ENSE00000943447_026	g0393	0	0.0048219822
ENSE00000943886_001	g0394	0	0.0100893232
ENSE00000943886_006	g0394	1	0.0242878515
ENSE00000944495_001	g0396	0	0.0022626266
ENSE00000944495_002	g0396	0	0.0043786013
ENSE00000944495_003	g0396	0	0.0031441184
ENSE00000944495_004	g0396	0	0.0039846719
ENSE00000944495_005	g0396	0	0.0032287283
ENSE00000944495_006	g0396	0	0.0021876918
ENSE00000944495_007	g0396	1	0.5478598519
ENSE00000944495_008	g0396	0	0.0431527631
ENSE00000944495_009	g0396	0	0.0205564074
ENSE00000944495_010	g0396	0	0.0208248465
ENSE00000944495_011	g0396	0	0.0177489156
ENSE00000944495_012	g0396	0	0.0206682480
ENSE00000944495_015	g0396	0	0.0107552064
ENSE00000944495_016	g0396	0	0.0313472355
ENSE00000944495_017	g0396	0	0.2450791990
ENSE00000944495_018	g0396	0	0.2101192101
ENSE00000944495_019	g0396	0	0.0610377974
ENSE00000944495_020	g0396	0	0.0160175620
ENSE00000944495_021	g0396	0	0.0049253130
ENSE00000944495_022	g0396	0	0.0041909177
ENSE00000944772_002	g0397	0	0.0074166001
ENSE00000944772_005	g0397	0	0.0154818091
ENSE00000944772_009	g0397	0	0.0061287733
ENSE00000944772_010	g0397	0	0.0100356492
ENSE00000944772_012	g0397	0	0.0079662197
ENSE00000950552_001	g0411	0	0.0027367829
ENSE00000950552_002	g0411	0	0.0020907786
ENSE00000950552_003	g0411	0	0.0049886206
ENSE00000950552_004	g0411	0	0.0018081207
ENSE00000950552_009	g0411	0	0.0482209158
ENSE00000950552_010	g0411	0	0.0353398203
ENSE00000950552_011	g0411	0	0.0187999358
ENSE00000950552_012	g0411	0	0.0180247288
ENSE00000950552_013	g0411	0	0.0261950355
ENSE00000950552_014	g0411	0	0.0410573564
ENSE00000950552_015	g0411	0	0.1130318005
ENSE00000950552_018	g0411	0	0.5510269137
ENSE00000950552_019	g0411	0	0.1023270270
ENSE00000950552_021	g0411	0	0.0026926982
ENSE00000950643_003	g0412	0	0.0541409590
ENSE00000950643_004	g0412	0	0.0487859219
ENSE00000950643_007	g0412	0	0.0291470405
ENSE00000950643_009	g0412	0	0.0149029914
ENSE00000950643_010	g0412	0	0.0166697608
ENSE00000950643_014	g0412	0	0.0259860587
ENSE00000950643_016	g0412	0	0.0825464893
ENSE00000950643_017	g0412	0	0.0136967455
ENSE00000950643_019	g0412	0	0.0412888873
ENSE00000950643_021	g0412	0	0.0076118070
ENSE00000950643_022	g0412	0	0.0115603899
ENSE00000950643_024	g0412	0	0.0050735640
ENSE00000950643_025	g0412	0	0.0035333568
ENSE00000956392_003	g0417	0	0.0032262397
ENSE00000956392_007	g0417	0	0.0565055472
ENSE00000956392_008	g0417	0	0.0475838344
ENSE00000956392_010	g0417	0	0.0226072108
ENSE00000956392_012	g0417	0	0.0150805634
ENSE00000956392_014	g0417	0	0.0111527896
ENSE00000956392_018	g0417	0	0.0117675501
ENSE00000956392_019	g0417	0	0.0222250371
ENSE00000956392_022	g0417	0	0.0122937203
ENSE00000956392_023	g0417	0	0.0266685545
ENSE00000956392_025	g0417	0	0.2953547480
ENSE00000956392_026	g0417	0	0.0189000916
ENSE00000956392_027	g0417	0	0.0251492941
ENSE00000956392_028	g0417	0	0.0092799005
ENSE00000956392_030	g0417	0	0.0026970611
ENSE00000956392_031	g0417	0	0.0013107412
ENSE00000957489_001	g0420	0	0.0014338516
ENSE00000957489_002	g0420	0	0.0033385222
ENSE00000957489_003	g0420	0	0.0041159842
ENSE00000957489_004	g0420	0	0.5705988986
ENSE00000957489_005	g0420	0	0.1365436360
ENSE00000957489_007	g0420	0	0.0141373475
ENSE00000957489_008	g0420	0	0.0077455501
ENSE00000957489_010	g0420	0	0.0226524114
ENSE00000957489_011	g0420	0	0.0240329301
ENSE00000957489_012	g0420	0	0.0346375028
ENSE00000957489_013	g0420	0	0.0387507012
ENSE00000957489_014	g0420	0	0.0506798638
ENSE00000957489_015	g0420	0	0.0494261416
ENSE00000957489_016	g0420	0	0.0224461214
ENSE00000957489_017	g0420	0	0.0460214631
ENSE00000957489_018	g0420	0	0.0127925039
ENSE00000957489_019	g0420	0	0.0049853577
ENSE00000957489_020	g0420	0	0.0205544368
ENSE00000957489_021	g0420	0	0.0129413433
ENSE00000957489_023	g0420	0	0.0264634494
ENSE00000957489_025	g0420	0	0.0041121828
ENSE00000957945_003	g0422	0	0.1390961697
ENSE00000957945_004	g0422	0	0.0293987063
ENSE00000957945_010	g0422	0	0.0081850629
ENSE00000957945_012	g0422	0	0.0667298168
ENSE00000957945_022	g0422	0	0.0202746637
ENSE00000959231_003	g0426	0	0.0184561027
ENSE00000959231_005	g0426	0	0.0077322979
ENSE00000959231_006	g0426	0	0.0437343706
ENSE00000959231_009	g0426	0	0.0403148759
ENSE00000959231_010	g0426	1	0.7205435343
ENSE00000959231_011	g0426	0	0.1106788437
ENSE00000959231_013	g0426	0	0.0090529423
ENSE00000959231_014	g0426	0	0.0068483609
ENSE00000959231_015	g0426	0	0.0069115604
ENSE00000959231_019	g0426	0	0.0399282707
ENSE00000959231_020	g0426	0	0.0109014250
ENSE00000959231_024	g0426	0	0.0059454875
ENSE00000959231_025	g0426	0	0.0042130121
ENSE00000959231_026	g0426	0	0.0017549167
ENSE00000959231_028	g0426	0	0.0026209993
ENSE00000959672_001	g0428	0	0.0054246062
ENSE00000959672_013	g0428	0	0.0297529377
ENSE00000959672_015	g0428	0	0.0252993028
ENSE00000959672_026	g0428	0	0.0085671809
ENSE00000959672_027	g0428	0	0.0072032989
ENSE00000959672_028	g0428	0	0.0044085539
ENSE00000964036_001	g0433	0	0.0019908030
ENSE00000964036_002	g0433	0	0.0026177559
ENSE00000964036_009	g0433	0	0.0088994054
ENSE00000964036_011	g0433	0	0.0291907278
ENSE00000964036_012	g0433	0	0.0199216047
ENSE00000964036_015	g0433	0	0.0315186639
ENSE00000964036_018	g0433	0	0.0138416707
ENSE00000968373_001	g0441	0	0.0033299677
ENSE00000968373_002	g0441	0	0.0037125349
ENSE00000968373_006	g0441	0	0.0235120598
ENSE00000968373_009	g0441	0	0.0123194808
ENSE00000968373_014	g0441	0	0.0322811465
ENSE00000968373_017	g0441	0	0.0210494040
ENSE00000968373_020	g0441	0	0.0433319187
ENSE00000968683_001	g0442	0	0.0148182038
ENSE00000968683_008	g0442	0	0.0214243869
ENSE00000968683_010	g0442	0	0.0144958265
ENSE00000968683_011	g0442	0	0.0180009509
ENSE00000968683_013	g0442	0	0.0151744742
ENSE00000968683_014	g0442	0	0.0167622749
ENSE00000968683_016	g0442	0	0.0043725948
ENSE00000970780_001	g0443	0	0.0131021135
ENSE00000970780_002	g0443	0	0.0106293850
ENSE00000970780_003	g0443	0	0.0072423847
ENSE00000970780_004	g0443	0	0.0172556968
ENSE00000970780_006	g0443	0	0.0368538934
ENSE00000970780_007	g0443	0	0.0028243847
ENSE00000970780_008	g0443	0	0.0355635420
ENSE00000970780_010	g0443	0	0.0405977128
ENSE00000970780_013	g0443	0	0.0120364573
ENSE00000970780_014	g0443	0	0.0157989083
ENSE00000970780_015	g0443	0	0.0504478946
ENSE00000970780_017	g0443	0	0.0222112929
ENSE00000970780_019	g0443	0	0.0057477528
ENSE00000978542_001	g0446	0	0.0190711594
ENSE00000978542_002	g0446	0	0.0131874276
ENSE00000978542_006	g0446	0	0.0079040114
ENSE00000978542_011	g0446	0	0.0021902838
ENSE00000979338_001	g0447	0	0.0072778699
ENSE00000979338_002	g0447	0	0.0249614446
ENSE00000979338_003	g0447	0	0.0118404837
ENSE00000979338_004	g0447	0	0.0526949598
ENSE00000979338_005	g0447	0	0.0113590448
ENSE00000979338_006	g0447	0	0.0152490014
ENSE00000979338_007	g0447	0	0.0079895918
ENSE00000979338_008	g0447	0	0.0099595211
ENSE00000979338_009	g0447	0	0.0118855570
ENSE00000979338_010	g0447	0	0.0131685023
ENSE00000979338_011	g0447	0	0.0236134394
ENSE00000979338_012	g0447	0	0.0217083137
ENSE00000979338_013	g0447	0	0.0130205171
ENSE00000979338_014	g0447	0	0.0225000664
ENSE00000979338_015	g0447	0	0.0115910621
ENSE00000979338_016	g0447	0	0.0249165581
ENSE00000979338_017	g0447	0	0.1094156159
ENSE00000979338_020	g0447	0	0.0293337208
ENSE00000979338_021	g0447	1	0.6152649772
ENSE00000979338_023	g0447	0	0.0246515928
ENSE00000979338_024	g0447	0	0.0071314413
ENSE00000979338_025	g0447	0	0.0023824195
ENSE00000980091_001	g0451	0	0.0028559456
ENSE00000980091_003	g0451	0	0.0227190141
ENSE00000980091_005	g0451	0	0.0125375035
ENSE00000980091_008	g0451	0	0.0314564197
ENSE00000980091_009	g0451	0	0.0141213910
ENSE00000980091_010	g0451	0	0.0244321740
ENSE00000980091_011	g0451	0	0.0148605779
ENSE00000980091_013	g0451	0	0.0097406856
ENSE00000980091_014	g0451	0	0.0090332589
ENSE00000980091_015	g0451	0	0.0112947763
ENSE00000980091_016	g0451	0	0.0126423511
ENSE00000980091_017	g0451	0	0.0107281919
ENSE00000980091_018	g0451	0	0.0098336140
ENSE00000980091_022	g0451	0	0.0147440036
ENSE00000980091_024	g0451	0	0.0624861426
ENSE00000980091_025	g0451	0	0.0118164524
ENSE00000980091_026	g0451	0	0.0193267659
ENSE00000980091_027	g0451	0	0.0094243364
ENSE00000980091_028	g0451	0	0.0067138553
ENSE00000980091_029	g0451	0	0.0025345612
ENSE00000980222_001	g0453	0	0.0020773403
ENSE00000980222_002	g0453	0	0.0006389364
ENSE00000980222_004	g0453	0	0.0110029577
ENSE00000980222_005	g0453	0	0.0124875581
ENSE00000980222_007	g0453	0	0.0700199805
ENSE00000980222_008	g0453	0	0.0557218408
ENSE00000980222_009	g0453	0	0.0111246988
ENSE00000980222_010	g0453	0	0.0169904562
ENSE00000980222_011	g0453	0	0.0191833546
ENSE00000980222_014	g0453	0	0.0052152084
ENSE00000980222_015	g0453	0	0.0067113889
ENSE00000980222_016	g0453	0	0.0047979643
ENSE00000980222_017	g0453	0	0.0085961767
ENSE00000980222_018	g0453	0	0.0094139223
ENSE00000980222_019	g0453	0	0.0100848112
ENSE00000980222_020	g0453	0	0.0143469843
ENSE00000980222_023	g0453	0	0.0039670053
ENSE00000980222_024	g0453	0	0.0019297601
ENSE00000980222_025	g0453	0	0.0021765428
ENSE00000980222_026	g0453	0	0.0026338942
ENSE00000982982_002	g0219	0	0.0054293373
ENSE00000982982_003	g0219	0	0.0036846777
ENSE00000982982_006	g0219	0	0.3792604061
ENSE00000982982_007	g0219	0	0.0074972191
ENSE00000982982_008	g0219	0	0.0108821023
ENSE00000982982_010	g0219	0	0.0170609900
ENSE00000982982_013	g0219	0	0.0116481233
ENSE00000982982_015	g0219	0	0.0252193234
ENSE00000982982_017	g0219	0	0.0262289049
ENSE00000982982_020	g0219	0	0.0178427205
ENSE00000982982_022	g0219	0	0.0086782739
ENSE00000982982_023	g0219	0	0.0049207229
ENSE00000982982_024	g0219	0	0.0078101159
ENSE00000983778_002	g0456	0	0.0043305358
ENSE00000983778_003	g0456	0	0.0063023265
ENSE00000983778_005	g0456	0	0.0164623067
ENSE00000983778_007	g0456	0	0.0338164894
ENSE00000983778_008	g0456	0	0.0176720592
ENSE00000983778_011	g0456	0	0.0522692180
ENSE00000983778_012	g0456	0	0.0289231645
ENSE00000983778_013	g0456	0	0.0112763376
ENSE00000983778_014	g0456	0	0.0178459682
ENSE00000983778_015	g0456	0	0.0177574865
ENSE00000983778_016	g0456	0	0.0117600523
ENSE00000983778_019	g0456	0	0.0141957639
ENSE00000983778_021	g0456	0	0.0631084516
ENSE00000983778_024	g0456	0	0.0015236681
ENSE00000983778_025	g0456	0	0.0017404237
ENSE00000983778_026	g0456	0	0.0029697840
ENSE00000983778_027	g0456	0	0.0030368523
ENSE00000983791_004	g0456	0	0.0038115719
ENSE00000983798_001	g0456	0	0.0037287216
ENSE00000983798_003	g0456	0	0.0020705484
ENSE00000983798_004	g0456	0	0.0063546016
ENSE00000983798_006	g0456	0	0.0094399924
ENSE00000983798_007	g0456	0	0.0061532032
ENSE00000983798_008	g0456	0	0.0316191063
ENSE00000983798_009	g0456	0	0.0070974482
ENSE00000983798_010	g0456	0	0.0099723094
ENSE00000983798_012	g0456	0	0.0090502289
ENSE00000983798_013	g0456	0	0.0968283697
ENSE00000983798_014	g0456	0	0.0557479082
ENSE00000983798_015	g0456	0	0.0437250760
ENSE00000983798_016	g0456	0	0.0571389180
ENSE00000983798_017	g0456	0	0.0754393842
ENSE00000983798_018	g0456	0	0.2025059950
ENSE00000983798_020	g0456	0	0.0228100804
ENSE00000983798_022	g0456	0	0.5766983221
ENSE00000983798_023	g0456	0	0.0142908909
ENSE00000983798_025	g0456	0	0.0091012596
ENSE00000983798_026	g0456	0	0.0342099637
ENSE00000983798_027	g0456	0	0.0014761959
ENSE00000983798_028	g0456	0	0.0018978893
ENSE00000983798_029	g0456	0	0.0012118588
ENSE00000987603_001	g0464	0	0.0034745445
ENSE00000987603_002	g0464	0	0.0046331587
ENSE00000987603_003	g0464	0	0.0014183746
ENSE00000987603_004	g0464	0	0.0047048002
ENSE00000987603_006	g0464	0	0.0037066090
ENSE00000987603_007	g0464	1	0.0116327356
ENSE00000987603_008	g0464	0	0.0127886461
ENSE00000987603_009	g0464	0	0.0196246678
ENSE00000987603_010	g0464	0	0.0185950732
ENSE00000987603_011	g0464	1	0.0308463475
ENSE00000987603_012	g0464	0	0.0178941270
ENSE00000987603_013	g0464	0	0.0088898150
ENSE00000987603_014	g0464	0	0.0148568894
ENSE00000987603_015	g0464	1	0.0213864281
ENSE00000987603_016	g0464	0	0.0460032275
ENSE00000987603_017	g0464	0	0.0312201861
ENSE00000987603_019	g0464	0	0.0118942001
ENSE00000987603_021	g0464	0	0.0216692294
ENSE00000987603_022	g0464	0	0.0178132688
ENSE00000987603_023	g0464	0	0.0132845399
ENSE00000987603_024	g0464	0	0.0172178067
ENSE00000987603_025	g0464	0	0.0051814744
ENSE00000987603_026	g0464	0	0.0078409733
ENSE00000987603_027	g0464	0	0.0053999103
ENSE00000989799_006	g0467	0	0.0151853483
ENSE00000989799_007	g0467	0	0.0125903025
ENSE00000989799_010	g0467	0	0.0317140504
ENSE00000989799_012	g0467	0	0.0071341576
ENSE00000989799_013	g0467	0	0.0093209370
ENSE00000989799_016	g0467	0	0.0019755892
ENSE00000989799_018	g0467	0	0.0038236409
ENSE00000989799_020	g0467	0	0.0016445552
ENSE00000989809_002	g0467	0	0.0468105682
ENSE00000989809_003	g0467	0	0.0109286597
ENSE00000989809_004	g0467	0	0.0660825351
ENSE00000989809_007	g0467	0	0.0101513565
ENSE00000989809_008	g0467	0	0.0076245915
ENSE00000989809_011	g0467	0	0.0396898093
ENSE00000989809_012	g0467	0	0.0111629985
ENSE00000989809_013	g0467	0	0.0138098405
ENSE00000989809_014	g0467	0	0.0214272724
ENSE00000989809_015	g0467	0	0.0114277819
ENSE00000989809_016	g0467	0	0.0126795111
ENSE00000989809_017	g0467	0	0.0102604712
ENSE00000989809_019	g0467	0	0.0187995663
ENSE00000989842_001	g0468	0	0.0015493006
ENSE00000989842_002	g0468	0	0.0028918503
ENSE00000989842_003	g0468	0	0.0084975873
ENSE00000989842_004	g0468	1	0.0122968815
ENSE00000989842_005	g0468	0	0.0163320395
ENSE00000989842_006	g0468	1	0.0152091343
ENSE00000989842_007	g0468	0	0.0169170421
ENSE00000989842_009	g0468	0	0.0114590820
ENSE00000989842_010	g0468	0	0.0111364469
ENSE00000989842_012	g0468	0	0.0111094417
ENSE00000989842_013	g0468	0	0.0153756597
ENSE00000989842_014	g0468	0	0.0088638491
ENSE00000989842_015	g0468	0	0.0199194375
ENSE00000989842_016	g0468	0	0.2626028626
ENSE00000989842_017	g0468	0	0.0139900541
ENSE00000996872_003	g0476	0	0.0043165535
ENSE00000996872_010	g0476	0	0.0190808155
ENSE00000996872_011	g0476	0	0.0255564773
ENSE00000996872_016	g0476	0	0.0240607862
ENSE00000996872_017	g0476	0	0.0113336150
ENSE00000997922_001	g0477	0	0.0013734078
ENSE00000997922_002	g0477	0	0.0017264832
ENSE00000997922_003	g0477	0	0.0047982709
ENSE00000997922_004	g0477	0	0.0098153217
ENSE00000997922_005	g0477	0	0.0275729128
ENSE00000997922_006	g0477	0	0.0139604762
ENSE00000997922_008	g0477	0	0.0410021980
ENSE00000997922_011	g0477	0	0.0221011374
ENSE00000997922_012	g0477	1	0.0097452642
ENSE00000997922_013	g0477	0	0.0066682381
ENSE00000997922_014	g0477	1	0.0284428710
ENSE00000997922_015	g0477	0	0.0467591731
ENSE00000997922_016	g0477	0	0.0726895291
ENSE00000997922_017	g0477	0	0.0431227292
ENSE00000997922_018	g0477	1	0.0336951862
ENSE00000997922_020	g0477	1	0.7697164271
ENSE00000997922_023	g0477	0	0.0445896781
ENSE00000997925_001	g0477	0	0.0011252034
ENSE00000997925_004	g0477	0	0.0029718382
ENSE00000997925_006	g0477	0	0.0013563947
ENSE00000997925_009	g0477	0	0.0178362503
ENSE00000997925_010	g0477	0	0.0172817017
ENSE00000997925_011	g0477	0	0.3392744496
ENSE00000997925_012	g0477	0	0.0303741072
ENSE00000997925_013	g0477	0	0.0195885287
ENSE00000997925_014	g0477	0	0.0117762784
ENSE00000997925_015	g0477	0	0.0333106804
ENSE00000997925_016	g0477	0	0.0157631100
ENSE00000997925_018	g0477	0	0.0536303406
ENSE00000997925_021	g0477	0	0.0384320453
ENSE00000997925_025	g0477	0	0.0223079810
ENSE00000997925_029	g0477	0	0.3731134526
ENSE00000997925_030	g0477	0	0.0381099502
ENSE00000997925_032	g0477	0	0.0024567267
ENSE00000997938_001	g0477	0	0.0081633565
ENSE00000997938_004	g0477	0	0.0141835484
ENSE00000997938_005	g0477	0	0.0168162618
ENSE00000999243_001	g0478	0	0.0025235465
ENSE00000999243_002	g0478	0	0.0094859040
ENSE00000999243_003	g0478	0	0.0040040537
ENSE00000999243_005	g0478	0	0.0112401638
ENSE00000999243_007	g0478	0	0.0209257489
ENSE00000999243_008	g0478	1	0.0278962247
ENSE00000999243_009	g0478	1	0.0558741053
ENSE00000999243_010	g0478	1	0.0257218895
ENSE00000999243_012	g0478	1	0.0159796225
ENSE00000999243_013	g0478	1	0.0393984549
ENSE00000999243_014	g0478	0	0.0438777265
ENSE00000999243_015	g0478	0	0.0303380370
ENSE00000999243_016	g0478	0	0.0217077994
ENSE00000999243_017	g0478	0	0.0153457727
ENSE00000999243_018	g0478	0	0.0249388587
ENSE00000999243_019	g0478	0	0.0353321429
ENSE00000999243_020	g0478	1	0.0517700446
ENSE00000999243_021	g0478	0	0.0385709785
ENSE00000999243_022	g0478	0	0.0224357371
ENSE00000999243_023	g0478	0	0.0632423345
ENSE00000999243_024	g0478	0	0.0346312282
ENSE00000999243_025	g0478	1	0.0549644603
ENSE00000999243_026	g0478	1	0.0438752434
ENSE00000999243_027	g0478	1	0.0203928540
ENSE00000999243_028	g0478	0	0.0050606611
ENSE00000999243_029	g0478	0	0.0047924885
ENSE00000999243_030	g0478	1	0.0048598659
ENSE00000999243_031	g0478	0	0.0121068895
ENSE00000999243_032	g0478	0	0.0952776352
ENSE00000999813_018	g0481	0	0.0504445754
ENSE00001001090_001	g0483	0	0.0015501637
ENSE00001001090_006	g0483	0	0.0559426575
ENSE00001001090_009	g0483	0	0.0294311567
ENSE00001001090_011	g0483	0	0.0200809054
ENSE00001001090_015	g0483	0	0.0136045828
ENSE00001001090_016	g0483	0	0.0306504415
ENSE00001001090_017	g0483	0	0.0256934116
ENSE00001002968_015	g0488	0	0.0019848591
ENSE00001002968_017	g0488	0	0.0022266280
ENSE00001007387_003	g0494	0	0.0469676462
ENSE00001007387_004	g0494	0	0.0690182445
ENSE00001007387_005	g0494	0	0.0905021118
ENSE00001007387_006	g0494	0	0.0172413568
ENSE00001007387_007	g0494	0	0.0147377622
ENSE00001007387_008	g0494	0	0.0308163765
ENSE00001007387_009	g0494	0	0.0223966740
ENSE00001007387_010	g0494	0	0.0199081779
ENSE00001007387_011	g0494	0	0.0407397462
ENSE00001007387_012	g0494	0	0.0408732790
ENSE00001007387_017	g0494	0	0.0045106861
ENSE00001007387_019	g0494	0	0.0032100471
ENSE00001007387_020	g0494	0	0.0013741157
ENSE00001007387_023	g0494	0	0.0011773998
ENSE00001007393_001	g0494	0	0.0044422099
ENSE00001007393_002	g0494	0	0.0046402520
ENSE00001007393_003	g0494	0	0.0076830488
ENSE00001007393_004	g0494	0	0.0100915490
ENSE00001007393_005	g0494	0	0.0357071899
ENSE00001007393_006	g0494	0	0.0282436075
ENSE00001007393_007	g0494	0	0.0284760826
ENSE00001007393_011	g0494	0	0.0246697753
ENSE00001007393_013	g0494	0	0.0230087039
ENSE00001007393_014	g0494	0	0.0405287594
ENSE00001007393_015	g0494	0	0.0100108335
ENSE00001007393_016	g0494	0	0.0041918524
ENSE00001007393_017	g0494	0	0.0080656522
ENSE00001007393_018	g0494	0	0.1773747920
ENSE00001007393_019	g0494	0	0.0156000131
ENSE00001007393_020	g0494	0	0.0090597741
ENSE00001007393_022	g0494	0	0.0105804764
ENSE00001007393_023	g0494	0	0.0138096014
ENSE00001008085_001	g0120	0	0.0033774377
ENSE00001008085_003	g0120	0	0.0053658643
ENSE00001008085_005	g0120	0	0.0052230893
ENSE00001008085_007	g0120	0	0.0044492139
ENSE00001008085_008	g0120	0	0.0069333210
ENSE00001008085_009	g0120	0	0.0077217002
ENSE00001008085_010	g0120	0	0.0201160428
ENSE00001008085_011	g0120	0	0.0285763512
ENSE00001008085_013	g0120	0	0.0111571944
ENSE00001008085_018	g0120	0	0.0092896438
ENSE00001008085_021	g0120	0	0.0143580777
ENSE00001008085_023	g0120	0	0.0088812109
ENSE00001008085_024	g0120	0	0.1089702374
ENSE00001008085_026	g0120	0	0.0099682360
ENSE00001008085_029	g0120	0	0.0029795728
ENSE00001008085_030	g0120	0	0.0017453822
ENSE00001009722_003	g0499	0	0.0015944936
ENSE00001009722_012	g0499	0	0.0576983116
ENSE00001009722_018	g0499	0	0.0108723341
ENSE00001009722_019	g0499	0	0.0113563066
ENSE00001009722_021	g0499	0	0.0207243288
ENSE00001009722_024	g0499	0	0.0285899758
ENSE00001009722_025	g0499	0	0.0123684810
ENSE00001009722_028	g0499	0	0.0044957575
ENSE00001010742_004	g0500	0	0.0061713846
ENSE00001010742_024	g0500	0	0.0014805020
ENSE00001011040_002	g0501	0	0.0131569514
ENSE00001011040_006	g0501	0	0.0093286276
ENSE00001011040_007	g0501	0	0.0092834974
ENSE00001011040_012	g0501	0	0.0101509401
ENSE00001011040_016	g0501	0	0.0320985713
ENSE00001011040_017	g0501	0	0.0172851750
ENSE00001011040_018	g0501	0	0.0149861587
ENSE00001011040_019	g0501	0	0.0108480972
ENSE00001011040_021	g0501	0	0.0080462327
ENSE00001011040_023	g0501	0	0.0049307108
ENSE00001017721_001	g0508	0	0.0043189440
ENSE00001017721_002	g0508	0	0.0233235920
ENSE00001017721_003	g0508	0	0.0072100180
ENSE00001017721_004	g0508	0	0.0116104651
ENSE00001017721_005	g0508	0	0.0088556855
ENSE00001017721_007	g0508	0	0.0204555685
ENSE00001017721_009	g0508	0	0.0152763176
ENSE00001017721_010	g0508	0	0.0350160058
ENSE00001017721_012	g0508	0	0.0093385765
ENSE00001017721_013	g0508	0	0.0635263020
ENSE00001017721_014	g0508	0	0.0184140593
ENSE00001017721_015	g0508	0	0.0256940797
ENSE00001017721_016	g0508	0	0.0258846411
ENSE00001017721_017	g0508	0	0.0288157490
ENSE00001017721_018	g0508	0	0.0187036464
ENSE00001017721_020	g0508	0	0.8290686325
ENSE00001017721_022	g0508	0	0.0061756967
ENSE00001017721_023	g0508	0	0.0045096140
ENSE00001017721_024	g0508	0	0.0070894529
ENSE00001017721_025	g0508	0	0.0074346388
ENSE00001017721_026	g0508	0	0.0052486648
ENSE00001017721_027	g0508	0	0.0019955419
ENSE00001017721_028	g0508	0	0.0031450337
ENSE00001017736_001	g0508	0	0.0039348898
ENSE00001017736_002	g0508	1	0.0156594858
ENSE00001017736_004	g0508	0	0.0147327746
ENSE00001017736_007	g0508	1	0.0065576347
ENSE00001017736_008	g0508	1	0.0079646535
ENSE00001017736_009	g0508	0	0.0090296292
ENSE00001017736_011	g0508	0	0.0089388827
ENSE00001017736_012	g0508	0	0.0138888521
ENSE00001017736_013	g0508	1	0.0072673079
ENSE00001017736_015	g0508	0	0.0082849257
ENSE00001017736_016	g0508	0	0.0108876627
ENSE00001017736_017	g0508	1	0.0102623819
ENSE00001017736_018	g0508	0	0.0130611381
ENSE00001017736_019	g0508	1	0.0115672604
ENSE00001017736_020	g0508	0	0.0163743758
ENSE00001017736_021	g0508	0	0.0082021094
ENSE00001017736_022	g0508	0	0.0364115372
ENSE00001017736_023	g0508	0	0.0100819991
ENSE00001017736_024	g0508	0	0.0042761457
ENSE00001017736_025	g0508	0	0.0032381549
ENSE00001017736_027	g0508	0	0.0044245880
ENSE00001017736_028	g0508	0	0.0043962457
ENSE00001017736_029	g0508	0	0.0015437518
ENSE00001017736_030	g0508	0	0.0016485178
ENSE00001017736_031	g0508	0	0.0027970710
ENSE00001017736_032	g0508	0	0.0017228813
ENSE00001017736_033	g0508	1	0.0015724351
ENSE00001020341_006	g0512	0	0.0147743093
ENSE00001020341_008	g0512	0	0.0345519385
ENSE00001020341_011	g0512	0	0.0060044444
ENSE00001020341_014	g0512	0	0.0116835460
ENSE00001020341_018	g0512	0	0.1564553928
ENSE00001020341_019	g0512	0	0.0375219702
ENSE00001020341_020	g0512	0	0.0171138976
ENSE00001020341_021	g0512	0	0.0036676952
ENSE00001023460_001	g0516	0	0.0058098707
ENSE00001023460_002	g0516	0	0.0039877019
ENSE00001023460_004	g0516	0	0.0020871964
ENSE00001023460_005	g0516	0	0.0030475414
ENSE00001023460_008	g0516	0	0.0081366073
ENSE00001023460_009	g0516	0	0.0020448708
ENSE00001023460_010	g0516	0	0.7762277437
ENSE00001023460_012	g0516	0	0.0202025951
ENSE00001023460_013	g0516	0	0.0189375594
ENSE00001023460_017	g0516	0	0.0356192197
ENSE00001023460_018	g0516	0	0.2483900483
ENSE00001023460_019	g0516	0	0.1301174237
ENSE00001023460_020	g0516	0	0.3802186403
ENSE00001023460_021	g0516	0	0.0275484537
ENSE00001023460_023	g0516	0	0.0351496406
ENSE00001023460_024	g0516	0	0.0276310682
ENSE00001023460_027	g0516	0	0.1498855439
ENSE00001023460_028	g0516	0	0.0810525341
ENSE00001023460_029	g0516	0	0.1823034020
ENSE00001023460_030	g0516	0	0.0192054745
ENSE00001023460_031	g0516	0	0.0268114119
ENSE00001023460_032	g0516	0	0.0110471674
ENSE00001023460_033	g0516	0	0.0050003491
ENSE00001023460_034	g0516	0	0.0085014344
ENSE00001025746_001	g0518	0	0.0066968161
ENSE00001025746_002	g0518	0	0.0159525406
ENSE00001025746_004	g0518	0	0.0153245514
ENSE00001025746_005	g0518	0	0.0160639507
ENSE00001025746_006	g0518	0	0.0232533842
ENSE00001025746_007	g0518	0	0.0112044515
ENSE00001025746_008	g0518	0	0.0134128978
ENSE00001025746_009	g0518	0	0.0146839776
ENSE00001025746_010	g0518	0	0.0149786047
ENSE00001025746_011	g0518	0	0.0083294834
ENSE00001025746_012	g0518	0	0.0122813727
ENSE00001025746_013	g0518	0	0.0301137661
ENSE00001025746_014	g0518	0	0.0220664729
ENSE00001025746_016	g0518	0	0.0184138866
ENSE00001025746_018	g0518	0	0.0021754093
ENSE00001025746_019	g0518	0	0.0022726145
ENSE00001025746_020	g0518	0	0.0026425597
ENSE00001025746_021	g0518	0	0.0027133714
ENSE00001026705_001	g0519	0	0.0057983427
ENSE00001026705_002	g0519	0	0.0027398144
ENSE00001026705_004	g0519	1	0.3564195382
ENSE00001026705_005	g0519	0	0.0159961207
ENSE00001026705_006	g0519	0	0.0073013845
ENSE00001026705_007	g0519	0	0.0164301809
ENSE00001026705_008	g0519	0	0.0182884291
ENSE00001026705_009	g0519	0	0.0153183929
ENSE00001026705_011	g0519	0	0.0468948312
ENSE00001026705_012	g0519	0	0.0228208051
ENSE00001026705_013	g0519	0	0.0383302555
ENSE00001026705_014	g0519	0	0.0264254189
ENSE00001026705_015	g0519	0	0.0239809485
ENSE00001026705_016	g0519	0	0.0484741400
ENSE00001026705_018	g0519	0	0.0318720501
ENSE00001026705_019	g0519	0	0.0142701101
ENSE00001026705_020	g0519	0	0.0870468852
ENSE00001026705_021	g0519	0	0.0167311800
ENSE00001026705_022	g0519	0	0.0254436908
ENSE00001026705_023	g0519	0	0.0274967116
ENSE00001026705_024	g0519	0	0.0232688353
ENSE00001026705_025	g0519	0	0.0308824014
ENSE00001026705_026	g0519	1	0.0160150140
ENSE00001026705_027	g0519	0	0.0122739040
ENSE00001026705_028	g0519	0	0.0098009934
ENSE00001026705_029	g0519	0	0.0068754373
ENSE00001030397_003	g0522	0	0.0549916628
ENSE00001030397_005	g0522	0	0.0223339432
ENSE00001030397_006	g0522	0	0.0115553101
ENSE00001030397_007	g0522	0	0.0124940524
ENSE00001030397_008	g0522	0	0.0113200446
ENSE00001030397_009	g0522	0	0.0230634391
ENSE00001030397_010	g0522	0	0.0169732986
ENSE00001030397_011	g0522	0	0.0093311987
ENSE00001030397_012	g0522	0	0.0160838302
ENSE00001030397_013	g0522	0	0.0102525501
ENSE00001030397_015	g0522	0	0.0073889437
ENSE00001030397_017	g0522	0	0.0046415264
ENSE00001030397_018	g0522	0	0.0041038520
ENSE00001030397_019	g0522	0	0.0040458187
ENSE00001030397_020	g0522	0	0.0009243889
ENSE00001031674_002	g0293	0	0.0111081937
ENSE00001031674_003	g0293	0	0.0171920333
ENSE00001031674_004	g0293	0	0.0258656179
ENSE00001031674_005	g0293	0	0.0208926620
ENSE00001031674_006	g0293	0	0.0356475055
ENSE00001031674_007	g0293	0	0.0210487652
ENSE00001031674_008	g0293	0	0.0159802087
ENSE00001031674_010	g0293	0	0.0098515469
ENSE00001031674_011	g0293	0	0.0277790941
ENSE00001031674_012	g0293	0	0.0069179277
ENSE00001031674_013	g0293	0	0.0177285746
ENSE00001031674_015	g0293	0	0.0279200857
ENSE00001031674_017	g0293	0	0.0075870761
ENSE00001031674_018	g0293	0	0.0156757371
ENSE00001031674_019	g0293	0	0.0085442143
ENSE00001031674_020	g0293	0	0.0072603641
ENSE00001038040_003	g0535	0	0.0670947285
ENSE00001038040_005	g0535	0	0.1117668342
ENSE00001038040_006	g0535	0	0.0305210842
ENSE00001038040_007	g0535	0	0.0230613360
ENSE00001038040_008	g0535	0	0.0295075141
ENSE00001038040_009	g0535	0	0.0263993940
ENSE00001038040_010	g0535	0	0.0384640802
ENSE00001038040_011	g0535	0	0.0270194527
ENSE00001038040_012	g0535	0	0.0215940381
ENSE00001038040_014	g0535	0	0.0583593727
ENSE00001038040_015	g0535	0	0.0110142102
ENSE00001038040_016	g0535	0	0.0112512394
ENSE00001038040_017	g0535	0	0.0256491113
ENSE00001042311_001	g0537	0	0.0022805603
ENSE00001042311_002	g0537	0	0.0098051617
ENSE00001042311_003	g0537	0	0.0037191647
ENSE00001042311_004	g0537	0	0.0048314930
ENSE00001042311_007	g0537	0	0.0037845325
ENSE00001042311_008	g0537	0	0.0436967184
ENSE00001042311_009	g0537	0	0.1018367873
ENSE00001042311_011	g0537	0	0.0488986021
ENSE00001042311_012	g0537	0	0.0156141443
ENSE00001042311_013	g0537	0	0.0441903568
ENSE00001042311_014	g0537	0	0.0300634755
ENSE00001042311_015	g0537	0	0.0228844232
ENSE00001042311_016	g0537	1	0.4573763500
ENSE00001042311_019	g0537	0	0.0053618622
ENSE00001042507_001	g0537	0	0.0070821907
ENSE00001042507_002	g0537	0	0.0143014363
ENSE00001042507_003	g0537	0	0.0079912603
ENSE00001042507_005	g0537	0	0.1675035532
ENSE00001042507_006	g0537	0	0.1113734527
ENSE00001042507_007	g0537	0	0.1600432563
ENSE00001042507_009	g0537	0	0.0328995609
ENSE00001042507_010	g0537	0	0.0206828627
ENSE00001042507_011	g0537	0	0.0109481335
ENSE00001042507_012	g0537	0	0.0138979334
ENSE00001042507_013	g0537	0	0.0031504735
ENSE00001042507_014	g0537	0	0.0026974531
ENSE00001042507_015	g0537	0	0.0019103455
ENSE00001042507_016	g0537	0	0.0018863771
ENSE00001045978_001	g0540	0	0.0015778663
ENSE00001045978_002	g0540	0	0.0037142966
ENSE00001045978_003	g0540	0	0.0023031657
ENSE00001045978_004	g0540	0	0.0095379175
ENSE00001045978_007	g0540	0	0.0234138418
ENSE00001045978_008	g0540	0	0.0161485467
ENSE00001045978_014	g0540	0	0.0223077470
ENSE00001045978_017	g0540	0	0.0012922798
ENSE00001056160_001	g0547	0	0.0053940599
ENSE00001056160_002	g0547	0	0.0037728191
ENSE00001056160_003	g0547	0	0.0076126639
ENSE00001056160_004	g0547	0	0.0052480519
ENSE00001056160_005	g0547	0	0.0130792184
ENSE00001056160_007	g0547	0	0.0174233118
ENSE00001056160_008	g0547	0	0.0143745321
ENSE00001056160_009	g0547	0	0.0162939496
ENSE00001056160_010	g0547	0	0.0152818699
ENSE00001056160_011	g0547	0	0.0148790756
ENSE00001056160_012	g0547	0	0.0536701707
ENSE00001056160_013	g0547	0	0.0070994373
ENSE00001056160_014	g0547	0	0.0013001301
ENSE00001057677_017	g0305	0	0.0121386961
ENSE00001057677_018	g0305	0	0.0115402929
ENSE00001060406_002	g0550	1	0.0041750035
ENSE00001060406_003	g0550	0	0.0032604903
ENSE00001060406_005	g0550	1	0.0105181365
ENSE00001060406_012	g0550	1	0.0095472381
ENSE00001060406_013	g0550	0	0.0349969959
ENSE00001060406_018	g0550	0	0.0212077664
ENSE00001060406_019	g0550	0	0.0294691250
ENSE00001060406_020	g0550	0	0.0139378724
ENSE00001060406_021	g0550	1	0.0364630003
ENSE00001060406_022	g0550	1	0.0229311129
ENSE00001060406_025	g0550	0	0.0080797682
ENSE00001060406_026	g0550	0	0.0099256688
ENSE00001060406_027	g0550	0	0.0171045001
ENSE00001060406_029	g0550	1	0.0039776582
ENSE00001060406_030	g0550	1	0.0025404483
ENSE00001060406_032	g0550	0	0.0055073054
ENSE00001062870_002	g0553	0	0.0039465794
ENSE00001062870_007	g0553	0	0.0069561356
ENSE00001062870_010	g0553	0	0.0097045409
ENSE00001062870_015	g0553	0	0.0055085850
ENSE00001066628_001	g0555	0	0.0031861915
ENSE00001066628_002	g0555	0	0.0032625953
ENSE00001066628_003	g0555	0	0.0122589716
ENSE00001066628_004	g0555	0	0.0259947476
ENSE00001066628_005	g0555	0	0.0254089379
ENSE00001066628_006	g0555	0	0.0158008266
ENSE00001066628_010	g0555	0	0.0110862399
ENSE00001066628_012	g0555	0	0.0115023944
ENSE00001066628_013	g0555	0	0.0101749292
ENSE00001066628_017	g0555	0	0.0062465878
ENSE00001066628_018	g0555	0	0.0040700605
ENSE00001066628_019	g0555	0	0.0048363565
ENSE00001066628_020	g0555	0	0.0025012155
ENSE00001066628_021	g0555	0	0.0021243223
ENSE00001066716_011	g0556	0	0.0074451416
ENSE00001066716_013	g0556	0	0.0141370174
ENSE00001074020_020	g0565	0	0.0169396256
ENSE00001074020_023	g0565	0	0.0434981308
ENSE00001074020_025	g0565	0	0.0078969174
ENSE00001075853_003	g0566	0	0.0032325951
ENSE00001075853_005	g0566	0	0.1503760545
ENSE00001075853_006	g0566	0	0.0173493861
ENSE00001075853_007	g0566	0	0.0449213246
ENSE00001075853_010	g0566	0	0.0111285578
ENSE00001075853_011	g0566	0	0.0242991701
ENSE00001075853_012	g0566	0	0.0134606171
ENSE00001075853_014	g0566	0	0.0103860011
ENSE00001075853_015	g0566	0	0.0124885499
ENSE00001075853_016	g0566	0	0.0523286389
ENSE00001075853_018	g0566	0	0.0072220917
ENSE00001075853_019	g0566	0	0.0102682883
ENSE00001075853_021	g0566	0	0.0047992934
ENSE00001075969_002	g0567	0	0.0029471206
ENSE00001075969_003	g0567	0	0.0034760096
ENSE00001075969_004	g0567	0	0.0034245973
ENSE00001075969_005	g0567	0	0.0068217070
ENSE00001075969_007	g0567	0	0.0169239979
ENSE00001075969_008	g0567	0	0.0164718207
ENSE00001075969_010	g0567	0	0.0188048415
ENSE00001075969_011	g0567	0	0.0153018782
ENSE00001075969_012	g0567	0	0.0111927542
ENSE00001075969_014	g0567	0	0.0079262483
ENSE00001075969_015	g0567	0	0.0101082908
ENSE00001075969_016	g0567	0	0.0078877445
ENSE00001075969_017	g0567	0	0.0153698412
ENSE00001075969_019	g0567	0	0.0087029986
ENSE00001075969_020	g0567	0	0.0058871705
ENSE00001075969_021	g0567	0	0.0119177927
ENSE00001075969_024	g0567	0	0.0071903178
ENSE00001075969_025	g0567	0	0.0124591971
ENSE00001075969_026	g0567	0	0.0076664210
ENSE00001075969_027	g0567	0	0.0201293244
ENSE00001075969_028	g0567	0	0.0252545899
ENSE00001080055_006	g0574	0	0.0699693600
ENSE00001080055_011	g0574	0	0.0103511404
ENSE00001080055_012	g0574	1	0.1819737185
ENSE00001080055_013	g0574	1	0.0464724054
ENSE00001080265_001	g0575	0	0.0016297631
ENSE00001080265_002	g0575	0	0.0102868547
ENSE00001080265_003	g0575	0	0.0015164420
ENSE00001080265_004	g0575	0	0.0068448703
ENSE00001080265_005	g0575	0	0.0058199503
ENSE00001080265_007	g0575	0	0.0025467787
ENSE00001080265_008	g0575	0	0.0029757960
ENSE00001080265_010	g0575	0	0.0061031338
ENSE00001080265_011	g0575	0	0.0063937123
ENSE00001080265_012	g0575	0	0.1123034607
ENSE00001080265_013	g0575	0	0.0163659392
ENSE00001080265_014	g0575	0	0.0204808981
ENSE00001080265_018	g0575	0	0.0318243760
ENSE00001080265_019	g0575	0	0.0286915123
ENSE00001080265_021	g0575	0	0.0552379814
ENSE00001080265_022	g0575	0	0.1763603876
ENSE00001080265_024	g0575	0	0.0240204882
ENSE00001080265_025	g0575	0	0.0240041826
ENSE00001080265_027	g0575	0	0.0162030122
ENSE00001080265_028	g0575	0	0.0050141918
ENSE00001080536_002	g0578	0	0.0066307269
ENSE00001080536_003	g0578	0	0.0269337468
ENSE00001080536_004	g0578	0	0.0366054657
ENSE00001080536_005	g0578	0	0.1610614001
ENSE00001080536_006	g0578	0	0.0639248292
ENSE00001080536_007	g0578	0	0.0156217128
ENSE00001080536_008	g0578	0	0.0092270015
ENSE00001080536_009	g0578	0	0.0156432172
ENSE00001080536_011	g0578	0	0.0073522310
ENSE00001080536_012	g0578	0	0.0031811300
ENSE00001081208_005	g0581	0	0.0208535813
ENSE00001081208_009	g0581	0	0.0173733416
ENSE00001081208_010	g0581	0	0.0052524006
ENSE00001081208_015	g0581	0	0.0267005315
ENSE00001081225_021	g0581	0	0.0014218710
ENSE00001081287_001	g0582	0	0.0019882026
ENSE00001081287_002	g0582	0	0.0037297065
ENSE00001081287_010	g0582	0	0.0379228086
ENSE00001081287_020	g0582	0	0.0052594195
ENSE00001081292_001	g0582	0	0.0032827370
ENSE00001081292_005	g0582	1	0.2483685006
ENSE00001081292_006	g0582	0	0.0948710712
ENSE00001081292_009	g0582	0	0.0138435399
ENSE00001081292_014	g0582	0	0.0195975829
ENSE00001081292_015	g0582	0	0.0108234251
ENSE00001081292_016	g0582	0	0.0119241003
ENSE00001081292_017	g0582	0	0.0665830438
ENSE00001081292_018	g0582	1	0.0966551993
ENSE00001081292_020	g0582	1	0.7374255978
ENSE00001081532_002	g0583	0	0.0030991597
ENSE00001081532_003	g0583	0	0.0064290992
ENSE00001081532_011	g0583	0	0.0183171094
ENSE00001081532_014	g0583	0	0.0837169800
ENSE00001081532_019	g0583	0	0.0099167184
ENSE00001086629_001	g0591	0	0.0078063353
ENSE00001086629_002	g0591	0	0.0441033257
ENSE00001086629_004	g0591	0	0.0451468001
ENSE00001086629_006	g0591	0	0.0132036134
ENSE00001086629_007	g0591	0	0.0145660934
ENSE00001086629_008	g0591	0	0.0250276098
ENSE00001086629_010	g0591	0	0.0101368938
ENSE00001086629_011	g0591	0	0.0146078075
ENSE00001086629_013	g0591	1	0.4811203534
ENSE00001086629_014	g0591	0	0.0031429638
ENSE00001086630_001	g0591	0	0.0046978735
ENSE00001086630_003	g0591	0	0.0754609932
ENSE00001086630_004	g0591	0	0.0502534218
ENSE00001086630_006	g0591	0	0.0165425409
ENSE00001086630_007	g0591	0	0.0174013359
ENSE00001086630_008	g0591	0	0.0528801728
ENSE00001086630_009	g0591	0	0.0250028014
ENSE00001086630_010	g0591	0	0.0136564603
ENSE00001086630_011	g0591	0	0.0981026549
ENSE00001086630_012	g0591	0	0.0117915144
ENSE00001086630_013	g0591	0	0.0025048106
ENSE00001086630_014	g0591	0	0.0017388135
ENSE00001086635_003	g0591	1	0.0110570279
ENSE00001086635_005	g0591	0	0.0084038983
ENSE00001086635_006	g0591	1	0.0454310209
ENSE00001086635_007	g0591	1	0.1054271385
ENSE00001086635_008	g0591	0	0.0213964097
ENSE00001086635_009	g0591	0	0.4332754899
ENSE00001086635_010	g0591	1	0.3322285210
ENSE00001086635_011	g0591	0	0.0442126085
ENSE00001086635_012	g0591	1	0.0978375509
ENSE00001086635_013	g0591	1	0.0892938311
ENSE00001086635_014	g0591	1	0.0683247380
ENSE00001086635_017	g0591	0	0.0614811117
ENSE00001086635_018	g0591	1	0.1051135548
ENSE00001086635_019	g0591	1	0.0276628934
ENSE00001086635_020	g0591	1	0.0861929273
ENSE00001086635_021	g0591	1	0.1720067896
ENSE00001086635_022	g0591	1	0.0474027029
ENSE00001086635_023	g0591	0	0.0888779047
ENSE00001086635_025	g0591	0	0.0240949471
ENSE00001086635_027	g0591	0	0.0022541465
ENSE00001086635_028	g0591	0	0.0017187133
ENSE00001086642_001	g0591	0	0.0067777876
ENSE00001086642_002	g0591	0	0.0127942111
ENSE00001086642_006	g0591	0	0.1627898646
ENSE00001086642_007	g0591	0	0.0317174426
ENSE00001086642_010	g0591	0	0.0374877558
ENSE00001086642_011	g0591	0	0.0215395563
ENSE00001086642_013	g0591	0	0.0229305159
ENSE00001086642_014	g0591	0	0.0042935090
ENSE00001086642_016	g0591	0	0.0015312834
ENSE00001086642_017	g0591	0	0.0014584944
ENSE00001086665_002	g0591	0	0.0062518347
ENSE00001086665_003	g0591	0	0.0048536098
ENSE00001086665_004	g0591	0	0.0119845811
ENSE00001086665_005	g0591	0	0.1240135349
ENSE00001086665_006	g0591	0	0.1625900866
ENSE00001086665_007	g0591	0	0.2328326304
ENSE00001086665_008	g0591	0	0.0702028439
ENSE00001086665_010	g0591	0	0.0520868380
ENSE00001086665_011	g0591	0	0.0397298913
ENSE00001086665_012	g0591	0	0.0234485518
ENSE00001086665_013	g0591	0	0.0275858462
ENSE00001086665_014	g0591	0	0.0022578659
ENSE00001086678_001	g0591	0	0.0035420849
ENSE00001086678_002	g0591	0	0.0035132148
ENSE00001086678_003	g0591	0	0.0298069488
ENSE00001086678_005	g0591	0	0.0143445653
ENSE00001086678_013	g0591	0	0.0213467442
ENSE00001086678_015	g0591	0	0.0064729269
ENSE00001086678_016	g0591	0	0.0022485628
ENSE00001086684_001	g0591	0	0.0012891809
ENSE00001086684_002	g0591	0	0.0060589791
ENSE00001086684_003	g0591	0	0.0054251052
ENSE00001086684_004	g0591	0	0.0085077084
ENSE00001086684_006	g0591	0	0.0079980495
ENSE00001086684_007	g0591	0	0.0168231368
ENSE00001086684_008	g0591	0	0.0099739020
ENSE00001086684_009	g0591	0	0.0251591324
ENSE00001086684_010	g0591	0	0.0160066549
ENSE00001086684_012	g0591	0	0.0201299168
ENSE00001086684_013	g0591	0	0.0118984125
ENSE00001086684_014	g0591	0	0.0161886005
ENSE00001086684_016	g0591	0	0.0314753383
ENSE00001086684_019	g0591	0	0.0076059180
ENSE00001086684_020	g0591	0	0.0073304204
ENSE00001086684_021	g0591	0	0.0041035677
ENSE00001086684_022	g0591	0	0.0029302403
ENSE00001086684_023	g0591	0	0.0071126217
ENSE00001086684_024	g0591	0	0.0040072650
ENSE00001086684_025	g0591	0	0.0021046029
ENSE00001086684_026	g0591	0	0.0020249533
ENSE00001086684_027	g0591	0	0.0016228812
ENSE00001086684_028	g0591	0	0.0012364551
ENSE00001086687_001	g0591	0	0.0025727245
ENSE00001086687_002	g0591	0	0.0017595083
ENSE00001086687_003	g0591	0	0.0468219214
ENSE00001086687_004	g0591	0	0.0661033794
ENSE00001086687_005	g0591	0	0.0252973997
ENSE00001086687_006	g0591	0	0.0214255894
ENSE00001086687_007	g0591	0	0.0212441474
ENSE00001086687_008	g0591	0	0.0224883166
ENSE00001086687_009	g0591	0	0.0156044489
ENSE00001086687_010	g0591	0	0.4800957809
ENSE00001086687_012	g0591	0	0.0037540916
ENSE00001086687_013	g0591	0	0.0032246302
ENSE00001086690_020	g0591	0	0.0032482986
ENSE00001086700_001	g0591	0	0.0053435830
ENSE00001086700_002	g0591	0	0.0108951070
ENSE00001086700_003	g0591	0	0.0108161962
ENSE00001086700_004	g0591	0	0.0334829582
ENSE00001086700_005	g0591	0	0.0368663006
ENSE00001086700_007	g0591	0	0.1769057455
ENSE00001086700_008	g0591	0	0.0276664479
ENSE00001086700_009	g0591	0	0.0221409672
ENSE00001086700_010	g0591	0	0.0033156217
ENSE00001086700_011	g0591	0	0.0020047570
ENSE00001086700_012	g0591	0	0.0012529803
ENSE00001086700_013	g0591	0	0.0027412767
ENSE00001086716_005	g0591	0	0.0204461638
ENSE00001086716_007	g0591	0	0.0174649504
ENSE00001086716_009	g0591	0	0.0294908731
ENSE00001086716_012	g0591	0	0.0094061754
ENSE00001086716_013	g0591	0	0.0057267598
ENSE00001086716_014	g0591	0	0.0047727628
ENSE00001086716_016	g0591	0	0.0261262745
ENSE00001086716_018	g0591	0	0.0207623322
ENSE00001086716_019	g0591	0	0.0147402579
ENSE00001086716_022	g0591	0	0.0078854240
ENSE00001086752_001	g0592	0	0.0059991430
ENSE00001086752_002	g0592	0	0.0036994605
ENSE00001086752_003	g0592	0	0.0029886700
ENSE00001086752_004	g0592	0	0.0210635566
ENSE00001086752_006	g0592	0	0.0150212871
ENSE00001086752_007	g0592	0	0.0095797215
ENSE00001086752_008	g0592	0	0.0073599631
ENSE00001086752_009	g0592	0	0.0192642570
ENSE00001086752_010	g0592	0	0.0228265849
ENSE00001086752_011	g0592	0	0.0180835402
ENSE00001086752_012	g0592	0	0.0178264077
ENSE00001086752_013	g0592	0	0.1737515503
ENSE00001086752_014	g0592	0	0.1037582926
ENSE00001086752_015	g0592	0	0.0707357717
ENSE00001086752_017	g0592	0	0.0165657114
ENSE00001086752_018	g0592	0	0.0066854001
ENSE00001086752_019	g0592	0	0.0072662297
ENSE00001086752_020	g0592	0	0.0128916131
ENSE00001086752_021	g0592	0	0.0045315919
ENSE00001086752_022	g0592	0	0.0140021222
ENSE00001086752_023	g0592	0	0.0184055607
ENSE00001087852_001	g0593	0	0.0043087369
ENSE00001087852_002	g0593	0	0.0278003337
ENSE00001087852_003	g0593	0	0.0088557235
ENSE00001087852_008	g0593	0	0.0059671959
ENSE00001087852_012	g0593	0	0.0119294590
ENSE00001087852_016	g0593	0	0.0384339043
ENSE00001087852_018	g0593	0	0.0140127519
ENSE00001087852_019	g0593	0	0.0076665212
ENSE00001087852_029	g0593	0	0.0155463142
ENSE00001088262_002	g0516	0	0.0081193018
ENSE00001088262_005	g0516	0	0.0043685735
ENSE00001088262_006	g0516	0	0.0136839208
ENSE00001088262_007	g0516	0	0.0077344423
ENSE00001088262_008	g0516	0	0.0236985591
ENSE00001088262_009	g0516	0	0.0153637304
ENSE00001088262_010	g0516	0	0.0197651307
ENSE00001088262_011	g0516	0	0.0468814700
ENSE00001088262_012	g0516	0	0.1557822834
ENSE00001088262_013	g0516	0	0.0648304556
ENSE00001088262_015	g0516	0	0.0226622103
ENSE00001088262_018	g0516	0	0.0169837812
ENSE00001088262_019	g0516	0	0.0320690925
ENSE00001088262_021	g0516	0	0.0229614060
ENSE00001088262_022	g0516	0	0.0190584874
ENSE00001089263_004	g0598	0	0.0190009961
ENSE00001089263_005	g0598	0	0.0143767489
ENSE00001089263_006	g0598	0	0.0139518032
ENSE00001089263_009	g0598	0	0.0084232936
ENSE00001089263_011	g0598	0	0.0148172270
ENSE00001089263_014	g0598	0	0.0273501760
ENSE00001089263_015	g0598	0	0.0270857894
ENSE00001089263_016	g0598	0	0.3566194008
ENSE00001089263_017	g0598	0	0.0464957234
ENSE00001089263_018	g0598	0	0.0188664960
ENSE00001089263_019	g0598	0	0.0101886356
ENSE00001089263_020	g0598	0	0.0085597000
ENSE00001089488_001	g0599	0	0.0024921457
ENSE00001089488_002	g0599	0	0.0020824364
ENSE00001089488_003	g0599	0	0.0045855599
ENSE00001089488_005	g0599	0	0.0025523862
ENSE00001089488_006	g0599	0	0.0015841595
ENSE00001089488_007	g0599	0	0.0182491385
ENSE00001089488_008	g0599	0	0.0256966472
ENSE00001089488_009	g0599	0	0.0264496825
ENSE00001089488_010	g0599	0	0.0478284308
ENSE00001089488_011	g0599	1	0.0225661986
ENSE00001089488_012	g0599	0	0.0189125232
ENSE00001089488_014	g0599	0	0.0243642036
ENSE00001089488_015	g0599	0	0.0127760380
ENSE00001089488_016	g0599	0	0.0786832470
ENSE00001089488_017	g0599	0	0.0092940471
ENSE00001089488_018	g0599	0	0.0377197146
ENSE00001089488_020	g0599	0	0.1929455928
ENSE00001089488_021	g0599	0	0.0155037212
ENSE00001089488_023	g0599	0	0.0120774689
ENSE00001089488_024	g0599	0	0.0107522002
ENSE00001089488_025	g0599	0	0.0098337990
ENSE00001089488_026	g0599	0	0.0087644604
ENSE00001089515_001	g0599	0	0.0013797037
ENSE00001089515_018	g0599	0	0.0175252408
ENSE00001090928_001	g0604	0	0.0019385822
ENSE00001090928_005	g0604	0	0.0042690031
ENSE00001090928_006	g0604	0	0.0499843291
ENSE00001090928_007	g0604	0	0.0182017134
ENSE00001090928_008	g0604	0	0.0141066439
ENSE00001090928_010	g0604	0	0.0492846202
ENSE00001091167_002	g0456	0	0.0096146235
ENSE00001091167_005	g0456	0	0.0148994935
ENSE00001091167_008	g0456	0	0.0077260754
ENSE00001091167_009	g0456	0	0.0093596756
ENSE00001091167_010	g0456	0	0.0230900132
ENSE00001091167_012	g0456	0	0.0334165017
ENSE00001091167_013	g0456	0	0.0322953039
ENSE00001091167_014	g0456	0	0.0339608470
ENSE00001091167_015	g0456	0	0.0449265976
ENSE00001091167_016	g0456	0	0.0723730239
ENSE00001091167_018	g0456	0	0.0072127500
ENSE00001091167_019	g0456	0	0.0392878909
ENSE00001091167_020	g0456	0	0.0222070782
ENSE00001091167_022	g0456	0	0.0026453868
ENSE00001091167_023	g0456	0	0.0044380315
ENSE00001091167_025	g0456	0	0.0032054783
ENSE00001092663_001	g0610	0	0.0026585281
ENSE00001092663_002	g0610	0	0.0089515553
ENSE00001092663_003	g0610	0	0.0035439236
ENSE00001092663_004	g0610	0	0.0055534686
ENSE00001092663_006	g0610	0	0.0142666190
ENSE00001092663_007	g0610	0	0.0096928242
ENSE00001092663_008	g0610	0	0.0160449057
ENSE00001092663_009	g0610	0	0.0228527964
ENSE00001092663_010	g0610	0	0.0303860503
ENSE00001092663_011	g0610	0	0.0303706525
ENSE00001092663_012	g0610	0	0.0034378915
ENSE00001092663_013	g0610	0	0.0021468857
ENSE00001092663_014	g0610	0	0.0020052957
ENSE00001094870_002	g0481	0	0.0330507556
ENSE00001094870_010	g0481	0	0.0643138927
ENSE00001094870_012	g0481	0	0.0155415861
ENSE00001094873_001	g0481	0	0.0016591478
ENSE00001094873_002	g0481	0	0.0029571892
ENSE00001094873_003	g0481	0	0.0024798425
ENSE00001094873_004	g0481	0	0.0020979680
ENSE00001094873_006	g0481	0	0.0169476585
ENSE00001094873_007	g0481	0	0.0120599856
ENSE00001094873_008	g0481	0	0.0106743989
ENSE00001094873_009	g0481	0	0.0114160160
ENSE00001094873_010	g0481	0	0.0479213976
ENSE00001094873_012	g0481	0	0.0148689218
ENSE00001094873_013	g0481	0	0.0130422117
ENSE00001094873_014	g0481	0	0.0177864800
ENSE00001094873_016	g0481	0	0.0290054992
ENSE00001094873_017	g0481	0	0.0389199828
ENSE00001094873_018	g0481	0	0.0199776600
ENSE00001094873_021	g0481	0	0.1918660892
ENSE00001094873_022	g0481	0	0.0235559489
ENSE00001094873_023	g0481	0	0.0161195501
ENSE00001094873_024	g0481	0	0.0099831903
ENSE00001094873_026	g0481	0	0.0046769099
ENSE00001095406_002	g0616	0	0.0146880163
ENSE00001095406_005	g0616	0	0.0031267152
ENSE00001095406_009	g0616	0	0.0825897752
ENSE00001095406_010	g0616	0	0.1454794890
ENSE00001095406_011	g0616	0	0.0218348100
ENSE00001095406_012	g0616	0	0.0087112365
ENSE00001095406_014	g0616	0	0.0314915613
ENSE00001095406_019	g0616	0	0.0095897494
ENSE00001095406_021	g0616	0	0.0017780145
ENSE00001095406_023	g0616	0	0.0014016520
ENSE00001095406_024	g0616	0	0.0019010754
ENSE00001096614_001	g0620	0	0.0039504661
ENSE00001096614_002	g0620	0	0.0182553575
ENSE00001096614_003	g0620	0	0.0454527918
ENSE00001096614_004	g0620	0	0.0307198300
ENSE00001096614_006	g0620	0	0.0119066187
ENSE00001096614_007	g0620	0	0.0208585356
ENSE00001096614_009	g0620	0	0.0193890233
ENSE00001096614_010	g0620	0	0.2186511446
ENSE00001096614_011	g0620	0	0.0345164350
ENSE00001096614_014	g0620	0	0.0031969162
ENSE00001096614_015	g0620	0	0.0018018017
ENSE00001096614_016	g0620	0	0.0026130798
ENSE00001099032_001	g0624	0	0.0021805316
ENSE00001099032_002	g0624	0	0.0022077924
ENSE00001099032_008	g0624	0	0.0323359256
ENSE00001099032_009	g0624	0	0.0107439561
ENSE00001099032_012	g0624	0	0.0229998733
ENSE00001099032_013	g0624	0	0.0171049133
ENSE00001099032_015	g0624	0	0.0135354623
ENSE00001099032_016	g0624	0	0.0246938402
ENSE00001099032_020	g0624	0	0.0063861374
ENSE00001099032_021	g0624	0	0.0099819130
ENSE00001099032_022	g0624	0	0.0301960140
ENSE00001099032_023	g0624	0	0.0174568652
ENSE00001099032_024	g0624	0	0.0305750351
ENSE00001099032_025	g0624	0	0.0307206301
ENSE00001099032_026	g0624	0	0.0317107723
ENSE00001099032_027	g0624	0	0.0147741087
ENSE00001099032_028	g0624	0	0.0825870489
ENSE00001099032_029	g0624	0	0.0743329156
ENSE00001099032_030	g0624	0	0.0188059544
ENSE00001099032_033	g0624	0	0.0422534074
ENSE00001099032_034	g0624	0	0.0234159780
ENSE00001099032_035	g0624	0	0.0267421828
ENSE00001099032_037	g0624	0	0.0474217156
ENSE00001099740_001	g0626	0	0.0146097996
ENSE00001099740_002	g0626	0	0.0141309184
ENSE00001099740_003	g0626	0	0.0134947465
ENSE00001099740_004	g0626	0	0.0062449695
ENSE00001099740_005	g0626	0	0.0070752560
ENSE00001101050_001	g0631	0	0.0033208056
ENSE00001101050_003	g0631	0	0.0128628280
ENSE00001101050_005	g0631	0	0.0335301280
ENSE00001101050_010	g0631	0	0.0484871177
ENSE00001101050_011	g0631	0	0.0150681598
ENSE00001101050_012	g0631	0	0.0290955078
ENSE00001101050_013	g0631	1	0.7950049497
ENSE00001101050_014	g0631	0	0.0075895294
ENSE00001104098_004	g0641	0	0.0141736628
ENSE00001104098_007	g0641	0	0.0119190566
ENSE00001104098_009	g0641	0	0.0141786282
ENSE00001104098_013	g0641	0	0.0095931784
ENSE00001104098_015	g0641	0	0.0120695169
ENSE00001104098_016	g0641	0	0.0213731407
ENSE00001104098_018	g0641	0	0.0094586876
ENSE00001104098_022	g0641	0	0.0037046350
ENSE00001104104_001	g0641	0	0.0034445556
ENSE00001104104_002	g0641	0	0.0012690736
ENSE00001104104_003	g0641	0	0.0017081091
ENSE00001104104_004	g0641	0	0.0039232583
ENSE00001104104_005	g0641	0	0.0020917844
ENSE00001104104_008	g0641	0	0.0244359245
ENSE00001104104_010	g0641	0	0.0230563515
ENSE00001104104_014	g0641	0	0.0373728359
ENSE00001104104_015	g0641	0	0.0193202907
ENSE00001104104_016	g0641	0	0.0220278461
ENSE00001104104_017	g0641	0	0.0684299120
ENSE00001104104_018	g0641	0	0.0735761383
ENSE00001104104_021	g0641	0	0.0424402498
ENSE00001105500_001	g0642	0	0.0013313646
ENSE00001105500_002	g0642	0	0.0035879490
ENSE00001105500_003	g0642	0	0.0068602049
ENSE00001105500_004	g0642	0	0.0108947394
ENSE00001105500_005	g0642	0	0.0178304276
ENSE00001105500_007	g0642	0	0.0102961083
ENSE00001105500_008	g0642	0	0.0106615021
ENSE00001105500_011	g0642	0	0.0113555263
ENSE00001105500_014	g0642	0	0.0711847618
ENSE00001105500_015	g0642	1	0.0530999800
ENSE00001105500_020	g0642	0	0.0172380713
ENSE00001105500_022	g0642	0	0.0192191365
ENSE00001105500_023	g0642	0	0.0494122138
ENSE00001105500_024	g0642	0	0.0313807857
ENSE00001105500_025	g0642	0	0.0071002919
ENSE00001105500_026	g0642	0	0.0136418020
ENSE00001105500_027	g0642	0	0.0070004500
ENSE00001105500_029	g0642	0	0.0184977156
ENSE00001105500_034	g0642	0	0.0066265346
ENSE00001105500_035	g0642	0	0.0030336538
ENSE00001105500_036	g0642	0	0.0021656914
ENSE00001105500_037	g0642	0	0.0013808316
ENSE00001105500_039	g0642	0	0.0016280417
ENSE00001105500_040	g0642	0	0.0011239603
ENSE00001105667_001	g0643	0	0.0017107085
ENSE00001105667_002	g0643	0	0.0020811923
ENSE00001105667_003	g0643	0	0.0020510086
ENSE00001105667_004	g0643	0	0.0242020345
ENSE00001105667_005	g0643	0	0.0213562746
ENSE00001105667_006	g0643	0	0.0050240963
ENSE00001105667_008	g0643	0	0.0023291949
ENSE00001105667_010	g0643	0	0.0481925575
ENSE00001105667_014	g0643	0	0.0098037018
ENSE00001105667_015	g0643	0	0.0075902124
ENSE00001105667_017	g0643	0	0.0159077694
ENSE00001105667_019	g0643	0	0.0130341728
ENSE00001105667_021	g0643	0	0.0140111691
ENSE00001105667_022	g0643	0	0.0244357486
ENSE00001105667_023	g0643	0	0.0155504330
ENSE00001105667_025	g0643	0	0.0202152714
ENSE00001105667_029	g0643	0	0.0165017397
ENSE00001105667_030	g0643	0	0.0209869012
ENSE00001105667_033	g0643	0	0.0127841033
ENSE00001105667_034	g0643	0	0.0191704019
ENSE00001105667_035	g0643	0	0.0055151747
ENSE00001105667_036	g0643	0	0.0196392871
ENSE00001105667_037	g0643	0	0.0215285347
ENSE00001105667_038	g0643	0	0.0205063649
ENSE00001105667_040	g0643	0	0.0091847415
ENSE00001105667_042	g0643	0	0.0033506613
ENSE00001106623_001	g0109	0	0.0019696339
ENSE00001106623_002	g0109	0	0.0238018816
ENSE00001106623_003	g0109	0	0.0166071046
ENSE00001106623_004	g0109	0	0.0158346571
ENSE00001106623_005	g0109	0	0.0497598444
ENSE00001106623_006	g0109	0	0.0479099194
ENSE00001106623_008	g0109	0	0.0583418090
ENSE00001106623_009	g0109	0	0.0736250051
ENSE00001106623_013	g0109	0	0.0190625904
ENSE00001106623_014	g0109	0	0.0163783595
ENSE00001106623_016	g0109	0	0.0352188677
ENSE00001106623_017	g0109	0	0.0189485772
ENSE00001107321_008	g0650	0	0.0300938695
ENSE00001107321_016	g0650	0	0.0208936745
ENSE00001107321_017	g0650	0	0.0299746436
ENSE00001108194_004	g0651	0	0.0077316265
ENSE00001108194_005	g0651	0	0.0088881925
ENSE00001108194_006	g0651	0	0.0106219556
ENSE00001108194_007	g0651	0	0.0180119733
ENSE00001108194_013	g0651	0	0.0784424904
ENSE00001108194_014	g0651	0	0.0106903398
ENSE00001108194_016	g0651	0	0.0200686722
ENSE00001108194_017	g0651	0	0.0367425798
ENSE00001108194_019	g0651	0	0.0113746010
ENSE00001108194_021	g0651	0	0.0079420037
ENSE00001108194_023	g0651	0	0.0042370979
ENSE00001108539_001	g0059	0	0.0013651779
ENSE00001108539_007	g0059	0	0.0055750787
ENSE00001108539_008	g0059	0	0.0186888136
ENSE00001108539_009	g0059	0	0.0460759283
ENSE00001108539_010	g0059	0	0.0314266378
ENSE00001108539_014	g0059	0	0.0260938978
ENSE00001108678_003	g0653	0	0.0020224702
ENSE00001108678_006	g0653	0	0.0168448453
ENSE00001109542_002	g0655	0	0.0091140249
ENSE00001109542_003	g0655	0	0.0033987224
ENSE00001109542_005	g0655	0	0.0757825840
ENSE00001109542_006	g0655	0	0.0317860354
ENSE00001109542_007	g0655	0	0.0117938520
ENSE00001109542_009	g0655	0	0.0148053228
ENSE00001109542_011	g0655	0	0.0167556236
ENSE00001109542_012	g0655	0	0.0165810972
ENSE00001109542_015	g0655	0	0.0685730557
ENSE00001109542_016	g0655	0	0.0220811209
ENSE00001109542_018	g0655	0	0.0074298009
ENSE00001111504_002	g0660	0	0.0054312200
ENSE00001111504_003	g0660	0	0.0118153112
ENSE00001111504_004	g0660	0	0.0127167366
ENSE00001111504_005	g0660	0	0.0365785598
ENSE00001111504_006	g0660	0	0.0156593601
ENSE00001111504_007	g0660	0	0.0072309517
ENSE00001111504_008	g0660	0	0.0229962841
ENSE00001111504_009	g0660	0	0.0166254532
ENSE00001111504_010	g0660	0	0.0706898618
ENSE00001111504_012	g0660	0	0.0135571996
ENSE00001111504_013	g0660	0	0.0098848306
ENSE00001111504_014	g0660	0	0.0105547504
ENSE00001111504_015	g0660	0	0.0101020254
ENSE00001111504_016	g0660	0	0.0134705998
ENSE00001111504_017	g0660	0	0.0054779409
ENSE00001111504_020	g0660	0	0.0037652200
ENSE00001111504_021	g0660	0	0.0019352973
ENSE00001111504_022	g0660	0	0.0024061101
ENSE00001111504_023	g0660	0	0.0024091731
ENSE00001111517_001	g0660	0	0.0059575176
ENSE00001111517_002	g0660	0	0.0049287604
ENSE00001111517_003	g0660	0	0.0186646709
ENSE00001111517_005	g0660	0	0.0291269414
ENSE00001111517_006	g0660	1	0.1114810623
ENSE00001111517_008	g0660	0	0.0513443311
ENSE00001111517_009	g0660	0	0.0369147910
ENSE00001111517_010	g0660	0	0.0549290130
ENSE00001111517_011	g0660	0	0.0447135988
ENSE00001111517_012	g0660	0	0.0307672933
ENSE00001111517_013	g0660	0	0.0150226452
ENSE00001111517_014	g0660	0	0.0159924393
ENSE00001111517_015	g0660	0	0.0038151925
ENSE00001111517_016	g0660	0	0.0030378618
ENSE00001111517_018	g0660	0	0.0024987223
ENSE00001111517_019	g0660	0	0.0015923968
ENSE00001111517_020	g0660	0	0.0031733029
ENSE00001112252_003	g0662	0	0.0060551957
ENSE00001112252_005	g0662	1	0.0158816797
ENSE00001112252_007	g0662	0	0.0157932202
ENSE00001112252_008	g0662	0	0.0069718041
ENSE00001112252_009	g0662	0	0.0099258588
ENSE00001112252_011	g0662	0	0.0068516889
ENSE00001112252_012	g0662	0	0.0113373508
ENSE00001112252_013	g0662	0	0.0138503108
ENSE00001112252_014	g0662	0	0.0429996213
ENSE00001112252_016	g0662	0	0.0281508424
ENSE00001112252_017	g0662	0	0.0121078740
ENSE00001112252_018	g0662	1	0.0185025251
ENSE00001112252_020	g0662	0	0.0108766968
ENSE00001112252_021	g0662	0	0.0308985847
ENSE00001112252_022	g0662	1	0.0417454953
ENSE00001112252_023	g0662	0	0.0076955849
ENSE00001115463_002	g0665	0	0.0226368637
ENSE00001115463_008	g0665	1	0.0189761347
ENSE00001115463_014	g0665	1	0.0161364675
ENSE00001115463_015	g0665	0	0.0155943836
ENSE00001115463_020	g0665	0	0.0160377236
ENSE00001115463_021	g0665	0	0.1121588535
ENSE00001115463_025	g0665	0	0.0018269397
ENSE00001115464_005	g0665	0	0.0063313854
ENSE00001115464_020	g0665	0	0.0042524953
ENSE00001121647_003	g0674	0	0.0170185903
ENSE00001121647_006	g0674	0	0.0189565956
ENSE00001121647_007	g0674	0	0.0203093882
ENSE00001121647_008	g0674	0	0.0153691093
ENSE00001129810_002	g0581	0	0.0025328982
ENSE00001129810_003	g0581	0	0.0270663891
ENSE00001129810_004	g0581	0	0.2824363633
ENSE00001129810_005	g0581	0	0.1742680507
ENSE00001129810_007	g0581	0	0.0151217892
ENSE00001129810_008	g0581	1	0.0180681103
ENSE00001129810_009	g0581	0	0.0291170853
ENSE00001129810_010	g0581	0	0.0187947506
ENSE00001129810_011	g0581	0	0.0166198989
ENSE00001129810_012	g0581	0	0.0233303176
ENSE00001129810_013	g0581	0	0.0132071970
ENSE00001129810_014	g0581	0	0.0099365878
ENSE00001129810_015	g0581	0	0.0023238735
ENSE00001129810_016	g0581	0	0.0019227758
ENSE00001129810_017	g0581	0	0.0017002792
ENSE00001129994_001	g0683	0	0.0029188198
ENSE00001129994_002	g0683	0	0.0014744812
ENSE00001129994_003	g0683	0	0.0026890640
ENSE00001129994_005	g0683	0	0.0085161757
ENSE00001129994_006	g0683	0	0.0375130524
ENSE00001129994_007	g0683	0	0.0233859361
ENSE00001129994_008	g0683	0	0.0928544914
ENSE00001129994_009	g0683	0	0.0013387755
ENSE00001129994_010	g0683	0	0.0046311436
ENSE00001129994_011	g0683	0	0.0041084136
ENSE00001129994_012	g0683	0	0.0041398779
ENSE00001129994_013	g0683	0	0.0071947047
ENSE00001129994_015	g0683	0	0.0014164773
ENSE00001129994_016	g0683	0	0.0012695890
ENSE00001129994_017	g0683	0	0.0016735213
ENSE00001129994_018	g0683	0	0.0016578166
ENSE00001130031_002	g0683	0	0.0051730312
ENSE00001130031_003	g0683	0	0.0072722760
ENSE00001130031_004	g0683	0	0.0128507868
ENSE00001130031_006	g0683	0	0.1818071609
ENSE00001130031_007	g0683	0	0.1226612310
ENSE00001130031_008	g0683	0	0.0598841006
ENSE00001130031_009	g0683	0	0.0872962926
ENSE00001130031_011	g0683	0	0.0179181968
ENSE00001130031_012	g0683	0	0.0149127225
ENSE00001130031_013	g0683	0	0.0044219621
ENSE00001130031_014	g0683	0	0.0031028142
ENSE00001130041_001	g0683	0	0.0200660242
ENSE00001130041_005	g0683	0	0.0136637842
ENSE00001130041_007	g0683	0	0.0128891698
ENSE00001130041_008	g0683	0	0.0158263258
ENSE00001130041_010	g0683	0	0.0034336596
ENSE00001130079_001	g0683	0	0.0024337287
ENSE00001130079_002	g0683	0	0.0036963384
ENSE00001130079_003	g0683	1	0.0036812281
ENSE00001130079_005	g0683	0	0.0111243580
ENSE00001130079_006	g0683	0	0.0084513495
ENSE00001130079_007	g0683	0	0.0063163770
ENSE00001130079_008	g0683	0	0.0168278889
ENSE00001130079_009	g0683	0	0.0174790762
ENSE00001130079_010	g0683	0	0.0180449859
ENSE00001130079_011	g0683	0	0.0060195040
ENSE00001130079_012	g0683	0	0.0055229563
ENSE00001130079_014	g0683	0	0.0275139854
ENSE00001130079_015	g0683	0	0.0184335924
ENSE00001130079_016	g0683	0	0.0236311660
ENSE00001130079_018	g0683	0	0.0176502361
ENSE00001130079_019	g0683	0	0.0264976569
ENSE00001130079_020	g0683	1	0.2128525999
ENSE00001130085_001	g0683	0	0.0032629304
ENSE00001130085_002	g0683	0	0.0103122436
ENSE00001130085_003	g0683	0	0.0299559898
ENSE00001130085_004	g0683	0	0.0148110499
ENSE00001130085_006	g0683	0	0.1946674374
ENSE00001130085_007	g0683	0	0.0887435759
ENSE00001130085_008	g0683	0	0.0922638934
ENSE00001130085_009	g0683	0	0.0245131902
ENSE00001130085_010	g0683	0	0.0145689747
ENSE00001130085_011	g0683	0	0.0176982054
ENSE00001130085_012	g0683	0	0.0356579864
ENSE00001130085_014	g0683	0	0.0023367832
ENSE00001130103_001	g0683	0	0.0044285159
ENSE00001130103_002	g0683	0	0.0031935456
ENSE00001130103_003	g0683	0	0.0032431671
ENSE00001130103_005	g0683	0	0.0035361346
ENSE00001130103_006	g0683	0	0.0048602362
ENSE00001130103_007	g0683	0	0.0038368973
ENSE00001130103_008	g0683	0	0.0140077217
ENSE00001130103_010	g0683	0	0.0175764991
ENSE00001130103_011	g0683	1	0.1034092117
ENSE00001130103_012	g0683	0	0.0492063674
ENSE00001130103_013	g0683	0	0.0550299793
ENSE00001130103_014	g0683	0	0.0181489958
ENSE00001130103_015	g0683	0	0.0138939750
ENSE00001130103_016	g0683	0	0.0140789904
ENSE00001130103_017	g0683	0	0.0142285288
ENSE00001130103_019	g0683	1	0.5302862141
ENSE00001130103_020	g0683	0	0.0035803490
ENSE00001130103_021	g0683	0	0.0035345186
ENSE00001130103_023	g0683	0	0.0025414524
ENSE00001130107_002	g0683	0	0.0259268202
ENSE00001130107_004	g0683	0	0.0291969110
ENSE00001130107_005	g0683	0	0.0137586476
ENSE00001130107_006	g0683	0	0.0258627839
ENSE00001130107_007	g0683	0	0.0269219767
ENSE00001130107_008	g0683	0	0.0284505662
ENSE00001130107_011	g0683	0	0.0389271260
ENSE00001130107_012	g0683	0	0.0268480422
ENSE00001130107_013	g0683	0	0.0083082344
ENSE00001130107_014	g0683	0	0.0185988525
ENSE00001130107_018	g0683	0	0.0225606086
ENSE00001130107_019	g0683	0	0.0128093054
ENSE00001130107_020	g0683	0	0.0170148323
ENSE00001130107_022	g0683	0	0.0148636843
ENSE00001130107_024	g0683	0	0.0022272445
ENSE00001130125_001	g0683	0	0.0102472469
ENSE00001130125_002	g0683	0	0.0090144070
ENSE00001130125_003	g0683	0	0.0034646098
ENSE00001130125_004	g0683	0	0.0210085621
ENSE00001130125_005	g0683	0	0.0163041189
ENSE00001130125_007	g0683	0	0.0210010989
ENSE00001130125_008	g0683	0	0.0258720018
ENSE00001130125_009	g0683	0	0.0380367094
ENSE00001130125_010	g0683	0	0.0603005441
ENSE00001130125_011	g0683	0	0.0094444472
ENSE00001130125_012	g0683	0	0.0038500407
ENSE00001130125_013	g0683	0	0.0056249419
ENSE00001130125_014	g0683	0	0.0031550764
ENSE00001130125_019	g0683	0	0.0023216244
ENSE00001130125_020	g0683	0	0.0012640896
ENSE00001130125_021	g0683	0	0.0041025149
ENSE00001130125_022	g0683	0	0.0053576869
ENSE00001130149_001	g0683	0	0.0038001236
ENSE00001130149_002	g0683	0	0.0078284661
ENSE00001130149_003	g0683	0	0.0077132867
ENSE00001130149_004	g0683	0	0.0069957197
ENSE00001130149_005	g0683	0	0.0049078144
ENSE00001130149_006	g0683	0	0.0162408375
ENSE00001130149_007	g0683	1	0.0389391083
ENSE00001130149_008	g0683	0	0.0117102798
ENSE00001130149_009	g0683	0	0.0138463147
ENSE00001130149_010	g0683	0	0.0237738212
ENSE00001130149_011	g0683	1	0.0521165694
ENSE00001130149_013	g0683	0	0.0250826258
ENSE00001130149_014	g0683	0	0.0674472710
ENSE00001130149_015	g0683	0	0.0317747634
ENSE00001130149_016	g0683	0	0.0437482566
ENSE00001130149_017	g0683	0	0.0163540453
ENSE00001130149_018	g0683	0	0.0090554572
ENSE00001130149_019	g0683	0	0.0102687419
ENSE00001130149_020	g0683	0	0.0202168346
ENSE00001130149_021	g0683	0	0.0099752508
ENSE00001130149_024	g0683	0	0.0043748376
ENSE00001130149_025	g0683	0	0.0018944211
ENSE00001130149_026	g0683	0	0.0009455807
ENSE00001130164_005	g0684	0	0.0208828415
ENSE00001130164_006	g0684	0	0.0188649537
ENSE00001132217_001	g0687	0	0.0160917428
ENSE00001132217_007	g0687	0	0.0102599142
ENSE00001132217_009	g0687	0	0.0111990073
ENSE00001132217_013	g0687	0	0.0061643370
ENSE00001132217_014	g0687	0	0.0098302804
ENSE00001132217_015	g0687	0	0.0130523310
ENSE00001132217_022	g0687	0	0.0089876509
ENSE00001132217_023	g0687	0	0.0102984136
ENSE00001133529_001	g0690	0	0.0013075806
ENSE00001133529_002	g0690	0	0.0016101935
ENSE00001133529_003	g0690	0	0.0030589242
ENSE00001133529_004	g0690	0	0.0021376477
ENSE00001133529_005	g0690	0	0.0019539919
ENSE00001133529_006	g0690	0	0.0052031196
ENSE00001133529_007	g0690	0	0.0060714050
ENSE00001133529_008	g0690	0	0.0150386765
ENSE00001133529_009	g0690	0	0.0129876665
ENSE00001133529_010	g0690	0	0.0323120123
ENSE00001133529_011	g0690	0	0.0206120455
ENSE00001133529_012	g0690	0	0.0499186156
ENSE00001133529_013	g0690	0	0.0115317249
ENSE00001133529_014	g0690	0	0.0487554701
ENSE00001133529_015	g0690	0	0.0268397646
ENSE00001133529_017	g0690	0	0.0218934412
ENSE00001134775_001	g0692	0	0.0092886825
ENSE00001134775_002	g0692	0	0.0057974924
ENSE00001134775_003	g0692	0	0.3830261411
ENSE00001134775_004	g0692	0	0.0257209167
ENSE00001134775_005	g0692	0	0.0086823404
ENSE00001134775_006	g0692	0	0.0678701341
ENSE00001134775_007	g0692	0	0.0139115767
ENSE00001134775_009	g0692	0	0.0408065770
ENSE00001134775_010	g0692	0	0.0202535835
ENSE00001134775_012	g0692	0	0.0305593976
ENSE00001134775_013	g0692	0	0.4936962218
ENSE00001134775_014	g0692	0	0.0154935950
ENSE00001134775_015	g0692	0	0.0028975998
ENSE00001135553_002	g0693	0	0.0029878023
ENSE00001135553_006	g0693	0	0.0077712105
ENSE00001135553_009	g0693	0	0.0314750110
ENSE00001135553_011	g0693	0	0.0095541593
ENSE00001135553_012	g0693	0	0.0141043199
ENSE00001135553_018	g0693	0	0.0063364202
ENSE00001136002_001	g0694	0	0.0062538755
ENSE00001136002_002	g0694	0	0.0024074125
ENSE00001136002_003	g0694	0	0.0045233873
ENSE00001136002_004	g0694	0	0.0044821034
ENSE00001136002_005	g0694	0	0.0047247498
ENSE00001136002_006	g0694	0	0.0117873544
ENSE00001136002_008	g0694	0	0.0309415882
ENSE00001136002_009	g0694	0	0.0096857026
ENSE00001136002_011	g0694	0	0.0107692305
ENSE00001136002_012	g0694	0	0.0097817358
ENSE00001136002_013	g0694	0	0.0115597862
ENSE00001136002_014	g0694	0	0.0091668583
ENSE00001136002_016	g0694	0	0.0088981615
ENSE00001136002_017	g0694	0	0.0076765864
ENSE00001136002_020	g0694	0	0.0077325453
ENSE00001136002_021	g0694	0	0.0102478224
ENSE00001136002_022	g0694	0	0.0116421892
ENSE00001136002_025	g0694	0	0.0098381749
ENSE00001136002_026	g0694	0	0.0123279863
ENSE00001136002_027	g0694	0	0.0129638553
ENSE00001139127_001	g0698	0	0.0025629512
ENSE00001139127_002	g0698	0	0.0141789202
ENSE00001139127_003	g0698	0	0.0058631520
ENSE00001139127_004	g0698	0	0.0224666010
ENSE00001139127_005	g0698	0	0.0087155208
ENSE00001139127_006	g0698	0	0.0101892819
ENSE00001139127_007	g0698	0	0.0736431541
ENSE00001139127_008	g0698	0	0.0230934713
ENSE00001139127_010	g0698	1	0.5579168115
ENSE00001139127_011	g0698	0	0.0184516563
ENSE00001139127_012	g0698	0	0.0045205342
ENSE00001139127_013	g0698	0	0.0020316155
ENSE00001139127_014	g0698	0	0.0011867968
ENSE00001139127_015	g0698	0	0.0014498330
ENSE00001139486_001	g0699	0	0.0023698768
ENSE00001139486_002	g0699	0	0.0016732250
ENSE00001139486_003	g0699	0	0.0033658299
ENSE00001139486_004	g0699	0	0.0021990046
ENSE00001139486_005	g0699	0	0.0147440131
ENSE00001139486_006	g0699	1	0.2467525864
ENSE00001139486_007	g0699	1	0.5345829458
ENSE00001139486_008	g0699	0	0.0126980504
ENSE00001139486_009	g0699	0	0.0185006730
ENSE00001139486_010	g0699	0	0.0670418805
ENSE00001139486_011	g0699	0	0.0366775522
ENSE00001139486_012	g0699	0	0.0762521195
ENSE00001139486_013	g0699	0	0.0356230885
ENSE00001139486_015	g0699	0	0.0473269846
ENSE00001139486_017	g0699	0	0.0119001377
ENSE00001139486_018	g0699	0	0.0438504633
ENSE00001139486_019	g0699	0	0.0582646576
ENSE00001139486_020	g0699	0	0.0149317678
ENSE00001139486_021	g0699	0	0.0132539589
ENSE00001139486_022	g0699	0	0.0071587680
ENSE00001139486_023	g0699	0	0.0359040155
ENSE00001139486_024	g0699	0	0.0640018027
ENSE00001139486_025	g0699	0	0.0104965072
ENSE00001139486_026	g0699	0	0.1291087934
ENSE00001139486_028	g0699	0	0.0801214076
ENSE00001139486_029	g0699	0	0.0495575420
ENSE00001139486_031	g0699	0	0.0045720801
ENSE00001140778_002	g0701	0	0.0080229125
ENSE00001140778_003	g0701	0	0.4811124398
ENSE00001140778_004	g0701	0	0.0292706183
ENSE00001140778_006	g0701	0	0.0304140963
ENSE00001140778_010	g0701	0	0.0561877039
ENSE00001140778_011	g0701	0	0.0118537323
ENSE00001140778_012	g0701	0	0.0323637215
ENSE00001140778_013	g0701	0	0.0194359275
ENSE00001140778_014	g0701	0	0.0084725634
ENSE00001140778_015	g0701	0	0.0110203094
ENSE00001143197_002	g0705	0	0.0013705926
ENSE00001143197_003	g0705	0	0.0063925031
ENSE00001143197_004	g0705	0	0.0058488493
ENSE00001143197_005	g0705	1	0.8368318366
ENSE00001143197_006	g0705	0	0.7640225789
ENSE00001143197_008	g0705	0	0.0227568185
ENSE00001143197_009	g0705	0	0.0135834190
ENSE00001143197_010	g0705	0	0.0212240696
ENSE00001143197_011	g0705	0	0.0148808258
ENSE00001143197_013	g0705	0	0.0170166903
ENSE00001143197_014	g0705	0	0.0292079873
ENSE00001143197_016	g0705	0	0.0381264213
ENSE00001143197_017	g0705	0	0.0100175872
ENSE00001143197_018	g0705	0	0.0104664459
ENSE00001143197_019	g0705	0	0.0085371070
ENSE00001143197_020	g0705	0	0.0541053113
ENSE00001143197_021	g0705	0	0.0574475779
ENSE00001143197_022	g0705	0	0.0867248385
ENSE00001143197_023	g0705	0	0.0375811642
ENSE00001143197_024	g0705	0	0.0439498370
ENSE00001143197_025	g0705	0	0.0692992503
ENSE00001143197_026	g0705	0	0.0145874915
ENSE00001143197_029	g0705	0	0.0162213231
ENSE00001143328_001	g0706	0	0.0034730103
ENSE00001143328_002	g0706	0	0.0015069032
ENSE00001143328_005	g0706	0	0.0065761945
ENSE00001143328_006	g0706	0	0.0027967926
ENSE00001151642_014	g0711	1	0.0174524031
ENSE00001151642_017	g0711	1	0.0412983318
ENSE00001160227_001	g0717	0	0.0027753236
ENSE00001160227_002	g0717	0	0.0140970752
ENSE00001160227_003	g0717	0	0.1702459551
ENSE00001160227_004	g0717	0	0.0136759348
ENSE00001160227_005	g0717	0	0.0103868672
ENSE00001160227_006	g0717	0	0.0321183969
ENSE00001160227_007	g0717	0	0.0157583495
ENSE00001160227_009	g0717	0	0.0217345444
ENSE00001160227_010	g0717	0	0.0093894260
ENSE00001160227_011	g0717	0	0.0289525480
ENSE00001160227_012	g0717	0	0.0230678088
ENSE00001160227_013	g0717	0	0.0147424113
ENSE00001160227_014	g0717	0	0.0074606993
ENSE00001160227_015	g0717	0	0.0081048777
ENSE00001160227_016	g0717	0	0.0072163977
ENSE00001160227_019	g0717	0	0.0076155578
ENSE00001160227_020	g0717	0	0.0203523250
ENSE00001160227_021	g0717	0	0.0148889312
ENSE00001160227_024	g0717	0	0.0099839643
ENSE00001160227_025	g0717	0	0.0605928977
ENSE00001160227_026	g0717	0	0.0452340442
ENSE00001160227_027	g0717	0	0.0081668964
ENSE00001160234_003	g0717	0	0.0313770096
ENSE00001160234_015	g0717	0	0.0178753581
ENSE00001160234_023	g0717	0	0.0301649480
ENSE00001160303_002	g0718	0	0.0037860905
ENSE00001160303_006	g0718	0	0.0291800554
ENSE00001160303_010	g0718	0	0.0197074260
ENSE00001160303_011	g0718	0	0.0221937476
ENSE00001160303_013	g0718	0	0.0601691674
ENSE00001160303_016	g0718	0	0.0173867328
ENSE00001160303_019	g0718	0	0.1564724625
ENSE00001160371_002	g0718	0	0.0035669133
ENSE00001160371_004	g0718	0	0.0123131801
ENSE00001160371_007	g0718	0	0.0200685939
ENSE00001170395_001	g0732	0	0.0034514522
ENSE00001170395_003	g0732	0	0.0023124121
ENSE00001170395_004	g0732	0	0.0016708666
ENSE00001170395_005	g0732	0	0.0073923567
ENSE00001170395_006	g0732	0	0.0896923885
ENSE00001170395_008	g0732	0	0.1074250502
ENSE00001170395_009	g0732	0	0.0479296320
ENSE00001170395_011	g0732	0	0.0865650623
ENSE00001170395_012	g0732	0	0.0911207737
ENSE00001170395_014	g0732	0	0.0292490243
ENSE00001171845_001	g0734	0	0.0031794437
ENSE00001171845_003	g0734	0	0.0877344385
ENSE00001171845_004	g0734	0	0.0338791185
ENSE00001171845_005	g0734	1	0.0719252215
ENSE00001171845_006	g0734	0	0.0109426644
ENSE00001171845_007	g0734	0	0.0276623352
ENSE00001171845_008	g0734	0	0.0346099340
ENSE00001171845_009	g0734	0	0.0241597671
ENSE00001171845_012	g0734	0	0.0147447379
ENSE00001171845_013	g0734	0	0.0114446439
ENSE00001171845_014	g0734	0	0.0157183630
ENSE00001171845_017	g0734	0	0.0047547185
ENSE00001171845_018	g0734	0	0.0182000767
ENSE00001171858_001	g0734	0	0.0049804567
ENSE00001171858_002	g0734	0	0.0123182957
ENSE00001171858_004	g0734	0	0.0078113182
ENSE00001171858_005	g0734	0	0.0175033561
ENSE00001171858_006	g0734	0	0.0499188143
ENSE00001171858_007	g0734	0	0.0258200405
ENSE00001171858_009	g0734	0	0.0094964568
ENSE00001171858_010	g0734	0	0.0204656653
ENSE00001171858_012	g0734	0	0.0167032801
ENSE00001171858_014	g0734	0	0.0066453475
ENSE00001171858_016	g0734	0	0.0089268030
ENSE00001171858_017	g0734	0	0.0117967047
ENSE00001171858_018	g0734	0	0.0095893520
ENSE00001173755_001	g0737	0	0.0035580634
ENSE00001173755_002	g0737	0	0.0019883257
ENSE00001173755_003	g0737	0	0.0020701697
ENSE00001173755_004	g0737	0	0.0030834902
ENSE00001173755_005	g0737	0	0.0119437529
ENSE00001173755_006	g0737	0	0.5641946381
ENSE00001173755_007	g0737	0	0.5590450579
ENSE00001173755_008	g0737	0	0.0683763883
ENSE00001173755_009	g0737	0	0.0424050931
ENSE00001173755_010	g0737	0	0.0291198642
ENSE00001173755_011	g0737	0	0.0112793919
ENSE00001173755_013	g0737	0	0.0183503663
ENSE00001173755_014	g0737	0	0.1513853227
ENSE00001173755_015	g0737	0	0.1146063561
ENSE00001173755_016	g0737	0	0.0451292524
ENSE00001173755_017	g0737	0	0.0391894041
ENSE00001173755_018	g0737	0	0.0293764533
ENSE00001173755_019	g0737	0	0.0688525899
ENSE00001173755_020	g0737	0	0.0424037224
ENSE00001173755_021	g0737	0	0.0088530710
ENSE00001173755_022	g0737	0	0.0037910322
ENSE00001173755_023	g0737	0	0.0053297997
ENSE00001173755_024	g0737	0	0.0028476963
ENSE00001173956_002	g0739	0	0.0150584276
ENSE00001173956_003	g0739	0	0.0462657973
ENSE00001173956_004	g0739	0	0.0189742584
ENSE00001173956_006	g0739	0	0.0107363003
ENSE00001173956_007	g0739	0	0.0088734319
ENSE00001173956_008	g0739	0	0.0142239286
ENSE00001173956_010	g0739	0	0.0128265983
ENSE00001173956_012	g0739	0	0.0209158050
ENSE00001173956_013	g0739	0	0.0333550293
ENSE00001173956_014	g0739	0	0.0102658734
ENSE00001173956_016	g0739	0	0.0059289592
ENSE00001173956_017	g0739	0	0.0150658367
ENSE00001173956_019	g0739	0	0.0407715306
ENSE00001173956_022	g0739	0	0.1924527639
ENSE00001173956_023	g0739	0	0.0434362394
ENSE00001173956_026	g0739	0	0.0278465715
ENSE00001183078_001	g0591	0	0.0047810068
ENSE00001183078_002	g0591	0	0.0314227568
ENSE00001183078_003	g0591	0	0.0190285269
ENSE00001183078_005	g0591	0	0.0087520677
ENSE00001183078_010	g0591	0	0.0094911532
ENSE00001183078_012	g0591	0	0.0144143103
ENSE00001183078_013	g0591	0	0.0144429989
ENSE00001183078_014	g0591	0	0.0137243485
ENSE00001183078_015	g0591	0	0.0266233076
ENSE00001183078_016	g0591	0	0.0228178105
ENSE00001183078_017	g0591	0	0.0092362850
ENSE00001183078_018	g0591	0	0.0167511692
ENSE00001183078_019	g0591	0	0.0099350135
ENSE00001183078_020	g0591	0	0.0078258341
ENSE00001183078_022	g0591	0	0.0061859674
ENSE00001183078_023	g0591	0	0.0104493449
ENSE00001183078_025	g0591	0	0.0027634263
ENSE00001183078_027	g0591	0	0.0020160477
ENSE00001183096_001	g0591	0	0.0018080907
ENSE00001183096_002	g0591	0	0.0032406528
ENSE00001183096_003	g0591	0	0.0017204831
ENSE00001183096_004	g0591	0	0.0020955050
ENSE00001183096_005	g0591	0	0.0014122975
ENSE00001183096_006	g0591	0	0.0249335691
ENSE00001183096_007	g0591	0	0.0106015201
ENSE00001183096_009	g0591	0	0.0124062009
ENSE00001183096_010	g0591	0	0.0158015163
ENSE00001183096_011	g0591	0	0.0096182160
ENSE00001183096_012	g0591	0	0.0089350832
ENSE00001183096_014	g0591	0	0.0071015416
ENSE00001183096_015	g0591	0	0.0166288206
ENSE00001183096_016	g0591	0	0.0082852539
ENSE00001183096_017	g0591	0	0.0106754411
ENSE00001183096_018	g0591	0	0.0102587052
ENSE00001183096_019	g0591	0	0.0089735745
ENSE00001183096_020	g0591	0	0.0106135994
ENSE00001183096_021	g0591	0	0.0392951567
ENSE00001183096_022	g0591	0	0.0070245894
ENSE00001183096_023	g0591	0	0.0075622778
ENSE00001183096_024	g0591	0	0.0081649146
ENSE00001183096_025	g0591	0	0.0480044809
ENSE00001184964_001	g0747	0	0.0034559368
ENSE00001184964_002	g0747	0	0.0036125945
ENSE00001184964_003	g0747	0	0.0057328398
ENSE00001184964_005	g0747	0	0.0079277437
ENSE00001184964_006	g0747	0	0.0339047387
ENSE00001184964_007	g0747	0	0.0177049763
ENSE00001184964_009	g0747	0	0.0403352124
ENSE00001184964_010	g0747	0	0.0140559003
ENSE00001184964_012	g0747	0	0.0109643932
ENSE00001187965_002	g0749	0	0.0039996856
ENSE00001187965_006	g0749	0	0.0545258631
ENSE00001187965_014	g0749	0	0.0344189472
ENSE00001187965_020	g0749	0	0.0130849259
ENSE00001192074_002	g0756	0	0.0033017119
ENSE00001192074_007	g0756	0	0.0129655788
ENSE00001192074_008	g0756	0	0.0130474904
ENSE00001192074_013	g0756	0	0.0312265657
ENSE00001194845_001	g0759	0	0.0024311478
ENSE00001194845_002	g0759	0	0.0064577593
ENSE00001194845_003	g0759	0	0.0464309565
ENSE00001194845_008	g0759	0	0.0145501790
ENSE00001194845_011	g0759	0	0.0124603842
ENSE00001194845_020	g0759	0	0.0056927268
ENSE00001200124_001	g0769	0	0.0020220852
ENSE00001200124_002	g0769	0	0.0289206282
ENSE00001200124_003	g0769	0	0.0078720599
ENSE00001200124_005	g0769	0	0.0070556267
ENSE00001200124_006	g0769	0	0.0125448750
ENSE00001200124_007	g0769	0	0.0091042111
ENSE00001200124_008	g0769	0	0.0278266823
ENSE00001200124_010	g0769	0	0.0114048102
ENSE00001200124_013	g0769	0	0.0070038780
ENSE00001200124_015	g0769	0	0.0103171386
ENSE00001200124_016	g0769	0	0.0155073095
ENSE00001200124_018	g0769	0	0.0155515202
ENSE00001200124_021	g0769	0	0.0277103855
ENSE00001200124_023	g0769	0	0.0575957763
ENSE00001200124_024	g0769	0	0.0177236517
ENSE00001200124_025	g0769	0	0.0155584942
ENSE00001200124_026	g0769	0	0.0091599466
ENSE00001200124_028	g0769	0	0.0257216060
ENSE00001200124_030	g0769	0	0.0102709554
ENSE00001203286_005	g0772	0	0.0116541140
ENSE00001203286_006	g0772	0	0.1535235055
ENSE00001203286_007	g0772	0	0.0255291384
ENSE00001203286_008	g0772	0	0.0182609025
ENSE00001203286_009	g0772	0	0.0116444755
ENSE00001204273_001	g0773	0	0.0029277657
ENSE00001204273_005	g0773	0	0.0331908795
ENSE00001204273_006	g0773	0	0.0297504873
ENSE00001204273_007	g0773	0	0.0357350892
ENSE00001204273_009	g0773	0	0.0174128224
ENSE00001204273_010	g0773	0	0.0540250051
ENSE00001204273_011	g0773	0	0.0379800271
ENSE00001204273_013	g0773	0	0.0260562480
ENSE00001204273_015	g0773	0	0.0325369089
ENSE00001204273_016	g0773	0	0.0272468191
ENSE00001204273_017	g0773	0	0.0587637860
ENSE00001204273_018	g0773	0	0.0275628368
ENSE00001204273_019	g0773	0	0.0189114879
ENSE00001204273_021	g0773	0	0.0433677668
ENSE00001204273_022	g0773	0	0.0238102853
ENSE00001204273_025	g0773	0	0.0049068310
ENSE00001204273_027	g0773	0	0.0117032015
ENSE00001204273_028	g0773	0	0.0137089125
ENSE00001204273_029	g0773	0	0.7584250056
ENSE00001204273_030	g0773	0	0.0116142454
ENSE00001204273_031	g0773	0	0.0087032377
ENSE00001204273_032	g0773	0	0.0193165367
ENSE00001204457_001	g0774	0	0.0028672256
ENSE00001204457_002	g0774	0	0.0061277203
ENSE00001204457_003	g0774	0	0.0019223316
ENSE00001204457_004	g0774	0	0.3452683778
ENSE00001204457_006	g0774	0	0.0105717148
ENSE00001204457_008	g0774	0	0.0090723819
ENSE00001204457_009	g0774	0	0.0144189492
ENSE00001204457_010	g0774	0	0.0214189612
ENSE00001204457_011	g0774	0	0.0458960294
ENSE00001204457_012	g0774	0	0.0768590532
ENSE00001204457_013	g0774	0	0.0318199637
ENSE00001204457_014	g0774	0	0.0266473087
ENSE00001204457_015	g0774	0	0.0114493144
ENSE00001204457_016	g0774	0	0.0371836249
ENSE00001204457_017	g0774	0	0.0125642929
ENSE00001204457_018	g0774	0	0.0040855926
ENSE00001204604_001	g0775	0	0.0018050336
ENSE00001204604_002	g0775	0	0.0017318918
ENSE00001204604_003	g0775	0	0.0076561049
ENSE00001204604_004	g0775	0	0.0011678981
ENSE00001204604_009	g0775	0	0.0333303509
ENSE00001204604_012	g0775	0	0.0144644926
ENSE00001204604_014	g0775	0	0.0086364058
ENSE00001204604_015	g0775	0	0.0186970813
ENSE00001204604_016	g0775	0	0.0156833243
ENSE00001204604_017	g0775	0	0.0172084096
ENSE00001204604_019	g0775	0	0.0162064033
ENSE00001204604_021	g0775	0	0.0129128750
ENSE00001204604_023	g0775	0	0.0049952263
ENSE00001204604_024	g0775	0	0.0027557562
ENSE00001207388_001	g0777	0	0.0047221841
ENSE00001207388_002	g0777	0	0.0065111612
ENSE00001207388_003	g0777	0	0.0049213074
ENSE00001207388_004	g0777	0	0.0181864474
ENSE00001207388_005	g0777	0	0.0704036912
ENSE00001207388_006	g0777	0	0.0482492815
ENSE00001207388_007	g0777	0	0.0282640339
ENSE00001207388_009	g0777	0	0.0256632660
ENSE00001207388_011	g0777	0	0.0675425441
ENSE00001207388_013	g0777	0	0.0128675156
ENSE00001207388_015	g0777	0	0.0436500947
ENSE00001207388_016	g0777	0	0.0111794410
ENSE00001207388_017	g0777	0	0.0087057023
ENSE00001207388_018	g0777	0	0.0066597272
ENSE00001207388_019	g0777	0	0.0085265206
ENSE00001207388_021	g0777	0	0.0059223555
ENSE00001207388_023	g0777	0	0.0103014303
ENSE00001207388_024	g0777	0	0.0068707687
ENSE00001207388_025	g0777	0	0.0243952066
ENSE00001207388_026	g0777	0	0.0143054636
ENSE00001207388_027	g0777	0	0.0103758978
ENSE00001207388_029	g0777	0	0.0152289412
ENSE00001207388_030	g0777	0	0.1010438621
ENSE00001207388_031	g0777	0	0.0160125489
ENSE00001207388_032	g0777	0	0.0048769736
ENSE00001211681_001	g0778	0	0.0042075830
ENSE00001211681_002	g0778	0	0.0152092881
ENSE00001211681_004	g0778	0	0.0236613706
ENSE00001211681_005	g0778	0	0.0075040392
ENSE00001211681_006	g0778	0	0.0242724518
ENSE00001211681_007	g0778	0	0.0244336924
ENSE00001211681_008	g0778	0	0.0293370178
ENSE00001211681_009	g0778	0	0.0676213648
ENSE00001211681_010	g0778	0	0.0541103097
ENSE00001211681_011	g0778	0	0.0519574062
ENSE00001211681_013	g0778	0	0.0278033676
ENSE00001211681_014	g0778	0	0.5920335137
ENSE00001211681_015	g0778	0	0.0026268434
ENSE00001211681_016	g0778	0	0.0054383855
ENSE00001211681_018	g0778	0	0.0025144497
ENSE00001211681_019	g0778	0	0.0049161433
ENSE00001213881_001	g0732	0	0.0030290936
ENSE00001213881_005	g0732	0	0.0322089921
ENSE00001213881_006	g0732	0	0.0151840567
ENSE00001213881_007	g0732	0	0.0329198841
ENSE00001213881_008	g0732	0	0.0204931472
ENSE00001213881_009	g0732	0	0.0261298717
ENSE00001213881_011	g0732	0	0.0085749683
ENSE00001213881_012	g0732	0	0.0248382762
ENSE00001213881_013	g0732	0	0.0230420954
ENSE00001213881_014	g0732	0	0.0951590706
ENSE00001213881_015	g0732	0	0.0137392693
ENSE00001213881_016	g0732	0	0.0054567976
ENSE00001213881_017	g0732	0	0.0040384425
ENSE00001213881_018	g0732	0	0.0071930301
ENSE00001213936_001	g0732	0	0.0016487540
ENSE00001213936_004	g0732	0	0.0271920109
ENSE00001213936_005	g0732	0	0.1325380744
ENSE00001213936_006	g0732	0	0.0683341374
ENSE00001213936_007	g0732	0	0.0232328819
ENSE00001213936_008	g0732	0	0.0592518783
ENSE00001213936_013	g0732	0	0.0147935153
ENSE00001213936_015	g0732	0	0.0165901191
ENSE00001213936_018	g0732	0	0.0724694333
ENSE00001213936_019	g0732	0	0.0278063112
ENSE00001213936_020	g0732	0	0.0538021706
ENSE00001213936_021	g0732	0	0.0261095577
ENSE00001213936_022	g0732	0	0.0176725788
ENSE00001213936_023	g0732	0	0.0406953846
ENSE00001213936_025	g0732	0	0.0121462119
ENSE00001213941_001	g0732	0	0.0028890318
ENSE00001213941_002	g0732	0	0.0027188630
ENSE00001213941_004	g0732	0	0.0057495793
ENSE00001213941_008	g0732	0	0.0124517210
ENSE00001213941_012	g0732	0	0.0460552126
ENSE00001213941_013	g0732	0	0.0422430796
ENSE00001213941_018	g0732	0	0.0366021540
ENSE00001213941_020	g0732	0	0.0215452674
ENSE00001213941_023	g0732	0	0.0144145890
ENSE00001213941_025	g0732	0	0.0026687026
ENSE00001213948_009	g0732	0	0.0115241077
ENSE00001213948_011	g0732	1	0.4564793860
ENSE00001213948_012	g0732	0	0.0197264549
ENSE00001213948_013	g0732	0	0.0107812080
ENSE00001213958_001	g0732	0	0.0042072706
ENSE00001213958_002	g0732	0	0.0032090214
ENSE00001213958_004	g0732	0	0.0012477094
ENSE00001213958_008	g0732	0	0.0399830537
ENSE00001213958_009	g0732	0	0.1290210150
ENSE00001213958_010	g0732	0	0.1410589397
ENSE00001213958_011	g0732	0	0.0185473071
ENSE00001213958_012	g0732	0	0.0715529506
ENSE00001213958_013	g0732	0	0.0124375586
ENSE00001213958_014	g0732	0	0.0344875729
ENSE00001213958_016	g0732	0	0.0756783118
ENSE00001213958_017	g0732	0	0.0560160903
ENSE00001213958_018	g0732	0	0.0222483610
ENSE00001213958_019	g0732	0	0.0231529884
ENSE00001213958_020	g0732	0	0.0231077149
ENSE00001213958_021	g0732	0	0.0188518762
ENSE00001213958_022	g0732	0	0.0255243488
ENSE00001213958_023	g0732	0	0.0032668992
ENSE00001213958_024	g0732	0	0.0062025732
ENSE00001213958_026	g0732	0	0.0051080429
ENSE00001213958_027	g0732	0	0.0018618574
ENSE00001213958_028	g0732	0	0.0037181675
ENSE00001213970_001	g0732	0	0.0011774330
ENSE00001213970_002	g0732	0	0.0053158479
ENSE00001213970_003	g0732	0	0.0029720378
ENSE00001213970_004	g0732	0	0.0035814768
ENSE00001213970_005	g0732	0	0.0037968921
ENSE00001213970_006	g0732	0	0.0031896087
ENSE00001213970_007	g0732	0	0.0050081521
ENSE00001213970_008	g0732	0	0.0217525528
ENSE00001213970_011	g0732	0	0.0150744575
ENSE00001213970_012	g0732	0	0.0797828705
ENSE00001213970_016	g0732	0	0.0266424675
ENSE00001213970_018	g0732	0	0.0307416342
ENSE00001213970_020	g0732	0	0.0185942211
ENSE00001213970_021	g0732	0	0.0223846028
ENSE00001214852_001	g0779	0	0.1312316519
ENSE00001214852_003	g0779	0	0.0214672725
ENSE00001214852_005	g0779	0	0.0223355758
ENSE00001214852_006	g0779	0	0.0194498039
ENSE00001214852_007	g0779	0	0.0277493826
ENSE00001214852_008	g0779	0	0.0264221622
ENSE00001214852_009	g0779	0	0.0393771265
ENSE00001214852_011	g0779	0	0.0194503826
ENSE00001214852_012	g0779	0	0.0314528872
ENSE00001214852_013	g0779	0	0.0332570763
ENSE00001214852_014	g0779	0	0.0294285118
ENSE00001214852_015	g0779	0	0.0156798022
ENSE00001214852_016	g0779	0	0.0598661778
ENSE00001214852_017	g0779	0	0.0185768705
ENSE00001214852_019	g0779	0	0.0796104468
ENSE00001214852_020	g0779	0	0.0200441392
ENSE00001214852_021	g0779	0	0.0069299838
ENSE00001219451_002	g0780	0	0.0134371807
ENSE00001219451_003	g0780	0	0.0082333356
ENSE00001219451_005	g0780	0	0.0152800009
ENSE00001219451_006	g0780	0	0.0139804981
ENSE00001219451_007	g0780	0	0.0414292902
ENSE00001219451_008	g0780	0	0.0248997722
ENSE00001219451_010	g0780	0	0.0272884893
ENSE00001219451_011	g0780	0	0.0394146942
ENSE00001219451_012	g0780	0	0.0420980789
ENSE00001219451_014	g0780	0	0.0279493455
ENSE00001219451_015	g0780	0	0.0273664359
ENSE00001219451_017	g0780	0	0.0059624672
ENSE00001219451_018	g0780	0	0.0078337573
ENSE00001219451_019	g0780	0	0.0025027475
ENSE00001219451_020	g0780	0	0.0025899819
ENSE00001219451_021	g0780	0	0.0023423688
ENSE00001219451_022	g0780	0	0.0015148121
ENSE00001219451_023	g0780	0	0.0022016966
ENSE00001222383_001	g0782	0	0.0061178891
ENSE00001222383_002	g0782	0	0.0033255354
ENSE00001222383_003	g0782	0	0.0040104448
ENSE00001222383_005	g0782	0	0.0056884227
ENSE00001222383_006	g0782	0	0.0026094932
ENSE00001222383_007	g0782	0	0.0040121842
ENSE00001222383_010	g0782	0	0.0075450583
ENSE00001222383_011	g0782	0	0.0333640023
ENSE00001222383_012	g0782	0	0.0196666263
ENSE00001222383_014	g0782	0	0.0117635984
ENSE00001222383_017	g0782	0	0.0098173543
ENSE00001222383_018	g0782	0	0.0277278797
ENSE00001222383_019	g0782	0	0.0279350378
ENSE00001222383_024	g0782	1	0.0488791669
ENSE00001222383_026	g0782	0	0.0190538583
ENSE00001222383_027	g0782	0	0.0120283831
ENSE00001222383_028	g0782	0	0.0085664615
ENSE00001222383_029	g0782	0	0.0061741861
ENSE00001222383_030	g0782	0	0.0077056403
ENSE00001222383_032	g0782	0	0.0033702275
ENSE00001222383_033	g0782	0	0.0051618533
ENSE00001222531_001	g0783	0	0.0024853045
ENSE00001222531_002	g0783	0	0.0038056777
ENSE00001222531_014	g0783	0	0.0324737966
ENSE00001222531_021	g0783	0	0.0100847644
ENSE00001224729_009	g0785	0	0.0078578977
ENSE00001225843_001	g0786	0	0.0050003235
ENSE00001225843_003	g0786	0	0.0173551553
ENSE00001225843_008	g0786	0	0.0118590564
ENSE00001225843_009	g0786	0	0.0270439134
ENSE00001225843_011	g0786	0	0.0304029599
ENSE00001225843_012	g0786	0	0.0222535269
ENSE00001225843_015	g0786	0	0.0098455611
ENSE00001225843_022	g0786	0	0.0251345582
ENSE00001225843_026	g0786	0	0.0511045472
ENSE00001225843_029	g0786	0	0.0056817109
ENSE00001225970_001	g0787	0	0.0041253439
ENSE00001225970_002	g0787	0	0.0063469383
ENSE00001225970_009	g0787	0	0.0100127236
ENSE00001225970_015	g0787	0	0.0194053128
ENSE00001225970_022	g0787	0	0.0143370292
ENSE00001225970_023	g0787	0	0.0187486875
ENSE00001225970_026	g0787	0	0.0748785168
ENSE00001225970_027	g0787	0	0.1660411407
ENSE00001225970_029	g0787	0	0.0070674561
ENSE00001226038_001	g0788	0	0.0038069413
ENSE00001226038_002	g0788	0	0.0056681597
ENSE00001226038_003	g0788	0	0.0033244874
ENSE00001226038_005	g0788	0	0.0096596948
ENSE00001226038_006	g0788	0	0.0922650025
ENSE00001226038_007	g0788	0	0.0159123735
ENSE00001226038_008	g0788	0	0.0205028054
ENSE00001226038_009	g0788	0	0.0204742618
ENSE00001226038_011	g0788	0	0.0133636783
ENSE00001226038_012	g0788	0	0.0282478849
ENSE00001226038_013	g0788	0	0.0168831058
ENSE00001226038_015	g0788	0	0.0167392327
ENSE00001226038_016	g0788	0	0.0244971297
ENSE00001226038_017	g0788	0	0.0518361322
ENSE00001226038_018	g0788	0	0.0410408609
ENSE00001229401_001	g0790	0	0.0171895008
ENSE00001229401_003	g0790	1	0.0137426990
ENSE00001229401_004	g0790	0	0.0151530520
ENSE00001229401_005	g0790	0	0.0638055479
ENSE00001229401_006	g0790	0	0.0396885960
ENSE00001229401_007	g0790	0	0.0101853102
ENSE00001229401_008	g0790	0	0.0171086687
ENSE00001229401_009	g0790	0	0.0145267926
ENSE00001229401_011	g0790	0	0.1080882010
ENSE00001229401_012	g0790	0	0.0114897671
ENSE00001229401_013	g0790	1	0.0176971694
ENSE00001229401_016	g0790	0	0.0746038347
ENSE00001229401_017	g0790	1	0.5452020122
ENSE00001229401_018	g0790	0	0.0028153534
ENSE00001229410_001	g0790	0	0.0014608981
ENSE00001229410_002	g0790	0	0.0044895562
ENSE00001229410_003	g0790	0	0.0056689394
ENSE00001229410_004	g0790	0	0.0066863691
ENSE00001229410_005	g0790	0	0.0038809069
ENSE00001229410_006	g0790	0	0.0123845570
ENSE00001229410_007	g0790	0	0.0201293548
ENSE00001229410_008	g0790	0	0.0154217869
ENSE00001229410_010	g0790	0	0.0197493136
ENSE00001229410_011	g0790	0	0.0228240231
ENSE00001229410_012	g0790	0	0.0145218277
ENSE00001229410_013	g0790	1	0.7960693114
ENSE00001229410_014	g0790	0	0.0152996005
ENSE00001229410_016	g0790	0	0.0130570877
ENSE00001229410_018	g0790	0	0.0168871230
ENSE00001229410_019	g0790	0	0.0577065711
ENSE00001229410_020	g0790	0	0.0110748170
ENSE00001229410_023	g0790	0	0.0110196127
ENSE00001229410_024	g0790	0	0.0111097796
ENSE00001229410_025	g0790	0	0.0287273575
ENSE00001229410_026	g0790	0	0.0165242251
ENSE00001229410_027	g0790	0	0.0089334533
ENSE00001229410_028	g0790	0	0.0122266123
ENSE00001229410_030	g0790	0	0.1130196458
ENSE00001229410_031	g0790	0	0.0265913528
ENSE00001229410_032	g0790	0	0.0040822256
ENSE00001229410_034	g0790	0	0.0015530019
ENSE00001229410_035	g0790	0	0.0036746850
ENSE00001229416_001	g0790	0	0.0028212611
ENSE00001229416_003	g0790	0	0.0047163948
ENSE00001229416_005	g0790	0	0.0029483326
ENSE00001229416_007	g0790	0	0.0128997948
ENSE00001229416_009	g0790	1	0.0175313043
ENSE00001229416_011	g0790	0	0.0124852048
ENSE00001229416_018	g0790	0	0.0195961280
ENSE00001229416_020	g0790	0	0.0453497774
ENSE00001229416_026	g0790	0	0.0164572937
ENSE00001229416_028	g0790	0	0.0073658648
ENSE00001229416_030	g0790	0	0.0060271026
ENSE00001229801_002	g0791	0	0.0007681286
ENSE00001229801_012	g0791	1	0.0115555072
ENSE00001229801_013	g0791	0	0.0053017742
ENSE00001233002_001	g0792	0	0.0034667461
ENSE00001233002_002	g0792	0	0.0256726264
ENSE00001233002_006	g0792	0	0.0302014966
ENSE00001233002_009	g0792	1	0.0312479407
ENSE00001233002_010	g0792	1	0.0148511046
ENSE00001233002_012	g0792	1	0.0233086625
ENSE00001233002_013	g0792	0	0.0386731707
ENSE00001233002_016	g0792	0	0.0331338246
ENSE00001233510_001	g0793	0	0.0075538191
ENSE00001233510_004	g0793	0	0.0473795693
ENSE00001233510_006	g0793	0	0.0101212052
ENSE00001233510_007	g0793	0	0.1356125175
ENSE00001233510_008	g0793	0	0.0094016067
ENSE00001233510_010	g0793	0	0.0104846185
ENSE00001233510_015	g0793	0	0.0186418241
ENSE00001233510_016	g0793	0	0.0057243506
ENSE00001235373_001	g0795	0	0.0038819933
ENSE00001235373_002	g0795	0	0.0093592417
ENSE00001235373_003	g0795	0	0.0543668604
ENSE00001235373_004	g0795	0	0.0172202431
ENSE00001235373_005	g0795	0	0.0153389770
ENSE00001235373_006	g0795	0	0.0124196249
ENSE00001235373_007	g0795	0	0.0138166471
ENSE00001235373_010	g0795	0	0.0094650336
ENSE00001235373_011	g0795	0	0.0058222138
ENSE00001235373_012	g0795	0	0.0111471885
ENSE00001235373_013	g0795	0	0.0085674684
ENSE00001235373_014	g0795	0	0.0640740159
ENSE00001235373_015	g0795	0	0.0134557828
ENSE00001235373_016	g0795	0	0.0347287625
ENSE00001235373_017	g0795	0	0.0785705839
ENSE00001235373_018	g0795	0	0.0128572883
ENSE00001235373_019	g0795	0	0.0133968521
ENSE00001235373_020	g0795	0	0.0286538713
ENSE00001235373_021	g0795	0	0.0073672007
ENSE00001235458_002	g0796	0	0.0031949483
ENSE00001235458_003	g0796	0	0.0058156526
ENSE00001235458_004	g0796	0	0.0074664184
ENSE00001235458_005	g0796	0	0.0036323715
ENSE00001235458_006	g0796	0	0.0348275272
ENSE00001235458_007	g0796	0	0.0634752140
ENSE00001235458_008	g0796	0	0.0706626740
ENSE00001235458_009	g0796	0	0.0354623423
ENSE00001235458_010	g0796	0	0.0380794064
ENSE00001235458_011	g0796	0	0.0114702614
ENSE00001235458_012	g0796	0	0.0198738409
ENSE00001235458_013	g0796	0	0.0236485634
ENSE00001235458_014	g0796	0	0.0145532683
ENSE00001235458_015	g0796	0	0.0132666009
ENSE00001235458_016	g0796	1	0.1180803902
ENSE00001235458_017	g0796	1	0.6233908765
ENSE00001235458_018	g0796	0	0.0783995181
ENSE00001235458_019	g0796	0	0.0051726532
ENSE00001235458_020	g0796	0	0.0035881367
ENSE00001235458_021	g0796	0	0.0050811677
ENSE00001235458_023	g0796	0	0.0035170742
ENSE00001235458_024	g0796	0	0.0012397250
ENSE00001235458_025	g0796	0	0.0016459019
ENSE00001235458_026	g0796	0	0.0020455115
ENSE00001235458_027	g0796	0	0.0014434798
ENSE00001235458_028	g0796	0	0.0012442455
ENSE00001238421_001	g0798	0	0.0059661162
ENSE00001238421_006	g0798	0	0.0299239010
ENSE00001238421_010	g0798	0	0.0567024338
ENSE00001238421_013	g0798	0	0.0147579140
ENSE00001238421_015	g0798	0	0.0151154818
ENSE00001238421_018	g0798	0	0.0201263568
ENSE00001238421_019	g0798	0	0.0157660440
ENSE00001241987_002	g0799	0	0.0041617015
ENSE00001241987_003	g0799	0	0.0013384463
ENSE00001241987_004	g0799	0	0.0012270101
ENSE00001241987_005	g0799	0	0.0025198232
ENSE00001241987_006	g0799	0	0.0020335665
ENSE00001241987_007	g0799	0	0.0034372161
ENSE00001241987_008	g0799	0	0.0014572443
ENSE00001241987_009	g0799	0	0.0016790386
ENSE00001241987_010	g0799	0	0.0012815817
ENSE00001241987_011	g0799	0	0.0080960502
ENSE00001241987_013	g0799	0	0.0119908705
ENSE00001241987_014	g0799	0	0.0158543957
ENSE00001241987_016	g0799	0	0.0097893849
ENSE00001241987_017	g0799	0	0.0274029016
ENSE00001241987_018	g0799	0	0.0199894685
ENSE00001241987_020	g0799	0	0.0116622244
ENSE00001241987_021	g0799	0	0.0212085912
ENSE00001241987_022	g0799	0	0.0039414917
ENSE00001263608_001	g0456	0	0.0056125191
ENSE00001263608_006	g0456	0	0.0139191172
ENSE00001263608_008	g0456	0	0.0150402910
ENSE00001263608_017	g0456	0	0.0172821853
ENSE00001263608_018	g0456	0	0.0025303989
ENSE00001263608_023	g0456	0	0.0040465131
ENSE00001263608_025	g0456	0	0.0024756050
ENSE00001265880_001	g0811	0	0.0085935339
ENSE00001265880_002	g0811	0	0.0906152378
ENSE00001265880_003	g0811	0	0.0368137547
ENSE00001265880_005	g0811	0	0.0102262953
ENSE00001265880_006	g0811	0	0.0114285718
ENSE00001265880_009	g0811	0	0.0251375737
ENSE00001265880_010	g0811	0	0.0081302100
ENSE00001265880_011	g0811	0	0.0065622431
ENSE00001265880_013	g0811	0	0.0139874089
ENSE00001265880_014	g0811	0	0.0186024813
ENSE00001265880_015	g0811	0	0.0163812418
ENSE00001265880_016	g0811	0	0.0153399238
ENSE00001265880_017	g0811	0	0.0091091968
ENSE00001265880_018	g0811	0	0.0049588836
ENSE00001265880_019	g0811	1	0.0072266807
ENSE00001265880_020	g0811	0	0.0021942764
ENSE00001267186_002	g0814	0	0.0228373842
ENSE00001267186_003	g0814	0	0.0615207931
ENSE00001267186_004	g0814	0	0.0755461095
ENSE00001267186_005	g0814	0	0.0074698560
ENSE00001267186_006	g0814	0	0.0270188287
ENSE00001267186_007	g0814	0	0.0189615652
ENSE00001267186_008	g0814	0	0.0167953477
ENSE00001267186_011	g0814	0	0.0152959705
ENSE00001267186_012	g0814	0	0.0074478517
ENSE00001267186_013	g0814	0	0.0290828733
ENSE00001267186_015	g0814	0	0.0115523628
ENSE00001267186_016	g0814	0	0.0081375887
ENSE00001267186_018	g0814	0	0.0125562183
ENSE00001267186_022	g0814	0	0.0038869894
ENSE00001267186_024	g0814	0	0.0028810681
ENSE00001267186_025	g0814	0	0.0036936745
ENSE00001267186_026	g0814	0	0.0048944173
ENSE00001292222_001	g0827	0	0.0044033375
ENSE00001292222_003	g0827	0	0.0425327861
ENSE00001292222_005	g0827	0	0.0356233236
ENSE00001292222_006	g0827	0	0.0372034655
ENSE00001292222_007	g0827	0	0.0640819518
ENSE00001292222_009	g0827	0	0.0526307119
ENSE00001292222_010	g0827	0	0.4581232230
ENSE00001292222_011	g0827	0	0.0871809777
ENSE00001292222_012	g0827	0	0.0319624910
ENSE00001292222_014	g0827	0	0.0344343158
ENSE00001292222_015	g0827	0	0.0159761613
ENSE00001293589_001	g0831	0	0.0030099605
ENSE00001293589_003	g0831	0	0.0027722205
ENSE00001293589_004	g0831	0	0.0030574528
ENSE00001293589_005	g0831	0	0.0027159816
ENSE00001293589_006	g0831	0	0.0040048230
ENSE00001293589_007	g0831	0	0.0047584582
ENSE00001293589_009	g0831	0	0.0634184326
ENSE00001293589_010	g0831	0	0.0137242036
ENSE00001293589_011	g0831	0	0.0137748005
ENSE00001293589_012	g0831	0	0.0198980103
ENSE00001293589_013	g0831	0	0.0348488785
ENSE00001293589_015	g0831	0	0.0167303346
ENSE00001293589_016	g0831	0	0.0198543171
ENSE00001293589_017	g0831	0	0.0168082798
ENSE00001293589_018	g0831	0	0.0130677815
ENSE00001293589_019	g0831	0	0.0878931984
ENSE00001293589_020	g0831	0	0.0269215296
ENSE00001293589_021	g0831	0	0.0488146429
ENSE00001293589_022	g0831	0	0.0368389149
ENSE00001293589_023	g0831	0	0.1088722576
ENSE00001293589_024	g0831	0	0.1500322112
ENSE00001293589_025	g0831	0	0.0561410661
ENSE00001293589_027	g0831	0	0.0762609953
ENSE00001293589_028	g0831	0	0.0127004524
ENSE00001293589_029	g0831	0	0.0184458542
ENSE00001293589_030	g0831	0	0.0089857156
ENSE00001293589_031	g0831	0	0.0337468169
ENSE00001293589_032	g0831	1	0.5211760504
ENSE00001293589_033	g0831	1	0.3616136719
ENSE00001293589_034	g0831	0	0.0224921217
ENSE00001293589_035	g0831	0	0.0088736236
ENSE00001293589_036	g0831	0	0.0267451366
ENSE00001293589_037	g0831	0	0.0240963270
ENSE00001293589_038	g0831	0	0.0037703611
ENSE00001295579_001	g0837	0	0.0046005632
ENSE00001296213_001	g0838	0	0.0075775461
ENSE00001296213_002	g0838	0	0.0016520960
ENSE00001296213_005	g0838	0	0.0231072682
ENSE00001296213_006	g0838	0	0.0144016818
ENSE00001296213_008	g0838	1	0.5399871341
ENSE00001296213_011	g0838	0	0.0091396007
ENSE00001296213_014	g0838	0	0.0122926178
ENSE00001296213_015	g0838	1	0.1103791541
ENSE00001296213_016	g0838	1	0.1034442954
ENSE00001296213_019	g0838	0	0.0165886289
ENSE00001296213_021	g0838	1	0.0127293186
ENSE00001296213_022	g0838	0	0.0149652198
ENSE00001296213_024	g0838	0	0.0247374431
ENSE00001296213_025	g0838	0	0.0101632437
ENSE00001296213_027	g0838	1	0.0178900922
ENSE00001296213_030	g0838	0	0.0626489302
ENSE00001296213_032	g0838	0	0.0112226965
ENSE00001296545_002	g0840	0	0.0031218839
ENSE00001296545_004	g0840	0	0.0156136541
ENSE00001296545_008	g0840	0	0.0085693089
ENSE00001296545_013	g0840	0	0.0086562340
ENSE00001296545_014	g0840	0	0.0365788447
ENSE00001296545_026	g0840	0	0.0297900643
ENSE00001296545_027	g0840	0	0.0198726786
ENSE00001296545_036	g0840	0	0.0018122808
ENSE00001296991_001	g0843	0	0.0051865952
ENSE00001296991_003	g0843	0	0.0161434297
ENSE00001296991_009	g0843	0	0.0093420441
ENSE00001296991_012	g0843	0	0.0085696161
ENSE00001296991_013	g0843	0	0.0018797804
ENSE00001301553_002	g0848	0	0.0040484103
ENSE00001301553_004	g0848	0	0.0122660402
ENSE00001301553_005	g0848	0	0.0192397574
ENSE00001301553_008	g0848	0	0.0399180471
ENSE00001301553_009	g0848	0	0.0322818166
ENSE00001301553_010	g0848	0	0.0209108124
ENSE00001301553_011	g0848	0	0.0318128419
ENSE00001301553_013	g0848	0	0.0103404977
ENSE00001301553_019	g0848	0	0.0139456055
ENSE00001301553_020	g0848	0	0.0258001389
ENSE00001301553_022	g0848	0	0.0162797775
ENSE00001301553_023	g0848	0	0.0251231655
ENSE00001304037_018	g0853	1	0.7330181260
ENSE00001305857_001	g0616	0	0.0015643134
ENSE00001305857_002	g0616	0	0.0035827532
ENSE00001305857_004	g0616	0	0.0243347485
ENSE00001305857_005	g0616	0	0.0083596753
ENSE00001305857_006	g0616	0	0.0085170268
ENSE00001305857_007	g0616	0	0.0206706510
ENSE00001305857_009	g0616	0	0.0073238201
ENSE00001305857_010	g0616	0	0.0127995946
ENSE00001305857_011	g0616	0	0.0132769220
ENSE00001305857_012	g0616	0	0.0497734374
ENSE00001305857_013	g0616	0	0.0083228251
ENSE00001305857_014	g0616	0	0.0185281625
ENSE00001305857_015	g0616	0	0.0712410701
ENSE00001305857_016	g0616	0	0.0118045825
ENSE00001305857_018	g0616	0	0.0075910840
ENSE00001307685_004	g0860	0	0.0061975352
ENSE00001307685_007	g0860	0	0.0157431544
ENSE00001307685_008	g0860	0	0.1199018978
ENSE00001307685_009	g0860	0	0.0083506284
ENSE00001307685_011	g0860	0	0.0110805685
ENSE00001307685_012	g0860	0	0.0215704814
ENSE00001307685_014	g0860	0	0.0096506041
ENSE00001307685_016	g0860	0	0.0111633725
ENSE00001307685_020	g0860	0	0.0133242934
ENSE00001307685_021	g0860	0	0.0096234474
ENSE00001307685_023	g0860	0	0.0113056021
ENSE00001307685_025	g0860	0	0.0023192369
ENSE00001307685_026	g0860	0	0.0018603379
ENSE00001307685_027	g0860	0	0.0018167580
ENSE00001307685_029	g0860	0	0.0015000145
ENSE00001307685_030	g0860	0	0.0012941889
ENSE00001307767_003	g0861	0	0.0028685974
ENSE00001307767_008	g0861	0	0.0460899158
ENSE00001307767_009	g0861	0	0.0350006332
ENSE00001307767_010	g0861	0	0.0098505776
ENSE00001308781_001	g0732	0	0.0031465561
ENSE00001308781_002	g0732	0	0.0077558940
ENSE00001308781_003	g0732	0	0.0015586536
ENSE00001308781_004	g0732	0	0.0019752734
ENSE00001308781_005	g0732	0	0.0034762100
ENSE00001308781_006	g0732	0	0.0028643513
ENSE00001308781_007	g0732	0	0.0019621967
ENSE00001308781_008	g0732	0	0.0036556535
ENSE00001308781_009	g0732	0	0.0023353953
ENSE00001308781_010	g0732	0	0.0020503463
ENSE00001308781_011	g0732	0	0.0032814975
ENSE00001308781_013	g0732	0	0.0018380667
ENSE00001308781_014	g0732	0	0.0084319690
ENSE00001308781_016	g0732	1	0.4652262749
ENSE00001308781_017	g0732	1	0.6814270085
ENSE00001308781_019	g0732	0	0.0455515640
ENSE00001308781_020	g0732	0	0.0409331235
ENSE00001308781_023	g0732	0	0.0385099237
ENSE00001308781_024	g0732	0	0.0112047717
ENSE00001308781_025	g0732	0	0.0178951594
ENSE00001308781_026	g0732	0	0.0229490224
ENSE00001308781_027	g0732	0	0.0150803993
ENSE00001308781_028	g0732	0	0.0110673863
ENSE00001308781_030	g0732	0	0.0426851288
ENSE00001308781_032	g0732	0	0.0230401550
ENSE00001308781_033	g0732	0	0.0556759490
ENSE00001308781_035	g0732	0	0.0240525459
ENSE00001308781_036	g0732	0	0.0070899709
ENSE00001309912_002	g0865	0	0.0066637743
ENSE00001309912_009	g0865	0	0.0290448310
ENSE00001309912_011	g0865	0	0.1915217901
ENSE00001309912_012	g0865	0	0.0434667344
ENSE00001309912_019	g0865	0	0.0502902792
ENSE00001310733_001	g0867	0	0.0021622500
ENSE00001310733_002	g0867	0	0.0051394626
ENSE00001310733_003	g0867	0	0.0049928122
ENSE00001310733_004	g0867	0	0.0156786459
ENSE00001310733_006	g0867	0	0.0041352475
ENSE00001310733_007	g0867	0	0.0119721980
ENSE00001310733_008	g0867	0	0.0098197910
ENSE00001310733_009	g0867	0	0.0163044228
ENSE00001310733_010	g0867	0	0.0141598667
ENSE00001310733_011	g0867	0	0.0080202058
ENSE00001310733_012	g0867	0	0.0827318626
ENSE00001310733_013	g0867	0	0.0168214918
ENSE00001310733_014	g0867	0	0.0844188942
ENSE00001310733_015	g0867	0	0.0459985121
ENSE00001310733_016	g0867	0	0.2146226961
ENSE00001310733_017	g0867	0	0.0324468720
ENSE00001310733_018	g0867	0	0.0123272137
ENSE00001310733_019	g0867	0	0.0175825967
ENSE00001310733_020	g0867	0	0.0176817646
ENSE00001310733_021	g0867	0	0.0097521416
ENSE00001310733_022	g0867	0	0.0327851298
ENSE00001310733_023	g0867	0	0.0063066393
ENSE00001310733_024	g0867	0	0.0175926149
ENSE00001310733_026	g0867	0	0.0097759838
ENSE00001310733_027	g0867	0	0.0282072730
ENSE00001310733_028	g0867	0	0.0079776048
ENSE00001310733_029	g0867	0	0.0126749531
ENSE00001310733_030	g0867	0	0.0093832402
ENSE00001310733_031	g0867	0	0.0228647554
ENSE00001310733_032	g0867	0	0.0129037449
ENSE00001310733_033	g0867	0	0.0154139520
ENSE00001310733_034	g0867	0	0.0103301866
ENSE00001310733_035	g0867	0	0.0048501535
ENSE00001310733_036	g0867	0	0.0014846445
ENSE00001310733_037	g0867	0	0.0012018945
ENSE00001310733_038	g0867	0	0.0013570652
ENSE00001310733_039	g0867	0	0.0008370584
ENSE00001310981_002	g0831	0	0.0025412829
ENSE00001310981_005	g0831	0	0.0543012233
ENSE00001310981_006	g0831	0	0.0592199406
ENSE00001310981_008	g0831	0	0.0518724841
ENSE00001310981_012	g0831	0	0.0097180582
ENSE00001310981_016	g0831	0	0.0085922173
ENSE00001310981_022	g0831	0	0.0201836151
ENSE00001310981_025	g0831	0	0.0596562037
ENSE00001310981_027	g0831	0	0.0217916322
ENSE00001310981_028	g0831	0	0.0057190950
ENSE00001310981_029	g0831	0	0.0843534859
ENSE00001312752_009	g0870	0	0.0197155817
ENSE00001312752_021	g0870	0	0.0053855986
ENSE00001312811_005	g0871	0	0.0055938122
ENSE00001312811_008	g0871	0	0.0394035662
ENSE00001312811_010	g0871	0	0.0442354113
ENSE00001312811_012	g0871	0	0.0443510945
ENSE00001312811_015	g0871	0	0.0184920541
ENSE00001312811_016	g0871	0	0.0147691724
ENSE00001312811_017	g0871	0	0.0059304920
ENSE00001312811_018	g0871	0	0.0070182086
ENSE00001312811_019	g0871	0	0.0114412933
ENSE00001312811_022	g0871	0	0.0052116644
ENSE00001312811_024	g0871	0	0.0051646917
ENSE00001312811_025	g0871	0	0.0682585171
ENSE00001312811_027	g0871	0	0.0164561108
ENSE00001312811_028	g0871	0	0.0061933207
ENSE00001312811_031	g0871	0	0.0019872185
ENSE00001312811_034	g0871	0	0.0009471601
ENSE00001312811_035	g0871	0	0.0009279788
ENSE00001312811_036	g0871	0	0.0008061460
ENSE00001313355_002	g0643	0	0.0021866385
ENSE00001313355_003	g0643	0	0.0029711768
ENSE00001313355_005	g0643	0	0.0047360958
ENSE00001313355_006	g0643	0	0.0035773805
ENSE00001313355_008	g0643	0	0.0051539795
ENSE00001313355_009	g0643	0	0.0179052469
ENSE00001313355_011	g0643	0	0.0208681685
ENSE00001313355_012	g0643	0	0.0146627740
ENSE00001313355_013	g0643	0	0.0797803596
ENSE00001313355_014	g0643	0	0.0195073062
ENSE00001313355_015	g0643	0	0.0424690932
ENSE00001313355_016	g0643	0	0.0222503409
ENSE00001313355_017	g0643	0	0.0532188694
ENSE00001313355_018	g0643	0	0.0102342590
ENSE00001313355_020	g0643	0	0.0311895237
ENSE00001313355_021	g0643	0	0.0272448400
ENSE00001313355_022	g0643	0	0.0073778048
ENSE00001313355_023	g0643	0	0.0026850365
ENSE00001315144_005	g0827	0	0.0172698216
ENSE00001315144_007	g0827	0	0.0172882139
ENSE00001315144_013	g0827	0	0.0671980405
ENSE00001315144_018	g0827	0	0.0308421355
ENSE00001315144_019	g0827	0	0.0077576192
ENSE00001316750_001	g0878	0	0.0019706009
ENSE00001316750_002	g0878	0	0.0020896095
ENSE00001316750_003	g0878	0	0.0029155841
ENSE00001316750_004	g0878	0	0.0034172903
ENSE00001316750_005	g0878	0	0.0020607819
ENSE00001316750_007	g0878	0	0.0035069692
ENSE00001316750_008	g0878	1	0.6633974984
ENSE00001316750_009	g0878	0	0.0352992141
ENSE00001316750_010	g0878	0	0.0182615063
ENSE00001316750_011	g0878	0	0.0309935009
ENSE00001316750_012	g0878	0	0.0262764460
ENSE00001316750_013	g0878	0	0.0311795970
ENSE00001316750_014	g0878	0	0.0625443472
ENSE00001316750_015	g0878	0	0.0408562077
ENSE00001316750_016	g0878	0	0.0393597514
ENSE00001316750_017	g0878	0	0.0688801845
ENSE00001316750_018	g0878	0	0.0320285037
ENSE00001316750_019	g0878	0	0.0310680104
ENSE00001316750_022	g0878	1	0.0241825533
ENSE00001316750_023	g0878	0	0.0212122106
ENSE00001316750_026	g0878	0	0.0235499267
ENSE00001316750_027	g0878	0	0.0108928814
ENSE00001318694_003	g0883	0	0.0034345230
ENSE00001318694_005	g0883	0	0.0335535039
ENSE00001318694_008	g0883	0	0.0084925665
ENSE00001318694_009	g0883	0	0.0104189458
ENSE00001318694_013	g0883	0	0.0702041725
ENSE00001318694_014	g0883	0	0.0224947753
ENSE00001318694_016	g0883	1	0.0155277195
ENSE00001318694_017	g0883	0	0.0392756459
ENSE00001318694_020	g0883	0	0.0101311676
ENSE00001318694_021	g0883	0	0.0124819861
ENSE00001318870_002	g0732	0	0.0049693925
ENSE00001318870_003	g0732	0	0.0015777763
ENSE00001318870_004	g0732	0	0.4369942716
ENSE00001318870_005	g0732	0	0.0842448497
ENSE00001318870_008	g0732	0	0.0059962211
ENSE00001318870_010	g0732	0	0.0129780092
ENSE00001318870_011	g0732	0	0.0390120282
ENSE00001318870_012	g0732	0	0.0182960593
ENSE00001318870_013	g0732	0	0.0236100723
ENSE00001318870_014	g0732	0	0.0126736611
ENSE00001318870_015	g0732	0	0.0107131401
ENSE00001318870_016	g0732	0	0.0072737844
ENSE00001318870_017	g0732	0	0.0081761651
ENSE00001318870_018	g0732	0	0.0101151661
ENSE00001318870_020	g0732	0	0.0114365088
ENSE00001318870_021	g0732	0	0.0083186222
ENSE00001318870_022	g0732	0	0.0066451552
ENSE00001318870_023	g0732	0	0.0066495804
ENSE00001318870_024	g0732	0	0.0135111209
ENSE00001318870_025	g0732	0	0.0444243589
ENSE00001318870_026	g0732	0	0.0194643713
ENSE00001318870_027	g0732	0	0.0116469952
ENSE00001320319_001	g0887	0	0.0068351063
ENSE00001320319_003	g0887	0	0.0031650504
ENSE00001320319_004	g0887	0	0.0012847295
ENSE00001320319_006	g0887	0	0.0119966990
ENSE00001320319_008	g0887	0	0.0037837662
ENSE00001320319_010	g0887	0	0.0022321941
ENSE00001320319_011	g0887	0	0.0082504992
ENSE00001320319_012	g0887	0	0.0021269961
ENSE00001320319_013	g0887	0	0.0017553510
ENSE00001320319_014	g0887	0	0.0180437074
ENSE00001320319_015	g0887	0	0.4914377681
ENSE00001320319_016	g0887	0	0.0469047061
ENSE00001320319_017	g0887	0	0.0620837566
ENSE00001320319_018	g0887	0	0.0366808483
ENSE00001320319_020	g0887	0	0.0622508155
ENSE00001320319_021	g0887	0	0.0507274050
ENSE00001320319_022	g0887	0	0.0598817644
ENSE00001320319_023	g0887	0	0.0827998094
ENSE00001320319_024	g0887	0	0.0810206522
ENSE00001320319_025	g0887	0	0.0318479730
ENSE00001320319_026	g0887	0	0.0530457412
ENSE00001320319_027	g0887	0	0.0810463335
ENSE00001320319_028	g0887	0	0.1193987876
ENSE00001320319_029	g0887	0	0.0388718443
ENSE00001320319_030	g0887	0	0.0334085828
ENSE00001320319_031	g0887	0	0.0369707578
ENSE00001320319_032	g0887	0	0.0308060175
ENSE00001320319_033	g0887	0	0.0306103208
ENSE00001320319_034	g0887	0	0.0388416202
ENSE00001320319_035	g0887	0	0.0276265786
ENSE00001320319_036	g0887	0	0.0103663082
ENSE00001320319_037	g0887	0	0.0137698577
ENSE00001320319_038	g0887	0	0.0133560181
ENSE00001320319_039	g0887	0	0.0056474985
ENSE00001320319_040	g0887	0	0.0035850384
ENSE00001320319_041	g0887	0	0.0093312859
ENSE00001320319_042	g0887	0	0.0023501501
ENSE00001320368_001	g0831	0	0.0015880667
ENSE00001320368_002	g0831	0	0.0016389405
ENSE00001320368_005	g0831	0	0.0013872280
ENSE00001320368_006	g0831	0	0.0026703486
ENSE00001320368_009	g0831	0	0.0115661282
ENSE00001320368_011	g0831	0	0.0116287087
ENSE00001320368_012	g0831	0	0.0216494000
ENSE00001320368_013	g0831	0	0.0551954301
ENSE00001320368_014	g0831	0	0.0200495591
ENSE00001320368_016	g0831	0	0.0507749904
ENSE00001320368_017	g0831	0	0.0212445381
ENSE00001320368_018	g0831	0	0.0230005210
ENSE00001320368_020	g0831	0	0.0476742840
ENSE00001320368_021	g0831	0	0.0392797174
ENSE00001320368_022	g0831	0	0.0211824633
ENSE00001320368_025	g0831	0	0.1196214503
ENSE00001320368_026	g0831	0	0.0162742630
ENSE00001320368_027	g0831	0	0.0090703993
ENSE00001320368_028	g0831	0	0.0100014151
ENSE00001320368_030	g0831	0	0.0101568524
ENSE00001320368_031	g0831	0	0.0258697241
ENSE00001320368_032	g0831	0	0.0171056739
ENSE00001320368_034	g0831	0	0.0204520717
ENSE00001320368_035	g0831	0	0.0156979781
ENSE00001320368_036	g0831	0	0.0169134747
ENSE00001320368_037	g0831	1	0.7198071859
ENSE00001320368_043	g0831	0	0.0041111304
ENSE00001321140_001	g0890	0	0.0015649576
ENSE00001321140_002	g0890	0	0.0020238181
ENSE00001321140_003	g0890	0	0.0047394140
ENSE00001321140_004	g0890	0	0.0036859203
ENSE00001321140_005	g0890	0	0.0036827500
ENSE00001321140_006	g0890	0	0.0029740574
ENSE00001321140_010	g0890	0	0.0307085958
ENSE00001321140_012	g0890	0	0.0214865011
ENSE00001321140_014	g0890	0	0.0313607004
ENSE00001321140_016	g0890	1	0.0304986137
ENSE00001321140_017	g0890	0	0.0175863018
ENSE00001321140_018	g0890	0	0.0279207795
ENSE00001321140_019	g0890	0	0.0246635684
ENSE00001321140_020	g0890	0	0.0302511126
ENSE00001321140_022	g0890	0	0.0162048153
ENSE00001321140_023	g0890	0	0.0408365784
ENSE00001321140_024	g0890	0	0.0079569351
ENSE00001321140_025	g0890	0	0.0030705654
ENSE00001321140_026	g0890	0	0.0050917824
ENSE00001321140_028	g0890	0	0.0036738011
ENSE00001321140_029	g0890	0	0.0035463399
ENSE00001321266_001	g0891	0	0.0029007262
ENSE00001321266_003	g0891	0	0.0042210993
ENSE00001321266_005	g0891	0	0.0126663211
ENSE00001321266_006	g0891	0	0.0104573781
ENSE00001321266_007	g0891	0	0.0148992761
ENSE00001321266_008	g0891	0	0.0692160842
ENSE00001321266_009	g0891	0	0.0175190053
ENSE00001321266_011	g0891	0	0.0245760574
ENSE00001321266_012	g0891	0	0.0090094572
ENSE00001321266_017	g0891	1	0.0194867385
ENSE00001321266_019	g0891	0	0.0057009069
ENSE00001321266_020	g0891	0	0.0044982968
ENSE00001321266_021	g0891	0	0.0259518979
ENSE00001321266_022	g0891	0	0.0276294192
ENSE00001321266_023	g0891	0	0.0105791017
ENSE00001321266_024	g0891	0	0.0115883965
ENSE00001321266_025	g0891	0	0.0056545700
ENSE00001321266_027	g0891	0	0.0167273920
ENSE00001321266_028	g0891	0	0.0133835713
ENSE00001321266_029	g0891	1	0.1086625519
ENSE00001321266_031	g0891	0	0.0845425756
ENSE00001323708_001	g0843	0	0.0059096523
ENSE00001323708_002	g0843	0	0.0043933615
ENSE00001323708_005	g0843	0	0.0144453954
ENSE00001323708_006	g0843	0	0.0251076057
ENSE00001323708_007	g0843	0	0.0285552999
ENSE00001323708_009	g0843	0	0.0236663716
ENSE00001323708_010	g0843	0	0.0078209588
ENSE00001323708_011	g0843	0	0.0076042327
ENSE00001323708_012	g0843	0	0.0107400524
ENSE00001323708_013	g0843	0	0.0099478015
ENSE00001323708_015	g0843	0	0.0176167746
ENSE00001323708_017	g0843	0	0.0166690449
ENSE00001323708_018	g0843	0	0.0144763859
ENSE00001323708_019	g0843	0	0.0108204865
ENSE00001323708_021	g0843	0	0.0063291352
ENSE00001324758_001	g0893	0	0.0011020167
ENSE00001324758_002	g0893	0	0.0005821940
ENSE00001324758_003	g0893	0	0.0119739645
ENSE00001324758_004	g0893	0	0.0150723874
ENSE00001324758_005	g0893	0	0.0314975403
ENSE00001324758_006	g0893	0	0.0177414317
ENSE00001324758_007	g0893	0	0.0126814045
ENSE00001324758_008	g0893	0	0.0236677632
ENSE00001324758_009	g0893	0	0.0095873670
ENSE00001324758_010	g0893	0	0.0156868696
ENSE00001324758_011	g0893	0	0.0128377681
ENSE00001324758_012	g0893	0	0.0123390639
ENSE00001324758_013	g0893	0	0.0130478084
ENSE00001324758_014	g0893	0	0.0081347556
ENSE00001324758_016	g0893	0	0.0077189017
ENSE00001324758_017	g0893	0	0.0080849753
ENSE00001324758_019	g0893	0	0.0088310492
ENSE00001324758_020	g0893	0	0.0054406297
ENSE00001324758_021	g0893	0	0.0164819659
ENSE00001324758_022	g0893	0	0.1050120478
ENSE00001324758_023	g0893	0	0.0923985178
ENSE00001324758_024	g0893	0	0.0111029112
ENSE00001324758_025	g0893	0	0.1275845624
ENSE00001324758_026	g0893	0	0.0688167588
ENSE00001324758_027	g0893	0	0.0426452400
ENSE00001324758_028	g0893	0	0.1096407949
ENSE00001324758_029	g0893	0	0.0307104995
ENSE00001324758_030	g0893	0	0.0266602561
ENSE00001324758_031	g0893	0	0.0603207905
ENSE00001325185_003	g0792	0	0.0412311806
ENSE00001325185_006	g0792	0	0.0074396209
ENSE00001325185_007	g0792	1	0.0594587997
ENSE00001325185_008	g0792	1	0.0273547373
ENSE00001325185_010	g0792	0	0.0146990138
ENSE00001325185_012	g0792	1	0.0066596309
ENSE00001325185_014	g0792	0	0.0390911905
ENSE00001329207_011	g0732	0	0.0140914734
ENSE00001329207_012	g0732	0	0.0103220988
ENSE00001329207_017	g0732	0	0.0146934555
ENSE00001329207_018	g0732	0	0.0092265137
ENSE00001329207_019	g0732	0	0.0218092390
ENSE00001329207_020	g0732	1	0.5162126706
ENSE00001330786_001	g0732	0	0.0100860611
ENSE00001330786_002	g0732	0	0.0019650871
ENSE00001330786_003	g0732	0	0.0033521243
ENSE00001330786_004	g0732	0	0.0020891675
ENSE00001330786_007	g0732	0	0.0019129181
ENSE00001330786_008	g0732	0	0.0064263941
ENSE00001330786_009	g0732	0	0.4470710164
ENSE00001330786_010	g0732	1	0.6812917286
ENSE00001330786_012	g0732	0	0.0169288645
ENSE00001330786_013	g0732	0	0.0158893157
ENSE00001330786_015	g0732	0	0.0429304571
ENSE00001330786_016	g0732	0	0.0373534987
ENSE00001330786_017	g0732	0	0.0281573456
ENSE00001330786_019	g0732	0	0.0246835221
ENSE00001330786_022	g0732	0	0.0860338709
ENSE00001330786_023	g0732	0	0.0279665037
ENSE00001330786_024	g0732	0	0.0017562807
ENSE00001330786_025	g0732	0	0.0024782291
ENSE00001330786_026	g0732	0	0.0056249629
ENSE00001330786_027	g0732	0	0.0025038029
ENSE00001331806_001	g0453	0	0.0059031297
ENSE00001331806_002	g0453	0	0.0029082065
ENSE00001331806_003	g0453	0	0.0120246348
ENSE00001331806_004	g0453	0	0.0080979200
ENSE00001331806_005	g0453	1	0.0050399431
ENSE00001331806_006	g0453	0	0.0060184493
ENSE00001331806_008	g0453	0	0.0071458916
ENSE00001331806_009	g0453	0	0.0146702465
ENSE00001331806_010	g0453	0	0.0177160114
ENSE00001331806_011	g0453	0	0.0192146489
ENSE00001331806_012	g0453	0	0.0089963949
ENSE00001331806_015	g0453	0	0.0064286146
ENSE00001331806_016	g0453	0	0.0350202743
ENSE00001331806_017	g0453	0	0.0365294243
ENSE00001331806_018	g0453	0	0.0155853695
ENSE00001331806_019	g0453	0	0.0087453469
ENSE00001331806_020	g0453	0	0.0088749425
ENSE00001331806_021	g0453	0	0.0081228108
ENSE00001331806_023	g0453	0	0.0021389570
ENSE00001331820_001	g0453	0	0.0025958782
ENSE00001331820_002	g0453	0	0.0032344478
ENSE00001331820_003	g0453	0	0.0072358280
ENSE00001331820_005	g0453	0	0.0050160050
ENSE00001331820_008	g0453	0	0.0201634391
ENSE00001331820_011	g0453	0	0.0102743862
ENSE00001331820_012	g0453	0	0.0070524973
ENSE00001331820_020	g0453	0	0.0134205076
ENSE00001331820_022	g0453	0	0.0088169575
ENSE00001331820_023	g0453	0	0.0095112233
ENSE00001332335_002	g0900	0	0.0048684858
ENSE00001332335_003	g0900	0	0.0016448848
ENSE00001332335_004	g0900	0	0.0018403912
ENSE00001332335_005	g0900	0	0.0023064184
ENSE00001332335_006	g0900	0	0.0017840266
ENSE00001332335_013	g0900	0	0.0399403150
ENSE00001332369_009	g0780	0	0.0390306255
ENSE00001332369_010	g0780	0	0.0344823694
ENSE00001332369_024	g0780	0	0.0341228215
ENSE00001332369_041	g0780	0	0.0026842983
ENSE00001335484_002	g0591	0	0.0049074593
ENSE00001335484_009	g0591	0	0.0629764708
ENSE00001335484_012	g0591	0	0.0130852206
ENSE00001335484_014	g0591	0	0.0217295977
ENSE00001335484_016	g0591	0	0.0189102685
ENSE00001335484_017	g0591	0	0.0025220848
ENSE00001335500_001	g0591	0	0.0145475016
ENSE00001335500_002	g0591	0	0.0042185887
ENSE00001335500_003	g0591	0	0.0102056964
ENSE00001335500_004	g0591	0	0.0049901871
ENSE00001335500_005	g0591	0	0.0050717032
ENSE00001335500_006	g0591	0	0.0039377574
ENSE00001335500_007	g0591	0	0.0054016640
ENSE00001335500_008	g0591	0	0.0264995299
ENSE00001335500_009	g0591	0	0.0312961566
ENSE00001335500_011	g0591	0	0.0447497246
ENSE00001335500_012	g0591	0	0.0391908864
ENSE00001335500_013	g0591	0	0.0232297029
ENSE00001335500_014	g0591	0	0.0186905322
ENSE00001335500_015	g0591	0	0.0251803790
ENSE00001335500_016	g0591	0	0.6704434161
ENSE00001335500_017	g0591	0	0.0349573013
ENSE00001335500_018	g0591	0	0.0149993285
ENSE00001335500_020	g0591	0	0.0019401700
ENSE00001335500_021	g0591	0	0.0017673967
ENSE00001335500_022	g0591	0	0.0019987300
ENSE00001335500_023	g0591	0	0.0005730655
ENSE00001337610_002	g0732	0	0.0093518854
ENSE00001337610_003	g0732	0	0.0026453240
ENSE00001337610_004	g0732	0	0.0015881731
ENSE00001337610_005	g0732	0	0.0056680000
ENSE00001337610_006	g0732	0	0.1370015725
ENSE00001337610_007	g0732	0	0.1809092242
ENSE00001337610_008	g0732	0	0.0084997187
ENSE00001337610_010	g0732	0	0.0110337609
ENSE00001337610_011	g0732	0	0.0156500840
ENSE00001337610_012	g0732	0	0.0372312237
ENSE00001337610_013	g0732	0	0.0089152378
ENSE00001337610_014	g0732	0	0.0195517105
ENSE00001337610_015	g0732	0	0.0180091173
ENSE00001337610_016	g0732	0	0.0258553838
ENSE00001337610_017	g0732	0	0.0289453558
ENSE00001337610_019	g0732	0	0.0235096638
ENSE00001337610_020	g0732	0	0.0146018567
ENSE00001337610_021	g0732	0	0.1030071758
ENSE00001337610_022	g0732	0	0.1162596957
ENSE00001337610_023	g0732	0	0.2550890915
ENSE00001337610_024	g0732	1	0.5628005092
ENSE00001337610_026	g0732	0	0.0543179572
ENSE00001337610_027	g0732	0	0.0418335322
ENSE00001337610_028	g0732	0	0.0165619648
ENSE00001337610_029	g0732	0	0.0115075489
ENSE00001337610_031	g0732	0	0.0051680434
ENSE00001337610_032	g0732	0	0.0030991869
ENSE00001344179_001	g0906	0	0.0151131468
ENSE00001344179_002	g0906	0	0.0037395569
ENSE00001344179_003	g0906	0	0.0058496464
ENSE00001344179_004	g0906	0	0.0081201765
ENSE00001344179_005	g0906	0	0.0058648469
ENSE00001344179_006	g0906	0	0.0217745669
ENSE00001344179_007	g0906	0	0.0208678142
ENSE00001344179_008	g0906	0	0.0166865047
ENSE00001344179_010	g0906	0	0.0128023639
ENSE00001344179_011	g0906	0	0.0169002216
ENSE00001344179_012	g0906	0	0.0186110790
ENSE00001344179_014	g0906	0	0.0169650821
ENSE00001344179_015	g0906	0	0.0165615154
ENSE00001344179_016	g0906	0	0.1969642295
ENSE00001344179_017	g0906	0	0.0017753577
ENSE00001351159_003	g0799	0	0.0028801177
ENSE00001351159_006	g0799	0	0.0206153813
ENSE00001351159_012	g0799	0	0.0334124159
ENSE00001351159_013	g0799	0	0.0049023809
ENSE00001353824_001	g0909	0	0.0012967939
ENSE00001353824_002	g0909	0	0.0023586621
ENSE00001353824_004	g0909	0	0.0024570657
ENSE00001353824_005	g0909	0	0.0066881820
ENSE00001353824_006	g0909	0	0.0084521625
ENSE00001353824_007	g0909	0	0.0095884332
ENSE00001353824_009	g0909	0	0.2035912419
ENSE00001353824_010	g0909	1	0.4566468348
ENSE00001353824_011	g0909	0	0.0347726040
ENSE00001353824_012	g0909	0	0.0257469547
ENSE00001353824_013	g0909	0	0.0259325023
ENSE00001353824_014	g0909	0	0.0117642645
ENSE00001353824_015	g0909	0	0.0110944947
ENSE00001353824_017	g0909	0	0.0235040169
ENSE00001353824_018	g0909	0	0.0051897642
ENSE00001353824_019	g0909	0	0.0165544329
ENSE00001353824_021	g0909	0	0.0126719244
ENSE00001353824_022	g0909	0	0.0116286351
ENSE00001353824_024	g0909	0	0.0015062865
ENSE00001353824_025	g0909	0	0.0020589688
ENSE00001353824_026	g0909	0	0.0012853513
ENSE00001353824_027	g0909	0	0.0019084750
ENSE00001353824_028	g0909	0	0.0017283035
ENSE00001353842_002	g0909	0	0.0067799524
ENSE00001353842_008	g0909	0	0.0119952464
ENSE00001353842_010	g0909	0	0.0359882432
ENSE00001353842_011	g0909	0	0.0281772654
ENSE00001353842_013	g0909	0	0.0170373968
ENSE00001353842_014	g0909	0	0.0235589334
ENSE00001353842_015	g0909	0	0.4541057202
ENSE00001353842_017	g0909	0	0.1442558957
ENSE00001353842_019	g0909	0	0.0104105122
ENSE00001353842_021	g0909	0	0.0037818581
ENSE00001353842_023	g0909	0	0.0031462181
ENSE00001353842_026	g0909	0	0.0036639127
ENSE00001353842_027	g0909	0	0.0025057671
ENSE00001353842_029	g0909	0	0.0032420676
ENSE00001360006_001	g0910	0	0.0077625500
ENSE00001360006_002	g0910	0	0.0039287377
ENSE00001360006_004	g0910	0	0.0137779080
ENSE00001360006_005	g0910	0	0.0457867494
ENSE00001360006_009	g0910	0	0.0131078976
ENSE00001360006_013	g0910	0	0.0203728926
ENSE00001360006_014	g0910	0	0.0065962717
ENSE00001360006_015	g0910	0	0.0196562662
ENSE00001360006_016	g0910	0	0.0161351256
ENSE00001360006_018	g0910	0	0.0202128973
ENSE00001360006_019	g0910	0	0.0103435823
ENSE00001360006_021	g0910	0	0.0134496865
ENSE00001360006_023	g0910	0	0.1901411009
ENSE00001360006_024	g0910	0	0.0198829103
ENSE00001365809_001	g0912	0	0.0008414654
ENSE00001365809_002	g0912	0	0.0019799589
ENSE00001365809_003	g0912	0	0.0015616011
ENSE00001365809_004	g0912	0	0.0071500422
ENSE00001365809_005	g0912	0	0.0132679008
ENSE00001365809_006	g0912	0	0.0167312472
ENSE00001365809_007	g0912	0	0.0085747066
ENSE00001365809_008	g0912	0	0.1424578990
ENSE00001365809_009	g0912	0	0.0339052021
ENSE00001371908_002	g0917	0	0.0168701070
ENSE00001371908_006	g0917	0	0.0990601125
ENSE00001371908_007	g0917	0	0.0151218465
ENSE00001371908_013	g0917	0	0.0078486451
ENSE00001371908_014	g0917	0	0.0118315691
ENSE00001371908_017	g0917	0	0.0060924208
ENSE00001371908_018	g0917	0	0.0107744314
ENSE00001371908_019	g0917	0	0.0169894210
ENSE00001371908_022	g0917	0	0.0074032650
ENSE00001371908_029	g0917	0	0.0068422619
ENSE00001371908_032	g0917	0	0.0026714844
ENSE00001379288_008	g0732	0	0.0059008508
ENSE00001379288_009	g0732	1	0.0112787451
ENSE00001379288_022	g0732	0	0.0104205128
ENSE00001379288_027	g0732	0	0.0044166225
ENSE00001379288_028	g0732	0	0.0145927752
ENSE00001383504_001	g0732	0	0.0033312801
ENSE00001383504_002	g0732	0	0.0024804542
ENSE00001383504_003	g0732	0	0.0034050650
ENSE00001383504_004	g0732	0	0.0053417897
ENSE00001383504_005	g0732	0	0.0075557702
ENSE00001383504_006	g0732	0	0.0016874013
ENSE00001383504_009	g0732	0	0.0195077050
ENSE00001383504_010	g0732	0	0.0160006959
ENSE00001383504_011	g0732	0	0.0266122144
ENSE00001383504_012	g0732	0	0.0534214989
ENSE00001383504_013	g0732	0	0.0606310144
ENSE00001383504_014	g0732	0	0.0154002822
ENSE00001383504_015	g0732	0	0.0561812442
ENSE00001383504_016	g0732	0	0.0635085193
ENSE00001383504_020	g0732	0	0.0131882612
ENSE00001383504_021	g0732	0	0.0515410775
ENSE00001383504_022	g0732	0	0.0041809916
ENSE00001383504_023	g0732	0	0.0047779802
ENSE00001388950_001	g0928	0	0.0049379723
ENSE00001388950_013	g0928	0	0.0197034289
ENSE00001388950_015	g0928	0	0.0101979098
ENSE00001388950_017	g0928	1	0.0806841433
ENSE00001388950_021	g0928	0	0.0131799983
ENSE00001388950_022	g0928	1	0.0116855236
ENSE00001388950_026	g0928	0	0.0020868808
ENSE00001388950_027	g0928	0	0.0023013159
ENSE00001390125_002	g0931	0	0.0084770735
ENSE00001390125_004	g0931	0	0.0130522826
ENSE00001390125_005	g0931	0	0.0427703883
ENSE00001390125_007	g0931	0	0.1310451803
ENSE00001390125_009	g0931	0	0.0464751639
ENSE00001390125_010	g0931	0	0.0221211942
ENSE00001390125_011	g0931	0	0.0223222667
ENSE00001390125_014	g0931	0	0.0066282351
ENSE00001390125_016	g0931	0	0.0024362479
ENSE00001390125_017	g0931	0	0.0046680026
ENSE00001390125_018	g0931	0	0.0056005345
ENSE00001390125_019	g0931	0	0.0026617197
ENSE00001390125_021	g0931	0	0.0038518709
ENSE00001390125_022	g0931	0	0.0105464845
ENSE00001400608_001	g0932	0	0.0166874899
ENSE00001400608_002	g0932	0	0.0040936073
ENSE00001400608_003	g0932	0	0.0068047230
ENSE00001400608_004	g0932	0	0.0076327324
ENSE00001400608_005	g0932	0	0.0148032020
ENSE00001400608_007	g0932	0	0.0174176053
ENSE00001400608_008	g0932	0	0.0174997255
ENSE00001400608_009	g0932	0	0.0358128817
ENSE00001400608_010	g0932	0	0.0078851855
ENSE00001400608_011	g0932	0	0.0134384478
ENSE00001400608_013	g0932	0	0.0698437127
ENSE00001400608_014	g0932	0	0.0167439665
ENSE00001400608_015	g0932	0	0.0561601207
ENSE00001400608_016	g0932	0	0.0574517347
ENSE00001400608_017	g0932	0	0.0124816383
ENSE00001400608_018	g0932	0	0.0106242464
ENSE00001401102_002	g0732	0	0.0063800868
ENSE00001401102_003	g0732	0	0.0019520577
ENSE00001401102_005	g0732	0	0.0017955771
ENSE00001401102_006	g0732	0	0.0037272284
ENSE00001401102_007	g0732	0	0.0020790601
ENSE00001401102_008	g0732	0	0.0016339050
ENSE00001401102_009	g0732	0	0.0026550771
ENSE00001401102_010	g0732	0	0.0010522238
ENSE00001401102_011	g0732	0	0.0027796456
ENSE00001401102_012	g0732	0	0.0026569252
ENSE00001401102_013	g0732	0	0.5112880497
ENSE00001401102_015	g0732	0	0.4473459986
ENSE00001401102_016	g0732	0	0.0243054117
ENSE00001401102_017	g0732	0	0.0176281278
ENSE00001401102_018	g0732	0	0.0207408289
ENSE00001401102_019	g0732	0	0.0365188569
ENSE00001401102_020	g0732	0	0.1937455081
ENSE00001401102_021	g0732	1	0.7606127178
ENSE00001401102_022	g0732	0	0.0336838290
ENSE00001401102_023	g0732	0	0.0192981035
ENSE00001401102_024	g0732	0	0.0733518505
ENSE00001401102_025	g0732	0	0.0199082684
ENSE00001401102_026	g0732	0	0.0284598542
ENSE00001401102_027	g0732	0	0.0169264889
ENSE00001401102_028	g0732	0	0.0063841484
ENSE00001401102_029	g0732	0	0.0146517904
ENSE00001401102_030	g0732	0	0.0031550767
ENSE00001404121_009	g0934	0	0.0123445532
ENSE00001404121_016	g0934	0	0.0312737566
ENSE00001404121_020	g0934	0	0.0136287290
ENSE00001404121_023	g0934	0	0.0043572679
ENSE00001404121_028	g0934	0	0.0024876668
ENSE00001405059_002	g0683	0	0.0027914106
ENSE00001405059_007	g0683	0	0.0135166457
ENSE00001405059_008	g0683	1	0.1078970365
ENSE00001405059_009	g0683	1	0.0230153872
ENSE00001405059_010	g0683	0	0.0174661298
ENSE00001405059_012	g0683	1	0.1345093723
ENSE00001405059_014	g0683	1	0.0216465259
ENSE00001405059_015	g0683	0	0.0634764704
ENSE00001405059_016	g0683	1	0.0112138728
ENSE00001405059_017	g0683	1	0.0296532796
ENSE00001405059_020	g0683	0	0.0441884472
ENSE00001405059_023	g0683	0	0.0029632130
ENSE00001405059_026	g0683	0	0.0033324320
ENSE00001408097_002	g0453	0	0.0057346930
ENSE00001408097_003	g0453	0	0.0190835807
ENSE00001408097_005	g0453	0	0.0265084616
ENSE00001408097_006	g0453	0	0.1399959255
ENSE00001408097_007	g0453	0	0.0461725225
ENSE00001408097_008	g0453	0	0.0346832991
ENSE00001408097_009	g0453	0	0.0165400505
ENSE00001408097_010	g0453	0	0.0101273103
ENSE00001408097_011	g0453	0	0.0154584699
ENSE00001408097_012	g0453	0	0.0272903473
ENSE00001408097_013	g0453	0	0.0233179804
ENSE00001408097_014	g0453	0	0.0337842340
ENSE00001408097_015	g0453	0	0.0096824524
ENSE00001408097_016	g0453	0	0.0088634528
ENSE00001408097_017	g0453	0	0.0121672050
ENSE00001408097_019	g0453	0	0.0069916484
ENSE00001408097_021	g0453	0	0.0153799398
ENSE00001408097_022	g0453	0	0.0121471649
ENSE00001408097_024	g0453	0	0.0107055018
ENSE00001408097_025	g0453	0	0.0090524212
ENSE00001408097_027	g0453	0	0.0101935475
ENSE00001408097_028	g0453	0	0.0073972891
ENSE00001408097_029	g0453	0	0.0322201846
ENSE00001408097_030	g0453	1	0.7522297314
ENSE00001408097_031	g0453	0	0.0062802074
ENSE00001408097_032	g0453	0	0.0037077213
ENSE00001408097_033	g0453	0	0.0077302712
ENSE00001408097_034	g0453	0	0.0015665272
ENSE00001411238_001	g0936	0	0.0092783801
ENSE00001411238_002	g0936	0	0.0035517091
ENSE00001411238_003	g0936	0	0.0028266175
ENSE00001411238_004	g0936	0	0.0120980212
ENSE00001411238_005	g0936	0	0.0062815444
ENSE00001411238_006	g0936	0	0.0105285215
ENSE00001411238_007	g0936	1	0.0236858385
ENSE00001411238_009	g0936	0	0.0259221276
ENSE00001411238_010	g0936	0	0.0227615490
ENSE00001411238_012	g0936	0	0.0236101201
ENSE00001411238_013	g0936	0	0.0306571042
ENSE00001411238_014	g0936	1	0.0194422260
ENSE00001411238_016	g0936	0	0.0222292545
ENSE00001411238_018	g0936	0	0.0375102832
ENSE00001411238_019	g0936	1	0.0274942833
ENSE00001411238_020	g0936	1	0.6747873616
ENSE00001411238_021	g0936	1	0.7084797840
ENSE00001411238_022	g0936	0	0.0123173915
ENSE00001411238_023	g0936	0	0.0058127055
ENSE00001411238_024	g0936	0	0.0014601081
ENSE00001411238_025	g0936	0	0.0015473037
ENSE00001411238_027	g0936	0	0.0028244780
ENSE00001411238_028	g0936	0	0.0032983727
ENSE00001411309_001	g0591	0	0.0058708080
ENSE00001411309_002	g0591	0	0.0135894784
ENSE00001411309_003	g0591	0	0.0058844275
ENSE00001411309_004	g0591	0	0.0282215923
ENSE00001411309_005	g0591	0	0.0064040765
ENSE00001411309_006	g0591	0	0.0170905753
ENSE00001411309_008	g0591	0	0.1451806960
ENSE00001411309_009	g0591	0	0.1004875663
ENSE00001411309_011	g0591	0	0.0298309773
ENSE00001411309_012	g0591	0	0.0242002623
ENSE00001411309_013	g0591	0	0.0386476667
ENSE00001411309_014	g0591	0	0.0369811063
ENSE00001411309_015	g0591	0	0.0162537002
ENSE00001411309_016	g0591	0	0.0228889066
ENSE00001411309_017	g0591	0	0.0674572758
ENSE00001411309_018	g0591	0	0.0037289017
ENSE00001411309_019	g0591	0	0.0030920673
ENSE00001411309_020	g0591	0	0.0034677957
ENSE00001411309_021	g0591	0	0.0019590655
ENSE00001411309_022	g0591	0	0.0027630626
ENSE00001411309_023	g0591	0	0.0024921303
ENSE00001411309_024	g0591	0	0.0026639318
ENSE00001411309_025	g0591	0	0.0013708852
ENSE00001411309_026	g0591	0	0.0008293513
ENSE00001413149_002	g0937	0	0.0033132086
ENSE00001413149_003	g0937	0	0.0034856257
ENSE00001413149_004	g0937	0	0.0088278236
ENSE00001413149_005	g0937	0	0.0100003562
ENSE00001413149_013	g0937	0	0.0250276813
ENSE00001413149_014	g0937	0	0.0350696001
ENSE00001413149_016	g0937	0	0.0151556367
ENSE00001413149_017	g0937	0	0.0089751673
ENSE00001413149_018	g0937	1	0.0054501094
ENSE00001413149_021	g0937	0	0.0032327730
ENSE00001414840_001	g0732	0	0.0022327221
ENSE00001414840_002	g0732	0	0.0023329341
ENSE00001414840_003	g0732	0	0.0019784153
ENSE00001414840_004	g0732	0	0.0028615249
ENSE00001414840_005	g0732	0	0.0032968064
ENSE00001414840_006	g0732	0	0.0026763700
ENSE00001414840_007	g0732	0	0.0032911790
ENSE00001414840_008	g0732	0	0.0012847750
ENSE00001414840_009	g0732	0	0.0032275579
ENSE00001414840_010	g0732	0	0.0048670658
ENSE00001414840_011	g0732	0	0.0096395567
ENSE00001414840_013	g0732	0	0.0291822206
ENSE00001414840_014	g0732	0	0.0112560823
ENSE00001414840_015	g0732	0	0.0205649879
ENSE00001414840_016	g0732	0	0.0216862535
ENSE00001414840_018	g0732	0	0.0162408850
ENSE00001414840_020	g0732	0	0.0137696477
ENSE00001414840_021	g0732	0	0.0061445178
ENSE00001414840_022	g0732	0	0.0113149362
ENSE00001414840_023	g0732	0	0.0289842354
ENSE00001414840_024	g0732	0	0.0227197732
ENSE00001414840_025	g0732	0	0.0305729665
ENSE00001414840_026	g0732	0	0.0042271416
ENSE00001414840_027	g0732	0	0.0050430394
ENSE00001414840_028	g0732	0	0.0040569132
ENSE00001414840_029	g0732	0	0.0027754687
ENSE00001414840_030	g0732	0	0.0023187429
ENSE00001414840_031	g0732	0	0.0018413388
ENSE00001414948_001	g0732	0	0.0023402214
ENSE00001414948_002	g0732	0	0.0012061050
ENSE00001414948_005	g0732	0	0.0222064959
ENSE00001414948_006	g0732	0	0.0447423254
ENSE00001414948_008	g0732	0	0.0256525206
ENSE00001414948_009	g0732	0	0.0119918270
ENSE00001415500_001	g0453	0	0.0027360669
ENSE00001415500_002	g0453	0	0.0106849932
ENSE00001415500_003	g0453	0	0.0026382153
ENSE00001415500_004	g0453	0	0.0074385590
ENSE00001415500_005	g0453	0	0.0207013937
ENSE00001415500_006	g0453	0	0.0461944695
ENSE00001415500_007	g0453	0	0.0151383265
ENSE00001415500_008	g0453	0	0.0126741264
ENSE00001415500_009	g0453	0	0.0049864672
ENSE00001415500_010	g0453	0	0.0109489975
ENSE00001415500_013	g0453	0	0.0077866361
ENSE00001415500_014	g0453	0	0.0188468971
ENSE00001415500_016	g0453	0	0.0589983004
ENSE00001415500_017	g0453	0	0.1188848530
ENSE00001415500_018	g0453	0	0.0419508235
ENSE00001415500_019	g0453	0	0.2580298003
ENSE00001415500_021	g0453	0	0.0137410082
ENSE00001415500_022	g0453	0	0.0121207032
ENSE00001415500_023	g0453	0	0.0127739683
ENSE00001415500_024	g0453	0	0.0052296896
ENSE00001415500_025	g0453	0	0.0320485116
ENSE00001416835_002	g0732	0	0.0049125721
ENSE00001416835_003	g0732	0	0.0018340242
ENSE00001416835_004	g0732	0	0.0045215077
ENSE00001416835_005	g0732	0	0.0028816931
ENSE00001416835_007	g0732	0	0.0181619680
ENSE00001416835_008	g0732	0	0.0188234699
ENSE00001416835_009	g0732	0	0.0261627716
ENSE00001416835_010	g0732	0	0.0091648247
ENSE00001416835_011	g0732	0	0.0318320759
ENSE00001416835_012	g0732	0	0.0127020655
ENSE00001416835_013	g0732	0	0.0192434854
ENSE00001416835_014	g0732	0	0.0210372490
ENSE00001416835_015	g0732	0	0.0449682446
ENSE00001416835_017	g0732	0	0.0180852101
ENSE00001416835_018	g0732	0	0.0239232653
ENSE00001416835_019	g0732	0	0.1571130591
ENSE00001416835_020	g0732	0	0.2612320519
ENSE00001416835_022	g0732	0	0.0346464562
ENSE00001416835_023	g0732	0	0.0438227254
ENSE00001416835_024	g0732	0	0.0317389023
ENSE00001416835_025	g0732	0	0.0106953091
ENSE00001416835_026	g0732	0	0.0134287757
ENSE00001416835_027	g0732	0	0.0263195385
ENSE00001416835_028	g0732	0	0.0017411541
ENSE00001416945_017	g0732	0	0.0272584489
ENSE00001417450_003	g0940	0	0.0269831472
ENSE00001417450_005	g0940	0	0.0295186925
ENSE00001417450_006	g0940	0	0.0121222312
ENSE00001417450_007	g0940	0	0.0098291774
ENSE00001417450_008	g0940	0	0.0448540068
ENSE00001417450_009	g0940	0	0.0533486545
ENSE00001417450_010	g0940	0	0.0709733149
ENSE00001417450_011	g0940	0	0.0408226217
ENSE00001417450_012	g0940	0	0.0525942442
ENSE00001417450_013	g0940	0	0.0599474341
ENSE00001417450_014	g0940	0	0.0281913925
ENSE00001417450_015	g0940	0	0.0177145985
ENSE00001417450_017	g0940	0	0.0356945685
ENSE00001417450_018	g0940	0	0.0153120769
ENSE00001417450_019	g0940	0	0.0491301225
ENSE00001417450_020	g0940	0	0.0129481940
ENSE00001417450_021	g0940	0	0.0096398699
ENSE00001417450_022	g0940	0	0.0029773834
ENSE00001417450_023	g0940	0	0.0052471094
ENSE00001417450_024	g0940	0	0.0015399458
ENSE00001419814_010	g0683	0	0.0106687564
ENSE00001419814_016	g0683	0	0.0011597093
ENSE00001421660_001	g0591	0	0.0059335090
ENSE00001421660_002	g0591	0	0.0098774625
ENSE00001421660_003	g0591	0	0.0054097979
ENSE00001421660_004	g0591	0	0.0043098583
ENSE00001421660_006	g0591	1	0.0912114138
ENSE00001421660_008	g0591	0	0.0261920970
ENSE00001421660_010	g0591	0	0.0474050965
ENSE00001421660_011	g0591	0	0.0380801937
ENSE00001421660_012	g0591	0	0.2199532801
ENSE00001421660_013	g0591	0	0.0502359303
ENSE00001421660_014	g0591	0	0.0184528553
ENSE00001421660_016	g0591	1	0.0248002179
ENSE00001421660_017	g0591	0	0.0090099455
ENSE00001421660_019	g0591	0	0.0134248235
ENSE00001421660_020	g0591	0	0.1097670032
ENSE00001421660_022	g0591	0	0.0304622393
ENSE00001421660_023	g0591	0	0.0106629146
ENSE00001421660_024	g0591	0	0.0078786393
ENSE00001421660_025	g0591	0	0.0025026511
ENSE00001421660_026	g0591	0	0.0087362032
ENSE00001421660_027	g0591	0	0.0083571424
ENSE00001421660_028	g0591	0	0.0020225786
ENSE00001421660_029	g0591	0	0.0023309575
ENSE00001421810_003	g0943	0	0.0079154494
ENSE00001421810_006	g0943	0	0.1210162590
ENSE00001421810_015	g0943	0	0.0226439376
ENSE00001421810_019	g0943	0	0.0054424134
ENSE00001423601_001	g0732	0	0.0036909707
ENSE00001423601_002	g0732	0	0.0101454716
ENSE00001423601_003	g0732	0	0.0032031451
ENSE00001423601_005	g0732	0	0.0035766982
ENSE00001423601_007	g0732	0	0.0030843666
ENSE00001423601_009	g0732	0	0.0237814443
ENSE00001423601_013	g0732	0	0.0105089398
ENSE00001423601_014	g0732	0	0.0209313657
ENSE00001423601_015	g0732	0	0.0252265642
ENSE00001423601_018	g0732	0	0.0661515964
ENSE00001423601_024	g0732	0	0.0015408956
ENSE00001423601_025	g0732	0	0.0012588421
ENSE00001425011_002	g0944	0	0.0073190023
ENSE00001425011_005	g0944	0	0.0204999662
ENSE00001425011_007	g0944	0	0.0133976647
ENSE00001425011_010	g0944	0	0.0197790897
ENSE00001425011_011	g0944	0	0.0102312753
ENSE00001425011_013	g0944	0	0.0201280453
ENSE00001425011_020	g0944	0	0.0152176038
ENSE00001425011_021	g0944	0	0.0239033828
ENSE00001425011_022	g0944	0	0.0022265746
ENSE00001425011_023	g0944	0	0.0039411278
ENSE00001425801_001	g0732	0	0.0095987110
ENSE00001425801_002	g0732	0	0.0043179148
ENSE00001425801_003	g0732	0	0.0031977145
ENSE00001425801_004	g0732	0	0.0028913537
ENSE00001425801_005	g0732	0	0.0071089415
ENSE00001425801_006	g0732	1	0.2582329660
ENSE00001425801_007	g0732	0	0.0220825447
ENSE00001425801_008	g0732	0	0.0198408865
ENSE00001425801_009	g0732	0	0.0505472171
ENSE00001425801_011	g0732	0	0.1141977940
ENSE00001425801_013	g0732	0	0.0246875547
ENSE00001425801_014	g0732	0	0.0157092327
ENSE00001425801_015	g0732	0	0.0153296009
ENSE00001425801_016	g0732	0	0.0174817821
ENSE00001425801_017	g0732	0	0.0773897562
ENSE00001425801_018	g0732	1	0.1466038388
ENSE00001425801_020	g0732	0	0.1191725430
ENSE00001425801_021	g0732	0	0.0457141006
ENSE00001425801_022	g0732	1	0.0282729118
ENSE00001425801_023	g0732	0	0.0092009822
ENSE00001425801_024	g0732	0	0.0116465602
ENSE00001425801_025	g0732	0	0.0046812921
ENSE00001428689_003	g0732	0	0.0016494289
ENSE00001428689_004	g0732	0	0.0078770429
ENSE00001428689_005	g0732	0	0.0030267525
ENSE00001428689_008	g0732	0	0.0125900142
ENSE00001428689_009	g0732	0	0.0043682260
ENSE00001428689_010	g0732	0	0.0112146296
ENSE00001428689_012	g0732	1	0.6400728255
ENSE00001428689_013	g0732	0	0.0252106541
ENSE00001428689_014	g0732	0	0.0557536558
ENSE00001428689_015	g0732	0	0.2707641434
ENSE00001428689_016	g0732	0	0.2738503330
ENSE00001428689_017	g0732	0	0.0202010785
ENSE00001428689_019	g0732	0	0.0531193606
ENSE00001428689_020	g0732	0	0.0288005513
ENSE00001433814_008	g0732	0	0.0030419499
ENSE00001433814_014	g0732	0	0.0254233938
ENSE00001433814_019	g0732	0	0.0467375691
ENSE00001433814_021	g0732	0	0.0232287103
ENSE00001433814_022	g0732	0	0.0993215679
ENSE00001434905_001	g0946	1	0.0196603026
ENSE00001434905_002	g0946	0	0.0074574320
ENSE00001434905_003	g0946	1	0.0747799334
ENSE00001434905_004	g0946	0	0.0141547332
ENSE00001434905_005	g0946	0	0.0192796177
ENSE00001434905_006	g0946	0	0.0163073392
ENSE00001434905_007	g0946	0	0.0200719106
ENSE00001434905_008	g0946	0	0.0122442568
ENSE00001434905_009	g0946	0	0.0480588946
ENSE00001434905_010	g0946	0	0.0151662978
ENSE00001434905_011	g0946	0	0.0072082644
ENSE00001434905_012	g0946	0	0.0671597111
ENSE00001434905_013	g0946	1	0.7941100423
ENSE00001434905_014	g0946	0	0.0367787188
ENSE00001434905_015	g0946	0	0.0030240117
ENSE00001435474_001	g0947	0	0.0038206508
ENSE00001435474_003	g0947	0	0.0128545723
ENSE00001435474_007	g0947	0	0.0154531855
ENSE00001435474_009	g0947	1	0.0442628645
ENSE00001435474_012	g0947	0	0.0125743382
ENSE00001435474_013	g0947	0	0.0093123544
ENSE00001435474_014	g0947	0	0.0088586563
ENSE00001435474_017	g0947	0	0.0096254777
ENSE00001435474_023	g0947	0	0.0230562211
ENSE00001435474_024	g0947	0	0.0032775480
ENSE00001435474_025	g0947	0	0.0022554841
ENSE00001436426_001	g0946	0	0.0058363268
ENSE00001436426_002	g0946	0	0.0058783837
ENSE00001436426_003	g0946	0	0.0128330225
ENSE00001436426_004	g0946	0	0.0856955859
ENSE00001436426_005	g0946	0	0.0433662559
ENSE00001436426_006	g0946	0	0.0151856811
ENSE00001436426_007	g0946	0	0.0082733790
ENSE00001436426_008	g0946	0	0.0121803109
ENSE00001436426_010	g0946	0	0.0290293064
ENSE00001436426_012	g0946	0	0.4957735588
ENSE00001436426_013	g0946	0	0.7315455552
ENSE00001436426_015	g0946	0	0.0032823470
ENSE00001436426_016	g0946	0	0.0013151490
ENSE00001461269_001	g0949	0	0.0075648182
ENSE00001461269_002	g0949	0	0.0058244481
ENSE00001461269_004	g0949	0	0.0075469851
ENSE00001461269_005	g0949	0	0.0146573563
ENSE00001461269_006	g0949	0	0.0432553563
ENSE00001461269_007	g0949	0	0.0971946445
ENSE00001461269_008	g0949	0	0.0195296691
ENSE00001461269_009	g0949	0	0.0667856397
ENSE00001461269_010	g0949	0	0.0297645692
ENSE00001461269_011	g0949	0	0.0293314738
ENSE00001461269_013	g0949	0	0.0115234562
ENSE00001461269_015	g0949	0	0.0128008013
ENSE00001461269_016	g0949	0	0.0223858167
ENSE00001461269_017	g0949	0	0.0026472782
ENSE00001461269_018	g0949	0	0.0037459643
ENSE00001461269_019	g0949	0	0.0017591712
ENSE00001461269_020	g0949	0	0.0015723722
ENSE00001461269_021	g0949	0	0.0031894409
ENSE00001461269_022	g0949	0	0.0029445307
ENSE00001461269_023	g0949	0	0.0032721832
ENSE00001461269_024	g0949	0	0.0038141957
ENSE00001461281_001	g0949	0	0.0030154817
ENSE00001461281_002	g0949	0	0.0041732533
ENSE00001461281_003	g0949	0	0.0036553071
ENSE00001461281_004	g0949	0	0.0099230849
ENSE00001461281_005	g0949	0	0.0049889129
ENSE00001461281_006	g0949	0	0.0063046419
ENSE00001461281_007	g0949	0	0.0059518526
ENSE00001461281_008	g0949	0	0.0049582521
ENSE00001461281_010	g0949	0	0.0114876033
ENSE00001461281_013	g0949	0	0.0459448026
ENSE00001461281_014	g0949	0	0.0566129864
ENSE00001461281_015	g0949	0	0.3166668079
ENSE00001461281_022	g0949	0	0.0147966990
ENSE00001461281_023	g0949	0	0.0176253580
ENSE00001461281_025	g0949	0	0.0054338736
ENSE00001461281_026	g0949	0	0.0010802436
ENSE00001461281_027	g0949	0	0.0024780078
ENSE00001461313_001	g0950	0	0.0034347522
ENSE00001461313_002	g0950	0	0.0026767452
ENSE00001461313_003	g0950	0	0.0085232555
ENSE00001461313_007	g0950	0	0.0557258546
ENSE00001461313_010	g0950	0	0.0361579881
ENSE00001461313_011	g0950	0	0.0971040021
ENSE00001461313_013	g0950	0	0.3483494444
ENSE00001461313_016	g0950	0	0.0061351184
ENSE00001461314_002	g0950	0	0.0091308157
ENSE00001461314_003	g0950	0	0.0042625052
ENSE00001461314_004	g0950	0	0.0270685169
ENSE00001461314_010	g0950	1	0.2256217123
ENSE00001461314_011	g0950	1	0.0631762179
ENSE00001461314_016	g0950	1	0.0196121122
ENSE00001461314_017	g0950	0	0.0031693949
ENSE00001461316_001	g0950	0	0.0050120436
ENSE00001461316_003	g0950	0	0.0035647421
ENSE00001461316_006	g0950	0	0.0050894433
ENSE00001461316_007	g0950	0	0.0067223725
ENSE00001461316_008	g0950	0	0.3527867204
ENSE00001461316_010	g0950	1	0.0550413138
ENSE00001461316_012	g0950	0	0.0963920912
ENSE00001461316_013	g0950	1	0.0752043731
ENSE00001461316_015	g0950	0	0.1175755844
ENSE00001461316_016	g0950	1	0.8046855319
ENSE00001461316_017	g0950	0	0.1769845289
ENSE00001461316_018	g0950	0	0.0420673879
ENSE00001461316_020	g0950	0	0.0236866114
ENSE00001461316_021	g0950	0	0.0028578808
ENSE00001461316_022	g0950	0	0.0029622776
ENSE00001461320_001	g0950	0	0.0012022147
ENSE00001461320_002	g0950	0	0.0014838810
ENSE00001461320_003	g0950	0	0.0040221854
ENSE00001461320_004	g0950	1	0.3186924016
ENSE00001461320_005	g0950	0	0.0607132319
ENSE00001461320_006	g0950	0	0.0277959075
ENSE00001461320_007	g0950	0	0.0135235303
ENSE00001461320_009	g0950	0	0.0234947150
ENSE00001461320_011	g0950	0	0.0069369086
ENSE00001461320_012	g0950	0	0.0085895272
ENSE00001461320_013	g0950	1	0.0109044543
ENSE00001461320_014	g0950	0	0.0130386419
ENSE00001461320_015	g0950	0	0.0146843055
ENSE00001461320_016	g0950	0	0.0108850578
ENSE00001461320_017	g0950	0	0.0151844237
ENSE00001461320_018	g0950	0	0.0194877471
ENSE00001461320_019	g0950	0	0.0103969353
ENSE00001461320_020	g0950	0	0.0136732548
ENSE00001461320_021	g0950	0	0.0215096139
ENSE00001461320_023	g0950	0	0.0034295369
ENSE00001461320_024	g0950	0	0.0073190001
ENSE00001471865_024	g0956	0	0.0070509171
ENSE00001479783_001	g0959	0	0.0035158207
ENSE00001479783_002	g0959	0	0.0035383279
ENSE00001479783_003	g0959	0	0.0027356569
ENSE00001479783_005	g0959	0	0.0026488929
ENSE00001479783_008	g0959	0	0.0226447965
ENSE00001479783_010	g0959	0	0.0174448735
ENSE00001479783_011	g0959	0	0.0083124185
ENSE00001479783_014	g0959	0	0.0074498662
ENSE00001479783_015	g0959	0	0.0101143650
ENSE00001479783_016	g0959	0	0.0140859471
ENSE00001479783_017	g0959	0	0.0130720300
ENSE00001479783_018	g0959	0	0.0029416927
ENSE00001479783_019	g0959	0	0.0030097899
ENSE00001479783_020	g0959	0	0.0020540704
ENSE00001479783_021	g0959	0	0.0079452315
ENSE00001483044_001	g0591	0	0.0023654207
ENSE00001483044_002	g0591	0	0.0101049556
ENSE00001483044_003	g0591	0	0.0141081621
ENSE00001483044_005	g0591	1	0.0303871577
ENSE00001483044_006	g0591	0	0.0395364738
ENSE00001483044_008	g0591	0	0.0425092001
ENSE00001483044_009	g0591	0	0.1107021843
ENSE00001483044_013	g0591	0	0.0535375545
ENSE00001483044_014	g0591	0	0.0455201665
ENSE00001483044_016	g0591	0	0.0030509606
ENSE00001483044_017	g0591	0	0.0012534625
ENSE00001483044_019	g0591	0	0.0035391616
ENSE00001483044_020	g0591	0	0.0015767052
ENSE00001483044_022	g0591	0	0.0058499341
ENSE00001483454_002	g0961	0	0.0026841172
ENSE00001483454_010	g0961	0	0.0132601805
ENSE00001483454_013	g0961	0	0.0097912758
ENSE00001483454_017	g0961	0	0.0065718429
ENSE00001484412_001	g0936	0	0.0060367696
ENSE00001484412_002	g0936	0	0.0128483657
ENSE00001484412_003	g0936	0	0.0319692514
ENSE00001484412_004	g0936	0	0.0148826963
ENSE00001484412_005	g0936	0	0.0183387702
ENSE00001484412_006	g0936	0	0.0163185217
ENSE00001484412_008	g0936	0	0.0259304859
ENSE00001484412_009	g0936	0	0.0486078950
ENSE00001484412_010	g0936	0	0.2445075846
ENSE00001484412_012	g0936	0	0.0104468018
ENSE00001484412_013	g0936	0	0.0117908961
ENSE00001484412_014	g0936	0	0.0140486434
ENSE00001484412_015	g0936	0	0.0111528734
ENSE00001484412_016	g0936	0	0.0108091874
ENSE00001484412_017	g0936	0	0.0332554751
ENSE00001484412_019	g0936	0	0.0274063493
ENSE00001484412_021	g0936	0	0.0149091307
ENSE00001484412_022	g0936	0	0.0164077908
ENSE00001484412_023	g0936	0	0.0242484241
ENSE00001484412_027	g0936	0	0.0123024130
ENSE00001484412_028	g0936	0	0.0246683647
ENSE00001484412_030	g0936	0	0.0080128096
ENSE00001484412_031	g0936	0	0.0023169455
ENSE00001484412_032	g0936	0	0.0013998515
ENSE00001488336_002	g0964	0	0.0040663267
ENSE00001488336_003	g0964	1	0.6970596087
ENSE00001488336_004	g0964	0	0.0221904272
ENSE00001488336_005	g0964	0	0.0084696194
ENSE00001488336_006	g0964	0	0.0153337115
ENSE00001488336_007	g0964	0	0.0237382469
ENSE00001488336_008	g0964	0	0.0395240683
ENSE00001488336_010	g0964	0	0.0055121246
ENSE00001488336_011	g0964	0	0.0232239318
ENSE00001488336_012	g0964	0	0.0257044962
ENSE00001488336_014	g0964	0	0.1299149494
ENSE00001488336_015	g0964	0	0.0076372905
ENSE00001488336_016	g0964	0	0.0092821643
ENSE00001488336_017	g0964	0	0.0284441029
ENSE00001488336_018	g0964	0	0.0120673287
ENSE00001488336_019	g0964	0	0.0118703276
ENSE00001488336_020	g0964	0	0.0060896555
ENSE00001505837_002	g0969	0	0.0026167212
ENSE00001505837_004	g0969	0	0.0166944872
ENSE00001505837_007	g0969	0	0.0225697321
ENSE00001505837_009	g0969	0	0.0546878406
ENSE00001505837_010	g0969	0	0.0238545022
ENSE00001505837_011	g0969	0	0.0381400053
ENSE00001505837_012	g0969	0	0.0235691059
ENSE00001505837_013	g0969	0	0.0114417590
ENSE00001505837_016	g0969	0	0.0048859912
ENSE00001505837_017	g0969	0	0.0094991621
ENSE00001505837_020	g0969	0	0.0170143050
ENSE00001505837_021	g0969	0	0.0141520689
ENSE00001505837_022	g0969	0	0.0182109013
ENSE00001505837_023	g0969	0	0.0255048386
ENSE00001505837_025	g0969	0	0.0183198006
ENSE00001505837_026	g0969	0	0.0333339215
ENSE00001505837_027	g0969	0	0.0070702995
ENSE00001505837_028	g0969	0	0.0085998744
ENSE00001577294_001	g0575	0	0.0037964234
ENSE00001577294_003	g0575	0	0.0153872498
ENSE00001577294_008	g0575	0	0.0037133209
ENSE00001577294_009	g0575	0	0.0125151698
ENSE00001577294_010	g0575	0	0.0159294283
ENSE00001577294_012	g0575	0	0.0122515894
ENSE00001577294_014	g0575	0	0.2855814068
ENSE00001577294_015	g0575	0	0.0141941076
ENSE00001577294_017	g0575	0	0.0810198168
ENSE00001577294_021	g0575	0	0.0118704721
ENSE00001577294_024	g0575	0	0.0053243754
ENSE00001589348_001	g0575	0	0.0786618778
ENSE00001589348_003	g0575	0	0.0137805402
ENSE00001589348_004	g0575	0	0.0157246982
ENSE00001589348_005	g0575	0	0.0094660485
ENSE00001589348_006	g0575	0	0.0165545126
ENSE00001589348_007	g0575	0	0.0307186013
ENSE00001589348_008	g0575	0	0.0301898323
ENSE00001589348_009	g0575	0	0.0125463949
ENSE00001589348_010	g0575	0	0.0084206115
ENSE00001589348_011	g0575	0	0.0175407077
ENSE00001589348_012	g0575	0	0.0588166856
ENSE00001589348_014	g0575	0	0.0144385748
ENSE00001589348_015	g0575	0	0.0142318075
ENSE00001589348_017	g0575	0	0.0671548079
ENSE00001589348_018	g0575	0	0.0105953149
ENSE00001589348_019	g0575	0	0.0094530548
ENSE00001589348_020	g0575	0	0.0061203219
ENSE00001593922_002	g0983	0	0.0022182324
ENSE00001593922_004	g0983	0	0.0680271787
ENSE00001593922_005	g0983	0	0.0093861535
ENSE00001593922_006	g0983	0	0.0092567801
ENSE00001593922_009	g0983	0	0.0152601544
ENSE00001593922_012	g0983	0	0.0500932493
ENSE00001593922_013	g0983	0	0.0437600744
ENSE00001593922_014	g0983	0	0.2335650485
ENSE00001593922_016	g0983	0	0.0178777390
ENSE00001593922_017	g0983	0	0.0039049449
ENSE00001595572_001	g0778	0	0.0055026748
ENSE00001595572_002	g0778	0	0.0037710320
ENSE00001595572_004	g0778	0	0.0117500482
ENSE00001595572_006	g0778	0	0.0393897284
ENSE00001595572_007	g0778	0	0.0174292634
ENSE00001595572_008	g0778	0	0.0016886689
ENSE00001597659_001	g0989	0	0.0017246640
ENSE00001597659_002	g0989	0	0.0029214249
ENSE00001597659_005	g0989	0	0.0124563311
ENSE00001597659_006	g0989	0	0.0314931855
ENSE00001597659_009	g0989	0	0.0078297215
ENSE00001598152_005	g0991	0	0.0915303143
ENSE00001598152_011	g0991	0	0.0126207731
ENSE00001598152_012	g0991	0	0.0163981574
ENSE00001598152_013	g0991	0	0.0114040815
ENSE00001598152_014	g0991	0	0.0040586480
ENSE00001598578_001	g0992	0	0.0074894563
ENSE00001598578_002	g0992	0	0.0051076128
ENSE00001598578_007	g0992	0	0.0109344555
ENSE00001598578_009	g0992	0	0.0081379027
ENSE00001598578_010	g0992	0	0.0080287152
ENSE00001598578_012	g0992	0	0.0234766518
ENSE00001598578_013	g0992	0	0.0257089523
ENSE00001600313_001	g0994	0	0.0234043646
ENSE00001600313_002	g0994	0	0.0349204398
ENSE00001600313_004	g0994	0	0.0406751726
ENSE00001600313_006	g0994	0	0.0071083374
ENSE00001600313_007	g0994	0	0.0073650855
ENSE00001600313_008	g0994	0	0.0164966109
ENSE00001600313_009	g0994	0	0.0241672981
ENSE00001600313_010	g0994	0	0.0520958936
ENSE00001600313_011	g0994	0	0.0076635341
ENSE00001600313_013	g0994	0	0.0052846284
ENSE00001602153_001	g0998	0	0.0101749134
ENSE00001608196_001	g0456	0	0.0020385795
ENSE00001608196_009	g0456	0	0.0660109699
ENSE00001608196_014	g0456	0	0.0058362307
ENSE00001608196_019	g0456	0	0.0014879039
ENSE00001614247_001	g1014	0	0.0018686606
ENSE00001614247_002	g1014	0	0.0047435012
ENSE00001614247_003	g1014	0	0.0093194079
ENSE00001614247_004	g1014	0	0.0226831655
ENSE00001614247_006	g1014	0	0.0109938745
ENSE00001614247_007	g1014	0	0.2082204798
ENSE00001614247_010	g1014	0	0.0290359606
ENSE00001614247_011	g1014	0	0.0310901237
ENSE00001614247_012	g1014	0	0.0298041070
ENSE00001614247_014	g1014	0	0.0110494542
ENSE00001614247_015	g1014	0	0.0066974791
ENSE00001614247_016	g1014	0	0.0105405498
ENSE00001614247_017	g1014	0	0.0098201542
ENSE00001614247_018	g1014	0	0.0143306672
ENSE00001614247_019	g1014	0	0.0143177750
ENSE00001614247_022	g1014	0	0.0188636682
ENSE00001614247_023	g1014	0	0.0149273312
ENSE00001614247_026	g1014	0	0.0200950320
ENSE00001614247_028	g1014	0	0.0121068285
ENSE00001614247_029	g1014	0	0.0158760649
ENSE00001614247_030	g1014	0	0.0105083477
ENSE00001614247_031	g1014	0	0.0106134730
ENSE00001614247_032	g1014	0	0.0215740813
ENSE00001614247_034	g1014	0	0.0443579337
ENSE00001614247_035	g1014	0	0.0207795895
ENSE00001614247_036	g1014	0	0.8063976485
ENSE00001614247_038	g1014	0	0.0185452944
ENSE00001614247_039	g1014	0	0.0028177815
ENSE00001614247_042	g1014	0	0.0025863445
ENSE00001614247_043	g1014	0	0.0015411561
ENSE00001614247_044	g1014	0	0.0015625194
ENSE00001614618_001	g1015	0	0.0014021348
ENSE00001614618_002	g1015	0	0.0041575672
ENSE00001614618_003	g1015	0	0.0177317879
ENSE00001614618_004	g1015	1	0.0030630358
ENSE00001614618_009	g1015	0	0.0086822075
ENSE00001614618_010	g1015	0	0.0100568781
ENSE00001614618_011	g1015	0	0.0077841706
ENSE00001614618_012	g1015	0	0.0168627026
ENSE00001614618_014	g1015	0	0.0112195770
ENSE00001614618_017	g1015	0	0.0339376536
ENSE00001614618_018	g1015	0	0.0111465104
ENSE00001614618_019	g1015	0	0.0115635984
ENSE00001614618_020	g1015	0	0.0084069096
ENSE00001614618_022	g1015	0	0.0100714782
ENSE00001614618_023	g1015	1	0.0136588703
ENSE00001614618_024	g1015	0	0.0116952197
ENSE00001614618_025	g1015	0	0.0124216705
ENSE00001614618_026	g1015	0	0.0063548349
ENSE00001614618_028	g1015	0	0.0119879610
ENSE00001617896_001	g1020	0	0.0024410966
ENSE00001617896_004	g1020	0	0.0047523625
ENSE00001617896_005	g1020	0	0.0118790521
ENSE00001617896_007	g1020	1	0.0276180173
ENSE00001617896_010	g1020	0	0.1155507783
ENSE00001617896_011	g1020	0	0.0100555748
ENSE00001617896_014	g1020	0	0.0204200296
ENSE00001617896_015	g1020	0	0.0099117136
ENSE00001617896_016	g1020	0	0.0112646670
ENSE00001617896_017	g1020	0	0.0075359139
ENSE00001617896_019	g1020	0	0.0181305065
ENSE00001617896_020	g1020	0	0.0192765348
ENSE00001617896_022	g1020	0	0.0238819411
ENSE00001617896_023	g1020	1	0.0353862702
ENSE00001617896_025	g1020	0	0.0673862874
ENSE00001617896_026	g1020	0	0.0051125335
ENSE00001617896_027	g1020	0	0.0050921380
ENSE00001617896_028	g1020	0	0.0035920134
ENSE00001617896_029	g1020	0	0.0025694515
ENSE00001619744_004	g1022	0	0.0185170888
ENSE00001619744_007	g1022	0	0.0092519440
ENSE00001619744_009	g1022	0	0.0131372754
ENSE00001619744_012	g1022	0	0.0253890243
ENSE00001619744_022	g1022	0	0.0062592051
ENSE00001620643_001	g0994	0	0.0022140730
ENSE00001620643_002	g0994	0	0.0045875795
ENSE00001620643_003	g0994	0	0.0027618593
ENSE00001620643_004	g0994	0	0.0084720569
ENSE00001620643_005	g0994	0	0.0052199819
ENSE00001620643_006	g0994	1	0.0260247656
ENSE00001620643_007	g0994	0	0.0312386889
ENSE00001620643_008	g0994	0	0.0520542137
ENSE00001620643_009	g0994	0	0.0540397487
ENSE00001620643_010	g0994	0	0.0155754176
ENSE00001620643_012	g0994	0	0.0255535516
ENSE00001620643_013	g0994	0	0.0084571114
ENSE00001620643_016	g0994	0	0.0228765408
ENSE00001620643_017	g0994	0	0.0090489893
ENSE00001620643_018	g0994	0	0.0104387876
ENSE00001620643_019	g0994	0	0.0167253788
ENSE00001620643_020	g0994	0	0.0024700021
ENSE00001620643_021	g0994	0	0.0012631094
ENSE00001620741_001	g0989	0	0.0020811212
ENSE00001620741_002	g0989	0	0.0070373511
ENSE00001620741_003	g0989	0	0.0181075438
ENSE00001620741_004	g0989	0	0.0508680919
ENSE00001620741_005	g0989	0	0.0152302351
ENSE00001620741_006	g0989	0	0.0334729496
ENSE00001620741_008	g0989	0	0.0162706176
ENSE00001620741_009	g0989	0	0.0131930650
ENSE00001620741_010	g0989	0	0.0192239271
ENSE00001621722_003	g0994	0	0.0023194607
ENSE00001621722_006	g0994	0	0.0296297732
ENSE00001621722_008	g0994	0	0.0114080973
ENSE00001621722_009	g0994	0	0.0095934325
ENSE00001621722_011	g0994	0	0.0096322883
ENSE00001621722_015	g0994	0	0.0087319752
ENSE00001621722_016	g0994	0	0.0196239643
ENSE00001621722_017	g0994	0	0.0193071167
ENSE00001621722_019	g0994	0	0.0168151457
ENSE00001621722_020	g0994	0	0.0015447202
ENSE00001621722_021	g0994	0	0.0033821405
ENSE00001621722_022	g0994	0	0.0012657578
ENSE00001623489_005	g0699	0	0.0118773681
ENSE00001623489_006	g0699	0	0.0286098486
ENSE00001623489_009	g0699	0	0.0063949075
ENSE00001623489_010	g0699	0	0.0125636805
ENSE00001623528_006	g1028	0	0.0461168179
ENSE00001623528_009	g1028	0	0.0060332764
ENSE00001623528_010	g1028	0	0.0294776847
ENSE00001623528_015	g1028	0	0.0169284006
ENSE00001623528_021	g1028	0	0.0161018308
ENSE00001624107_001	g1029	0	0.0173690256
ENSE00001624107_004	g1029	0	0.0096215232
ENSE00001624107_017	g1029	0	0.0090314055
ENSE00001624107_018	g1029	0	0.0137352064
ENSE00001624107_019	g1029	0	0.0088733740
ENSE00001624107_020	g1029	0	0.0177644744
ENSE00001624107_028	g1029	0	0.0106810195
ENSE00001625627_004	g0456	0	0.0457741605
ENSE00001625627_007	g0456	1	0.1479804129
ENSE00001625627_010	g0456	0	0.1279440749
ENSE00001625627_012	g0456	0	0.0536384668
ENSE00001625627_014	g0456	0	0.0420971016
ENSE00001625627_015	g0456	0	0.0253365638
ENSE00001625627_019	g0456	1	0.0494465114
ENSE00001625627_024	g0456	0	0.0051346418
ENSE00001632380_011	g0456	0	0.1254759341
ENSE00001632380_015	g0456	0	0.0333864593
ENSE00001632380_025	g0456	0	0.0079985263
ENSE00001635067_005	g1043	0	0.0115837110
ENSE00001635067_011	g1043	0	0.0145751569
ENSE00001635067_012	g1043	0	0.0157651560
ENSE00001635067_013	g1043	0	0.0267840584
ENSE00001635067_016	g1043	0	0.0150349063
ENSE00001635067_017	g1043	0	0.0153531132
ENSE00001635067_019	g1043	0	0.0165883876
ENSE00001635067_021	g1043	0	0.0147876534
ENSE00001635067_023	g1043	0	0.0055512999
ENSE00001635067_025	g1043	0	0.0057222840
ENSE00001635067_027	g1043	0	0.0028626190
ENSE00001635067_028	g1043	0	0.0024344556
ENSE00001635327_001	g1045	0	0.0065036550
ENSE00001635327_002	g1045	0	0.0054831597
ENSE00001635327_003	g1045	0	0.0019442736
ENSE00001635327_004	g1045	0	0.0065071864
ENSE00001635327_005	g1045	0	0.0081439445
ENSE00001635327_006	g1045	0	0.0338798552
ENSE00001635327_007	g1045	0	0.0421886179
ENSE00001635327_008	g1045	0	0.0465869192
ENSE00001635327_009	g1045	0	0.0287447667
ENSE00001635327_010	g1045	0	0.0650850629
ENSE00001635327_013	g1045	0	0.0111148379
ENSE00001635327_015	g1045	0	0.0112709769
ENSE00001635327_016	g1045	0	0.0188722521
ENSE00001635327_017	g1045	0	0.0448898110
ENSE00001635327_019	g1045	1	0.7296635347
ENSE00001635327_020	g1045	0	0.0205665008
ENSE00001635327_022	g1045	0	0.0111355860
ENSE00001635327_024	g1045	0	0.0106662029
ENSE00001635327_025	g1045	0	0.0185502536
ENSE00001635327_026	g1045	0	0.0230394965
ENSE00001635327_027	g1045	0	0.0068083546
ENSE00001635327_028	g1045	0	0.0024762463
ENSE00001635327_029	g1045	0	0.0032155349
ENSE00001639984_001	g1051	0	0.0047653248
ENSE00001639984_002	g1051	0	0.0017033545
ENSE00001639984_003	g1051	0	0.0017829998
ENSE00001639984_004	g1051	0	0.2502229973
ENSE00001639984_005	g1051	0	0.0299090650
ENSE00001639984_006	g1051	0	0.0361644283
ENSE00001639984_007	g1051	0	0.0412020341
ENSE00001639984_008	g1051	0	0.0335939301
ENSE00001639984_009	g1051	0	0.0166767552
ENSE00001639984_011	g1051	0	0.0125763572
ENSE00001639984_018	g1051	0	0.0176216169
ENSE00001639984_020	g1051	0	0.0064012662
ENSE00001639984_021	g1051	0	0.0225026813
ENSE00001639984_022	g1051	0	0.0664253923
ENSE00001639984_023	g1051	0	0.1765369633
ENSE00001639984_024	g1051	0	0.1604644270
ENSE00001639984_025	g1051	0	0.1110453710
ENSE00001639984_026	g1051	0	0.0188655116
ENSE00001639984_027	g1051	0	0.0231552535
ENSE00001639984_028	g1051	0	0.0236902056
ENSE00001639984_029	g1051	0	0.0350086761
ENSE00001639984_030	g1051	0	0.0181226257
ENSE00001642061_004	g1053	0	0.0149616879
ENSE00001642061_010	g1053	1	0.0532710187
ENSE00001642061_015	g1053	0	0.0254689047
ENSE00001642061_021	g1053	0	0.0460705207
ENSE00001642061_024	g1053	0	0.0010760773
ENSE00001642210_001	g1054	0	0.0341728654
ENSE00001642210_002	g1054	0	0.0122907660
ENSE00001642210_003	g1054	0	0.0241785489
ENSE00001642210_004	g1054	0	0.0148643182
ENSE00001642210_006	g1054	0	0.0161381496
ENSE00001642210_008	g1054	0	0.0154065691
ENSE00001642210_009	g1054	0	0.0159147747
ENSE00001642210_010	g1054	0	0.0133801833
ENSE00001642210_011	g1054	0	0.0057596312
ENSE00001642210_012	g1054	0	0.0122098366
ENSE00001642210_014	g1054	0	0.0083634550
ENSE00001643037_001	g0989	0	0.0020278846
ENSE00001643037_003	g0989	0	0.0014772405
ENSE00001643037_005	g0989	0	0.0018757785
ENSE00001643037_007	g0989	0	0.0032556130
ENSE00001643037_008	g0989	0	0.0025816330
ENSE00001643037_009	g0989	0	0.0523651876
ENSE00001643037_010	g0989	0	0.0237145323
ENSE00001643037_011	g0989	0	0.0203259329
ENSE00001643037_012	g0989	0	0.0373571497
ENSE00001643037_014	g0989	0	0.0147327724
ENSE00001643037_017	g0989	0	0.0161170934
ENSE00001643037_018	g0989	0	0.0138532005
ENSE00001643037_020	g0989	0	0.0256014398
ENSE00001643037_021	g0989	0	0.0207521889
ENSE00001643037_023	g0989	1	0.1204297803
ENSE00001643037_024	g0989	0	0.0155686487
ENSE00001644049_001	g0456	0	0.0044498120
ENSE00001644049_002	g0456	0	0.0035537786
ENSE00001644049_003	g0456	0	0.0193482556
ENSE00001644049_004	g0456	0	0.0132687443
ENSE00001644049_005	g0456	0	0.0074392370
ENSE00001644049_006	g0456	0	0.0401963272
ENSE00001644049_007	g0456	0	0.0372218880
ENSE00001644049_008	g0456	0	0.0586294048
ENSE00001644049_009	g0456	0	0.0751983126
ENSE00001644049_011	g0456	0	0.0169770763
ENSE00001644049_013	g0456	0	0.0321357307
ENSE00001644049_014	g0456	0	0.0290238755
ENSE00001644049_015	g0456	0	0.0688650284
ENSE00001644049_016	g0456	0	0.0498838726
ENSE00001644049_017	g0456	0	0.0392975207
ENSE00001644049_018	g0456	0	0.0231383503
ENSE00001644049_019	g0456	0	0.0073668382
ENSE00001644049_020	g0456	0	0.0039566209
ENSE00001644049_021	g0456	0	0.0032549634
ENSE00001644049_022	g0456	0	0.0059115282
ENSE00001644049_023	g0456	0	0.0062630686
ENSE00001644049_024	g0456	0	0.0032531053
ENSE00001644049_025	g0456	0	0.0032789265
ENSE00001644049_026	g0456	0	0.0030542213
ENSE00001644049_027	g0456	0	0.0049988166
ENSE00001647173_005	g1059	0	0.0106754092
ENSE00001647173_006	g1059	0	0.0044952514
ENSE00001647173_008	g1059	1	0.5540998629
ENSE00001647173_009	g1059	0	0.0332793675
ENSE00001647173_016	g1059	0	0.0084478192
ENSE00001647173_019	g1059	0	0.0086444012
ENSE00001647173_020	g1059	0	0.0158326091
ENSE00001647173_022	g1059	0	0.0412301626
ENSE00001647173_023	g1059	0	0.0056437847
ENSE00001647173_024	g1059	0	0.0025348333
ENSE00001650689_002	g1066	0	0.0027113178
ENSE00001650689_007	g1066	0	0.0103378651
ENSE00001650689_009	g1066	0	0.0126861603
ENSE00001650689_012	g1066	1	0.0148853473
ENSE00001650689_013	g1066	0	0.0095270745
ENSE00001650689_014	g1066	0	0.6937346372
ENSE00001650689_016	g1066	0	0.0127300891
ENSE00001650689_019	g1066	0	0.0114838592
ENSE00001650689_021	g1066	0	0.0201206775
ENSE00001650689_022	g1066	0	0.0365366655
ENSE00001650689_024	g1066	0	0.0386639199
ENSE00001650689_027	g1066	0	0.0834312021
ENSE00001650689_031	g1066	0	0.0033457114
ENSE00001650689_032	g1066	0	0.0014781209
ENSE00001650689_033	g1066	0	0.0019015308
ENSE00001650689_034	g1066	0	0.0030196093
ENSE00001650689_035	g1066	0	0.0021079851
ENSE00001650689_036	g1066	0	0.0015873229
ENSE00001650689_037	g1066	0	0.0027899447
ENSE00001650689_039	g1066	0	0.0026298336
ENSE00001650838_001	g0477	0	0.0016460469
ENSE00001650838_002	g0477	0	0.0011135020
ENSE00001650838_003	g0477	0	0.0016675219
ENSE00001650838_005	g0477	0	0.0033431869
ENSE00001650838_006	g0477	0	0.0321732336
ENSE00001650838_007	g0477	0	0.0398761938
ENSE00001650838_008	g0477	0	0.0348448978
ENSE00001650838_009	g0477	0	0.1284977200
ENSE00001650838_010	g0477	0	0.0169832972
ENSE00001650838_011	g0477	0	0.0203136621
ENSE00001650838_013	g0477	0	0.0397087827
ENSE00001650838_015	g0477	0	0.0042975013
ENSE00001650838_016	g0477	0	0.0096521023
ENSE00001650929_001	g0456	0	0.0054232942
ENSE00001650929_004	g0456	0	0.0034271866
ENSE00001650929_006	g0456	0	0.0088953920
ENSE00001650929_007	g0456	0	0.0079626439
ENSE00001650929_008	g0456	0	0.0061180755
ENSE00001650929_009	g0456	0	0.0464688047
ENSE00001650929_011	g0456	0	0.0237530048
ENSE00001650929_016	g0456	0	0.0129561394
ENSE00001650929_018	g0456	0	0.0037898393
ENSE00001650929_019	g0456	0	0.0037540224
ENSE00001650929_022	g0456	0	0.0013308730
ENSE00001651121_002	g0295	0	0.0007235760
ENSE00001651121_003	g0295	0	0.0029331708
ENSE00001651121_004	g0295	0	0.0027365560
ENSE00001651121_005	g0295	0	0.0269172013
ENSE00001651121_006	g0295	0	0.0095289064
ENSE00001651121_008	g0295	0	0.0179708742
ENSE00001651121_009	g0295	0	0.0181282160
ENSE00001651121_010	g0295	0	0.0149906960
ENSE00001651121_012	g0295	0	0.0201897483
ENSE00001651121_013	g0295	0	0.0455097034
ENSE00001651121_014	g0295	0	0.0205460230
ENSE00001651121_015	g0295	0	0.0156476931
ENSE00001651121_016	g0295	0	0.0113061452
ENSE00001651121_017	g0295	0	0.0066763550
ENSE00001653697_001	g0516	0	0.0021505787
ENSE00001653697_002	g0516	0	0.0117107919
ENSE00001653697_003	g0516	0	0.0026437554
ENSE00001653697_004	g0516	0	0.0036925624
ENSE00001653697_005	g0516	0	0.0042236838
ENSE00001653697_006	g0516	0	0.0029637007
ENSE00001653697_007	g0516	0	0.0140186923
ENSE00001653697_008	g0516	0	0.0441002141
ENSE00001653697_009	g0516	0	0.7781615544
ENSE00001653697_010	g0516	0	0.0092088370
ENSE00001653697_011	g0516	0	0.0180014151
ENSE00001653697_012	g0516	0	0.0108494785
ENSE00001653697_013	g0516	0	0.0500324225
ENSE00001653697_014	g0516	0	0.0164497099
ENSE00001653697_015	g0516	0	0.0193419282
ENSE00001653697_016	g0516	0	0.0159543321
ENSE00001653697_017	g0516	0	0.0066577142
ENSE00001653697_018	g0516	0	0.0078541219
ENSE00001653697_019	g0516	0	0.0093596125
ENSE00001653697_021	g0516	0	0.0088294869
ENSE00001653953_002	g1071	0	0.0037168374
ENSE00001653953_003	g1071	0	0.0026292110
ENSE00001653953_004	g1071	0	0.0036119756
ENSE00001653953_006	g1071	0	0.0042948426
ENSE00001653953_008	g1071	0	0.0345354257
ENSE00001653953_010	g1071	0	0.0172407362
ENSE00001653953_011	g1071	0	0.0454050735
ENSE00001653953_015	g1071	0	0.0337141965
ENSE00001653953_016	g1071	0	0.0199411474
ENSE00001653953_017	g1071	0	0.0187551335
ENSE00001653953_018	g1071	0	0.0134518834
ENSE00001653953_021	g1071	0	0.0239310432
ENSE00001653953_022	g1071	0	0.0115225264
ENSE00001653953_023	g1071	0	0.0166144046
ENSE00001653953_024	g1071	0	0.0222624752
ENSE00001653953_027	g1071	1	0.3866204341
ENSE00001653953_028	g1071	0	0.0111910194
ENSE00001653953_029	g1071	0	0.0099131141
ENSE00001653953_030	g1071	0	0.0388037652
ENSE00001653953_031	g1071	0	0.0110306310
ENSE00001653953_032	g1071	0	0.0137171726
ENSE00001653953_033	g1071	0	0.0083363343
ENSE00001653953_034	g1071	0	0.0164131406
ENSE00001653953_035	g1071	0	0.0061058833
ENSE00001654905_006	g1073	0	0.0208462577
ENSE00001654905_008	g1073	0	0.0314129630
ENSE00001656503_001	g1075	0	0.0029860333
ENSE00001656503_002	g1075	0	0.0044457293
ENSE00001656503_003	g1075	0	0.0012688550
ENSE00001656503_004	g1075	0	0.0012495544
ENSE00001656503_007	g1075	0	0.4305020269
ENSE00001656503_010	g1075	0	0.0208651531
ENSE00001656503_013	g1075	0	0.0352714649
ENSE00001656503_014	g1075	0	0.0167596027
ENSE00001656503_015	g1075	0	0.0108963132
ENSE00001656503_016	g1075	0	0.0274680494
ENSE00001656503_017	g1075	0	0.0193941380
ENSE00001656503_018	g1075	0	0.0317540187
ENSE00001656503_019	g1075	0	0.0189794643
ENSE00001656503_020	g1075	0	0.0108579780
ENSE00001656503_022	g1075	0	0.0125562997
ENSE00001656503_023	g1075	0	0.0308439447
ENSE00001656503_025	g1075	0	0.0036276596
ENSE00001656503_027	g1075	0	0.0033409264
ENSE00001659445_003	g1078	0	0.0208767517
ENSE00001659445_006	g1078	0	0.0603693493
ENSE00001659445_009	g1078	0	0.0565312434
ENSE00001659445_011	g1078	0	0.0427500497
ENSE00001659445_012	g1078	0	0.4742825516
ENSE00001661147_001	g1082	0	0.0031952583
ENSE00001661147_004	g1082	0	0.0328444349
ENSE00001661147_006	g1082	0	0.0622729069
ENSE00001661147_009	g1082	0	0.0103512542
ENSE00001661147_011	g1082	0	0.0107911643
ENSE00001661147_016	g1082	0	0.0021657703
ENSE00001662387_003	g1083	0	0.0080949122
ENSE00001662387_004	g1083	0	0.0133682792
ENSE00001662387_006	g1083	0	0.0196045632
ENSE00001662971_001	g1084	0	0.0015975854
ENSE00001662971_003	g1084	0	0.0030686416
ENSE00001662971_004	g1084	0	0.0030017104
ENSE00001662971_006	g1084	0	0.0148704177
ENSE00001662971_008	g1084	0	0.0163219544
ENSE00001662971_009	g1084	0	0.0228424336
ENSE00001662971_010	g1084	0	0.0247242820
ENSE00001662971_011	g1084	0	0.0276290257
ENSE00001662971_013	g1084	0	0.0084938780
ENSE00001662971_014	g1084	0	0.0123076386
ENSE00001662971_015	g1084	0	0.0101771373
ENSE00001662971_016	g1084	0	0.0060869004
ENSE00001662971_018	g1084	0	0.0064352819
ENSE00001662971_019	g1084	0	0.0147756219
ENSE00001665059_001	g1087	0	0.0019088711
ENSE00001665059_002	g1087	0	0.0015275894
ENSE00001665059_003	g1087	0	0.0012383611
ENSE00001665059_005	g1087	0	0.0152642286
ENSE00001665059_006	g1087	0	0.0142835779
ENSE00001665059_007	g1087	0	0.0185893326
ENSE00001665059_008	g1087	0	0.0396406744
ENSE00001665059_009	g1087	0	0.0193641631
ENSE00001665059_010	g1087	0	0.0203109359
ENSE00001665059_012	g1087	0	0.0577890307
ENSE00001665059_013	g1087	0	0.0156460061
ENSE00001665059_014	g1087	0	0.1683566193
ENSE00001665059_015	g1087	0	0.0452373860
ENSE00001665059_016	g1087	0	0.0279036990
ENSE00001665059_017	g1087	0	0.0471046040
ENSE00001665059_021	g1087	0	0.0089471796
ENSE00001665059_022	g1087	0	0.0037547174
ENSE00001666005_001	g1090	0	0.0031547533
ENSE00001666005_002	g1090	0	0.0014595514
ENSE00001666005_006	g1090	0	0.0137855811
ENSE00001666005_009	g1090	0	0.0268503767
ENSE00001666005_010	g1090	0	0.0397968785
ENSE00001666005_011	g1090	0	0.0091321302
ENSE00001666005_012	g1090	0	0.0230327950
ENSE00001666005_015	g1090	0	0.1067394507
ENSE00001666005_017	g1090	0	0.0541309744
ENSE00001666005_021	g1090	0	0.0048803302
ENSE00001666005_022	g1090	0	0.0068487813
ENSE00001666264_002	g1091	0	0.0040658685
ENSE00001666264_004	g1091	0	0.0074383218
ENSE00001666264_006	g1091	0	0.0232377772
ENSE00001666264_008	g1091	0	0.1433132090
ENSE00001666264_011	g1091	0	0.0113999484
ENSE00001666264_012	g1091	0	0.0139235408
ENSE00001666264_013	g1091	0	0.0091072279
ENSE00001666264_015	g1091	0	0.0241374147
ENSE00001666264_016	g1091	0	0.0514548244
ENSE00001666264_018	g1091	0	0.2816034294
ENSE00001666264_019	g1091	0	0.0024299060
ENSE00001666264_020	g1091	0	0.0039124804
ENSE00001666264_022	g1091	0	0.0027091664
ENSE00001666264_023	g1091	0	0.0011061476
ENSE00001666264_024	g1091	0	0.0013394767
ENSE00001668703_004	g1093	0	0.0117404718
ENSE00001668703_010	g1093	0	0.1206836942
ENSE00001668703_012	g1093	0	0.0013848608
ENSE00001670105_001	g1095	0	0.0241440025
ENSE00001670105_002	g1095	0	0.4176525458
ENSE00001670105_004	g1095	0	0.0200550443
ENSE00001670105_005	g1095	0	0.0212150459
ENSE00001670105_006	g1095	0	0.0597898135
ENSE00001670105_007	g1095	0	0.0374609487
ENSE00001670105_008	g1095	0	0.0141118427
ENSE00001670105_009	g1095	0	0.0190755940
ENSE00001670105_011	g1095	0	0.0242551846
ENSE00001670105_012	g1095	0	0.0159865543
ENSE00001670105_013	g1095	0	0.0060754973
ENSE00001670105_014	g1095	0	0.0036311414
ENSE00001670105_015	g1095	0	0.0049568866
ENSE00001670105_016	g1095	0	0.0046432839
ENSE00001671197_001	g0477	0	0.0031593311
ENSE00001671197_002	g0477	0	0.0133787733
ENSE00001671197_003	g0477	0	0.0260607826
ENSE00001671197_005	g0477	0	0.0589877188
ENSE00001671197_006	g0477	0	0.0366071898
ENSE00001671197_007	g0477	0	0.0158193348
ENSE00001671197_008	g0477	0	0.0269183435
ENSE00001671197_009	g0477	0	0.0396697405
ENSE00001671197_010	g0477	0	0.0463130332
ENSE00001671197_011	g0477	0	0.0475073889
ENSE00001671197_012	g0477	0	0.0264326877
ENSE00001671197_013	g0477	0	0.0586291221
ENSE00001671197_014	g0477	0	0.0330633310
ENSE00001671197_015	g0477	0	0.0090699892
ENSE00001671197_016	g0477	0	0.0186853620
ENSE00001671197_017	g0477	0	0.0131313365
ENSE00001671197_018	g0477	0	0.0151574205
ENSE00001671197_019	g0477	0	0.0352975594
ENSE00001671197_020	g0477	0	0.0308904321
ENSE00001671197_021	g0477	0	0.0133045091
ENSE00001671197_022	g0477	0	0.0249195428
ENSE00001671197_023	g0477	0	0.0099096827
ENSE00001671197_025	g0477	0	0.0127099546
ENSE00001671197_026	g0477	0	0.0057078896
ENSE00001671444_002	g1096	0	0.0051931752
ENSE00001671444_003	g1096	0	0.0142052829
ENSE00001671444_004	g1096	0	0.0144185401
ENSE00001671444_006	g1096	0	0.0136729889
ENSE00001671444_007	g1096	0	0.0074561838
ENSE00001671444_009	g1096	0	0.0091795064
ENSE00001671444_012	g1096	0	0.0150310288
ENSE00001671444_015	g1096	0	0.0471438647
ENSE00001671444_020	g1096	0	0.0152022531
ENSE00001671444_022	g1096	0	0.0441484379
ENSE00001671444_024	g1096	0	0.0024929392
ENSE00001672515_001	g0747	0	0.0017134702
ENSE00001672515_002	g0747	0	0.0047555198
ENSE00001672515_003	g0747	0	0.0103480129
ENSE00001672515_004	g0747	0	0.0098590707
ENSE00001672515_006	g0747	0	0.0063896562
ENSE00001672515_007	g0747	0	0.0173451550
ENSE00001672515_009	g0747	0	0.0278694265
ENSE00001672515_010	g0747	0	0.0170611265
ENSE00001672515_011	g0747	0	0.0221350743
ENSE00001672515_012	g0747	0	0.0162737323
ENSE00001672515_013	g0747	0	0.0200023442
ENSE00001672515_014	g0747	0	0.0096652037
ENSE00001672515_015	g0747	0	0.0164288563
ENSE00001672515_016	g0747	0	0.0137599606
ENSE00001672515_020	g0747	0	0.0321953568
ENSE00001672515_021	g0747	0	0.0314479112
ENSE00001672515_022	g0747	0	0.0183022518
ENSE00001672515_025	g0747	0	0.0078448348
ENSE00001672515_027	g0747	0	0.0113806891
ENSE00001672515_028	g0747	0	0.0053765308
ENSE00001673549_001	g1100	0	0.0041471180
ENSE00001673549_002	g1100	0	0.0062337283
ENSE00001673549_003	g1100	0	0.0059293670
ENSE00001673549_004	g1100	0	0.0088637244
ENSE00001673549_005	g1100	0	0.0381974956
ENSE00001673549_006	g1100	0	0.0294234447
ENSE00001673549_007	g1100	0	0.0629241972
ENSE00001673549_008	g1100	0	0.0153851669
ENSE00001673549_009	g1100	0	0.0072357977
ENSE00001673549_011	g1100	0	0.0398917857
ENSE00001673549_012	g1100	0	0.0078656807
ENSE00001673549_013	g1100	0	0.0037347263
ENSE00001673549_015	g1100	0	0.0020741040
ENSE00001679208_002	g0994	0	0.0157478190
ENSE00001679208_005	g0994	0	0.0035511233
ENSE00001679208_010	g0994	0	0.0214751878
ENSE00001679208_013	g0994	0	0.0517187934
ENSE00001679208_014	g0994	0	0.0242646355
ENSE00001679208_017	g0994	0	0.0010439405
ENSE00001679208_019	g0994	0	0.0015097992
ENSE00001683641_002	g0295	0	0.0057560254
ENSE00001683641_003	g0295	0	0.0240788710
ENSE00001683641_005	g0295	0	0.0214700994
ENSE00001683641_008	g0295	0	0.0551360576
ENSE00001683641_009	g0295	0	0.0223723718
ENSE00001683641_010	g0295	0	0.0093775833
ENSE00001683641_011	g0295	0	0.0202796840
ENSE00001683641_012	g0295	0	0.0108594057
ENSE00001683641_013	g0295	0	0.0100416948
ENSE00001683641_014	g0295	0	0.0090024897
ENSE00001683641_015	g0295	0	0.0118208861
ENSE00001683641_016	g0295	0	0.0222074868
ENSE00001683641_017	g0295	0	0.0164835533
ENSE00001683641_018	g0295	0	0.0185181540
ENSE00001686462_001	g1111	0	0.0032339095
ENSE00001686462_002	g1111	0	0.0026847332
ENSE00001686462_004	g1111	0	0.0220769194
ENSE00001686462_005	g1111	0	0.0105563089
ENSE00001686462_006	g1111	0	0.0260815593
ENSE00001686462_007	g1111	0	0.0248888137
ENSE00001686462_008	g1111	0	0.0185176973
ENSE00001686462_009	g1111	0	0.2233163704
ENSE00001686462_010	g1111	0	0.0236356969
ENSE00001686462_011	g1111	0	0.0467548753
ENSE00001686462_012	g1111	0	0.0298304435
ENSE00001686462_013	g1111	0	0.0522960753
ENSE00001686462_014	g1111	0	0.0081809411
ENSE00001686462_015	g1111	0	0.0083432886
ENSE00001686462_016	g1111	0	0.0096595852
ENSE00001686462_017	g1111	0	0.0283129581
ENSE00001686462_019	g1111	0	0.0229363375
ENSE00001686462_020	g1111	0	0.0098954013
ENSE00001686462_021	g1111	0	0.0061087127
ENSE00001686462_022	g1111	0	0.0057715895
ENSE00001686530_005	g1112	1	0.7554939568
ENSE00001687232_003	g1113	0	0.0112887774
ENSE00001687232_004	g1113	0	0.0130736342
ENSE00001687232_012	g1113	0	0.0207692127
ENSE00001687232_014	g1113	0	0.0053256851
ENSE00001687232_017	g1113	0	0.0036081332
ENSE00001687232_018	g1113	0	0.0044773135
ENSE00001688034_001	g1115	0	0.0036869590
ENSE00001688034_002	g1115	0	0.0047553875
ENSE00001688034_003	g1115	0	0.0076031839
ENSE00001688034_009	g1115	0	0.0076945358
ENSE00001688034_010	g1115	0	0.0111109659
ENSE00001688034_011	g1115	0	0.0041268712
ENSE00001688034_012	g1115	0	0.0037131127
ENSE00001688034_014	g1115	0	0.0019105219
ENSE00001688034_016	g1115	0	0.0013588372
ENSE00001688034_017	g1115	0	0.0021789157
ENSE00001695610_003	g0282	0	0.0541507008
ENSE00001695610_005	g0282	0	0.0185400483
ENSE00001695610_015	g0282	0	0.0179494609
ENSE00001695610_016	g0282	0	0.0929209399
ENSE00001695610_017	g0282	0	0.0174018261
ENSE00001695610_021	g0282	0	0.0052235946
ENSE00001695610_022	g0282	0	0.0039071535
ENSE00001695610_024	g0282	0	0.0027065089
ENSE00001697359_002	g1123	0	0.0105215189
ENSE00001697359_003	g1123	0	0.0100022922
ENSE00001697359_004	g1123	0	0.1583213249
ENSE00001697359_005	g1123	0	0.0179858641
ENSE00001697359_007	g1123	0	0.0063331737
ENSE00001697359_009	g1123	0	0.0153476708
ENSE00001697359_012	g1123	0	0.0024401531
ENSE00001697371_001	g1124	0	0.0019584588
ENSE00001697371_004	g1124	0	0.0335076751
ENSE00001698921_016	g1125	0	0.0020294091
ENSE00001699188_001	g0989	0	0.0032821053
ENSE00001699188_002	g0989	0	0.0016745885
ENSE00001699188_003	g0989	0	0.0034420488
ENSE00001699188_004	g0989	0	0.0026328400
ENSE00001699188_005	g0989	0	0.0022736815
ENSE00001699188_006	g0989	0	0.0020224451
ENSE00001699188_007	g0989	0	0.0027639454
ENSE00001699188_008	g0989	0	0.0026213261
ENSE00001699188_013	g0989	0	0.0349345472
ENSE00001699188_016	g0989	0	0.0234291781
ENSE00001699188_018	g0989	0	0.0222913235
ENSE00001699188_021	g0989	0	0.0515422285
ENSE00001699188_022	g0989	0	0.0664267239
ENSE00001699188_023	g0989	0	0.0622572790
ENSE00001699188_024	g0989	0	0.0162604467
ENSE00001699188_025	g0989	0	0.0253149763
ENSE00001699188_029	g0989	0	0.0070833521
ENSE00001699898_003	g1127	0	0.0011426039
ENSE00001699898_007	g1127	0	0.0258234777
ENSE00001699898_008	g1127	0	0.0202669647
ENSE00001699898_009	g1127	0	0.0314590557
ENSE00001699898_012	g1127	0	0.0132347699
ENSE00001699898_013	g1127	0	0.0065967243
ENSE00001699898_014	g1127	0	0.0081774398
ENSE00001699898_017	g1127	0	0.0032108422
ENSE00001699898_018	g1127	0	0.0028815796
ENSE00001700147_002	g1128	0	0.0010467830
ENSE00001700147_006	g1128	0	0.0033975940
ENSE00001700147_009	g1128	0	0.0171737416
ENSE00001700147_010	g1128	0	0.0091939532
ENSE00001700147_013	g1128	0	0.0135430249
ENSE00001700147_014	g1128	1	0.0167686726
ENSE00001700147_016	g1128	0	0.0365001448
ENSE00001700147_017	g1128	0	0.0269740703
ENSE00001700147_018	g1128	0	0.0173319043
ENSE00001700147_019	g1128	0	0.0102708748
ENSE00001700147_026	g1128	0	0.0508497619
ENSE00001700147_029	g1128	0	0.0069183525
ENSE00001702657_002	g1131	0	0.0038329927
ENSE00001702657_003	g1131	0	0.0049050523
ENSE00001702657_004	g1131	0	0.0065652223
ENSE00001702657_005	g1131	0	0.0144696485
ENSE00001702657_006	g1131	0	0.0786192954
ENSE00001702657_009	g1131	0	0.0610364131
ENSE00001702657_010	g1131	0	0.0305818493
ENSE00001702657_011	g1131	0	0.0049953229
ENSE00001702657_013	g1131	0	0.0034542949
ENSE00001702657_014	g1131	0	0.0036324728
ENSE00001702822_001	g0456	0	0.0067605208
ENSE00001702822_002	g0456	0	0.0058948680
ENSE00001702822_003	g0456	0	0.0108217424
ENSE00001702822_004	g0456	0	0.0049795298
ENSE00001702822_006	g0456	0	0.0173115708
ENSE00001702822_008	g0456	0	0.0281456056
ENSE00001702822_009	g0456	0	0.0799408646
ENSE00001702822_010	g0456	0	0.0418205308
ENSE00001702822_011	g0456	0	0.0529023759
ENSE00001702822_013	g0456	0	0.0519930542
ENSE00001702822_014	g0456	0	0.0226099277
ENSE00001702822_015	g0456	0	0.0191819483
ENSE00001702822_018	g0456	0	0.0022534316
ENSE00001702822_019	g0456	0	0.0018398535
ENSE00001702822_021	g0456	0	0.0052517189
ENSE00001702822_022	g0456	0	0.0035672858
ENSE00001702822_023	g0456	0	0.0014886446
ENSE00001702822_024	g0456	0	0.0024526868
ENSE00001704022_004	g1135	0	0.0359462883
ENSE00001704022_011	g1135	0	0.0027402068
ENSE00001704022_012	g1135	0	0.0030388432
ENSE00001704164_001	g1136	0	0.0024064685
ENSE00001704164_002	g1136	0	0.0252002375
ENSE00001704164_006	g1136	0	0.0810060179
ENSE00001708226_001	g1140	0	0.0127483740
ENSE00001708226_002	g1140	0	0.0099580213
ENSE00001708226_003	g1140	0	0.0115162256
ENSE00001708226_009	g1140	0	0.0195079075
ENSE00001708226_010	g1140	0	0.0219443913
ENSE00001708226_011	g1140	0	0.0168105171
ENSE00001708226_013	g1140	0	0.0166890887
ENSE00001708226_014	g1140	0	0.0225193312
ENSE00001708226_017	g1140	0	0.0132373054
ENSE00001708226_018	g1140	0	0.0096111300
ENSE00001708226_023	g1140	0	0.0206226957
ENSE00001708226_024	g1140	0	0.0251234242
ENSE00001708226_029	g1140	0	0.0027419267
ENSE00001708226_030	g1140	0	0.0024897554
ENSE00001708226_031	g1140	0	0.0014435850
ENSE00001708545_002	g1141	0	0.0427072192
ENSE00001708545_006	g1141	0	0.0262407361
ENSE00001708545_007	g1141	0	0.0224291007
ENSE00001708545_010	g1141	0	0.0266840460
ENSE00001708545_011	g1141	0	0.0363370231
ENSE00001708545_014	g1141	0	0.0469480850
ENSE00001708545_015	g1141	0	0.0167815801
ENSE00001708545_016	g1141	0	0.0222888735
ENSE00001708545_018	g1141	0	0.0341584002
ENSE00001708545_019	g1141	0	0.0391180336
ENSE00001708717_002	g1142	0	0.0083144544
ENSE00001708717_003	g1142	0	0.0273819801
ENSE00001708717_004	g1142	0	0.0189081615
ENSE00001708717_005	g1142	0	0.0182216944
ENSE00001708717_006	g1142	0	0.0190966862
ENSE00001708717_007	g1142	0	0.0091138139
ENSE00001708717_008	g1142	0	0.0106281490
ENSE00001708717_009	g1142	0	0.0555103515
ENSE00001708717_010	g1142	0	0.0280524479
ENSE00001708717_011	g1142	0	0.0184293853
ENSE00001708717_012	g1142	0	0.0135472663
ENSE00001708717_014	g1142	0	0.0145272930
ENSE00001708717_015	g1142	0	0.0204595960
ENSE00001708717_016	g1142	0	0.0112546814
ENSE00001708717_017	g1142	0	0.0124435823
ENSE00001708717_018	g1142	0	0.0193929676
ENSE00001708823_001	g1143	0	0.0016889978
ENSE00001708823_003	g1143	0	0.0130200030
ENSE00001708823_004	g1143	0	0.0132929197
ENSE00001708823_006	g1143	0	0.0309895772
ENSE00001708823_007	g1143	0	0.0373606981
ENSE00001708823_008	g1143	0	0.0149644572
ENSE00001708823_009	g1143	0	0.0171999499
ENSE00001708823_010	g1143	0	0.0032210741
ENSE00001708823_011	g1143	0	0.0096695789
ENSE00001708823_012	g1143	0	0.0109596114
ENSE00001710254_001	g1147	0	0.0043907787
ENSE00001710254_002	g1147	0	0.0064165250
ENSE00001710254_003	g1147	0	0.0063261969
ENSE00001710254_004	g1147	0	0.0219095423
ENSE00001710254_005	g1147	0	0.0355683824
ENSE00001710254_007	g1147	0	0.0278534919
ENSE00001710254_008	g1147	0	0.0080034117
ENSE00001710254_009	g1147	0	0.0102230601
ENSE00001716901_001	g1151	0	0.0173185045
ENSE00001716901_002	g1151	0	0.0359963467
ENSE00001716901_003	g1151	0	0.0073237625
ENSE00001716901_004	g1151	0	0.0162272437
ENSE00001716901_005	g1151	0	0.0099264817
ENSE00001716901_006	g1151	0	0.0213689655
ENSE00001716901_007	g1151	0	0.0224720417
ENSE00001716901_008	g1151	0	0.0123678472
ENSE00001716901_009	g1151	0	0.0367190334
ENSE00001716901_010	g1151	0	0.0442953894
ENSE00001716901_015	g1151	0	0.0154456255
ENSE00001716901_016	g1151	0	0.0162377702
ENSE00001716901_017	g1151	0	0.0124601740
ENSE00001716901_019	g1151	0	0.0285571203
ENSE00001716901_020	g1151	0	0.0137102890
ENSE00001716901_022	g1151	0	0.0023367005
ENSE00001717577_001	g1152	0	0.0052429843
ENSE00001717577_002	g1152	0	0.0074427881
ENSE00001717577_004	g1152	0	0.0311044498
ENSE00001717577_012	g1152	0	0.0325703850
ENSE00001717577_013	g1152	0	0.0177283254
ENSE00001717577_015	g1152	0	0.0335165892
ENSE00001717577_016	g1152	0	0.0082590675
ENSE00001717577_017	g1152	0	0.0097789526
ENSE00001717577_022	g1152	0	0.0131334391
ENSE00001717577_023	g1152	0	0.0104872591
ENSE00001717577_025	g1152	0	0.0076324137
ENSE00001717577_026	g1152	0	0.0169627808
ENSE00001717914_002	g1153	0	0.0028217318
ENSE00001717914_003	g1153	0	0.0047783983
ENSE00001717914_005	g1153	0	0.0049968700
ENSE00001717914_006	g1153	0	0.0165235823
ENSE00001717914_008	g1153	0	0.0403211168
ENSE00001717914_010	g1153	0	0.0225377522
ENSE00001717914_011	g1153	0	0.0080426520
ENSE00001717914_012	g1153	0	0.0152364092
ENSE00001717914_013	g1153	0	0.0170051777
ENSE00001717914_015	g1153	0	0.1265023805
ENSE00001718712_001	g0989	0	0.0033440921
ENSE00001718712_002	g0989	0	0.0031403994
ENSE00001718712_003	g0989	0	0.0032879957
ENSE00001718712_004	g0989	0	0.0029939881
ENSE00001718712_005	g0989	0	0.0044202382
ENSE00001718712_006	g0989	0	0.0044862315
ENSE00001718712_007	g0989	0	0.0016192006
ENSE00001718712_008	g0989	0	0.0050579754
ENSE00001718712_009	g0989	0	0.0085448928
ENSE00001718712_010	g0989	0	0.0263769283
ENSE00001718712_011	g0989	0	0.0618812899
ENSE00001718712_012	g0989	0	0.0193922586
ENSE00001718712_014	g0989	0	0.0284316831
ENSE00001718712_015	g0989	0	0.0184638893
ENSE00001718712_016	g0989	0	0.0213965091
ENSE00001718712_017	g0989	0	0.0177516127
ENSE00001718712_018	g0989	0	0.0144908586
ENSE00001718712_019	g0989	0	0.0221844858
ENSE00001718712_020	g0989	0	0.0444335204
ENSE00001718712_021	g0989	0	0.0579890326
ENSE00001718712_022	g0989	0	0.0221569787
ENSE00001718712_023	g0989	0	0.0069755316
ENSE00001718712_024	g0989	0	0.0037557508
ENSE00001719634_001	g1154	0	0.0021856140
ENSE00001719634_002	g1154	0	0.0027988240
ENSE00001719634_003	g1154	0	0.0023946360
ENSE00001719634_004	g1154	0	0.0015907688
ENSE00001719634_005	g1154	0	0.0031515286
ENSE00001719634_009	g1154	0	0.0020488731
ENSE00001719634_010	g1154	0	0.0021885272
ENSE00001719634_011	g1154	0	0.0014318297
ENSE00001719634_012	g1154	0	0.0016978632
ENSE00001719634_013	g1154	0	0.0019182844
ENSE00001719634_014	g1154	0	0.0083039912
ENSE00001719634_015	g1154	0	0.0209628016
ENSE00001719634_017	g1154	1	0.1870689989
ENSE00001719634_018	g1154	0	0.1367306895
ENSE00001719634_019	g1154	0	0.0877600787
ENSE00001719634_020	g1154	0	0.0574678656
ENSE00001719634_021	g1154	0	0.1843090175
ENSE00001719634_022	g1154	0	0.0525993004
ENSE00001726168_001	g1161	0	0.0107034855
ENSE00001726168_002	g1161	0	0.0086286963
ENSE00001726168_003	g1161	0	0.0159093166
ENSE00001726168_004	g1161	0	0.0226797198
ENSE00001726168_005	g1161	0	0.0284242942
ENSE00001726168_006	g1161	0	0.0147807277
ENSE00001726168_007	g1161	0	0.0126741664
ENSE00001726168_009	g1161	0	0.0099279868
ENSE00001726168_012	g1161	0	0.0091663321
ENSE00001726168_013	g1161	0	0.0031419071
ENSE00001726168_014	g1161	0	0.0028534567
ENSE00001726243_001	g1022	0	0.0021263458
ENSE00001726243_002	g1022	0	0.0035072420
ENSE00001726243_003	g1022	0	0.0117396277
ENSE00001726243_004	g1022	0	0.0069820636
ENSE00001726243_006	g1022	0	0.0237027215
ENSE00001726243_008	g1022	0	0.0086687112
ENSE00001726243_009	g1022	0	0.0170684181
ENSE00001726243_010	g1022	0	0.0114431425
ENSE00001726243_011	g1022	0	0.0103785949
ENSE00001726243_012	g1022	0	0.0632622011
ENSE00001726243_013	g1022	0	0.0055784212
ENSE00001726243_014	g1022	0	0.0078445012
ENSE00001726243_016	g1022	0	0.0107410267
ENSE00001726243_017	g1022	0	0.0096210845
ENSE00001726243_018	g1022	0	0.0194686873
ENSE00001726243_019	g1022	0	0.0656295269
ENSE00001726243_020	g1022	0	0.0416922667
ENSE00001726243_022	g1022	0	0.0017443410
ENSE00001727061_007	g1115	0	0.0116443733
ENSE00001727061_012	g1115	1	0.0310794084
ENSE00001727061_013	g1115	0	0.0397593925
ENSE00001727061_016	g1115	0	0.0086118467
ENSE00001727061_021	g1115	0	0.0023378966
ENSE00001727061_022	g1115	0	0.0022510354
ENSE00001727061_024	g1115	0	0.0012456806
ENSE00001730636_001	g1170	0	0.0025388009
ENSE00001730636_002	g1170	0	0.0148566544
ENSE00001730636_003	g1170	0	0.0203787655
ENSE00001730636_004	g1170	1	0.0438790480
ENSE00001730636_006	g1170	0	0.0292302131
ENSE00001730636_007	g1170	0	0.0357616849
ENSE00001730636_008	g1170	0	0.0508595721
ENSE00001730636_009	g1170	0	0.0135593549
ENSE00001730636_010	g1170	0	0.0255456034
ENSE00001730636_011	g1170	0	0.0154657708
ENSE00001730636_012	g1170	0	0.0627739479
ENSE00001730636_013	g1170	0	0.0155455826
ENSE00001730636_014	g1170	0	0.0347663245
ENSE00001730636_015	g1170	1	0.0240055107
ENSE00001730636_016	g1170	0	0.0314193076
ENSE00001730636_017	g1170	0	0.0138577494
ENSE00001730673_002	g0456	0	0.0040838868
ENSE00001730673_003	g0456	0	0.0028624158
ENSE00001730673_004	g0456	0	0.0022653652
ENSE00001730673_007	g0456	0	0.0113818259
ENSE00001730673_008	g0456	0	0.0120524891
ENSE00001730673_009	g0456	0	0.0177815708
ENSE00001730673_010	g0456	0	0.0344456553
ENSE00001730673_011	g0456	0	0.0203177770
ENSE00001730673_014	g0456	0	0.0198951298
ENSE00001730673_018	g0456	0	0.0170250506
ENSE00001730673_019	g0456	0	0.0074767416
ENSE00001730673_024	g0456	0	0.0015702597
ENSE00001730673_025	g0456	0	0.0023334744
ENSE00001730673_028	g0456	0	0.0014983208
ENSE00001731240_001	g0477	0	0.0077829180
ENSE00001731240_002	g0477	0	0.0053836204
ENSE00001731240_003	g0477	0	0.0222114252
ENSE00001731240_004	g0477	0	0.0259826422
ENSE00001731240_006	g0477	0	0.0211576472
ENSE00001731240_007	g0477	0	0.0281363568
ENSE00001731240_010	g0477	0	0.0167969429
ENSE00001731240_011	g0477	0	0.0089356676
ENSE00001731240_012	g0477	0	0.0109074417
ENSE00001731240_013	g0477	0	0.0062637683
ENSE00001731240_014	g0477	0	0.0041638876
ENSE00001731240_015	g0477	0	0.0055740253
ENSE00001731240_016	g0477	0	0.0158972376
ENSE00001731240_017	g0477	0	0.0097091240
ENSE00001731240_018	g0477	0	0.0261706606
ENSE00001731240_020	g0477	0	0.0066646725
ENSE00001731240_021	g0477	0	0.0550950742
ENSE00001731240_022	g0477	0	0.0143505348
ENSE00001731240_023	g0477	0	0.0106577217
ENSE00001731240_024	g0477	0	0.0339797898
ENSE00001731240_025	g0477	0	0.0336058849
ENSE00001734682_001	g0456	0	0.0072507832
ENSE00001734682_003	g0456	0	0.0149506412
ENSE00001734682_004	g0456	0	0.0176137696
ENSE00001734682_005	g0456	0	0.0091236226
ENSE00001734682_006	g0456	0	0.0126413962
ENSE00001734682_007	g0456	0	0.2924638012
ENSE00001734682_008	g0456	0	0.0283189257
ENSE00001734682_009	g0456	0	0.1123120825
ENSE00001734682_010	g0456	0	0.0253447741
ENSE00001734682_011	g0456	0	0.0132074164
ENSE00001734682_012	g0456	0	0.0121998684
ENSE00001734682_013	g0456	0	0.0154423660
ENSE00001734682_015	g0456	0	0.0154235953
ENSE00001734682_018	g0456	0	0.0140727705
ENSE00001734682_019	g0456	0	0.0113449579
ENSE00001734682_020	g0456	0	0.0055012045
ENSE00001734682_021	g0456	0	0.0034421360
ENSE00001734682_022	g0456	0	0.0029531597
ENSE00001734682_023	g0456	0	0.0032239547
ENSE00001734682_026	g0456	0	0.0017833412
ENSE00001740637_003	g0989	0	0.0038204755
ENSE00001740637_004	g0989	0	0.0077285890
ENSE00001740637_005	g0989	0	0.0024721245
ENSE00001740637_007	g0989	0	0.0019792149
ENSE00001740637_011	g0989	0	0.0145793206
ENSE00001740637_015	g0989	0	0.0340501273
ENSE00001740637_016	g0989	0	0.0217753888
ENSE00001740637_021	g0989	0	0.0104251483
ENSE00001740637_022	g0989	0	0.0088547804
ENSE00001740637_025	g0989	0	0.0071903264
ENSE00001740637_026	g0989	0	0.0024707278
ENSE00001740637_027	g0989	0	0.0017043399
ENSE00001741292_002	g1096	0	0.0082864949
ENSE00001741292_006	g1096	0	0.0154077744
ENSE00001741292_009	g1096	0	0.0127008938
ENSE00001743562_001	g1143	0	0.0064008930
ENSE00001743562_002	g1143	0	0.0021424627
ENSE00001743562_005	g1143	0	0.0019418277
ENSE00001743562_006	g1143	0	0.0044622078
ENSE00001743562_008	g1143	0	0.0722615604
ENSE00001743562_009	g1143	0	0.0340717289
ENSE00001743562_010	g1143	0	0.0203766643
ENSE00001743562_011	g1143	0	0.0131924649
ENSE00001743562_013	g1143	0	0.0290336560
ENSE00001743562_014	g1143	0	0.0157193672
ENSE00001743562_017	g1143	0	0.0344473076
ENSE00001743562_019	g1143	0	0.0181954061
ENSE00001743562_020	g1143	0	0.0232717490
ENSE00001743562_021	g1143	0	0.0062289278
ENSE00001743562_022	g1143	0	0.0212865750
ENSE00001743562_023	g1143	0	0.0058868403
ENSE00001745859_001	g1191	0	0.0174833657
ENSE00001745859_002	g1191	0	0.0119867290
ENSE00001745859_004	g1191	0	0.0231801401
ENSE00001745859_005	g1191	0	0.0077526209
ENSE00001745859_006	g1191	0	0.0421374025
ENSE00001745859_007	g1191	0	0.0106918208
ENSE00001745859_008	g1191	0	0.0286554371
ENSE00001745859_009	g1191	0	0.0122154597
ENSE00001745859_010	g1191	0	0.0123582976
ENSE00001745859_011	g1191	0	0.0207986634
ENSE00001745859_012	g1191	0	0.0069241285
ENSE00001745859_014	g1191	0	0.0261698554
ENSE00001745859_015	g1191	0	0.0074462082
ENSE00001745859_017	g1191	0	0.0224526115
ENSE00001745859_018	g1191	0	0.0314596246
ENSE00001745859_020	g1191	0	0.0035119165
ENSE00001745859_021	g1191	0	0.0029099754
ENSE00001746050_001	g0989	0	0.0020217745
ENSE00001746050_002	g0989	0	0.0012023241
ENSE00001746050_003	g0989	0	0.0022510682
ENSE00001746050_004	g0989	0	0.0012120419
ENSE00001746050_005	g0989	0	0.0033352528
ENSE00001746050_009	g0989	0	0.0080046473
ENSE00001746050_010	g0989	0	0.0148444648
ENSE00001746050_011	g0989	0	0.0603457247
ENSE00001746050_012	g0989	0	0.0479818638
ENSE00001746050_013	g0989	0	0.0252236505
ENSE00001746050_014	g0989	0	0.0252751164
ENSE00001746050_015	g0989	0	0.0066749269
ENSE00001746050_016	g0989	0	0.0032217674
ENSE00001746050_017	g0989	0	0.0047451360
ENSE00001746050_018	g0989	0	0.0034809353
ENSE00001746140_001	g1136	0	0.0024882519
ENSE00001746140_002	g1136	0	0.0252318322
ENSE00001746140_003	g1136	0	0.0683589032
ENSE00001746804_001	g0295	0	0.0015515040
ENSE00001746804_002	g0295	0	0.0029025356
ENSE00001746804_003	g0295	0	0.0030109974
ENSE00001746804_004	g0295	0	0.0036434609
ENSE00001746804_005	g0295	0	0.0017122809
ENSE00001746804_006	g0295	0	0.0102081167
ENSE00001746804_007	g0295	0	0.0124608663
ENSE00001746804_008	g0295	0	0.0186491253
ENSE00001746804_009	g0295	0	0.0153632849
ENSE00001746804_010	g0295	0	0.0086884660
ENSE00001746804_011	g0295	0	0.0097313812
ENSE00001746804_012	g0295	0	0.0089519731
ENSE00001746804_013	g0295	0	0.0220175956
ENSE00001746804_015	g0295	0	0.0254462663
ENSE00001746804_016	g0295	0	0.0136789949
ENSE00001746804_017	g0295	0	0.0341066364
ENSE00001746804_018	g0295	0	0.0208000310
ENSE00001746804_019	g0295	0	0.0523444377
ENSE00001746804_020	g0295	0	0.0388127538
ENSE00001746804_021	g0295	0	0.0262308856
ENSE00001746804_022	g0295	0	0.0050428318
ENSE00001746804_023	g0295	0	0.0057999938
ENSE00001746804_024	g0295	0	0.0024758130
ENSE00001746804_025	g0295	0	0.0061861041
ENSE00001746804_026	g0295	0	0.0040958852
ENSE00001746804_027	g0295	0	0.0059298059
ENSE00001746804_029	g0295	0	0.0040476403
ENSE00001746804_031	g0295	0	0.0029743116
ENSE00001747277_001	g0989	0	0.0032759339
ENSE00001747277_002	g0989	0	0.0031590902
ENSE00001747277_006	g0989	0	0.0046615985
ENSE00001747277_009	g0989	0	0.0422200697
ENSE00001747277_012	g0989	0	0.0198970379
ENSE00001747277_015	g0989	0	0.0504958682
ENSE00001747277_018	g0989	0	0.0332753646
ENSE00001747277_019	g0989	0	0.0161251174
ENSE00001747277_021	g0989	0	0.0201333182
ENSE00001747277_022	g0989	0	0.0199289142
ENSE00001747277_025	g0989	0	0.0038261555
ENSE00001747870_001	g1196	0	0.0033894017
ENSE00001747870_003	g1196	0	0.0015850969
ENSE00001747870_004	g1196	0	0.0071827955
ENSE00001747870_005	g1196	0	0.0561938105
ENSE00001747870_007	g1196	0	0.0106514118
ENSE00001747870_008	g1196	0	0.0363429564
ENSE00001747870_009	g1196	0	0.0295268152
ENSE00001747870_011	g1196	0	0.1133310220
ENSE00001747870_013	g1196	0	0.0136527785
ENSE00001747870_014	g1196	0	0.0186345066
ENSE00001747870_015	g1196	0	0.0095726166
ENSE00001747870_016	g1196	0	0.0178580972
ENSE00001747870_017	g1196	0	0.0269842773
ENSE00001747870_018	g1196	0	0.0120670858
ENSE00001747870_019	g1196	0	0.0066153725
ENSE00001747870_020	g1196	0	0.0095686239
ENSE00001747870_022	g1196	0	0.0117528074
ENSE00001747870_023	g1196	0	0.0117751904
ENSE00001747870_024	g1196	0	0.0271302187
ENSE00001747870_025	g1196	0	0.0109985832
ENSE00001747870_026	g1196	0	0.0140008914
ENSE00001747870_027	g1196	0	0.0208880586
ENSE00001747870_028	g1196	0	0.0229410903
ENSE00001747870_029	g1196	0	0.0140055789
ENSE00001747870_030	g1196	0	0.0236694724
ENSE00001747870_031	g1196	0	0.0274878629
ENSE00001747870_032	g1196	0	0.0138947100
ENSE00001747870_033	g1196	0	0.0953108859
ENSE00001747870_034	g1196	0	0.2688147398
ENSE00001747870_035	g1196	0	0.0265284511
ENSE00001747870_036	g1196	0	0.0217665004
ENSE00001747870_037	g1196	0	0.0090137155
ENSE00001747870_038	g1196	0	0.0033888997
ENSE00001747870_039	g1196	0	0.0040524978
ENSE00001747870_040	g1196	0	0.0027066998
ENSE00001747870_042	g1196	0	0.0017192161
ENSE00001750848_001	g1202	0	0.0018576899
ENSE00001750848_002	g1202	0	0.0012678570
ENSE00001750848_006	g1202	0	0.0218977518
ENSE00001750848_007	g1202	0	0.0250655163
ENSE00001750848_009	g1202	1	0.0172088329
ENSE00001750848_010	g1202	0	0.0053159705
ENSE00001750848_011	g1202	0	0.0074650648
ENSE00001751160_002	g1196	0	0.1133844102
ENSE00001751160_003	g1196	0	0.0339513956
ENSE00001751160_004	g1196	1	0.0581592194
ENSE00001751160_005	g1196	0	0.0208093044
ENSE00001751160_006	g1196	0	0.0160081309
ENSE00001751160_008	g1196	0	0.0178304994
ENSE00001751160_009	g1196	0	0.0188876203
ENSE00001751160_010	g1196	0	0.0111604789
ENSE00001751160_011	g1196	0	0.0138770445
ENSE00001751160_012	g1196	0	0.0214947066
ENSE00001751160_014	g1196	0	0.0103406690
ENSE00001751160_015	g1196	0	0.0084027465
ENSE00001751160_016	g1196	1	0.0383578591
ENSE00001751160_018	g1196	0	0.1205215183
ENSE00001751160_019	g1196	0	0.0035537160
ENSE00001751160_020	g1196	0	0.0034629580
ENSE00001751163_001	g1205	0	0.0076491382
ENSE00001751163_003	g1205	0	0.0060222313
ENSE00001751163_004	g1205	1	0.0293430525
ENSE00001751163_005	g1205	1	0.0546126506
ENSE00001751163_006	g1205	0	0.0416344814
ENSE00001751163_007	g1205	1	0.0208276136
ENSE00001751163_013	g1205	0	0.0200281913
ENSE00001751163_015	g1205	0	0.0199221152
ENSE00001751163_016	g1205	0	0.0126833190
ENSE00001751163_018	g1205	1	0.0142764529
ENSE00001751163_019	g1205	1	0.0309115486
ENSE00001751163_022	g1205	0	0.0101100470
ENSE00001751163_023	g1205	1	0.0100694780
ENSE00001751163_024	g1205	1	0.0090460539
ENSE00001751163_025	g1205	1	0.0102028344
ENSE00001751163_026	g1205	0	0.0121125902
ENSE00001751163_028	g1205	0	0.0219836657
ENSE00001751163_029	g1205	0	0.0512642539
ENSE00001751163_030	g1205	1	0.7919768082
ENSE00001751163_031	g1205	1	0.7387776027
ENSE00001751163_034	g1205	0	0.0024416079
ENSE00001751163_035	g1205	0	0.0008170712
ENSE00001751835_001	g1206	0	0.0017684948
ENSE00001751835_006	g1206	0	0.0507561646
ENSE00001751835_008	g1206	0	0.0548677465
ENSE00001753202_001	g0989	0	0.0017705757
ENSE00001753202_002	g0989	0	0.0024723476
ENSE00001753202_003	g0989	0	0.0060946097
ENSE00001753202_005	g0989	0	0.0010770653
ENSE00001753202_006	g0989	0	0.0009306420
ENSE00001753202_010	g0989	0	0.0017157578
ENSE00001753202_012	g0989	0	0.0054285697
ENSE00001753202_013	g0989	0	0.0070251594
ENSE00001753202_014	g0989	0	0.0232103426
ENSE00001753202_018	g0989	0	0.2029266619
ENSE00001753202_019	g0989	0	0.0246049801
ENSE00001753202_021	g0989	0	0.0226947202
ENSE00001753202_024	g0989	0	0.0371073633
ENSE00001753202_025	g0989	1	0.0998297121
ENSE00001753202_026	g0989	0	0.0125282637
ENSE00001753202_027	g0989	0	0.0016309372
ENSE00001756605_007	g1209	0	0.0217622191
ENSE00001756605_012	g1209	0	0.0223626767
ENSE00001756605_019	g1209	0	0.0220592610
ENSE00001756605_022	g1209	0	0.0092380715
ENSE00001756619_002	g1210	0	0.0051639560
ENSE00001756619_003	g1210	0	0.0098749844
ENSE00001756619_004	g1210	0	0.0162618053
ENSE00001756619_006	g1210	0	0.0440879141
ENSE00001756619_009	g1210	0	0.0373282270
ENSE00001756619_010	g1210	0	0.0363741619
ENSE00001756619_012	g1210	0	0.0309621510
ENSE00001756619_013	g1210	0	0.0101651263
ENSE00001756619_014	g1210	0	0.0168858916
ENSE00001756619_015	g1210	0	0.0198838108
ENSE00001756619_018	g1210	0	0.0100025786
ENSE00001756619_019	g1210	0	0.0157805178
ENSE00001756619_020	g1210	0	0.0110308716
ENSE00001756619_021	g1210	0	0.0019189933
ENSE00001756935_001	g1211	0	0.0092090351
ENSE00001756935_002	g1211	0	0.0038763310
ENSE00001756935_003	g1211	0	0.0215090163
ENSE00001756935_005	g1211	0	0.0177132089
ENSE00001756935_007	g1211	0	0.0083587904
ENSE00001758231_009	g0446	0	0.0075960513
ENSE00001758231_010	g0446	0	0.0075716464
ENSE00001760884_002	g1213	1	0.0020315152
ENSE00001760884_003	g1213	0	0.0017061552
ENSE00001760884_004	g1213	0	0.0054945144
ENSE00001760884_005	g1213	1	0.1145977168
ENSE00001760884_008	g1213	0	0.0078509370
ENSE00001760884_011	g1213	0	0.0247202732
ENSE00001760884_012	g1213	0	0.0133105077
ENSE00001760884_014	g1213	0	0.0240031591
ENSE00001760884_015	g1213	0	0.0078363949
ENSE00001760884_017	g1213	0	0.0111902275
ENSE00001760884_018	g1213	0	0.0106580545
ENSE00001760884_019	g1213	0	0.0058867718
ENSE00001760884_020	g1213	0	0.0118202474
ENSE00001760884_021	g1213	1	0.0120284875
ENSE00001760884_023	g1213	0	0.0153082362
ENSE00001760884_024	g1213	0	0.0169458057
ENSE00001760884_025	g1213	0	0.0087859173
ENSE00001760884_026	g1213	0	0.0123191692
ENSE00001760884_027	g1213	0	0.0048864395
ENSE00001760884_028	g1213	0	0.0049423694
ENSE00001761497_002	g1045	0	0.0013242701
ENSE00001761497_003	g1045	0	0.0069674608
ENSE00001761497_015	g1045	0	0.0227942688
ENSE00001761497_023	g1045	0	0.0091955623
ENSE00001761497_026	g1045	1	0.0259656692
ENSE00001761817_002	g0989	0	0.0019669956
ENSE00001761817_003	g0989	0	0.0027964029
ENSE00001761817_004	g0989	0	0.0016676847
ENSE00001761817_005	g0989	0	0.0014163328
ENSE00001761817_006	g0989	1	0.6654280954
ENSE00001761817_007	g0989	0	0.0147643010
ENSE00001761817_008	g0989	0	0.0977255131
ENSE00001761817_009	g0989	0	0.0148315853
ENSE00001761817_010	g0989	1	0.0113956681
ENSE00001761817_011	g0989	0	0.0072827360
ENSE00001761817_013	g0989	0	0.0219735060
ENSE00001761817_014	g0989	1	0.2428173849
ENSE00001761817_015	g0989	0	0.0189418660
ENSE00001761817_017	g0989	0	0.0089074710
ENSE00001761817_019	g0989	0	0.0160485977
ENSE00001761817_020	g0989	0	0.0071782802
ENSE00001761817_021	g0989	0	0.0058607459
ENSE00001761817_022	g0989	0	0.0045938184
ENSE00001765217_003	g1218	0	0.0246948892
ENSE00001765217_005	g1218	0	0.0149582545
ENSE00001767172_012	g1219	0	0.0176698974
ENSE00001767172_013	g1219	0	0.0183765790
ENSE00001767172_015	g1219	0	0.0401666412
ENSE00001768118_001	g1221	0	0.0081596723
ENSE00001768118_002	g1221	0	0.0015411298
ENSE00001768118_003	g1221	0	0.0019638136
ENSE00001768118_006	g1221	0	0.0538502373
ENSE00001768118_009	g1221	0	0.0296998810
ENSE00001768118_012	g1221	0	0.0596146178
ENSE00001768118_014	g1221	1	0.2144181824
ENSE00001768118_016	g1221	0	0.0424473874
ENSE00001768118_017	g1221	0	0.0328910461
ENSE00001768118_018	g1221	1	0.0501944237
ENSE00001768118_019	g1221	1	0.3211844140
ENSE00001768118_021	g1221	0	0.0144611703
ENSE00001768118_022	g1221	0	0.0259272869
ENSE00001768118_023	g1221	0	0.0366380733
ENSE00001768118_025	g1221	0	0.0529872288
ENSE00001768118_027	g1221	0	0.0042684912
ENSE00001774521_013	g0477	0	0.0327716578
ENSE00001774521_019	g0477	0	0.0100398907
ENSE00001775517_003	g1230	0	0.0015915445
ENSE00001775517_005	g1230	0	0.0035652044
ENSE00001775517_008	g1230	0	0.0021323598
ENSE00001775517_009	g1230	0	0.0698128029
ENSE00001775517_016	g1230	0	0.0087259739
ENSE00001775517_020	g1230	0	0.0183020542
ENSE00001775517_027	g1230	0	0.0067603769
ENSE00001776272_003	g1233	0	0.0048204995
ENSE00001776272_006	g1233	0	0.0016977906
ENSE00001776272_009	g1233	0	0.0023287939
ENSE00001776272_010	g1233	0	0.0016055777
ENSE00001776272_011	g1233	0	0.0025871359
ENSE00001776272_013	g1233	0	0.0488246204
ENSE00001776272_014	g1233	0	0.0261637471
ENSE00001776272_015	g1233	0	0.0646377458
ENSE00001776272_018	g1233	0	0.0252659055
ENSE00001776272_019	g1233	0	0.0192605194
ENSE00001776272_021	g1233	0	0.0150771664
ENSE00001776970_001	g1235	0	0.0047873413
ENSE00001776970_003	g1235	1	0.0178688671
ENSE00001776970_004	g1235	0	0.0046091504
ENSE00001776970_006	g1235	0	0.0495004147
ENSE00001776970_009	g1235	0	0.0712269674
ENSE00001776970_010	g1235	0	0.0836981633
ENSE00001776970_014	g1235	0	0.0079844052
ENSE00001776970_016	g1235	0	0.0102416934
ENSE00001776970_017	g1235	0	0.0111890098
ENSE00001776970_018	g1235	0	0.0174231525
ENSE00001776970_019	g1235	0	0.0028744440
ENSE00001776970_020	g1235	0	0.0027816960
ENSE00001776970_021	g1235	0	0.0029933512
ENSE00001776970_022	g1235	0	0.0015340863
ENSE00001778245_001	g0989	0	0.0054254794
ENSE00001778245_002	g0989	0	0.0060650870
ENSE00001778245_004	g0989	0	0.0020750769
ENSE00001778245_007	g0989	0	0.1595826612
ENSE00001778245_010	g0989	0	0.0398425465
ENSE00001778245_012	g0989	0	0.0433209055
ENSE00001778245_013	g0989	0	0.0653394489
ENSE00001778245_018	g0989	0	0.0750465416
ENSE00001778245_019	g0989	0	0.0386703491
ENSE00001778245_021	g0989	0	0.0034666265
ENSE00001778387_001	g0786	0	0.0029953178
ENSE00001778387_003	g0786	0	0.0078211378
ENSE00001778387_004	g0786	0	0.0281304167
ENSE00001778387_006	g0786	0	0.0116680099
ENSE00001778387_007	g0786	0	0.0117453961
ENSE00001778387_008	g0786	0	0.0211718866
ENSE00001778387_009	g0786	0	0.0261630562
ENSE00001778387_010	g0786	0	0.0142446091
ENSE00001778387_012	g0786	0	0.0134839055
ENSE00001778387_013	g0786	0	0.0152770229
ENSE00001778387_015	g0786	0	0.0187783043
ENSE00001779638_003	g1239	0	0.1384580871
ENSE00001779638_008	g1239	0	0.0389221572
ENSE00001779638_010	g1239	0	0.0582610467
ENSE00001779638_017	g1239	0	0.0274101975
ENSE00001779638_020	g1239	0	0.0759536272
ENSE00001779638_021	g1239	0	0.0077542533
ENSE00001779638_025	g1239	0	0.0080107101
ENSE00001780748_001	g1240	0	0.0096266474
ENSE00001780748_002	g1240	0	0.0048383157
ENSE00001780748_004	g1240	0	0.0065007026
ENSE00001780748_006	g1240	0	0.0167948078
ENSE00001780748_009	g1240	0	0.0761434896
ENSE00001780748_010	g1240	0	0.1759332474
ENSE00001780748_015	g1240	0	0.0209210252
ENSE00001780748_017	g1240	0	0.0231134073
ENSE00001780748_020	g1240	1	0.8486465917
ENSE00001780748_021	g1240	0	0.0231629541
ENSE00001780748_023	g1240	0	0.0067825351
ENSE00001780748_024	g1240	0	0.0035928512
ENSE00001781541_001	g1242	0	0.0042939525
ENSE00001781541_002	g1242	0	0.0028494201
ENSE00001781541_003	g1242	0	0.0034392123
ENSE00001781541_004	g1242	0	0.0402373421
ENSE00001781541_005	g1242	0	0.0466919785
ENSE00001781541_006	g1242	0	0.0408368277
ENSE00001781541_007	g1242	0	0.0055039629
ENSE00001781541_008	g1242	0	0.0481682232
ENSE00001781541_009	g1242	0	0.1243791694
ENSE00001781541_010	g1242	0	0.0268473098
ENSE00001781541_011	g1242	0	0.0084999152
ENSE00001781541_012	g1242	0	0.0156349635
ENSE00001781541_014	g1242	0	0.0100375920
ENSE00001781541_016	g1242	0	0.0178145459
ENSE00001781541_017	g1242	0	0.0159942305
ENSE00001781541_019	g1242	0	0.0633469140
ENSE00001781541_020	g1242	0	0.0276683229
ENSE00001781541_023	g1242	0	0.0076761423
ENSE00001781541_024	g1242	0	0.0097630416
ENSE00001781541_026	g1242	0	0.0041731547
ENSE00001781541_027	g1242	0	0.0047338511
ENSE00001781541_029	g1242	0	0.0029605608
ENSE00001781541_030	g1242	0	0.0043866686
ENSE00001781541_031	g1242	0	0.0012439030
ENSE00001783324_001	g1243	0	0.0040891114
ENSE00001783324_005	g1243	0	0.0204327547
ENSE00001787987_001	g0477	0	0.5977546565
ENSE00001787987_002	g0477	0	0.0091766720
ENSE00001787987_003	g0477	0	0.0139947870
ENSE00001787987_004	g0477	0	0.0598691538
ENSE00001787987_005	g0477	0	0.0396212073
ENSE00001787987_006	g0477	0	0.0720208515
ENSE00001787987_007	g0477	0	0.0589952168
ENSE00001787987_009	g0477	0	0.0574389665
ENSE00001787987_010	g0477	0	0.0704343841
ENSE00001787987_012	g0477	0	0.0118365525
ENSE00001787987_013	g0477	0	0.0173934999
ENSE00001787987_014	g0477	0	0.0084329287
ENSE00001787987_015	g0477	0	0.0111527732
ENSE00001788956_001	g0989	0	0.0045575752
ENSE00001788956_002	g0989	0	0.0024989143
ENSE00001788956_003	g0989	0	0.0032007168
ENSE00001788956_004	g0989	0	0.0031510450
ENSE00001788956_005	g0989	0	0.0014713787
ENSE00001788956_007	g0989	0	0.0064769927
ENSE00001788956_009	g0989	0	0.0136763617
ENSE00001788956_010	g0989	0	0.0300079711
ENSE00001788956_011	g0989	0	0.0438542452
ENSE00001788956_014	g0989	0	0.0202244400
ENSE00001788956_015	g0989	0	0.1430022328
ENSE00001788956_016	g0989	0	0.0065504287
ENSE00001788956_017	g0989	0	0.0234677403
ENSE00001788956_018	g0989	0	0.0063972906
ENSE00001788956_019	g0989	0	0.0034737566
ENSE00001790785_001	g1247	0	0.0178190212
ENSE00001790785_002	g1247	0	0.0075889019
ENSE00001790785_003	g1247	0	0.0279013842
ENSE00001790785_004	g1247	0	0.0201877402
ENSE00001790785_005	g1247	0	0.0192741870
ENSE00001790785_006	g1247	0	0.0132445080
ENSE00001790785_007	g1247	0	0.0424894425
ENSE00001790785_008	g1247	0	0.0127772414
ENSE00001790785_010	g1247	0	0.0145745954
ENSE00001790785_011	g1247	0	0.0146747273
ENSE00001790785_014	g1247	0	0.0363117414
ENSE00001798716_002	g1251	0	0.0254352293
ENSE00001798716_008	g1251	0	0.0109155511
ENSE00001798716_009	g1251	0	0.0162414946
ENSE00001798716_010	g1251	0	0.0094540188
ENSE00001798716_011	g1251	0	0.0240673417
ENSE00001798716_013	g1251	0	0.0142811968
ENSE00001798716_015	g1251	0	0.0252577604
ENSE00001798716_016	g1251	0	0.0162320396
ENSE00001798716_017	g1251	0	0.0104031978
ENSE00001798716_018	g1251	0	0.0100119861
ENSE00001798716_020	g1251	0	0.4166614281
ENSE00001798716_021	g1251	0	0.0066901279
ENSE00001798716_023	g1251	0	0.0038466311
ENSE00001800310_001	g1252	0	0.0019559878
ENSE00001800310_002	g1252	0	0.0033374825
ENSE00001800310_003	g1252	0	0.0074895085
ENSE00001800310_005	g1252	0	0.0387929322
ENSE00001800310_006	g1252	0	0.0112045314
ENSE00001800310_007	g1252	0	0.0145632713
ENSE00001800310_008	g1252	0	0.0529265573
ENSE00001800310_009	g1252	0	0.1056139396
ENSE00001800310_010	g1252	0	0.0373547387
ENSE00001800310_011	g1252	0	0.0106185853
ENSE00001800310_013	g1252	0	0.0128022544
ENSE00001800310_014	g1252	0	0.0276731444
ENSE00001800310_015	g1252	0	0.0936606468
ENSE00001800310_016	g1252	0	0.0256452247
ENSE00001800310_018	g1252	0	0.0232374812
ENSE00001800310_019	g1252	0	0.0255058254
ENSE00001800310_022	g1252	0	0.0179160851
ENSE00001800310_023	g1252	0	0.0259966577
ENSE00001804656_002	g1256	0	0.0040321513
ENSE00001804656_007	g1256	0	0.0203012643
ENSE00001804656_009	g1256	0	0.0080875524
ENSE00001804656_011	g1256	0	0.0108135610
ENSE00001804656_016	g1256	0	0.0317427283
ENSE00001804656_017	g1256	0	0.0238649086
ENSE00001804656_020	g1256	0	0.0172657558
ENSE00001804656_024	g1256	0	0.0113527414
ENSE00001804656_025	g1256	0	0.0098993879
ENSE00001804656_028	g1256	0	0.0431490126
ENSE00001804656_029	g1256	0	0.0249957987
ENSE00001804656_037	g1256	0	0.0117467441
ENSE00001804977_003	g1257	0	0.0041316900
ENSE00001804977_004	g1257	0	0.0062490038
ENSE00001804977_005	g1257	0	0.0150556308
ENSE00001804977_006	g1257	0	0.0040043526
ENSE00001804977_008	g1257	0	0.0413951255
ENSE00001804977_009	g1257	0	0.0790342434
ENSE00001804977_010	g1257	0	0.0878212950
ENSE00001804977_011	g1257	0	0.0240538443
ENSE00001804977_014	g1257	0	0.0330696160
ENSE00001804977_015	g1257	0	0.0162243020
ENSE00001804977_016	g1257	0	0.0118355587
ENSE00001804977_017	g1257	0	0.0188468550
ENSE00001804977_022	g1257	0	0.0052393574
ENSE00001804977_024	g1257	0	0.0061863279
ENSE00001804977_025	g1257	0	0.0069254608
ENSE00001805855_003	g0747	0	0.0092814870
ENSE00001805855_008	g0747	0	0.0207064330
ENSE00001805855_010	g0747	1	0.0106787842
ENSE00001805855_011	g0747	0	0.0102109299
ENSE00001805855_014	g0747	1	0.0163782907
ENSE00001805855_015	g0747	1	0.0056283408
ENSE00001965627_001	g1258	0	0.0161940232
ENSE00001965627_002	g1258	0	0.0158917760
ENSE00001965627_003	g1258	0	0.0075451609
ENSE00001965627_004	g1258	0	0.0392524575
ENSE00001965627_005	g1258	0	0.0215662263
ENSE00001965627_006	g1258	0	0.0213486776
ENSE00001965627_008	g1258	0	0.0446489629
ENSE00001965627_009	g1258	0	0.0359406996
ENSE00001965627_010	g1258	0	0.0234212397
ENSE00001965627_011	g1258	0	0.0380420268
ENSE00001965627_012	g1258	0	0.0187641437
ENSE00001965627_013	g1258	0	0.0071974866
ENSE00001965627_015	g1258	0	0.0029810118
ENSE00001965627_016	g1258	0	0.0035216580
ENSE00001965627_017	g1258	0	0.0025121365
ENSE00001965627_018	g1258	0	0.0022268695
ENSE00001965627_019	g1258	0	0.0024880677
ENSE00001965627_020	g1258	0	0.0020204341
ENSE00002087838_001	g1265	0	0.0012817501
ENSE00002087838_002	g1265	0	0.0184004155
ENSE00002087838_006	g1265	0	0.0513303827
ENSE00002087838_008	g1265	0	0.0150262343
ENSE00002087838_009	g1265	0	0.0075811435
ENSE00002087838_011	g1265	0	0.0136181319
ENSE00002108329_002	g1266	0	0.0020130269
ENSE00002108329_003	g1266	0	0.0168816875
ENSE00002108329_004	g1266	0	0.0120962721
ENSE00002108329_007	g1266	0	0.0206160134
ENSE00002108329_008	g1266	0	0.0081660915
ENSE00002108329_010	g1266	0	0.0143974856
ENSE00002108329_016	g1266	0	0.0109447356
ENSE00002108329_017	g1266	0	0.0056838327
ENSE00002171872_003	g1268	0	0.0027769906
ENSE00002171872_008	g1268	0	0.0296679056
ENSE00002171872_009	g1268	0	0.0079770251
ENSE00002171872_010	g1268	1	0.4529257661
ENSE00002171872_013	g1268	0	0.0027018818
ENSE00002178626_001	g1270	0	0.0093081941
ENSE00002178626_002	g1270	0	0.0173430909
ENSE00002178626_003	g1270	0	0.0107630502
ENSE00002178626_004	g1270	0	0.0462425486
ENSE00002178626_005	g1270	0	0.0199639349
ENSE00002178626_006	g1270	0	0.0801122959
ENSE00002178626_007	g1270	0	0.0261415407
ENSE00002178626_008	g1270	0	0.0259343645
ENSE00002178626_009	g1270	0	0.0312145271
ENSE00002178626_010	g1270	0	0.0297025924
ENSE00002178626_011	g1270	0	0.0062505487
ENSE00002178626_012	g1270	0	0.0124308443
ENSE00002178626_014	g1270	0	0.0076065914
ENSE00002178626_015	g1270	0	0.0051654536
ENSE00002178626_017	g1270	0	0.0125945466
ENSE00002178626_019	g1270	0	0.0107404746
ENSE00002178626_022	g1270	0	0.0202191644
ENSE00002178626_024	g1270	0	0.0271878032
ENSE00002178626_025	g1270	0	0.0142453271
ENSE00002178626_026	g1270	0	0.0351331588
ENSE00002178626_027	g1270	0	0.0086164272
ENSE00002178626_028	g1270	0	0.0056445889
ENSE00002178626_030	g1270	0	0.0044143463
ENSE00002212809_002	g1277	0	0.0050911571
ENSE00002212809_006	g1277	0	0.0044537410
ENSE00002212809_007	g1277	0	0.0047623081
ENSE00002212809_009	g1277	0	0.0048588905
ENSE00002212809_012	g1277	0	0.0173186478
ENSE00002212809_013	g1277	0	0.0137461048
ENSE00002212809_015	g1277	0	0.0072167709
ENSE00002212809_016	g1277	0	0.0060512124
ENSE00002212809_018	g1277	0	0.0042216732
ENSE00002212809_019	g1277	1	0.0052458198
ENSE00002212809_024	g1277	0	0.0069088104
ENSE00002212809_026	g1277	0	0.0070638708
ENSE00002212809_028	g1277	0	0.0134641606
ENSE00002214498_001	g0167	0	0.0047903129
ENSE00002214498_002	g0167	0	0.0145987173
ENSE00002214498_004	g0167	0	0.0058470358
ENSE00002214498_005	g0167	0	0.0104369048
ENSE00002214498_006	g0167	0	0.2170285576
ENSE00002214498_008	g0167	0	0.0346405687
ENSE00002214498_009	g0167	0	0.0293809448
ENSE00002214498_011	g0167	0	0.0536115898
ENSE00002214498_012	g0167	0	0.0401868232
ENSE00002214498_014	g0167	0	0.0276033187
ENSE00002214498_016	g0167	0	0.0592505058
ENSE00002214498_017	g0167	0	0.0146719533
ENSE00002214498_020	g0167	0	0.0244325013
ENSE00002214498_021	g0167	0	0.0217728202
ENSE00002214498_022	g0167	0	0.0175298478
ENSE00002214498_023	g0167	0	0.0081108785
ENSE00002214621_013	g0798	0	0.0439001140
ENSE00002214621_021	g0798	0	0.0210393897
ENSE00002214621_024	g0798	0	0.0016690387
ENSE00002214621_031	g0798	0	0.0015330977
ENSE00002214621_033	g0798	0	0.0016827952
ENSE00002215495_002	g1279	0	0.0076168759
ENSE00002215495_003	g1279	0	0.0459328189
ENSE00002215495_004	g1279	0	0.0125165758
ENSE00002215495_006	g1279	0	0.0712631986
ENSE00002215495_008	g1279	0	0.0278558893
ENSE00002215495_010	g1279	0	0.0593629234
ENSE00002217270_004	g1280	0	0.0153037155
ENSE00002217270_018	g1280	0	0.0060014482
ENSE00002217270_020	g1280	0	0.0050930684
ENSE00002218022_003	g1281	0	0.0015547259
ENSE00002218022_006	g1281	0	0.0196267123
ENSE00002218022_007	g1281	0	0.0167818943
ENSE00002218022_009	g1281	0	0.0113840000
ENSE00002218022_010	g1281	0	0.0080287909
ENSE00002218022_011	g1281	0	0.1008940733
ENSE00002218022_012	g1281	0	0.0337911009
ENSE00002218022_013	g1281	0	0.0246653717
ENSE00002218022_014	g1281	0	0.0070435111
ENSE00002218022_015	g1281	0	0.0456418649
ENSE00002218022_016	g1281	0	0.0273691555
ENSE00002218022_018	g1281	0	0.0205075154
ENSE00002218022_020	g1281	0	0.0328177485
ENSE00002218022_023	g1281	0	0.0093103177
ENSE00002218022_026	g1281	0	0.0193362501
ENSE00002218022_028	g1281	0	0.0015488758
ENSE00002218022_029	g1281	0	0.0029357890
ENSE00002218022_030	g1281	0	0.0026933500
ENSE00002234720_001	g1287	0	0.0049254971
ENSE00002234720_003	g1287	0	0.0030267591
ENSE00002234720_004	g1287	0	0.0077338097
ENSE00002234720_005	g1287	0	0.0036752981
ENSE00002234720_006	g1287	0	0.4875668435
ENSE00002234720_007	g1287	0	0.0108701562
ENSE00002234720_008	g1287	0	0.0254583251
ENSE00002234720_009	g1287	0	0.0158504553
ENSE00002234720_010	g1287	0	0.0414913784
ENSE00002234720_011	g1287	0	0.0159145478
ENSE00002234720_012	g1287	0	0.0073755044
ENSE00002234720_013	g1287	0	0.0141634763
ENSE00002234720_014	g1287	0	0.0192547281
ENSE00002234720_015	g1287	0	0.0732279820
ENSE00002234720_016	g1287	0	0.0320369259
ENSE00002234720_017	g1287	0	0.1155238965
ENSE00002234720_018	g1287	0	0.1072929351
ENSE00002234720_019	g1287	0	0.0290324498
ENSE00002234720_020	g1287	0	0.0768339762
ENSE00002234720_022	g1287	0	0.0109784792
ENSE00002234720_023	g1287	0	0.0055258520
ENSE00002234720_024	g1287	0	0.0128975420
ENSE00002239615_001	g1279	0	0.0034579277
ENSE00002239615_008	g1279	0	0.0149470255
ENSE00002239615_009	g1279	0	0.0183248303
ENSE00002239615_014	g1279	0	0.0178034766
ENSE00002239615_015	g1279	0	0.0044303271
ENSE00002239615_016	g1279	0	0.0024355634
ENSE00002239615_018	g1279	0	0.0111515738
ENSE00002244455_007	g1290	0	0.0090804156
ENSE00002244455_008	g1290	0	0.0142047257
ENSE00002244455_009	g1290	0	0.0067965259
ENSE00002244455_010	g1290	0	0.0351149759
ENSE00002244455_011	g1290	0	0.0143445617
ENSE00002244455_013	g1290	1	0.0273762758
ENSE00002244455_014	g1290	0	0.0093883214
ENSE00002244455_018	g1290	0	0.0057162467
ENSE00002244455_019	g1290	0	0.0071798829
ENSE00002244455_020	g1290	0	0.0022580776
ENSE00002244455_021	g1290	0	0.0046954713
ENSE00002270312_001	g1292	0	0.0012201096
ENSE00002270312_002	g1292	0	0.0009753867
ENSE00002270312_003	g1292	0	0.0139576082
ENSE00002270312_004	g1292	0	0.0269475542
ENSE00002270312_006	g1292	0	0.0130324679
ENSE00002270312_007	g1292	0	0.0323497415
ENSE00002270312_009	g1292	0	0.0160950287
ENSE00002270312_010	g1292	0	0.0016115725
ENSE00002270312_011	g1292	0	0.0015298697
ENSE00002275313_002	g1294	0	0.0016450865
ENSE00002275313_003	g1294	0	0.0081985448
ENSE00002275313_004	g1294	0	0.0353818192
ENSE00002275313_012	g1294	0	0.0100631324
ENSE00002275313_019	g1294	0	0.0165818943
ENSE00002275313_020	g1294	0	0.0204887048
ENSE00002275313_024	g1294	0	0.0092372072
ENSE00002278274_001	g1298	0	0.0018219845
ENSE00002278274_002	g1298	0	0.0028438520
ENSE00002278274_004	g1298	0	0.0333574112
ENSE00002278274_005	g1298	0	0.0078980025
ENSE00002278274_006	g1298	0	0.0638074200
ENSE00002278274_007	g1298	0	0.0131663439
ENSE00002278274_008	g1298	0	0.0261225149
ENSE00002278274_009	g1298	0	0.0338168946
ENSE00002278274_010	g1298	0	0.0230519431
ENSE00002278274_011	g1298	0	0.0104077914
ENSE00002278274_012	g1298	0	0.0474029184
ENSE00002278274_014	g1298	0	0.0817805375
ENSE00002278274_015	g1298	0	0.0135418166
ENSE00002278274_016	g1298	0	0.0268289127
ENSE00002278274_017	g1298	0	0.2099394850
ENSE00002278274_018	g1298	0	0.0805390847
ENSE00002278274_021	g1298	0	0.0115375827
ENSE00002278274_022	g1298	0	0.0085463599
ENSE00002278274_023	g1298	0	0.0044947979
ENSE00002281957_002	g1300	0	0.0024275751
ENSE00002281957_007	g1300	0	0.0175516556
ENSE00002281957_014	g1300	0	0.0401210146
ENSE00002281957_015	g1300	1	0.0285207208
ENSE00002282659_004	g1302	0	0.0133543903
ENSE00002282659_005	g1302	0	0.0174795830
ENSE00002282659_006	g1302	0	0.0344481982
ENSE00002282659_008	g1302	0	0.0172448025
ENSE00002282659_012	g1302	0	0.0184257219
ENSE00002282659_013	g1302	0	0.0338716011
ENSE00002282659_019	g1302	0	0.0147899598
ENSE00002282659_022	g1302	0	0.0707618151
ENSE00002282659_023	g1302	0	0.0145597342
ENSE00002282659_028	g1302	0	0.0181428040
ENSE00002282659_030	g1302	0	0.0483687002
ENSE00002282659_031	g1302	0	0.0319858379
ENSE00002282659_033	g1302	0	0.0215676164
ENSE00002282659_034	g1302	0	0.0131650136
ENSE00002282659_035	g1302	0	0.0087885920
ENSE00002282659_038	g1302	0	0.0296466450
ENSE00002282659_039	g1302	0	0.0212638915
ENSE00002282659_041	g1302	0	0.0664548972
ENSE00002282659_043	g1302	0	0.0750779551
ENSE00002282659_044	g1302	0	0.0698128049
ENSE00002282659_046	g1302	0	0.1465032902
ENSE00002282659_050	g1302	0	0.0672721230
ENSE00002284279_001	g1304	0	0.0041560761
ENSE00002284279_002	g1304	0	0.0183747639
ENSE00002284279_004	g1304	0	0.0273191470
ENSE00002284279_005	g1304	0	0.0312805327
ENSE00002284279_006	g1304	0	0.1018529386
ENSE00002284279_009	g1304	0	0.0227972298
ENSE00002284279_014	g1304	0	0.0050511931
ENSE00002284279_015	g1304	0	0.0163231027
ENSE00002284279_016	g1304	0	0.0111668627
ENSE00002284279_018	g1304	0	0.0010539288
ENSE00002284279_019	g1304	0	0.0015290640
ENSE00002287176_002	g1305	0	0.0045530300
ENSE00002287176_003	g1305	0	0.0038045293
ENSE00002287176_004	g1305	0	0.0082464268
ENSE00002287176_005	g1305	0	0.0114496478
ENSE00002287176_006	g1305	0	0.0019750151
ENSE00002287176_007	g1305	0	0.0014702544
ENSE00002287176_010	g1305	0	0.0459016388
ENSE00002287176_011	g1305	0	0.0194543993
ENSE00002287176_012	g1305	0	0.0606258823
ENSE00002287176_013	g1305	0	0.0496725332
ENSE00002287176_016	g1305	0	0.0091993053
ENSE00002287176_019	g1305	0	0.0080415531
ENSE00002287176_020	g1305	0	0.0427833074
ENSE00002287176_022	g1305	0	0.0110682053
ENSE00002287176_024	g1305	0	0.0136041496
ENSE00002287176_026	g1305	0	0.0064090776
ENSE00002291630_006	g1300	0	0.0159017118
ENSE00002291630_008	g1300	0	0.0687942554
ENSE00002291630_009	g1300	0	0.0428362308
ENSE00002291630_013	g1300	0	0.0108209446
ENSE00002291630_015	g1300	0	0.0163001167
ENSE00002291630_019	g1300	0	0.0040378442
ENSE00002291630_022	g1300	0	0.0020466730
ENSE00002296409_004	g1307	0	0.0072223142
ENSE00002296409_005	g1307	0	0.0627058010
ENSE00002296409_008	g1307	0	0.0575815220
ENSE00002296409_028	g1307	0	0.0069241247
ENSE00002296409_030	g1307	0	0.0014169626
ENSE00002308659_005	g1314	0	0.0591895320
ENSE00002308659_006	g1314	0	0.0269395270
ENSE00002308659_007	g1314	0	0.0384263237
ENSE00002308659_012	g1314	0	0.0119155477
ENSE00002308659_014	g1314	0	0.0211635170
ENSE00002308659_015	g1314	0	0.0192968486
ENSE00002308659_017	g1314	0	0.0331725296
ENSE00002308659_018	g1314	0	0.1667917295
ENSE00002308659_020	g1314	0	0.0021274713
ENSE00002308659_021	g1314	0	0.0011196698
ENSE00002310311_002	g1315	0	0.0030300826
ENSE00002310311_003	g1315	0	0.0028676771
ENSE00002310311_004	g1315	0	0.0192137666
ENSE00002310311_005	g1315	0	0.0529606591
ENSE00002310311_007	g1315	0	0.0398051181
ENSE00002310311_008	g1315	0	0.0228453762
ENSE00002310311_009	g1315	0	0.0055868384
ENSE00002310311_010	g1315	0	0.0280364040
ENSE00002310311_011	g1315	0	0.0092036981
ENSE00002310311_012	g1315	0	0.0074646616
ENSE00002310311_013	g1315	0	0.0971374356
ENSE00002310311_014	g1315	0	0.0172004065
ENSE00002312953_001	g1279	0	0.0149138480
ENSE00002312953_002	g1279	0	0.0054155503
ENSE00002312953_004	g1279	0	0.0040132523
ENSE00002312953_005	g1279	0	0.0193054260
ENSE00002312953_006	g1279	0	0.0211251064
ENSE00002312953_007	g1279	0	0.0117938248
ENSE00002312953_008	g1279	0	0.0406731360
ENSE00002312953_010	g1279	0	0.0143492444
ENSE00002312953_011	g1279	0	0.0111754043
ENSE00002312953_013	g1279	0	0.0042259411
ENSE00002312953_014	g1279	0	0.0020715002
ENSE00002312953_015	g1279	0	0.0021716481
ENSE00002312953_016	g1279	0	0.0022705279
ENSE00002315097_001	g1287	0	0.0021297820
ENSE00002315097_002	g1287	0	0.0022385598
ENSE00002315097_003	g1287	0	0.0028977122
ENSE00002315097_004	g1287	0	0.0115186421
ENSE00002315097_006	g1287	0	0.0128513022
ENSE00002315097_007	g1287	0	0.0205230901
ENSE00002315097_008	g1287	0	0.0087667884
ENSE00002315097_009	g1287	0	0.0107949615
ENSE00002315097_011	g1287	0	0.0458387171
ENSE00002315097_012	g1287	0	0.0375733531
ENSE00002315097_016	g1287	0	0.0101337074
ENSE00002315097_017	g1287	0	0.1026425354
ENSE00002315097_019	g1287	0	0.0097244535
ENSE00002315097_020	g1287	0	0.0068419250
ENSE00002315097_021	g1287	0	0.0053780061
ENSE00002316035_001	g1319	0	0.0018890859
ENSE00002316035_002	g1319	0	0.0055757917
ENSE00002316035_003	g1319	0	0.0028780945
ENSE00002316035_004	g1319	0	0.0402882332
ENSE00002316035_005	g1319	1	0.0188488462
ENSE00002316035_006	g1319	0	0.0174312973
ENSE00002316035_007	g1319	0	0.0205761665
ENSE00002316035_008	g1319	0	0.0447452368
ENSE00002316035_009	g1319	0	0.0128524950
ENSE00002316035_010	g1319	0	0.0097859340
ENSE00002316035_012	g1319	1	0.0120589441
ENSE00002316035_013	g1319	0	0.0097149240
ENSE00002316035_014	g1319	1	0.0141905453
ENSE00002316035_015	g1319	0	0.0058960182
ENSE00002316035_016	g1319	1	0.0139448284
ENSE00002316035_018	g1319	0	0.0156966104
ENSE00002316035_020	g1319	0	0.0037196503
ENSE00002325120_001	g1323	0	0.0023668428
ENSE00002325120_003	g1323	0	0.0108333169
ENSE00002325120_006	g1323	0	0.0012098421
ENSE00002325120_008	g1323	0	0.0132434679
ENSE00002325120_009	g1323	0	0.0131356778
ENSE00002325120_013	g1323	0	0.0211336302
ENSE00002325120_014	g1323	0	0.0148254474
ENSE00002325120_015	g1323	0	0.0155175886
ENSE00002325120_016	g1323	0	0.0076317599
ENSE00002325120_018	g1323	0	0.0066853924
ENSE00002325120_019	g1323	0	0.0052358400
ENSE00002325120_020	g1323	0	0.0041685242
ENSE00002325120_021	g1323	0	0.0064749432
ENSE00002325120_022	g1323	0	0.0071504218
ENSE00002325517_001	g1265	0	0.0202361717
ENSE00002325517_002	g1265	0	0.0060619195
ENSE00002325517_004	g1265	0	0.0033837286
ENSE00002325517_005	g1265	0	0.0030963761
ENSE00002325517_006	g1265	0	0.0058254709
ENSE00002325517_007	g1265	0	0.0016670710
ENSE00002325517_008	g1265	0	0.0038730028
ENSE00002325517_009	g1265	0	0.0078860206
ENSE00002325517_010	g1265	0	0.0190964175
ENSE00002325517_012	g1265	0	0.0587962275
ENSE00002325517_013	g1265	0	0.0090484008
ENSE00002325517_014	g1265	0	0.0090526312
ENSE00002325517_016	g1265	0	0.0301399530
ENSE00002325517_017	g1265	0	0.0159585006
ENSE00002325517_018	g1265	0	0.0225717064
ENSE00002325517_019	g1265	0	0.1198725776
ENSE00002325517_020	g1265	0	0.0313557440
ENSE00002325517_021	g1265	0	0.0073567486
ENSE00002325517_023	g1265	0	0.0071627293
ENSE00002325517_024	g1265	0	0.0040227859
ENSE00002325517_025	g1265	0	0.0057166775
ENSE00002325517_026	g1265	0	0.0086148037
ENSE00002327016_001	g1327	0	0.0023953144
ENSE00002327016_002	g1327	0	0.0122234131
ENSE00002327016_004	g1327	0	0.0129684965
ENSE00002327016_005	g1327	0	0.0268813198
ENSE00002327016_006	g1327	0	0.0526811373
ENSE00002327016_007	g1327	0	0.0512281583
ENSE00002327016_008	g1327	0	0.0446133762
ENSE00002327016_010	g1327	0	0.0211538897
ENSE00002327016_011	g1327	0	0.0301142019
ENSE00002327016_012	g1327	0	0.0165285902
ENSE00002327016_013	g1327	0	0.0109831358
ENSE00002327016_014	g1327	0	0.0182432221
ENSE00002327016_015	g1327	0	0.3082265665
ENSE00002327016_016	g1327	0	0.0816129500
ENSE00002327016_017	g1327	0	0.0405225548
ENSE00002328082_001	g1328	0	0.0064693061
ENSE00002328082_002	g1328	0	0.0041083034
ENSE00002328082_003	g1328	0	0.0057106696
ENSE00002328082_004	g1328	0	0.0261415343
ENSE00002328082_005	g1328	0	0.0115511007
ENSE00002328082_006	g1328	0	0.0187673931
ENSE00002328082_007	g1328	0	0.0095971720
ENSE00002328082_008	g1328	0	0.0073362392
ENSE00002328082_010	g1328	0	0.0043215308
ENSE00002328082_011	g1328	0	0.0024599537
ENSE00002328107_001	g1329	0	0.0023221271
ENSE00002328107_002	g1329	0	0.0333045786
ENSE00002328107_003	g1329	0	0.0696395264
ENSE00002328107_004	g1329	0	0.0262495452
ENSE00002328107_006	g1329	0	0.0238243410
ENSE00002328107_007	g1329	1	0.0229495118
ENSE00002328107_008	g1329	0	0.0334770829
ENSE00002328107_013	g1329	0	0.1020003230
ENSE00002328107_014	g1329	0	0.0395782027
ENSE00002328107_015	g1329	0	0.0152482064
ENSE00002328107_016	g1329	0	0.0089906679
ENSE00002328107_018	g1329	0	0.0129540508
ENSE00002328107_019	g1329	0	0.0253037024
ENSE00002328107_021	g1329	0	0.0157841832
ENSE00002329164_001	g1332	0	0.0066520598
ENSE00002329164_002	g1332	0	0.0373910607
ENSE00002329164_003	g1332	0	0.0071130698
ENSE00002329164_005	g1332	0	0.1278814912
ENSE00002329164_006	g1332	0	0.0155071052
ENSE00002329164_007	g1332	0	0.0221981916
ENSE00002329164_008	g1332	0	0.0267113822
ENSE00002329164_009	g1332	0	0.0414963309
ENSE00002329164_010	g1332	0	0.0375504767
ENSE00002329164_011	g1332	0	0.0766414918
ENSE00002329164_012	g1332	0	0.0153474873
ENSE00002329164_013	g1332	0	0.0046892328
ENSE00002329164_014	g1332	0	0.0029943618
ENSE00002329164_015	g1332	0	0.0031824567
ENSE00002330674_002	g1339	0	0.0165410647
ENSE00002330674_003	g1339	0	0.0173987880
ENSE00002330674_005	g1339	0	0.0405694591
ENSE00002330674_009	g1339	0	0.0193933957
ENSE00002330674_015	g1339	0	0.0180579882
ENSE00002331924_001	g0773	0	0.0103346791
ENSE00002331924_002	g0773	0	0.0168487166
ENSE00002331924_003	g0773	0	0.0068087550
ENSE00002331924_004	g0773	0	0.0062089267
ENSE00002331924_005	g0773	0	0.0118435661
ENSE00002331924_006	g0773	0	0.0065165998
ENSE00002331924_008	g0773	0	0.0083216679
ENSE00002331924_009	g0773	0	0.0088634387
ENSE00002331924_010	g0773	0	0.0125013381
ENSE00002331924_011	g0773	0	0.0113619182
ENSE00002331924_013	g0773	0	0.0088807864
ENSE00002331924_014	g0773	0	0.0398524182
ENSE00002331924_015	g0773	0	0.0284931806
ENSE00002331924_016	g0773	0	0.0216933579
ENSE00002331924_018	g0773	0	0.0243786662
ENSE00002331924_019	g0773	0	0.0119905822
ENSE00002331924_020	g0773	0	0.0297113115
ENSE00002331924_021	g0773	0	0.0239055971
ENSE00002331924_022	g0773	0	0.0738797694
ENSE00002331924_024	g0773	0	0.0072523524
ENSE00002331924_025	g0773	0	0.0743090633
ENSE00002331924_026	g0773	0	0.0091416480
ENSE00002331924_027	g0773	0	0.0191630051
ENSE00002332792_002	g1346	0	0.0018247333
ENSE00002332792_003	g1346	0	0.0042734872
ENSE00002332792_008	g1346	0	0.0132513871
ENSE00002332792_011	g1346	0	0.0489881397
ENSE00002332792_012	g1346	0	0.0289535641
ENSE00002332792_015	g1346	0	0.0621132383
ENSE00002332792_016	g1346	0	0.0039392757
ENSE00002332792_019	g1346	0	0.0046804644
ENSE00002333772_018	g1350	0	0.0191548530
ENSE00002334398_003	g1351	0	0.0046726985
ENSE00002334398_011	g1351	0	0.0097859562
ENSE00002334398_015	g1351	0	0.0381208167
ENSE00002334398_028	g1351	0	0.0029450986
ENSE00002335404_001	g0272	0	0.0021055897
ENSE00002335404_002	g0272	0	0.0030507551
ENSE00002335404_003	g0272	0	0.0012269250
ENSE00002335404_004	g0272	0	0.0033581074
ENSE00002335404_005	g0272	0	0.0181858184
ENSE00002335404_006	g0272	0	0.0155291693
ENSE00002335404_007	g0272	0	0.0174726245
ENSE00002335404_008	g0272	0	0.0201254934
ENSE00002335404_009	g0272	0	0.0308934069
ENSE00002335404_010	g0272	0	0.0083499596
ENSE00002335404_011	g0272	0	0.0163692487
ENSE00002335404_012	g0272	0	0.0735082748
ENSE00002335404_014	g0272	0	0.0338841292
ENSE00002335404_015	g0272	0	0.0529309132
ENSE00002335404_016	g0272	0	0.0186443187
ENSE00002335404_018	g0272	0	0.0138961727
ENSE00002335404_019	g0272	0	0.0105066140
ENSE00002335404_020	g0272	0	0.0045206763
ENSE00002337228_001	g1354	0	0.0161506234
ENSE00002337228_004	g1354	0	0.0174433315
ENSE00002337228_005	g1354	0	0.0564075668
ENSE00002337228_007	g1354	0	0.0265646992
ENSE00002337228_008	g1354	0	0.0105934238
ENSE00002337228_009	g1354	0	0.0106237337
ENSE00002337228_011	g1354	0	0.0264108126
ENSE00002337228_014	g1354	0	0.0127076133
ENSE00002337228_016	g1354	0	0.0332289595
ENSE00002337228_018	g1354	0	0.0841481100
ENSE00002337228_020	g1354	0	0.0066241335
ENSE00002337228_021	g1354	0	0.0049254768
ENSE00002337228_022	g1354	0	0.0029361487
ENSE00002337228_023	g1354	0	0.0024267907
ENSE00002337228_026	g1354	0	0.0035820389
ENSE00002337228_027	g1354	0	0.0042627760
ENSE00002337841_001	g1357	0	0.0031301490
ENSE00002337841_002	g1357	0	0.0027427343
ENSE00002337841_005	g1357	0	0.0170717873
ENSE00002337841_006	g1357	0	0.0681603283
ENSE00002337841_007	g1357	0	0.0309173262
ENSE00002337841_009	g1357	0	0.0184470172
ENSE00002337841_010	g1357	0	0.0184482586
ENSE00002337841_013	g1357	0	0.0025570752
ENSE00002339454_002	g0272	0	0.0028298677
ENSE00002339454_003	g0272	0	0.0022697535
ENSE00002339454_004	g0272	0	0.0055422967
ENSE00002339454_005	g0272	0	0.0059282344
ENSE00002339454_006	g0272	0	0.0684026529
ENSE00002339454_007	g0272	0	0.0142178878
ENSE00002339454_008	g0272	0	0.0119937754
ENSE00002339454_009	g0272	0	0.0252107817
ENSE00002339454_010	g0272	0	0.0077895046
ENSE00002339454_013	g0272	0	0.0221245389
ENSE00002339454_015	g0272	0	0.0118372848
ENSE00002339454_017	g0272	0	0.0125160519
ENSE00002339454_018	g0272	0	0.0069691288
ENSE00002339454_019	g0272	0	0.0057337999
ENSE00002339454_022	g0272	0	0.0394702098
ENSE00002339454_024	g0272	0	0.0176641518
ENSE00002339454_025	g0272	0	0.0176405980
ENSE00002342710_001	g1368	0	0.0030274359
ENSE00002342710_002	g1368	0	0.0256910304
ENSE00002342710_003	g1368	0	0.1092012807
ENSE00002342710_004	g1368	0	0.0280250954
ENSE00002342710_005	g1368	0	0.0394444688
ENSE00002342710_006	g1368	0	0.0244118656
ENSE00002342710_008	g1368	0	0.0300833805
ENSE00002342710_009	g1368	0	0.0131025321
ENSE00002342710_010	g1368	0	0.0107734303
ENSE00002342710_011	g1368	0	0.0152806122
ENSE00002342710_014	g1368	0	0.0307354142
ENSE00002342710_015	g1368	0	0.0322162171
ENSE00002342710_017	g1368	0	0.0144901537
ENSE00002342710_018	g1368	0	0.0734258722
ENSE00002343629_002	g1371	0	0.0029367276
ENSE00002343629_003	g1371	0	0.0055001251
ENSE00002343629_004	g1371	0	0.0139132777
ENSE00002343629_007	g1371	0	0.0110888176
ENSE00002343629_009	g1371	0	0.0104883046
ENSE00002343629_010	g1371	0	0.0116863011
ENSE00002343629_011	g1371	0	0.0097266226
ENSE00002343629_012	g1371	0	0.0084634665
ENSE00002343629_013	g1371	0	0.0053921618
ENSE00002343629_014	g1371	0	0.0061985894
ENSE00002343629_015	g1371	0	0.0090511388
ENSE00002343629_016	g1371	0	0.0120990700
ENSE00002343629_017	g1371	0	0.0057148246
ENSE00002343629_019	g1371	0	0.0072644086
ENSE00002343629_020	g1371	0	0.0023981036
ENSE00002343629_021	g1371	0	0.0020440678
ENSE00002343629_022	g1371	0	0.0022948144
ENSE00002343974_001	g1374	0	0.0069570651
ENSE00002343974_005	g1374	0	0.0205956951
ENSE00002343974_011	g1374	0	0.0053097491
ENSE00002343974_014	g1374	0	0.0149578955
ENSE00002343974_016	g1374	0	0.0171645283
ENSE00002343974_018	g1374	0	0.0099417218
ENSE00002343974_019	g1374	0	0.0246467461
ENSE00002343974_025	g1374	0	0.0215597272
ENSE00002343974_026	g1374	0	0.0100135274
ENSE00002343974_027	g1374	0	0.0022438321
ENSE00002343974_030	g1374	0	0.0017748142
ENSE00002344191_001	g1375	0	0.0019725150
ENSE00002344191_002	g1375	0	0.0029365654
ENSE00002344191_003	g1375	0	0.0122285835
ENSE00002344191_004	g1375	0	0.0197699323
ENSE00002344191_006	g1375	0	0.0139453317
ENSE00002344191_007	g1375	0	0.0143615437
ENSE00002344191_008	g1375	0	0.0297837827
ENSE00002344191_009	g1375	0	0.0307433756
ENSE00002344191_011	g1375	0	0.0223989593
ENSE00002344191_012	g1375	0	0.0314863105
ENSE00002344191_013	g1375	0	0.0207026245
ENSE00002344191_014	g1375	0	0.0091708073
ENSE00002344191_015	g1375	0	0.0097739559
ENSE00002344191_016	g1375	0	0.0106088232
ENSE00002344191_017	g1375	0	0.0135156823
ENSE00002344191_018	g1375	0	0.0092469204
ENSE00002344191_019	g1375	0	0.0063497582
ENSE00002344191_020	g1375	0	0.0057331616
ENSE00002344191_021	g1375	0	0.0042279048
ENSE00002344191_022	g1375	0	0.0066847967
ENSE00002345132_001	g0272	0	0.0022927672
ENSE00002345132_004	g0272	0	0.0022013501
ENSE00002345132_005	g0272	0	0.0253331392
ENSE00002345132_006	g0272	0	0.0227666185
ENSE00002345132_007	g0272	0	0.0200460437
ENSE00002345132_009	g0272	0	0.0056322573
ENSE00002345132_010	g0272	0	0.0316358444
ENSE00002345132_012	g0272	0	0.0928985490
ENSE00002345498_002	g1379	0	0.0550114416
ENSE00002345498_003	g1379	0	0.0076114490
ENSE00002345498_004	g1379	0	0.0056279417
ENSE00002345498_005	g1379	0	0.0058094363
ENSE00002345498_006	g1379	1	0.0335881839
ENSE00002345498_007	g1379	0	0.0146147284
ENSE00002345498_008	g1379	0	0.0094073222
ENSE00002345498_009	g1379	1	0.0131807795
ENSE00002345498_010	g1379	1	0.0607945144
ENSE00002345498_014	g1379	0	0.0069847188
ENSE00002345498_015	g1379	0	0.0218435185
ENSE00002345498_016	g1379	0	0.0075568111
ENSE00002345498_017	g1379	0	0.0173357878
ENSE00002345498_019	g1379	0	0.0083081721
ENSE00002345498_020	g1379	1	0.0311200405
ENSE00002345498_021	g1379	0	0.0103831995
ENSE00002345498_023	g1379	1	0.0117029422
ENSE00002345498_024	g1379	1	0.0243494342
ENSE00002345498_026	g1379	0	0.0032631545
ENSE00002345498_027	g1379	0	0.0011374102
ENSE00002345498_028	g1379	0	0.0022626494
ENSE00002345498_029	g1379	1	0.0020499862
ENSE00002345936_001	g1381	0	0.0074762083
ENSE00002345936_002	g1381	0	0.0024391341
ENSE00002345936_003	g1381	0	0.0058464517
ENSE00002345936_004	g1381	0	0.0045090790
ENSE00002345936_005	g1381	0	0.0122117387
ENSE00002345936_006	g1381	0	0.0158538424
ENSE00002345936_007	g1381	0	0.0165610823
ENSE00002345936_008	g1381	0	0.0194656372
ENSE00002345936_009	g1381	0	0.0230840840
ENSE00002345936_011	g1381	0	0.0656686751
ENSE00002345936_012	g1381	0	0.0113897266
ENSE00002348862_001	g1389	0	0.0120168320
ENSE00002348862_004	g1389	0	0.0085807553
ENSE00002348862_005	g1389	0	0.0186837733
ENSE00002348862_006	g1389	0	0.0301205809
ENSE00002348862_008	g1389	0	0.0362237286
ENSE00002348862_011	g1389	1	0.1959382463
ENSE00002348862_012	g1389	1	0.0217432085
ENSE00002348862_015	g1389	0	0.0071024329
ENSE00002348862_016	g1389	1	0.0147351773
ENSE00002348862_018	g1389	1	0.0244780850
ENSE00002348862_019	g1389	1	0.0140713346
ENSE00002348862_021	g1389	0	0.0109373236
ENSE00002348862_023	g1389	0	0.0732848490
ENSE00002348862_025	g1389	0	0.0207293848
ENSE00002348862_028	g1389	0	0.2263847406
ENSE00002348862_029	g1389	0	0.0116389750
ENSE00002348862_032	g1389	0	0.0019904264
ENSE00002348862_033	g1389	0	0.0021878322
ENSE00002348862_035	g1389	0	0.0013919456
ENSE00002348862_036	g1389	0	0.0017334563
ENSE00002348862_037	g1389	0	0.0017464836
ENSE00002348862_038	g1389	0	0.0036182635
ENSE00002348862_039	g1389	0	0.0034030183
ENSE00002349453_003	g1391	0	0.0035340357
ENSE00002349453_005	g1391	0	0.0037756694
ENSE00002349453_008	g1391	1	0.4631605554
ENSE00002349453_010	g1391	0	0.0311221436
ENSE00002349453_014	g1391	0	0.0916593384
ENSE00002351279_002	g1397	0	0.0080785309
ENSE00002351279_003	g1397	0	0.0032502824
ENSE00002351279_004	g1397	0	0.0211738822
ENSE00002351279_006	g1397	0	0.0402234315
ENSE00002351279_007	g1397	0	0.0218069679
ENSE00002351279_008	g1397	0	0.0185562521
ENSE00002351279_009	g1397	0	0.0498177533
ENSE00002351279_010	g1397	0	0.0260537967
ENSE00002351279_012	g1397	0	0.0018143017
ENSE00002352652_001	g1403	0	0.0061501302
ENSE00002352652_002	g1403	0	0.0044328207
ENSE00002352652_003	g1403	0	0.0155840974
ENSE00002352652_004	g1403	0	0.0035197979
ENSE00002352652_005	g1403	1	0.7319509971
ENSE00002352652_006	g1403	0	0.0163754207
ENSE00002352652_007	g1403	0	0.0172356728
ENSE00002352652_009	g1403	0	0.0262655077
ENSE00002352652_010	g1403	0	0.0279935648
ENSE00002352652_012	g1403	0	0.0140753074
ENSE00002352652_013	g1403	0	0.0240987796
ENSE00002352652_014	g1403	0	0.0438856132
ENSE00002352652_015	g1403	0	0.0256859226
ENSE00002352652_017	g1403	0	0.0110264663
ENSE00002352652_018	g1403	0	0.0336679663
ENSE00002352652_019	g1403	0	0.0121753783
ENSE00002352652_020	g1403	0	0.0327420455
ENSE00002352652_021	g1403	0	0.0068370097
ENSE00002352652_022	g1403	0	0.0454498815
ENSE00002352652_023	g1403	0	0.4881219271
ENSE00002352652_024	g1403	0	0.0035157624
ENSE00002352652_026	g1403	0	0.0016215188
ENSE00002352760_001	g0167	0	0.0016579198
ENSE00002352760_003	g0167	0	0.0077336193
ENSE00002352760_004	g0167	0	0.7305182063
ENSE00002352760_005	g0167	0	0.0655940384
ENSE00002352760_007	g0167	0	0.0183401842
ENSE00002352760_008	g0167	0	0.0327500680
ENSE00002352760_009	g0167	0	0.0269839584
ENSE00002352760_010	g0167	0	0.0609843059
ENSE00002352760_011	g0167	0	0.0651930869
ENSE00002352760_013	g0167	0	0.0477066066
ENSE00002352760_014	g0167	0	0.0022216423
ENSE00002352760_015	g0167	0	0.0019396311
ENSE00002352760_016	g0167	0	0.0023391949
ENSE00002354222_002	g1410	0	0.0555045069
ENSE00002354222_003	g1410	0	0.0477677690
ENSE00002354222_004	g1410	0	0.0189417836
ENSE00002354222_008	g1410	0	0.0142547635
ENSE00002354222_009	g1410	0	0.0171783180
ENSE00002354222_010	g1410	0	0.0160230145
ENSE00002354222_011	g1410	0	0.0339402055
ENSE00002354222_012	g1410	0	0.0208454835
ENSE00002354222_015	g1410	0	0.0342172671
ENSE00002354222_016	g1410	0	0.0219359477
ENSE00002354222_017	g1410	0	0.0249470688
ENSE00002354222_018	g1410	0	0.0079273914
ENSE00002354222_019	g1410	0	0.0184474008
ENSE00002354222_023	g1410	0	0.0189108002
ENSE00002354222_024	g1410	0	0.0130746558
ENSE00002354222_025	g1410	0	0.0063325748
ENSE00002354222_026	g1410	0	0.0228006619
ENSE00002354222_027	g1410	0	0.0158675757
ENSE00002354222_030	g1410	0	0.0550998352
ENSE00002354222_032	g1410	0	0.0112785810
ENSE00002354222_033	g1410	0	0.0215723961
ENSE00002354222_034	g1410	0	0.0087302793
ENSE00002355689_003	g1265	0	0.0015547447
ENSE00002355689_007	g1265	0	0.0188102105
ENSE00002355689_010	g1265	0	0.0534953877
ENSE00002355689_013	g1265	0	0.1037835100
ENSE00002356095_001	g1413	0	0.0031874992
ENSE00002356095_003	g1413	0	0.0052266286
ENSE00002356095_004	g1413	0	0.0187701831
ENSE00002356095_006	g1413	0	0.0084304793
ENSE00002356095_007	g1413	0	0.0215955737
ENSE00002356095_008	g1413	0	0.0308780453
ENSE00002356095_010	g1413	0	0.0559957464
ENSE00002356095_011	g1413	0	0.0071391111
ENSE00002356095_012	g1413	0	0.0189965136
ENSE00002356095_013	g1413	0	0.0173082183
ENSE00002356095_015	g1413	0	0.0504087658
ENSE00002356095_016	g1413	0	0.0832916825
ENSE00002356125_001	g1414	0	0.0056844891
ENSE00002356125_004	g1414	0	0.0234939546
ENSE00002356125_005	g1414	0	0.0459990330
ENSE00002356125_006	g1414	0	0.0206944052
ENSE00002356125_008	g1414	0	0.0077962196
ENSE00002356125_010	g1414	0	0.0237447832
ENSE00002356125_012	g1414	0	0.0358515418
ENSE00002356125_014	g1414	0	0.0609847152
ENSE00002356125_016	g1414	0	0.0077305391
ENSE00002356125_017	g1414	0	0.0250592019
ENSE00002356125_020	g1414	0	0.0374876870
ENSE00002356125_021	g1414	0	0.0262145422
ENSE00002356125_025	g1414	0	0.0102270566
ENSE00002356125_026	g1414	0	0.0176561207
ENSE00002356125_027	g1414	0	0.0028496156
ENSE00002356780_002	g1416	0	0.0029395024
ENSE00002356780_003	g1416	0	0.0145071813
ENSE00002356780_004	g1416	0	0.0100048590
ENSE00002356780_006	g1416	0	0.0109859048
ENSE00002356780_007	g1416	0	0.0217207190
ENSE00002356780_008	g1416	0	0.0088599978
ENSE00002356780_009	g1416	0	0.0186555920
ENSE00002356780_010	g1416	0	0.0302724008
ENSE00002356780_011	g1416	0	0.0137649233
ENSE00002356780_014	g1416	0	0.0134892027
ENSE00002356780_017	g1416	0	0.0402345057
ENSE00002356780_018	g1416	0	0.0040340303
ENSE00002356780_019	g1416	0	0.0154244966
ENSE00002356780_020	g1416	0	0.0581394587
ENSE00002356780_022	g1416	0	0.0029607866
ENSE00002356780_023	g1416	0	0.0019423963
ENSE00002356780_024	g1416	0	0.0021369943
ENSE00002358672_001	g1323	0	0.0016723715
ENSE00002358672_003	g1323	0	0.0018331727
ENSE00002358672_005	g1323	0	0.0125836205
ENSE00002358672_006	g1323	0	0.0115769293
ENSE00002358672_007	g1323	0	0.0232307396
ENSE00002358672_008	g1323	0	0.0251752737
ENSE00002358672_009	g1323	0	0.0081071727
ENSE00002358672_010	g1323	0	0.0141623858
ENSE00002358672_011	g1323	0	0.0217631670
ENSE00002358672_013	g1323	0	0.1242407886
ENSE00002358672_014	g1323	0	0.0237293091
ENSE00002358672_015	g1323	0	0.0090967508
ENSE00002358672_016	g1323	0	0.0610625627
ENSE00002358672_018	g1323	0	0.0748593444
ENSE00002359074_002	g1422	0	0.0059846788
ENSE00002359074_005	g1422	0	0.0386770092
ENSE00002359074_006	g1422	0	0.0745488669
ENSE00002359074_007	g1422	0	0.0290874584
ENSE00002359074_008	g1422	0	0.0443067942
ENSE00002359074_009	g1422	0	0.0162009273
ENSE00002359074_010	g1422	0	0.0062681254
ENSE00002359074_011	g1422	0	0.0092117323
ENSE00002359074_012	g1422	0	0.0038918421
ENSE00002359074_013	g1422	0	0.0106540282
ENSE00002359074_014	g1422	0	0.0096900436
ENSE00002359074_016	g1422	0	0.0145518929
ENSE00002359074_017	g1422	0	0.0079127729
ENSE00002359074_018	g1422	0	0.0313915250
ENSE00002359074_019	g1422	0	0.0942018317
ENSE00002359074_020	g1422	0	0.0147096663
ENSE00002359074_021	g1422	0	0.0132761673
ENSE00002359074_022	g1422	0	0.0032480111
ENSE00002359074_023	g1422	0	0.0255061285
ENSE00002359074_024	g1422	0	0.0009519673
ENSE00002359127_001	g1350	0	0.0156075456
ENSE00002359127_003	g1350	0	0.0169249881
ENSE00002359127_004	g1350	0	0.8180647099
ENSE00002359127_005	g1350	0	0.0176277642
ENSE00002359127_006	g1350	0	0.0117723170
ENSE00002359127_007	g1350	0	0.0161658521
ENSE00002359127_008	g1350	0	0.0213014265
ENSE00002359127_010	g1350	0	0.0072082566
ENSE00002359127_011	g1350	0	0.0255534719
ENSE00002359127_012	g1350	0	0.0202466329
ENSE00002359127_014	g1350	0	0.0140918413
ENSE00002359127_017	g1350	0	0.0164166621
ENSE00002359127_018	g1350	0	0.0166717496
ENSE00002359127_019	g1350	0	0.0237911090
ENSE00002359127_021	g1350	0	0.0067841891
ENSE00002359127_022	g1350	0	0.0014539126
ENSE00002359554_001	g1423	0	0.0022466163
ENSE00002359554_003	g1423	0	0.0023722299
ENSE00002359554_004	g1423	0	0.0018938502
ENSE00002359554_006	g1423	0	0.2657007731
ENSE00002359554_007	g1423	0	0.0092975574
ENSE00002359554_008	g1423	0	0.0115031035
ENSE00002359554_009	g1423	0	0.0118317543
ENSE00002359554_012	g1423	0	0.0186835259
ENSE00002359554_017	g1423	0	0.0199533698
ENSE00002359554_018	g1423	0	0.0084955498
ENSE00002359554_019	g1423	0	0.0050926878
ENSE00002359554_020	g1423	0	0.0035470636
ENSE00002359554_021	g1423	0	0.0054462629
ENSE00002360468_002	g1424	0	0.0088240332
ENSE00002360468_003	g1424	0	0.0123470589
ENSE00002360468_007	g1424	0	0.0654704323
ENSE00002360468_009	g1424	0	0.0240402265
ENSE00002360468_010	g1424	0	0.0300583616
ENSE00002360468_011	g1424	0	0.0245646498
ENSE00002360468_012	g1424	0	0.0133698559
ENSE00002360468_013	g1424	0	0.0152947094
ENSE00002360468_014	g1424	0	0.0133992264
ENSE00002360468_015	g1424	0	0.0189379903
ENSE00002360468_017	g1424	1	0.7315318394
ENSE00002360468_018	g1424	0	0.0057018037
ENSE00002360468_019	g1424	0	0.0021297822
ENSE00002361318_003	g1427	0	0.0202950967
ENSE00002361318_004	g1427	0	0.0139390782
ENSE00002361318_005	g1427	0	0.0177588085
ENSE00002361318_007	g1427	0	0.0152119804
ENSE00002361318_009	g1427	0	0.0247792285
ENSE00002361318_010	g1427	0	0.0127947625
ENSE00002361318_011	g1427	0	0.0269973321
ENSE00002361318_013	g1427	0	0.0166723520
ENSE00002361318_014	g1427	0	0.0066717510
ENSE00002361318_016	g1427	0	0.0075620657
ENSE00002361318_018	g1427	0	0.0230222666
ENSE00002361318_020	g1427	0	0.0223377001
ENSE00002361318_021	g1427	0	0.0035337460
ENSE00002361772_001	g1430	0	0.0140184108
ENSE00002361772_004	g1430	0	0.0022411129
ENSE00002361772_005	g1430	0	0.0020730669
ENSE00002361772_008	g1430	0	0.0089626727
ENSE00002361855_001	g1431	0	0.0016411104
ENSE00002361855_011	g1431	0	0.0224171321
ENSE00002361855_017	g1431	0	0.0215278525
ENSE00002361855_018	g1431	0	0.0311338021
ENSE00002363723_002	g1439	0	0.0145047922
ENSE00002363723_003	g1439	0	0.0033096287
ENSE00002363723_006	g1439	0	0.0120865015
ENSE00002363723_009	g1439	0	0.0168329346
ENSE00002363723_011	g1439	0	0.0148434421
ENSE00002363723_012	g1439	0	0.0073753050
ENSE00002363723_013	g1439	0	0.0214572899
ENSE00002363723_014	g1439	0	0.0110145122
ENSE00002364112_003	g1440	0	0.0310696312
ENSE00002364112_004	g1440	0	0.0204996240
ENSE00002364112_005	g1440	0	0.0224722013
ENSE00002364112_006	g1440	0	0.0238288030
ENSE00002364112_007	g1440	0	0.0160052627
ENSE00002364112_008	g1440	0	0.0274605576
ENSE00002364112_009	g1440	0	0.0527095341
ENSE00002364112_012	g1440	0	0.0240514041
ENSE00002364112_013	g1440	0	0.0087063214
ENSE00002364112_014	g1440	0	0.0103007173
ENSE00002364112_017	g1440	0	0.0473807153
ENSE00002364112_019	g1440	0	0.0227691426
ENSE00002364112_020	g1440	0	0.0070592176
ENSE00002364112_021	g1440	0	0.0581268642
ENSE00002364245_001	g1441	0	0.0027618002
ENSE00002364245_002	g1441	0	0.0120755342
ENSE00002364245_003	g1441	0	0.0103149875
ENSE00002364245_004	g1441	0	0.0096732243
ENSE00002364245_005	g1441	0	0.0021793637
ENSE00002364245_006	g1441	0	0.0031939215
ENSE00002364245_007	g1441	0	0.0025854217
ENSE00002364245_009	g1441	0	0.1826658902
ENSE00002364245_010	g1441	0	0.0206871030
ENSE00002364245_011	g1441	0	0.0253824645
ENSE00002364245_013	g1441	0	0.0206086668
ENSE00002364245_014	g1441	0	0.0221738691
ENSE00002364245_017	g1441	0	0.0202442419
ENSE00002364245_018	g1441	0	0.0251600068
ENSE00002364245_019	g1441	0	0.0148408148
ENSE00002364245_022	g1441	0	0.0153862947
ENSE00002364245_026	g1441	0	0.0188635381
ENSE00002364245_027	g1441	0	0.0063465570
ENSE00002364667_005	g1443	0	0.0313938975
ENSE00002364667_006	g1443	0	0.0245890397
ENSE00002364667_007	g1443	0	0.0843586536
ENSE00002364667_010	g1443	0	0.0172761605
ENSE00002364667_020	g1443	0	0.0036900136
ENSE00002365239_001	g1424	0	0.0064401205
ENSE00002365239_002	g1424	0	0.0090863683
ENSE00002365239_003	g1424	0	0.0126319658
ENSE00002365239_005	g1424	0	0.0504572327
ENSE00002365239_007	g1424	0	0.0150321796
ENSE00002365239_008	g1424	0	0.0230164333
ENSE00002365239_009	g1424	0	0.0198606648
ENSE00002365239_010	g1424	0	0.0141548743
ENSE00002365239_011	g1424	0	0.0072230225
ENSE00002365239_014	g1424	0	0.0171324989
ENSE00002365239_015	g1424	0	0.0172404619
ENSE00002365239_016	g1424	0	0.0077463927
ENSE00002365239_017	g1424	0	0.0103821513
ENSE00002365239_023	g1424	0	0.0014744397
ENSE00002366740_005	g1448	0	0.0123284427
ENSE00002366740_006	g1448	0	0.0176896601
ENSE00002366740_008	g1448	0	0.0112795079
ENSE00002366740_009	g1448	0	0.0123714205
ENSE00002366740_011	g1448	0	0.0056721834
ENSE00002366740_012	g1448	0	0.0151353151
ENSE00002366740_013	g1448	0	0.0120820219
ENSE00002366740_014	g1448	0	0.0197845299
ENSE00002366740_016	g1448	0	0.0185655622
ENSE00002366740_017	g1448	0	0.0261558030
ENSE00002366740_018	g1448	0	0.0226856234
ENSE00002366740_019	g1448	0	0.0204661801
ENSE00002366740_022	g1448	0	0.0219409442
ENSE00002366740_023	g1448	0	0.0245379560
ENSE00002366740_025	g1448	0	0.0113789042
ENSE00002366740_026	g1448	0	0.0037735331
ENSE00002368364_011	g1455	0	0.0095519545
ENSE00002368364_013	g1455	0	0.0215993672
ENSE00002368364_014	g1455	1	0.0140040493
ENSE00002368364_015	g1455	0	0.0208568249
ENSE00002368364_018	g1455	0	0.0298219658
ENSE00002368364_022	g1455	1	0.0765486860
ENSE00002368364_027	g1455	0	0.0289714950
ENSE00002368364_030	g1455	0	0.0035580716
ENSE00002368515_001	g1456	0	0.0066854007
ENSE00002368515_003	g1456	0	0.0131952330
ENSE00002368515_004	g1456	0	0.0301711641
ENSE00002368515_006	g1456	0	0.0132557993
ENSE00002368515_008	g1456	0	0.0149972179
ENSE00002368515_009	g1456	0	0.0059657226
ENSE00002368515_010	g1456	0	0.0114523531
ENSE00002368515_011	g1456	0	0.0250681769
ENSE00002368515_012	g1456	0	0.0299090150
ENSE00002369644_001	g1460	0	0.0015106914
ENSE00002369644_002	g1460	0	0.0022018359
ENSE00002369644_004	g1460	0	0.0015693903
ENSE00002369644_006	g1460	0	0.0268339253
ENSE00002369644_007	g1460	0	0.0320578791
ENSE00002369644_008	g1460	0	0.0148159699
ENSE00002369644_009	g1460	0	0.0217782343
ENSE00002369644_010	g1460	0	0.0245940931
ENSE00002369644_011	g1460	0	0.0234821919
ENSE00002369644_012	g1460	0	0.0171403119
ENSE00002369644_013	g1460	0	0.0330093596
ENSE00002369644_018	g1460	0	0.0188376229
ENSE00002369644_019	g1460	0	0.0250303963
ENSE00002369644_020	g1460	0	0.0324129528
ENSE00002369644_021	g1460	0	0.0474583781
ENSE00002370008_001	g1448	0	0.0018684109
ENSE00002370008_006	g1448	0	0.0065160631
ENSE00002370008_008	g1448	0	0.0219317445
ENSE00002370008_009	g1448	0	0.0058379457
ENSE00002370008_010	g1448	0	0.0137061704
ENSE00002370008_012	g1448	0	0.0113550019
ENSE00002371235_001	g1463	0	0.0051391499
ENSE00002371235_002	g1463	0	0.0257699058
ENSE00002371235_003	g1463	0	0.0176471572
ENSE00002371235_007	g1463	0	0.0164645593
ENSE00002371235_009	g1463	0	0.0375925193
ENSE00002371235_010	g1463	0	0.0111585786
ENSE00002371235_011	g1463	0	0.0204484630
ENSE00002371235_013	g1463	0	0.0140995032
ENSE00002371235_014	g1463	0	0.0121564619
ENSE00002371235_016	g1463	0	0.0095515952
ENSE00002371235_018	g1463	0	0.0104542124
ENSE00002371235_019	g1463	0	0.0352735836
ENSE00002371235_020	g1463	0	0.0297513563
ENSE00002371235_021	g1463	0	0.0198062577
ENSE00002371235_022	g1463	0	0.0302852642
ENSE00002371235_023	g1463	0	0.0084369400
ENSE00002371235_024	g1463	0	0.0023285500
ENSE00002371248_003	g1464	0	0.0045851125
ENSE00002371248_005	g1464	0	0.0036688306
ENSE00002371248_013	g1464	0	0.0139060796
ENSE00002371248_016	g1464	0	0.0039451247
ENSE00002371248_017	g1464	0	0.0054863403
ENSE00002371985_001	g1467	0	0.0025641322
ENSE00002371985_002	g1467	0	0.0022626028
ENSE00002371985_004	g1467	0	0.0176013592
ENSE00002371985_005	g1467	0	0.0227390583
ENSE00002371985_008	g1467	0	0.0193196427
ENSE00002371985_011	g1467	1	0.0133147673
ENSE00002371985_012	g1467	0	0.0118332322
ENSE00002371985_014	g1467	0	0.0100431943
ENSE00002373097_001	g1468	0	0.0021505180
ENSE00002373097_002	g1468	0	0.0036042448
ENSE00002373097_003	g1468	0	0.0017479428
ENSE00002373097_004	g1468	0	0.0081567389
ENSE00002373097_006	g1468	0	0.0266481604
ENSE00002373097_007	g1468	0	0.0316513545
ENSE00002373097_008	g1468	0	0.0113639571
ENSE00002373097_011	g1468	0	0.0211543567
ENSE00002373097_012	g1468	0	0.0186555068
ENSE00002373097_013	g1468	0	0.0197709342
ENSE00002373097_014	g1468	0	0.0188582767
ENSE00002373097_015	g1468	0	0.0195344769
ENSE00002373097_016	g1468	0	0.0072347212
ENSE00002373097_017	g1468	0	0.0148051315
ENSE00002373097_018	g1468	0	0.0111088304
ENSE00002373097_019	g1468	0	0.0379992422
ENSE00002373097_020	g1468	0	0.0138358270
ENSE00002373097_021	g1468	0	0.0184340682
ENSE00002373097_023	g1468	0	0.0041138159
ENSE00002376718_029	g1478	0	0.0037935987
ENSE00002376872_001	g1397	0	0.0038087501
ENSE00002376872_002	g1397	0	0.0027894842
ENSE00002376872_003	g1397	0	0.0060552272
ENSE00002376872_004	g1397	0	0.0110882157
ENSE00002376872_005	g1397	0	0.0174524783
ENSE00002376872_007	g1397	0	0.0087130013
ENSE00002376872_011	g1397	0	0.0070023051
ENSE00002376872_015	g1397	0	0.0072373837
ENSE00002376872_019	g1397	0	0.0127687218
ENSE00002376872_022	g1397	0	0.0026501494
ENSE00002378369_002	g1448	0	0.0041079388
ENSE00002378369_005	g1448	0	0.0189972040
ENSE00002378369_006	g1448	0	0.3144326779
ENSE00002378369_009	g1448	0	0.0107049370
ENSE00002378369_010	g1448	0	0.0208866341
ENSE00002378369_011	g1448	0	0.0114387252
ENSE00002378369_012	g1448	0	0.0061663359
ENSE00002378369_015	g1448	0	0.0047538112
ENSE00002378702_003	g1483	0	0.0021288058
ENSE00002379912_001	g1486	0	0.0030583189
ENSE00002379912_002	g1486	0	0.0046564650
ENSE00002379912_004	g1486	0	0.0037660849
ENSE00002379912_005	g1486	0	0.0089368127
ENSE00002379912_006	g1486	0	0.0172423661
ENSE00002379912_007	g1486	0	0.0239901756
ENSE00002379912_008	g1486	0	0.0220228327
ENSE00002379912_009	g1486	0	0.0345470430
ENSE00002379912_010	g1486	0	0.0083088364
ENSE00002379912_011	g1486	0	0.0094027498
ENSE00002379912_012	g1486	0	0.0160936893
ENSE00002379912_013	g1486	0	0.0136839806
ENSE00002379912_015	g1486	0	0.0189756423
ENSE00002379912_017	g1486	0	0.0414205540
ENSE00002379912_018	g1486	0	0.0193973317
ENSE00002379912_019	g1486	0	0.0246461117
ENSE00002379912_020	g1486	0	0.0072483452
ENSE00002379912_021	g1486	0	0.0106233407
ENSE00002379912_022	g1486	0	0.0055744930
ENSE00002379912_024	g1486	0	0.0029544511
ENSE00002379912_025	g1486	0	0.0047691200
ENSE00002380807_001	g0167	0	0.0012661936
ENSE00002380807_002	g0167	0	0.0014686503
ENSE00002380807_003	g0167	0	0.0013814641
ENSE00002380807_004	g0167	0	0.0017206152
ENSE00002380807_005	g0167	0	0.0017905460
ENSE00002380807_006	g0167	0	0.0011074858
ENSE00002380807_007	g0167	0	0.0015341888
ENSE00002380807_011	g0167	0	0.0489775939
ENSE00002380807_012	g0167	0	0.0303683297
ENSE00002380807_013	g0167	0	0.0217127591
ENSE00002380807_017	g0167	0	0.0112304048
ENSE00002380807_018	g0167	0	0.0274932849
ENSE00002380807_021	g0167	0	0.0427148497
ENSE00002380807_022	g0167	0	0.0112915983
ENSE00002380807_023	g0167	0	0.0126492014
ENSE00002380807_025	g0167	0	0.0218749847
ENSE00002380807_027	g0167	0	0.0104658037
ENSE00002380807_029	g0167	0	0.0195534178
ENSE00002380807_030	g0167	0	0.0248963850
ENSE00002380807_031	g0167	0	0.0091411765
ENSE00002380807_033	g0167	0	0.0250295221
ENSE00002381640_005	g1350	0	0.0458948756
ENSE00002381640_006	g1350	0	0.0242255494
ENSE00002381640_007	g1350	0	0.0249665940
ENSE00002381640_009	g1350	0	0.0189264482
ENSE00002381640_014	g1350	0	0.0152256645
ENSE00002381640_017	g1350	0	0.0096029857
ENSE00002381640_018	g1350	0	0.0063239944
ENSE00002382210_001	g1490	0	0.0054473349
ENSE00002382210_002	g1490	0	0.0050027465
ENSE00002382210_003	g1490	0	0.0034424555
ENSE00002382210_005	g1490	0	0.0183679719
ENSE00002382210_006	g1490	0	0.0120912623
ENSE00002382210_007	g1490	0	0.0080853836
ENSE00002382210_008	g1490	0	0.0080820848
ENSE00002382210_009	g1490	0	0.0201891211
ENSE00002382210_010	g1490	0	0.0656936035
ENSE00002382210_011	g1490	0	0.1180905219
ENSE00002382210_012	g1490	0	0.1544050629
ENSE00002382210_013	g1490	0	0.0178710250
ENSE00002382210_014	g1490	0	0.0645580493
ENSE00002382210_015	g1490	0	0.0168966172
ENSE00002382210_016	g1490	0	0.0094539232
ENSE00002382210_017	g1490	0	0.0103768332
ENSE00002382210_019	g1490	0	0.0115745761
ENSE00002382210_020	g1490	0	0.0337380966
ENSE00002382210_023	g1490	0	0.0176747637
ENSE00002382210_024	g1490	0	0.0140879157
ENSE00002382210_025	g1490	0	0.0605428326
ENSE00002382210_026	g1490	0	0.0026368377
ENSE00002385110_001	g1494	0	0.0036138359
ENSE00002385110_002	g1494	0	0.0015889077
ENSE00002385110_005	g1494	0	0.0020223084
ENSE00002385110_006	g1494	0	0.0012633415
ENSE00002385110_007	g1494	0	0.0061839175
ENSE00002385110_008	g1494	0	0.0114886761
ENSE00002385110_009	g1494	0	0.4088612049
ENSE00002385110_011	g1494	0	0.0199337761
ENSE00002385110_012	g1494	0	0.0250592750
ENSE00002385110_013	g1494	0	0.0142986022
ENSE00002385110_014	g1494	0	0.0293103301
ENSE00002385110_015	g1494	0	0.0171745832
ENSE00002385110_016	g1494	0	0.0271907070
ENSE00002385110_017	g1494	0	0.0058433464
ENSE00002385110_018	g1494	0	0.0072213758
ENSE00002385110_019	g1494	0	0.0089573420
ENSE00002385110_020	g1494	0	0.0154451592
ENSE00002385110_022	g1494	0	0.0129963197
ENSE00002385110_023	g1494	0	0.0266984040
ENSE00002385110_024	g1494	1	0.5581737493
ENSE00002385110_026	g1494	0	0.0209622226
ENSE00002385110_027	g1494	0	0.0208098160
ENSE00002385110_028	g1494	0	0.0168664724
ENSE00002385110_029	g1494	0	0.0257044965
ENSE00002385110_030	g1494	0	0.0102783921
ENSE00002385110_031	g1494	0	0.0135411084
ENSE00002385110_032	g1494	0	0.0225694551
ENSE00002385110_033	g1494	0	0.0087848838
ENSE00002385110_034	g1494	0	0.0073499899
ENSE00002385110_035	g1494	0	0.0050716917
ENSE00002385110_036	g1494	0	0.0343746229
ENSE00002385110_037	g1494	0	0.0050967674
ENSE00002386005_010	g1350	0	0.0048011631
ENSE00002386005_017	g1350	0	0.0062622038
ENSE00002386150_002	g0167	0	0.0022782856
ENSE00002386150_003	g0167	0	0.0030398974
ENSE00002386150_004	g0167	0	0.0023415027
ENSE00002386150_005	g0167	0	0.0024005266
ENSE00002386150_006	g0167	0	0.0039666662
ENSE00002386150_007	g0167	0	0.0093902750
ENSE00002386150_008	g0167	0	0.0301740614
ENSE00002386150_009	g0167	0	0.0273894353
ENSE00002386150_010	g0167	0	0.0175579919
ENSE00002386150_012	g0167	0	0.0447012515
ENSE00002386150_013	g0167	0	0.0278644449
ENSE00002386150_014	g0167	0	0.0891003139
ENSE00002386150_015	g0167	0	0.0149967119
ENSE00002386150_016	g0167	0	0.0418850415
ENSE00002386150_017	g0167	0	0.0034979929
ENSE00002386150_018	g0167	0	0.0056193072
ENSE00002386196_001	g1498	0	0.0046187404
ENSE00002386196_002	g1498	0	0.0047214361
ENSE00002386196_004	g1498	1	0.8390152766
ENSE00002386196_005	g1498	0	0.0684520489
ENSE00002386196_006	g1498	0	0.0850638158
ENSE00002386196_008	g1498	0	0.0206769133
ENSE00002386196_009	g1498	0	0.0517707757
ENSE00002386196_010	g1498	0	0.0425594741
ENSE00002386196_011	g1498	0	0.0148925384
ENSE00002386196_013	g1498	1	0.0434185742
ENSE00002386196_014	g1498	0	0.0051778448
ENSE00002386196_015	g1498	0	0.0033799724
ENSE00002387405_002	g1350	0	0.0066476270
ENSE00002387405_003	g1350	0	0.0090008619
ENSE00002387405_004	g1350	0	0.0176096736
ENSE00002387405_005	g1350	0	0.0788088789
ENSE00002387405_006	g1350	0	0.0779079309
ENSE00002387405_007	g1350	0	0.0206777073
ENSE00002387405_008	g1350	0	0.0179080427
ENSE00002387405_009	g1350	0	0.0099510935
ENSE00002387405_010	g1350	0	0.0127681076
ENSE00002387405_011	g1350	0	0.0124113163
ENSE00002387405_012	g1350	0	0.0092067804
ENSE00002387405_013	g1350	0	0.0204646325
ENSE00002387405_014	g1350	0	0.0218741491
ENSE00002387405_015	g1350	0	0.0128169952
ENSE00002387405_016	g1350	0	0.0144988381
ENSE00002387405_017	g1350	0	0.0804511945
ENSE00002387405_018	g1350	0	0.0053554943
ENSE00002387405_019	g1350	0	0.0048695039
ENSE00002387405_020	g1350	0	0.0023268071
ENSE00002388554_014	g1504	0	0.0123554379
ENSE00002388554_016	g1504	0	0.0181500275
ENSE00002388554_017	g1504	1	0.0042586745
ENSE00002389183_001	g1505	0	0.0019657925
ENSE00002389183_002	g1505	0	0.0045520545
ENSE00002389183_003	g1505	0	0.0169889199
ENSE00002389183_004	g1505	0	0.0047989702
ENSE00002389183_005	g1505	0	0.0068316889
ENSE00002389183_006	g1505	0	0.0073369482
ENSE00002389183_007	g1505	0	0.0247375127
ENSE00002389183_008	g1505	0	0.0266262293
ENSE00002389183_009	g1505	0	0.0198582484
ENSE00002389183_011	g1505	0	0.0061105602
ENSE00002389183_012	g1505	0	0.0460131544
ENSE00002391389_002	g1512	1	0.1308501580
ENSE00002391389_003	g1512	0	0.0171733329
ENSE00002391389_010	g1512	0	0.0784468700
ENSE00002391389_011	g1512	0	0.0360195699
ENSE00002391389_013	g1512	0	0.0794989693
ENSE00002391389_020	g1512	0	0.0036353646
ENSE00002392171_002	g0756	0	0.0134250470
ENSE00002392171_003	g0756	0	0.0203148527
ENSE00002392171_004	g0756	0	0.0259182041
ENSE00002392171_008	g0756	0	0.0127257161
ENSE00002392171_009	g0756	0	0.0357910543
ENSE00002392171_011	g0756	0	0.0085214153
ENSE00002392171_015	g0756	0	0.0657074525
ENSE00002392171_018	g0756	0	0.0753863972
ENSE00002392171_019	g0756	0	0.1162146309
ENSE00002392171_020	g0756	0	0.1964803013
ENSE00002392171_023	g0756	0	0.0079705549
ENSE00002393630_004	g1514	0	0.0034622485
ENSE00002393630_006	g1514	0	0.0368526578
ENSE00002393630_007	g1514	0	0.3260967264
ENSE00002393630_010	g1514	0	0.0201958762
ENSE00002393630_011	g1514	0	0.0180534706
ENSE00002393630_012	g1514	0	0.0123704715
ENSE00002393630_014	g1514	0	0.0249345277
ENSE00002393630_015	g1514	0	0.0115458167
ENSE00002393630_018	g1514	0	0.0150085647
ENSE00002393630_019	g1514	0	0.0135553754
ENSE00002393630_020	g1514	0	0.0111001399
ENSE00002393630_022	g1514	0	0.0174618987
ENSE00002393630_026	g1514	0	0.0154228694
ENSE00002393630_030	g1514	0	0.0055223193
ENSE00002393630_033	g1514	0	0.0041037590
ENSE00002393630_034	g1514	0	0.0071688749
ENSE00002393708_012	g1515	0	0.0148409076
ENSE00002393708_018	g1515	0	0.0180946661
ENSE00002393708_021	g1515	0	0.0219541937
ENSE00002393708_025	g1515	0	0.0074214250
ENSE00002393945_001	g1516	1	0.8484849778
ENSE00002393945_002	g1516	1	0.8801256535
ENSE00002393945_003	g1516	0	0.0341655368
ENSE00002393945_005	g1516	0	0.0187036792
ENSE00002393945_007	g1516	0	0.0187260065
ENSE00002393945_008	g1516	1	0.0169390050
ENSE00002393945_010	g1516	1	0.0152292079
ENSE00002393945_011	g1516	1	0.0169776900
ENSE00002393945_013	g1516	1	0.0269984454
ENSE00002393945_017	g1516	0	0.0091044054
ENSE00002393945_018	g1516	1	0.0311380103
ENSE00002393945_019	g1516	0	0.0313891258
ENSE00002393945_020	g1516	1	0.1024070760
ENSE00002393945_021	g1516	1	0.0731767516
ENSE00002393945_022	g1516	0	0.0213089368
ENSE00002393945_025	g1516	1	0.9068167906
ENSE00002393945_027	g1516	1	0.0479609603
ENSE00002393945_028	g1516	1	0.1070888006
ENSE00002393945_030	g1516	1	0.0182601906
ENSE00002393945_031	g1516	1	0.0069949288
ENSE00002394108_004	g1517	0	0.0776751436
ENSE00002394108_006	g1517	0	0.0047965902
ENSE00002394108_009	g1517	0	0.0132791534
ENSE00002394108_016	g1517	0	0.0256187134
ENSE00002394108_019	g1517	0	0.0016723471
ENSE00002394108_022	g1517	0	0.0016573151
ENSE00002394124_001	g1518	0	0.0066609568
ENSE00002394124_005	g1518	1	0.0223009192
ENSE00002394124_006	g1518	1	0.1024738549
ENSE00002394124_007	g1518	0	0.1765342348
ENSE00002394124_009	g1518	0	0.0167847563
ENSE00002394124_010	g1518	0	0.0136994700
ENSE00002394124_011	g1518	0	0.0150116361
ENSE00002394124_014	g1518	1	0.0418515845
ENSE00002394124_015	g1518	1	0.0376704605
ENSE00002394124_019	g1518	1	0.3977035347
ENSE00002394124_021	g1518	0	0.0077076799
ENSE00002394124_022	g1518	0	0.0078996683
ENSE00002394124_023	g1518	0	0.0080045426
ENSE00002395855_002	g1522	1	0.0321253487
ENSE00002395855_003	g1522	0	0.0302810708
ENSE00002395855_004	g1522	1	0.0550138973
ENSE00002395855_005	g1522	0	0.0356153527
ENSE00002395855_007	g1522	0	0.0088865780
ENSE00002395855_008	g1522	0	0.0209753115
ENSE00002395855_009	g1522	0	0.0170719051
ENSE00002395855_010	g1522	0	0.0258184913
ENSE00002395855_017	g1522	0	0.0182791231
ENSE00002395855_018	g1522	0	0.0077345091
ENSE00002395855_019	g1522	0	0.0152539913
ENSE00002395941_001	g1525	0	0.0014585218
ENSE00002395941_002	g1525	0	0.0023964369
ENSE00002395941_003	g1525	0	0.0134372055
ENSE00002395941_004	g1525	0	0.0328624603
ENSE00002395941_005	g1525	0	0.0300903839
ENSE00002395941_007	g1525	0	0.0193239472
ENSE00002395941_008	g1525	0	0.0267807411
ENSE00002395941_010	g1525	0	0.0077133032
ENSE00002395941_011	g1525	0	0.0076784167
ENSE00002395941_012	g1525	0	0.0156439495
ENSE00002395941_014	g1525	0	0.0162560456
ENSE00002395941_017	g1525	0	0.0077294203
ENSE00002395941_018	g1525	0	0.0019811046
ENSE00002395941_019	g1525	0	0.0036378691
ENSE00002397014_002	g1529	0	0.0132790799
ENSE00002397014_005	g1529	0	0.0116719318
ENSE00002397014_008	g1529	0	0.0077419850
ENSE00002397014_013	g1529	0	0.0302216600
ENSE00002397014_014	g1529	0	0.0131393178
ENSE00002397014_015	g1529	0	0.0107215278
ENSE00002397014_016	g1529	0	0.0112100288
ENSE00002397014_020	g1529	0	0.0241104776
ENSE00002397014_021	g1529	0	0.0171922971
ENSE00002397014_022	g1529	0	0.0098331882
ENSE00002397014_024	g1529	0	0.4945703142
ENSE00002397014_025	g1529	0	0.0026538400
ENSE00002398572_002	g1532	0	0.0105972451
ENSE00002398572_003	g1532	0	0.2446098164
ENSE00002398572_004	g1532	0	0.0280304920
ENSE00002398572_005	g1532	0	0.0202225157
ENSE00002398572_006	g1532	0	0.0126779278
ENSE00002398572_007	g1532	0	0.0138053824
ENSE00002398572_009	g1532	0	0.0150507805
ENSE00002398572_012	g1532	0	0.0444497707
ENSE00002398572_013	g1532	0	0.0166100097
ENSE00002398572_015	g1532	0	0.0434585088
ENSE00002398572_016	g1532	0	0.0073827899
ENSE00002398572_017	g1532	0	0.0040095973
ENSE00002398572_019	g1532	0	0.0116980990
ENSE00002398572_023	g1532	0	0.0766388398
ENSE00002398572_025	g1532	0	0.0050998468
ENSE00002398572_026	g1532	0	0.0016395055
ENSE00002398934_002	g1413	0	0.0034166372
ENSE00002398934_003	g1413	0	0.0010052399
ENSE00002398934_005	g1413	0	0.0517390472
ENSE00002398934_006	g1413	0	0.0334148646
ENSE00002398934_007	g1413	0	0.0303946879
ENSE00002398934_008	g1413	0	0.0182826933
ENSE00002398934_011	g1413	0	0.0049911800
ENSE00002399206_001	g1440	0	0.0019235515
ENSE00002399206_003	g1440	0	0.0024523423
ENSE00002399206_004	g1440	0	0.0036024413
ENSE00002399206_005	g1440	0	0.0029527781
ENSE00002399206_006	g1440	1	0.7320581752
ENSE00002399206_007	g1440	0	0.0466581263
ENSE00002399206_008	g1440	0	0.0076260575
ENSE00002399206_009	g1440	0	0.0145572553
ENSE00002399206_010	g1440	0	0.0067232295
ENSE00002399206_012	g1440	0	0.0102474802
ENSE00002399206_013	g1440	0	0.0195154586
ENSE00002399206_015	g1440	0	0.0134239563
ENSE00002399206_016	g1440	0	0.0143182683
ENSE00002399206_017	g1440	0	0.0150603134
ENSE00002399206_018	g1440	0	0.0213796021
ENSE00002399206_019	g1440	0	0.0135264159
ENSE00002399206_020	g1440	0	0.0397534881
ENSE00002399206_021	g1440	0	0.0055519033
ENSE00002399206_022	g1440	0	0.0123455498
ENSE00002399206_023	g1440	1	0.1406747169
ENSE00002399206_024	g1440	0	0.0214764399
ENSE00002399361_002	g1448	0	0.0029098589
ENSE00002399361_004	g1448	0	0.0043282729
ENSE00002399361_009	g1448	0	0.0387408384
ENSE00002399361_010	g1448	0	0.0292209093
ENSE00002399361_019	g1448	0	0.0177737156
ENSE00002399361_026	g1448	0	0.0476147745
ENSE00002399430_001	g1397	0	0.0042288675
ENSE00002399430_002	g1397	0	0.0041469516
ENSE00002399430_003	g1397	0	0.0055028946
ENSE00002399430_004	g1397	0	0.0036047597
ENSE00002399430_005	g1397	0	0.0056191641
ENSE00002399430_008	g1397	0	0.6841411550
ENSE00002399430_009	g1397	0	0.0096176542
ENSE00002399430_010	g1397	0	0.0103232038
ENSE00002399430_011	g1397	0	0.0170525229
ENSE00002399430_012	g1397	0	0.0099843400
ENSE00002399430_013	g1397	0	0.0561470167
ENSE00002399430_014	g1397	0	0.0146922058
ENSE00002399430_015	g1397	0	0.0120778552
ENSE00002399430_016	g1397	0	0.0117359679
ENSE00002399430_018	g1397	0	0.0160463676
ENSE00002399430_019	g1397	0	0.0263035923
ENSE00002399430_021	g1397	0	0.0123985106
ENSE00002399430_022	g1397	0	0.5318073745
ENSE00002399430_023	g1397	0	0.0023710100
ENSE00002399430_024	g1397	0	0.0049631744
ENSE00002399430_025	g1397	0	0.0014877107
ENSE00002399430_027	g1397	0	0.0012263460
ENSE00002400069_001	g1534	0	0.0008848792
ENSE00002400069_002	g1534	0	0.0008935794
ENSE00002400069_003	g1534	0	0.0038638577
ENSE00002400069_004	g1534	0	0.0041622213
ENSE00002400069_008	g1534	0	0.0097435955
ENSE00002400069_010	g1534	0	0.0318384285
ENSE00002400069_011	g1534	0	0.1588322100
ENSE00002400069_013	g1534	0	0.0074008797
ENSE00002400069_014	g1534	0	0.0238459650
ENSE00002400069_015	g1534	0	0.0201411534
ENSE00002400069_017	g1534	0	0.0115361824
ENSE00002400069_018	g1534	0	0.0152585500
ENSE00002400069_019	g1534	0	0.0216574323
ENSE00002400069_021	g1534	0	0.0878216709
ENSE00002400069_022	g1534	0	0.0125690575
ENSE00002400069_023	g1534	0	0.0106147034
ENSE00002400069_024	g1534	0	0.0151760640
ENSE00002400069_025	g1534	0	0.0133887411
ENSE00002400069_027	g1534	0	0.0147456814
ENSE00002402310_001	g1539	0	0.0052408000
ENSE00002402310_002	g1539	0	0.0053790471
ENSE00002402310_003	g1539	0	0.0128717569
ENSE00002402310_007	g1539	0	0.0046942456
ENSE00002402310_008	g1539	0	0.0061629583
ENSE00002402310_009	g1539	0	0.0087881478
ENSE00002402310_010	g1539	0	0.0090999161
ENSE00002402310_014	g1539	0	0.0127496227
ENSE00002402310_020	g1539	0	0.0234049965
ENSE00002402310_022	g1539	0	0.0237493754
ENSE00002402310_024	g1539	0	0.0405794758
ENSE00002402310_025	g1539	0	0.0030765269
ENSE00002404026_001	g1416	0	0.0116651134
ENSE00002404026_005	g1416	0	0.0224087315
ENSE00002404026_006	g1416	0	0.0191023821
ENSE00002404026_007	g1416	0	0.1540765633
ENSE00002404026_010	g1416	0	0.0257682420
ENSE00002404026_012	g1416	0	0.0310177226
ENSE00002404026_015	g1416	0	0.0103174905
ENSE00002404026_018	g1416	0	0.0053040022
ENSE00002404026_019	g1416	0	0.0314556726
ENSE00002404026_020	g1416	0	0.0168433494
ENSE00002404026_023	g1416	1	0.0088078402
ENSE00002405732_007	g1410	0	0.0135968960
ENSE00002405732_008	g1410	0	0.0401124326
ENSE00002405732_012	g1410	0	0.0268855563
ENSE00002405732_015	g1410	0	0.0076558099
ENSE00002405732_019	g1410	0	0.0200206250
ENSE00002405732_021	g1410	0	0.0035995644
ENSE00002405732_024	g1410	0	0.0025696962
ENSE00002405732_025	g1410	0	0.0031489455
ENSE00002405759_001	g1542	0	0.0056608860
ENSE00002405759_002	g1542	0	0.0085906396
ENSE00002405759_003	g1542	0	0.0016742998
ENSE00002405759_014	g1542	0	0.0277145441
ENSE00002405759_015	g1542	0	0.0162089871
ENSE00002405759_016	g1542	0	0.0144476068
ENSE00002406575_011	g1546	0	0.0179103243
ENSE00002406575_020	g1546	0	0.0084837952
ENSE00002407617_001	g1547	0	0.0032265635
ENSE00002407617_002	g1547	0	0.0047866179
ENSE00002407617_004	g1547	0	0.0061069929
ENSE00002407617_005	g1547	0	0.0170978310
ENSE00002407617_006	g1547	0	0.0281387950
ENSE00002407617_007	g1547	0	0.0619524708
ENSE00002407617_008	g1547	0	0.0295168358
ENSE00002407617_009	g1547	0	0.0216522234
ENSE00002407617_010	g1547	0	0.0206468811
ENSE00002407617_011	g1547	0	0.0130980523
ENSE00002407617_012	g1547	0	0.0719993717
ENSE00002407617_013	g1547	0	0.0114079188
ENSE00002407617_014	g1547	0	0.0115042969
ENSE00002407617_015	g1547	1	0.1205185999
ENSE00002407617_016	g1547	0	0.3619134006
ENSE00002407617_017	g1547	0	0.0113821310
ENSE00002407617_018	g1547	0	0.1177852967
ENSE00002407617_019	g1547	0	0.1387045392
ENSE00002407617_020	g1547	0	0.0778106279
ENSE00002407617_021	g1547	0	0.0208065190
ENSE00002407617_022	g1547	0	0.0152906210
ENSE00002407617_023	g1547	0	0.0175803446
ENSE00002408722_001	g1551	0	0.0045131086
ENSE00002408722_002	g1551	0	0.0083687519
ENSE00002408722_004	g1551	0	0.0480280808
ENSE00002408722_005	g1551	0	0.0138634575
ENSE00002408722_006	g1551	0	0.2764609700
ENSE00002408722_007	g1551	0	0.0088538047
ENSE00002408722_008	g1551	0	0.0092379385
ENSE00002408722_012	g1551	0	0.0241509420
ENSE00002408722_014	g1551	0	0.1018831565
ENSE00002408722_015	g1551	0	0.0139438715
ENSE00002408722_016	g1551	0	0.0248052014
ENSE00002408722_017	g1551	0	0.0053067948
ENSE00002410436_019	g1554	0	0.0142560735
ENSE00002410582_002	g1371	0	0.0123345527
ENSE00002410582_003	g1371	0	0.0182015651
ENSE00002410582_007	g1371	0	0.0914055024
ENSE00002410582_008	g1371	0	0.0276526968
ENSE00002410582_009	g1371	0	0.0580505654
ENSE00002410582_011	g1371	0	0.0211461580
ENSE00002410582_012	g1371	0	0.0216503098
ENSE00002410582_013	g1371	0	0.0089937389
ENSE00002410582_016	g1371	0	0.0146623648
ENSE00002410582_017	g1371	0	0.0032269391
ENSE00002410582_018	g1371	0	0.0027537551
ENSE00002412190_001	g1556	0	0.0023057525
ENSE00002412190_002	g1556	0	0.0034317648
ENSE00002412190_003	g1556	0	0.0025767833
ENSE00002412190_004	g1556	0	0.0019239452
ENSE00002412190_007	g1556	0	0.0324961747
ENSE00002412190_008	g1556	0	0.0166973265
ENSE00002412190_009	g1556	0	0.0084659356
ENSE00002412190_010	g1556	0	0.0142488697
ENSE00002412190_011	g1556	0	0.0118688290
ENSE00002412190_013	g1556	0	0.0299641159
ENSE00002412190_015	g1556	0	0.0125379424
ENSE00002412190_016	g1556	0	0.0243068902
ENSE00002412190_017	g1556	0	0.0310820134
ENSE00002412190_019	g1556	0	0.0156000978
ENSE00002412190_020	g1556	0	0.0132417039
ENSE00002412190_021	g1556	0	0.0264837381
ENSE00002412190_022	g1556	0	0.0281109194
ENSE00002412190_023	g1556	0	0.0403937140
ENSE00002412190_024	g1556	0	0.0173481429
ENSE00002412190_026	g1556	0	0.0123543954
ENSE00002412190_027	g1556	0	0.0265226735
ENSE00002415750_002	g1565	0	0.0039082579
ENSE00002415750_008	g1565	0	0.0182242530
ENSE00002415750_009	g1565	0	0.0099786234
ENSE00002415750_010	g1565	1	0.1594983869
ENSE00002415750_011	g1565	0	0.0027369288
ENSE00002415750_012	g1565	0	0.0031548552
ENSE00002415921_007	g1566	0	0.0210145884
ENSE00002415921_012	g1566	0	0.0188576271
ENSE00002415921_013	g1566	0	0.0069624263
ENSE00002415921_017	g1566	0	0.0044960175
ENSE00002415921_022	g1566	0	0.0039316737
ENSE00002416064_001	g1567	0	0.0018184322
ENSE00002416064_002	g1567	1	0.3067412320
ENSE00002416064_005	g1567	0	0.0181179416
ENSE00002416064_008	g1567	0	0.0150467125
ENSE00002416064_009	g1567	0	0.0277260686
ENSE00002416064_013	g1567	0	0.0477904236
ENSE00002416064_014	g1567	0	0.0087422686
ENSE00002416064_018	g1567	0	0.0251323152
ENSE00002416064_021	g1567	0	0.0197787320
ENSE00002416141_009	g0167	0	0.0313969910
ENSE00002416141_021	g0167	0	0.0056250277
ENSE00002418231_001	g1571	0	0.0063662984
ENSE00002418231_002	g1571	0	0.0036330951
ENSE00002418231_003	g1571	0	0.0127358670
ENSE00002418231_004	g1571	0	0.0354570094
ENSE00002418231_005	g1571	0	0.0538522318
ENSE00002418231_006	g1571	0	0.0940730156
ENSE00002418231_007	g1571	0	0.0474783017
ENSE00002418231_010	g1571	0	0.0107051955
ENSE00002418231_011	g1571	0	0.0270484663
ENSE00002418231_012	g1571	0	0.0290774929
ENSE00002418231_014	g1571	0	0.0184086602
ENSE00002418231_015	g1571	0	0.0204368077
ENSE00002418231_016	g1571	0	0.0196495772
ENSE00002418231_017	g1571	0	0.0135936771
ENSE00002418231_018	g1571	0	0.0143356302
ENSE00002418231_019	g1571	0	0.0164630560
ENSE00002418231_020	g1571	0	0.0103253466
ENSE00002418231_021	g1571	0	0.0067848819
ENSE00002418231_022	g1571	0	0.0077691127
ENSE00002418231_023	g1571	0	0.0202139568
ENSE00002418231_024	g1571	0	0.0104360935
ENSE00002418231_025	g1571	0	0.0197848258
ENSE00002418231_026	g1571	1	0.8450306855
ENSE00002418231_027	g1571	0	0.0016605578
ENSE00002418231_028	g1571	0	0.0014779772
ENSE00002418231_029	g1571	0	0.0014005992
ENSE00002418231_030	g1571	0	0.0012930064
ENSE00002419170_001	g1281	0	0.0027018572
ENSE00002419170_002	g1281	0	0.0022574922
ENSE00002419170_003	g1281	0	0.0196330068
ENSE00002419170_005	g1281	0	0.1707134917
ENSE00002419170_008	g1281	0	0.1111713680
ENSE00002419170_009	g1281	0	0.0225487127
ENSE00002419170_010	g1281	0	0.0308514589
ENSE00002419170_011	g1281	0	0.0241634273
ENSE00002419170_012	g1281	0	0.0510539197
ENSE00002419170_013	g1281	0	0.0328915075
ENSE00002419170_014	g1281	0	0.0358095917
ENSE00002419170_015	g1281	0	0.0515274821
ENSE00002419170_016	g1281	0	0.0707058104
ENSE00002419170_017	g1281	0	0.0407712642
ENSE00002419170_018	g1281	0	0.0464135084
ENSE00002419170_019	g1281	0	0.1739875400
ENSE00002419170_022	g1281	0	0.0196039833
ENSE00002419170_023	g1281	0	0.0379928963
ENSE00002419170_025	g1281	0	0.0141115009
ENSE00002419170_027	g1281	0	0.0097003997
ENSE00002419170_029	g1281	0	0.0051297658
ENSE00002419170_030	g1281	0	0.0034198961
ENSE00002419457_003	g1573	0	0.0021822694
ENSE00002419457_004	g1573	0	0.0033143204
ENSE00002419457_005	g1573	0	0.0032488496
ENSE00002419457_006	g1573	0	0.0462617613
ENSE00002419457_007	g1573	0	0.0150427661
ENSE00002419457_008	g1573	0	0.0370302090
ENSE00002419457_010	g1573	0	0.0078982671
ENSE00002419457_012	g1573	0	0.0176417218
ENSE00002419784_003	g1448	0	0.0061735589
ENSE00002419784_004	g1448	0	0.0143614283
ENSE00002419784_006	g1448	0	0.0185129280
ENSE00002419784_007	g1448	0	0.0288043605
ENSE00002419784_008	g1448	0	0.0207826106
ENSE00002419784_009	g1448	0	0.0296907191
ENSE00002419784_011	g1448	0	0.0313428224
ENSE00002419784_013	g1448	0	0.0681162805
ENSE00002419784_016	g1448	0	0.0278918441
ENSE00002419784_018	g1448	0	0.0333492722
ENSE00002419784_021	g1448	0	0.0061968770
ENSE00002419784_022	g1448	0	0.0381616001
ENSE00002419784_023	g1448	0	0.0051827291
ENSE00002420931_001	g1576	0	0.0019815829
ENSE00002420931_002	g1576	0	0.0062637400
ENSE00002420931_006	g1576	0	0.0658923368
ENSE00002420931_007	g1576	0	0.0357890263
ENSE00002420931_012	g1576	0	0.0100089831
ENSE00002422133_001	g0773	0	0.0042097336
ENSE00002422133_002	g0773	0	0.0034114269
ENSE00002422133_003	g0773	0	0.0041743275
ENSE00002422133_005	g0773	0	0.0071875854
ENSE00002422133_008	g0773	0	0.0104823664
ENSE00002422133_010	g0773	0	0.0209947668
ENSE00002422133_012	g0773	0	0.0163527219
ENSE00002422133_014	g0773	0	0.0483910564
ENSE00002422133_017	g0773	0	0.0286985636
ENSE00002422133_018	g0773	0	0.0187917910
ENSE00002422133_019	g0773	0	0.0341225291
ENSE00002422133_020	g0773	0	0.0574263048
ENSE00002422133_021	g0773	0	0.0491110977
ENSE00002422133_023	g0773	0	0.0179714329
ENSE00002422133_024	g0773	0	0.0341814617
ENSE00002422605_001	g1579	0	0.0049653438
ENSE00002422605_003	g1579	0	0.0024785181
ENSE00002422605_004	g1579	0	0.0021966716
ENSE00002422605_005	g1579	0	0.0077359650
ENSE00002422605_006	g1579	0	0.0048221115
ENSE00002422605_007	g1579	0	0.0124825600
ENSE00002422605_008	g1579	0	0.1055066172
ENSE00002422605_009	g1579	0	0.0281397161
ENSE00002422605_010	g1579	0	0.0503618803
ENSE00002422605_011	g1579	0	0.0172332967
ENSE00002422605_012	g1579	0	0.0056010468
ENSE00002422605_013	g1579	0	0.0048010028
ENSE00002422605_014	g1579	0	0.0033288328
ENSE00002422605_015	g1579	0	0.0030050135
ENSE00002422605_016	g1579	0	0.0028075577
ENSE00002423541_001	g1582	0	0.0060986015
ENSE00002423541_002	g1582	0	0.0043093036
ENSE00002423541_003	g1582	0	0.0055717679
ENSE00002423541_004	g1582	0	0.0082813011
ENSE00002423541_005	g1582	0	0.0137549299
ENSE00002423541_006	g1582	0	0.0111588344
ENSE00002423541_007	g1582	0	0.0500249913
ENSE00002423541_008	g1582	0	0.0524572262
ENSE00002423541_009	g1582	0	0.0438791687
ENSE00002423541_010	g1582	0	0.0612999479
ENSE00002423541_011	g1582	0	0.0330845790
ENSE00002423541_012	g1582	0	0.0573720503
ENSE00002423541_013	g1582	0	0.0181413322
ENSE00002423541_014	g1582	0	0.0283342881
ENSE00002423541_015	g1582	0	0.0319935605
ENSE00002423541_016	g1582	0	0.0331344199
ENSE00002423541_017	g1582	0	0.0190340393
ENSE00002423541_018	g1582	0	0.0167713334
ENSE00002423541_020	g1582	0	0.0216232739
ENSE00002423541_022	g1582	0	0.0037028982
ENSE00002423541_023	g1582	0	0.0057299528
ENSE00002423541_024	g1582	0	0.0021095636
ENSE00002424628_003	g1583	0	0.0034283673
ENSE00002424628_017	g1583	0	0.0103202473
ENSE00002424628_025	g1583	0	0.0267905907
ENSE00002424628_027	g1583	0	0.0123661462
ENSE00002428804_002	g1589	0	0.0024740234
ENSE00002428804_003	g1589	0	0.0021202298
ENSE00002428804_004	g1589	1	0.6386997997
ENSE00002428804_005	g1589	0	0.0133527736
ENSE00002428804_007	g1589	0	0.0099617721
ENSE00002428804_008	g1589	0	0.0102474888
ENSE00002428804_009	g1589	0	0.0179916039
ENSE00002428804_010	g1589	0	0.0148137957
ENSE00002428804_011	g1589	0	0.0413869326
ENSE00002428804_013	g1589	0	0.0115870304
ENSE00002428804_014	g1589	0	0.0173474318
ENSE00002428804_015	g1589	0	0.0261491498
ENSE00002428804_016	g1589	0	0.0434805780
ENSE00002428804_017	g1589	0	0.0194849967
ENSE00002428804_021	g1589	0	0.0072708599
ENSE00002428804_022	g1589	0	0.0037458609
ENSE00002428804_023	g1589	0	0.0041041078
ENSE00002428956_003	g1467	0	0.0048370907
ENSE00002428956_004	g1467	0	0.0077053861
ENSE00002428956_005	g1467	0	0.0026303520
ENSE00002428956_007	g1467	0	0.0061452793
ENSE00002428956_009	g1467	0	0.0287443662
ENSE00002428956_010	g1467	0	0.0286698810
ENSE00002428956_011	g1467	0	0.0240771597
ENSE00002428956_012	g1467	0	0.0322864042
ENSE00002428956_013	g1467	0	0.0088766218
ENSE00002428956_015	g1467	1	0.0174837932
