id	group	label	score
ENSE00000338771_002	g0002	1	0.5316276672
ENSE00000338771_003	g0002	0	0.9446014910
ENSE00000338771_006	g0002	0	0.9378734645
ENSE00000338771_008	g0002	0	0.8651096028
ENSE00000338771_009	g0002	0	0.8887458441
ENSE00000338771_010	g0002	1	0.9526198657
ENSE00000338771_012	g0002	0	0.9921358780
ENSE00000338771_013	g0002	0	0.2850220185
ENSE00000338771_014	g0002	0	0.9088384365
ENSE00000338771_016	g0002	0	0.8075454427
ENSE00000338771_021	g0002	0	0.5605901194
ENSE00000338771_022	g0002	0	0.9165469009
ENSE00000338771_023	g0002	0	0.7615639280
ENSE00000411843_001	g0009	0	0.0712289485
ENSE00000411843_003	g0009	0	0.0067432335
ENSE00000411843_006	g0009	0	0.0091690052
ENSE00000411843_007	g0009	0	0.0683374239
ENSE00000411843_008	g0009	0	0.0006295558
ENSE00000411843_009	g0009	0	0.0051550522
ENSE00000411843_010	g0009	0	0.0175070915
ENSE00000411843_011	g0009	0	0.0111834677
ENSE00000411843_012	g0009	0	0.0060063337
ENSE00000411843_014	g0009	0	0.0166453507
ENSE00000411843_015	g0009	0	0.2831636945
ENSE00000411843_016	g0009	0	0.2023512592
ENSE00000411843_017	g0009	0	0.0236933998
ENSE00000411843_018	g0009	0	0.0008049965
ENSE00000411843_021	g0009	0	0.0227406930
ENSE00000411843_022	g0009	0	0.8935523797
ENSE00000411843_023	g0009	0	0.9423218166
ENSE00000411843_024	g0009	0	0.0012042603
ENSE00000411843_025	g0009	0	0.0043249044
ENSE00000411843_026	g0009	0	0.1678959856
ENSE00000411843_027	g0009	0	0.0050599182
ENSE00000411843_028	g0009	0	0.0044889355
ENSE00000411843_029	g0009	1	0.0111279736
ENSE00000411843_031	g0009	0	0.0041661170
ENSE00000411843_032	g0009	0	0.0035963962
ENSE00000411843_034	g0009	0	0.0000801711
ENSE00000412978_001	g0010	0	0.9834552504
ENSE00000412978_002	g0010	0	0.9657649913
ENSE00000412978_005	g0010	0	0.1157472821
ENSE00000412978_006	g0010	0	0.7330425964
ENSE00000412978_007	g0010	0	0.3571269652
ENSE00000412978_008	g0010	0	0.0175297202
ENSE00000412978_009	g0010	0	0.2111235384
ENSE00000430832_001	g0011	0	0.0302982959
ENSE00000430832_003	g0011	0	0.0050848937
ENSE00000430832_005	g0011	1	0.2620648082
ENSE00000430832_007	g0011	1	0.0047712757
ENSE00000430832_010	g0011	1	0.5330008988
ENSE00000430832_018	g0011	1	0.0054588348
ENSE00000430832_021	g0011	1	0.0013278652
ENSE00000430832_023	g0011	1	0.0176873879
ENSE00000430832_024	g0011	1	0.9044972909
ENSE00000430832_029	g0011	0	0.1232704923
ENSE00000522305_012	g0016	0	0.0171039902
ENSE00000522305_016	g0016	0	0.0030028264
ENSE00000540397_003	g0019	0	0.0117005217
ENSE00000540397_011	g0019	0	0.0916470442
ENSE00000540397_012	g0019	0	0.0101325803
ENSE00000542500_001	g0020	0	0.2091811133
ENSE00000542500_002	g0020	0	0.6439978876
ENSE00000542500_003	g0020	0	0.1108382474
ENSE00000542500_004	g0020	0	0.1084524100
ENSE00000542500_005	g0020	0	0.1180900220
ENSE00000542500_006	g0020	0	0.0026700794
ENSE00000542500_007	g0020	0	0.0020291580
ENSE00000542500_011	g0020	0	0.0487126150
ENSE00000542500_012	g0020	0	0.0413611991
ENSE00000542500_013	g0020	0	0.2382740935
ENSE00000542500_014	g0020	0	0.0297436127
ENSE00000542500_015	g0020	0	0.0059013291
ENSE00000542500_016	g0020	0	0.0008691126
ENSE00000542500_017	g0020	0	0.0135887142
ENSE00000542500_018	g0020	0	0.0106182115
ENSE00000542500_019	g0020	0	0.1301066715
ENSE00000542500_020	g0020	0	0.4716078578
ENSE00000542500_022	g0020	0	0.2554139693
ENSE00000542500_023	g0020	0	0.0004336870
ENSE00000542500_024	g0020	0	0.0000463515
ENSE00000542500_025	g0020	0	0.0005225922
ENSE00000542500_026	g0020	0	0.0050902013
ENSE00000583150_003	g0023	0	0.0295388631
ENSE00000583150_004	g0023	0	0.8584172591
ENSE00000583150_005	g0023	0	0.4582047425
ENSE00000583150_006	g0023	0	0.9696797703
ENSE00000583150_007	g0023	0	0.9971397591
ENSE00000583150_008	g0023	0	0.9724852057
ENSE00000583150_009	g0023	0	0.2563324625
ENSE00000583150_010	g0023	0	0.2835475409
ENSE00000583150_011	g0023	0	0.7440584894
ENSE00000583150_012	g0023	0	0.8517948930
ENSE00000583150_013	g0023	0	0.8931582308
ENSE00000650769_009	g0026	0	0.0731796148
ENSE00000650769_012	g0026	0	0.0492023061
ENSE00000650769_019	g0026	0	0.7099420523
ENSE00000650771_002	g0026	0	0.0005535643
ENSE00000650771_003	g0026	0	0.0000292175
ENSE00000654359_001	g0031	0	0.0030961683
ENSE00000654359_002	g0031	0	0.0000058197
ENSE00000654359_003	g0031	0	0.0000185976
ENSE00000654359_004	g0031	1	0.0000024119
ENSE00000654359_005	g0031	1	0.0000053905
ENSE00000654359_006	g0031	0	0.0169561466
ENSE00000654359_007	g0031	0	0.0000198553
ENSE00000654359_008	g0031	0	0.0004237456
ENSE00000654359_009	g0031	0	0.0003201246
ENSE00000654359_010	g0031	0	0.0000891134
ENSE00000654359_011	g0031	1	0.0004517561
ENSE00000654359_013	g0031	1	0.0000692453
ENSE00000654359_014	g0031	0	0.0000309381
ENSE00000654359_015	g0031	0	0.0000292627
ENSE00000654359_016	g0031	0	0.0000145889
ENSE00000654359_017	g0031	0	0.0000032725
ENSE00000655095_001	g0035	0	0.0137758738
ENSE00000655095_002	g0035	0	0.9378865178
ENSE00000655095_003	g0035	0	0.9920578740
ENSE00000655095_004	g0035	0	0.6581851442
ENSE00000655095_010	g0035	0	0.8602199734
ENSE00000655095_011	g0035	0	0.5420789135
ENSE00000655095_012	g0035	0	0.4895486829
ENSE00000655095_013	g0035	0	0.8737262713
ENSE00000655414_001	g0036	0	0.0000034494
ENSE00000655414_002	g0036	0	0.0000165490
ENSE00000655414_003	g0036	0	0.0000041817
ENSE00000655414_005	g0036	0	0.0000014786
ENSE00000655414_007	g0036	0	0.0000012380
ENSE00000655414_008	g0036	0	0.0000004072
ENSE00000655414_009	g0036	0	0.0000003083
ENSE00000655414_010	g0036	0	0.0000052986
ENSE00000655414_011	g0036	0	0.0000010918
ENSE00000655414_014	g0036	0	0.0000457506
ENSE00000655414_015	g0036	0	0.0000124607
ENSE00000655414_018	g0036	0	0.0001602843
ENSE00000655414_019	g0036	0	0.0002955709
ENSE00000655414_020	g0036	0	0.0005304187
ENSE00000655414_022	g0036	0	0.0001745191
ENSE00000655414_024	g0036	0	0.0001816376
ENSE00000658029_002	g0039	0	0.7307171618
ENSE00000658029_005	g0039	0	0.3382560439
ENSE00000658029_006	g0039	0	0.0381258396
ENSE00000658029_008	g0039	0	0.9210103780
ENSE00000658029_009	g0039	0	0.8995088453
ENSE00000658029_011	g0039	0	0.5449927734
ENSE00000658029_012	g0039	0	0.4485740133
ENSE00000658029_015	g0039	0	0.8389417659
ENSE00000658029_016	g0039	0	0.2977005020
ENSE00000658029_018	g0039	0	0.7831918347
ENSE00000658029_024	g0039	0	0.6491880568
ENSE00000658029_025	g0039	0	0.5177743146
ENSE00000658029_026	g0039	0	0.8458845073
ENSE00000658402_006	g0040	0	0.0000190599
ENSE00000658402_008	g0040	0	0.0000040487
ENSE00000658402_011	g0040	0	0.0000001932
ENSE00000658402_020	g0040	0	0.0002508776
ENSE00000658753_004	g0043	0	0.0006109111
ENSE00000658753_005	g0043	0	0.0001202251
ENSE00000658753_006	g0043	0	0.0000054364
ENSE00000658753_008	g0043	0	0.0326993363
ENSE00000658753_009	g0043	0	0.0149246220
ENSE00000658753_013	g0043	0	0.0004245322
ENSE00000658753_024	g0043	0	0.0002071951
ENSE00000658753_027	g0043	0	0.0013392895
ENSE00000658753_029	g0043	0	0.0002310744
ENSE00000660516_001	g0048	0	0.0000095736
ENSE00000660516_002	g0048	0	0.0004201636
ENSE00000660516_003	g0048	0	0.0000278170
ENSE00000660516_004	g0048	0	0.0000007135
ENSE00000660516_005	g0048	0	0.0001879715
ENSE00000660516_006	g0048	0	0.0002738810
ENSE00000660516_007	g0048	0	0.0000062041
ENSE00000660516_008	g0048	0	0.0000832092
ENSE00000660516_009	g0048	0	0.0003544476
ENSE00000660516_010	g0048	0	0.0000073599
ENSE00000660516_011	g0048	0	0.0001463485
ENSE00000660516_012	g0048	0	0.0012398402
ENSE00000660516_014	g0048	0	0.0000122376
ENSE00000660516_015	g0048	0	0.0000021867
ENSE00000660516_016	g0048	0	0.0002173112
ENSE00000660516_017	g0048	0	0.0000024125
ENSE00000660516_018	g0048	0	0.0000040381
ENSE00000660516_019	g0048	0	0.0001527690
ENSE00000660516_020	g0048	0	0.0003794061
ENSE00000660516_021	g0048	0	0.0000057607
ENSE00000660516_022	g0048	0	0.0000001216
ENSE00000660516_024	g0048	0	0.0000198026
ENSE00000660516_025	g0048	0	0.0000014894
ENSE00000660516_026	g0048	0	0.0000067933
ENSE00000660516_027	g0048	0	0.0000086823
ENSE00000660516_028	g0048	0	0.0200786761
ENSE00000660516_029	g0048	0	0.0051310241
ENSE00000660516_030	g0048	0	0.0028734597
ENSE00000660516_032	g0048	0	0.0000176746
ENSE00000660516_033	g0048	0	0.0000313458
ENSE00000660516_034	g0048	0	0.0000504427
ENSE00000660516_035	g0048	0	0.0027251513
ENSE00000660516_036	g0048	0	0.0018965658
ENSE00000660516_037	g0048	0	0.0016054614
ENSE00000660516_038	g0048	0	0.0000320349
ENSE00000660516_039	g0048	0	0.0011019447
ENSE00000660516_041	g0048	0	0.0000693410
ENSE00000660518_001	g0048	0	0.0153698431
ENSE00000660518_002	g0048	0	0.1428161921
ENSE00000660518_003	g0048	0	0.8510689253
ENSE00000660518_005	g0048	0	0.0422054001
ENSE00000660518_009	g0048	0	0.3458068344
ENSE00000660518_010	g0048	0	0.6332640820
ENSE00000660518_012	g0048	0	0.3675906147
ENSE00000660518_013	g0048	0	0.1038163453
ENSE00000660518_016	g0048	0	0.3368172085
ENSE00000660518_018	g0048	0	0.0871178533
ENSE00000660518_019	g0048	0	0.1304840076
ENSE00000660518_020	g0048	0	0.1557838523
ENSE00000660518_021	g0048	0	0.1530161749
ENSE00000660518_023	g0048	0	0.2507944336
ENSE00000660518_024	g0048	0	0.6940198651
ENSE00000660518_025	g0048	0	0.4837099072
ENSE00000660518_027	g0048	0	0.3908774992
ENSE00000661950_001	g0051	0	0.0001859826
ENSE00000661950_002	g0051	0	0.0000649660
ENSE00000661950_003	g0051	0	0.0000056203
ENSE00000661950_004	g0051	0	0.0000462611
ENSE00000661950_005	g0051	0	0.0000260712
ENSE00000661950_007	g0051	0	0.0000002357
ENSE00000661950_008	g0051	1	0.0022363997
ENSE00000661950_009	g0051	0	0.0003565482
ENSE00000661950_010	g0051	0	0.0000527933
ENSE00000661950_012	g0051	0	0.0000605108
ENSE00000661950_013	g0051	0	0.0001809459
ENSE00000661950_014	g0051	0	0.0012500686
ENSE00000661950_017	g0051	0	0.0008934785
ENSE00000661950_018	g0051	0	0.0000716653
ENSE00000661950_019	g0051	0	0.0005771190
ENSE00000661950_020	g0051	0	0.0000230059
ENSE00000661950_021	g0051	0	0.0009508257
ENSE00000661950_023	g0051	0	0.0000650290
ENSE00000661950_024	g0051	0	0.0010305108
ENSE00000661950_025	g0051	0	0.0000500004
ENSE00000661950_026	g0051	0	0.0000709118
ENSE00000661950_027	g0051	0	0.0000321940
ENSE00000661950_030	g0051	0	0.0000523158
ENSE00000661950_032	g0051	0	0.0000002818
ENSE00000661950_035	g0051	1	0.0000910079
ENSE00000661950_037	g0051	0	0.0000468693
ENSE00000661950_039	g0051	0	0.0016482639
ENSE00000661950_041	g0051	0	0.0000931996
ENSE00000662887_007	g0054	0	0.0119271967
ENSE00000662887_008	g0054	0	0.9117787690
ENSE00000662887_013	g0054	0	0.9622443929
ENSE00000662887_018	g0054	0	0.5106369191
ENSE00000664260_003	g0055	0	0.0513335377
ENSE00000664260_004	g0055	0	0.0050802949
ENSE00000664260_005	g0055	0	0.0402783450
ENSE00000664260_009	g0055	0	0.0421037076
ENSE00000664260_011	g0055	0	0.0472280832
ENSE00000664260_014	g0055	0	0.0072171141
ENSE00000664260_015	g0055	0	0.0870134419
ENSE00000664260_019	g0055	0	0.0742487881
ENSE00000664260_020	g0055	0	0.0005135534
ENSE00000664260_021	g0055	0	0.0333395880
ENSE00000664260_024	g0055	0	0.0660025971
ENSE00000664260_025	g0055	0	0.0101125309
ENSE00000664260_026	g0055	0	0.0704106796
ENSE00000664260_027	g0055	0	0.0159865329
ENSE00000664260_028	g0055	0	0.5270695283
ENSE00000664260_030	g0055	0	0.0302814612
ENSE00000666326_005	g0059	0	0.0191052330
ENSE00000666326_014	g0059	0	0.0000346445
ENSE00000666326_018	g0059	1	0.0000003303
ENSE00000666326_019	g0059	0	0.0001380348
ENSE00000667042_002	g0062	0	0.0001592262
ENSE00000667042_003	g0062	0	0.1441417335
ENSE00000667042_005	g0062	0	0.0939808954
ENSE00000667042_007	g0062	0	0.0210509183
ENSE00000667042_008	g0062	0	0.0018847248
ENSE00000667042_010	g0062	0	0.1211927033
ENSE00000667042_011	g0062	0	0.0128407529
ENSE00000667042_013	g0062	0	0.0021591257
ENSE00000667042_015	g0062	0	0.0028402979
ENSE00000667042_018	g0062	0	0.0035502776
ENSE00000667042_019	g0062	0	0.0032311744
ENSE00000667042_021	g0062	0	0.0015690139
ENSE00000667042_022	g0062	0	0.0559758393
ENSE00000667042_025	g0062	0	0.0142319753
ENSE00000667042_026	g0062	0	0.0326018083
ENSE00000667042_027	g0062	0	0.5195727045
ENSE00000667042_028	g0062	0	0.0581383752
ENSE00000667042_029	g0062	0	0.0133571918
ENSE00000667042_033	g0062	0	0.0078551526
ENSE00000667042_034	g0062	0	0.0013921555
ENSE00000667042_038	g0062	0	0.0156898644
ENSE00000668406_001	g0066	0	0.0249837974
ENSE00000668406_003	g0066	0	0.1163162838
ENSE00000668406_008	g0066	0	0.1690289694
ENSE00000668406_015	g0066	0	0.0567325513
ENSE00000668406_017	g0066	0	0.0075909736
ENSE00000668406_019	g0066	0	0.0347183392
ENSE00000668406_020	g0066	0	0.0088921864
ENSE00000668638_001	g0067	0	0.1390528337
ENSE00000668638_002	g0067	0	0.2171231436
ENSE00000668638_003	g0067	0	0.1622942723
ENSE00000668638_004	g0067	0	0.9206846566
ENSE00000668638_005	g0067	0	0.3151183668
ENSE00000668638_006	g0067	0	0.9830615354
ENSE00000668638_008	g0067	0	0.1764010320
ENSE00000675594_001	g0002	0	0.8945651594
ENSE00000675594_002	g0002	0	0.6335514777
ENSE00000675594_003	g0002	0	0.1957463256
ENSE00000675594_004	g0002	0	0.1938956638
ENSE00000675594_005	g0002	0	0.8215923615
ENSE00000675594_006	g0002	0	0.9902316272
ENSE00000675594_007	g0002	0	0.6832326502
ENSE00000675594_008	g0002	0	0.7772057399
ENSE00000675594_009	g0002	0	0.7565070116
ENSE00000675594_010	g0002	0	0.6299105922
ENSE00000675594_011	g0002	0	0.7505612462
ENSE00000675594_012	g0002	0	0.8353662589
ENSE00000675594_013	g0002	0	0.9201961754
ENSE00000675594_014	g0002	0	0.8464762483
ENSE00000675594_015	g0002	0	0.5339874925
ENSE00000675594_016	g0002	0	0.9247496342
ENSE00000675594_017	g0002	0	0.9967926973
ENSE00000675594_018	g0002	0	0.9959977748
ENSE00000675594_019	g0002	0	0.8267507872
ENSE00000675594_022	g0002	0	0.9257399807
ENSE00000675594_023	g0002	0	0.9917466212
ENSE00000675594_026	g0002	0	0.7867240340
ENSE00000675594_027	g0002	0	0.7496535929
ENSE00000675594_028	g0002	0	0.2820249909
ENSE00000676004_001	g0082	0	0.3602274798
ENSE00000676004_003	g0082	0	0.7518230575
ENSE00000676004_004	g0082	0	0.3968538780
ENSE00000676004_020	g0082	0	0.7687450439
ENSE00000676004_027	g0082	0	0.1210649672
ENSE00000676004_028	g0082	0	0.9151076317
ENSE00000677429_002	g0085	0	0.0004938884
ENSE00000677429_004	g0085	0	0.0113316392
ENSE00000677429_005	g0085	0	0.0012309134
ENSE00000677429_007	g0085	0	0.0036803787
ENSE00000677429_010	g0085	0	0.0002123433
ENSE00000677429_012	g0085	0	0.0006751864
ENSE00000677429_013	g0085	0	0.0000003416
ENSE00000677429_017	g0085	0	0.0010337494
ENSE00000677429_018	g0085	0	0.0137064830
ENSE00000677429_025	g0085	0	0.0001066309
ENSE00000677429_026	g0085	0	0.0025042876
ENSE00000677429_027	g0085	0	0.0224728839
ENSE00000677429_028	g0085	0	0.0002869670
ENSE00000677429_029	g0085	0	0.0001661226
ENSE00000677429_033	g0085	0	0.0038426825
ENSE00000677429_035	g0085	0	0.0112128881
ENSE00000680817_003	g0092	0	0.1452463229
ENSE00000680817_011	g0092	0	0.3074334371
ENSE00000681287_001	g0093	0	0.0000000790
ENSE00000681287_002	g0093	0	0.0000000162
ENSE00000681287_005	g0093	0	0.0000000097
ENSE00000681287_007	g0093	0	0.0000010754
ENSE00000681287_011	g0093	0	0.0000003662
ENSE00000681287_012	g0093	0	0.0000001134
ENSE00000681287_015	g0093	0	0.0000000352
ENSE00000681287_018	g0093	0	0.0000013593
ENSE00000681287_025	g0093	0	0.0000642383
ENSE00000681287_027	g0093	1	0.0000001965
ENSE00000687910_001	g0102	0	0.0002773463
ENSE00000687910_002	g0102	0	0.0007261993
ENSE00000687910_006	g0102	0	0.5261938521
ENSE00000687910_009	g0102	0	0.0487293119
ENSE00000687910_012	g0102	0	0.0135378730
ENSE00000687910_014	g0102	0	0.0012124753
ENSE00000687910_016	g0102	0	0.0976632384
ENSE00000687910_019	g0102	0	0.0062637899
ENSE00000687910_027	g0102	0	0.0541742833
ENSE00000694349_001	g0109	0	0.0000431305
ENSE00000694349_002	g0109	0	0.0000244930
ENSE00000694349_003	g0109	0	0.0000949308
ENSE00000694349_004	g0109	0	0.0000041131
ENSE00000694349_005	g0109	0	0.0000029380
ENSE00000694349_006	g0109	0	0.0000400576
ENSE00000694349_007	g0109	0	0.0000147893
ENSE00000694349_008	g0109	0	0.0000129543
ENSE00000694349_009	g0109	0	0.0001471577
ENSE00000694349_010	g0109	0	0.0000426788
ENSE00000694349_011	g0109	0	0.0000006458
ENSE00000694349_013	g0109	0	0.0002113849
ENSE00000694349_014	g0109	0	0.0000013256
ENSE00000694349_015	g0109	0	0.0000887847
ENSE00000694349_016	g0109	0	0.0002935670
ENSE00000694349_017	g0109	0	0.0000500548
ENSE00000694349_019	g0109	0	0.0000692848
ENSE00000694349_020	g0109	0	0.0000077769
ENSE00000694349_021	g0109	0	0.0001083563
ENSE00000694349_023	g0109	0	0.0000566241
ENSE00000694349_025	g0109	0	0.0000788457
ENSE00000694349_026	g0109	0	0.0000062790
ENSE00000694349_027	g0109	0	0.0000257552
ENSE00000699206_001	g0117	0	0.0040648906
ENSE00000699206_002	g0117	0	0.3469479141
ENSE00000699206_003	g0117	0	0.0003040457
ENSE00000699206_004	g0117	0	0.0439564855
ENSE00000699206_005	g0117	0	0.0079289317
ENSE00000699206_006	g0117	0	0.3046955762
ENSE00000699206_007	g0117	0	0.0020135857
ENSE00000699206_008	g0117	0	0.0007779533
ENSE00000699206_011	g0117	0	0.0069947300
ENSE00000699206_013	g0117	0	0.0128894585
ENSE00000699206_014	g0117	0	0.2048999224
ENSE00000699206_015	g0117	0	0.7616513201
ENSE00000699242_001	g0117	0	0.0029667437
ENSE00000699242_002	g0117	0	0.0754681018
ENSE00000699242_003	g0117	0	0.0002663705
ENSE00000699242_004	g0117	1	0.0116562638
ENSE00000699242_005	g0117	0	0.0039112544
ENSE00000699242_006	g0117	0	0.0003420046
ENSE00000699242_007	g0117	0	0.0003449121
ENSE00000699242_008	g0117	1	0.0005001305
ENSE00000699242_009	g0117	1	0.0007242039
ENSE00000699242_010	g0117	0	0.0002569262
ENSE00000699242_011	g0117	0	0.0162749541
ENSE00000699242_012	g0117	0	0.0233019644
ENSE00000699242_013	g0117	0	0.0000684579
ENSE00000699242_014	g0117	0	0.0001232038
ENSE00000699242_017	g0117	0	0.0114437063
ENSE00000699242_018	g0117	0	0.0046056854
ENSE00000699242_019	g0117	0	0.0001011150
ENSE00000699242_020	g0117	0	0.0003417598
ENSE00000700481_001	g0120	0	0.0003389676
ENSE00000700481_002	g0120	0	0.0072460932
ENSE00000700481_004	g0120	0	0.0010258875
ENSE00000700481_005	g0120	0	0.0245599959
ENSE00000700481_008	g0120	0	0.0024869526
ENSE00000700481_011	g0120	0	0.0975494790
ENSE00000700481_015	g0120	0	0.0078246720
ENSE00000700481_017	g0120	0	0.0061138829
ENSE00000700625_001	g0121	0	0.0031938067
ENSE00000700625_002	g0121	0	0.1612860707
ENSE00000700625_003	g0121	0	0.1236021153
ENSE00000700625_007	g0121	0	0.3599537128
ENSE00000700625_008	g0121	0	0.2369861355
ENSE00000700625_009	g0121	0	0.3815678843
ENSE00000700625_011	g0121	0	0.1054196315
ENSE00000700625_013	g0121	0	0.0488390181
ENSE00000700625_014	g0121	0	0.0163376051
ENSE00000700625_015	g0121	0	0.1900213310
ENSE00000700625_016	g0121	0	0.1457595737
ENSE00000700625_017	g0121	0	0.3710411771
ENSE00000700625_019	g0121	0	0.2382205309
ENSE00000700625_020	g0121	0	0.0519728157
ENSE00000700625_021	g0121	0	0.6887264767
ENSE00000700625_022	g0121	0	0.3212612123
ENSE00000700625_023	g0121	0	0.1494219276
ENSE00000700625_024	g0121	0	0.1388870549
ENSE00000700625_025	g0121	0	0.7180474435
ENSE00000700625_026	g0121	0	0.2148266992
ENSE00000700625_027	g0121	0	0.8202437596
ENSE00000704071_001	g0124	0	0.0009818529
ENSE00000704071_002	g0124	0	0.0046484293
ENSE00000704071_003	g0124	0	0.0004444992
ENSE00000704071_004	g0124	0	0.0516073699
ENSE00000704071_005	g0124	0	0.4182037853
ENSE00000704071_006	g0124	0	0.3058811232
ENSE00000704071_007	g0124	0	0.0190606177
ENSE00000704071_008	g0124	1	0.0106375679
ENSE00000704071_009	g0124	0	0.0117080938
ENSE00000704071_010	g0124	0	0.0037440514
ENSE00000704071_011	g0124	0	0.0049502089
ENSE00000704071_012	g0124	0	0.0002445537
ENSE00000704071_013	g0124	0	0.0005064639
ENSE00000704071_014	g0124	0	0.0006123720
ENSE00000704071_016	g0124	0	0.0114234732
ENSE00000704071_018	g0124	0	0.0530357236
ENSE00000704071_020	g0124	0	0.0094908173
ENSE00000704071_021	g0124	0	0.0227543144
ENSE00000704071_022	g0124	0	0.0066113519
ENSE00000704071_023	g0124	0	0.0193862652
ENSE00000704071_025	g0124	0	0.0001181607
ENSE00000704071_026	g0124	0	0.0004131254
ENSE00000704071_027	g0124	0	0.0553506106
ENSE00000704071_028	g0124	0	0.0271880196
ENSE00000704071_029	g0124	0	0.0761783936
ENSE00000704071_030	g0124	0	0.0022916789
ENSE00000704071_031	g0124	0	0.0010081994
ENSE00000706055_001	g0126	0	0.0795832344
ENSE00000706055_002	g0126	0	0.1206018921
ENSE00000706055_004	g0126	0	0.0006738697
ENSE00000706055_006	g0126	0	0.0267133456
ENSE00000706055_008	g0126	0	0.0028994453
ENSE00000706055_009	g0126	0	0.0491889061
ENSE00000706055_012	g0126	0	0.2212066301
ENSE00000706055_013	g0126	0	0.2552786496
ENSE00000706055_016	g0126	0	0.0077681648
ENSE00000706055_019	g0126	0	0.5573220341
ENSE00000706055_021	g0126	0	0.0009905119
ENSE00000706064_029	g0126	0	0.7448907247
ENSE00000706991_005	g0127	0	0.2145999913
ENSE00000706991_007	g0127	0	0.0215035038
ENSE00000706991_011	g0127	0	0.0897688822
ENSE00000706991_016	g0127	0	0.4543118546
ENSE00000706991_018	g0127	0	0.0912760797
ENSE00000706991_021	g0127	0	0.0082254304
ENSE00000707642_001	g0129	0	0.0227734502
ENSE00000707642_002	g0129	0	0.1284420486
ENSE00000707642_004	g0129	0	0.0333527942
ENSE00000707642_005	g0129	0	0.0083486953
ENSE00000707642_007	g0129	0	0.1923760109
ENSE00000707642_008	g0129	0	0.1270994685
ENSE00000707642_010	g0129	0	0.0847944386
ENSE00000707642_013	g0129	0	0.2983472889
ENSE00000707642_015	g0129	0	0.3826169603
ENSE00000707642_016	g0129	0	0.0586313617
ENSE00000707642_017	g0129	0	0.0997114875
ENSE00000707642_018	g0129	0	0.0733609344
ENSE00000707642_019	g0129	0	0.0097505220
ENSE00000707642_020	g0129	0	0.0433923703
ENSE00000707650_001	g0129	0	0.7627875302
ENSE00000707650_030	g0129	0	0.9317232069
ENSE00000708419_006	g0130	0	0.2492549140
ENSE00000708419_011	g0130	0	0.8865142085
ENSE00000708419_012	g0130	0	0.7784590158
ENSE00000708419_013	g0130	0	0.5294800710
ENSE00000708419_014	g0130	0	0.2747924227
ENSE00000708419_016	g0130	0	0.2836298067
ENSE00000708419_017	g0130	0	0.3842828202
ENSE00000708419_019	g0130	0	0.8296502370
ENSE00000708419_021	g0130	0	0.9902066661
ENSE00000708419_022	g0130	1	0.7591891862
ENSE00000708419_024	g0130	0	0.7779917883
ENSE00000708419_026	g0130	0	0.1849528442
ENSE00000708419_027	g0130	0	0.2384064973
ENSE00000709778_009	g0132	0	0.0000577798
ENSE00000709778_010	g0132	0	0.0000122377
ENSE00000709778_013	g0132	0	0.0000164768
ENSE00000709778_014	g0132	0	0.0000992427
ENSE00000709778_015	g0132	0	0.0002379102
ENSE00000712808_001	g0135	0	0.0053813515
ENSE00000712808_002	g0135	0	0.0368465428
ENSE00000712808_003	g0135	1	0.0052063354
ENSE00000712808_005	g0135	0	0.0016663487
ENSE00000712808_006	g0135	0	0.0106641796
ENSE00000712808_007	g0135	0	0.0346098305
ENSE00000712808_008	g0135	0	0.0041221332
ENSE00000712808_009	g0135	0	0.0028901623
ENSE00000712808_010	g0135	0	0.0601323379
ENSE00000712808_011	g0135	0	0.1284492554
ENSE00000712808_012	g0135	0	0.0535559224
ENSE00000712808_013	g0135	0	0.0038424260
ENSE00000712808_014	g0135	0	0.1550114474
ENSE00000712808_015	g0135	0	0.0013895103
ENSE00000712808_016	g0135	0	0.0002650393
ENSE00000712808_018	g0135	0	0.0536377614
ENSE00000712808_019	g0135	0	0.0314013077
ENSE00000713716_003	g0138	0	0.0000478842
ENSE00000713716_006	g0138	0	0.0059904443
ENSE00000713716_008	g0138	0	0.0566746415
ENSE00000713716_010	g0138	0	0.0002400474
ENSE00000713716_011	g0138	0	0.0000324655
ENSE00000713716_012	g0138	0	0.0000202756
ENSE00000713716_014	g0138	0	0.0002035600
ENSE00000713716_016	g0138	0	0.0000310229
ENSE00000713716_017	g0138	0	0.0000046646
ENSE00000713716_026	g0138	0	0.0001904363
ENSE00000714319_001	g0140	0	0.0000015828
ENSE00000714319_002	g0140	0	0.0000073411
ENSE00000714319_003	g0140	0	0.0000002986
ENSE00000714319_005	g0140	0	0.0000453939
ENSE00000714319_006	g0140	0	0.0003274354
ENSE00000714319_007	g0140	0	0.0007701514
ENSE00000714319_008	g0140	0	0.0000355849
ENSE00000714319_009	g0140	0	0.0001075689
ENSE00000714319_010	g0140	0	0.0000011821
ENSE00000714319_011	g0140	0	0.0000083823
ENSE00000714319_012	g0140	0	0.0000114393
ENSE00000714319_014	g0140	0	0.0000075216
ENSE00000714319_015	g0140	0	0.0000010787
ENSE00000714319_016	g0140	0	0.0000189425
ENSE00000714319_017	g0140	0	0.0000071827
ENSE00000714319_018	g0140	0	0.0000000903
ENSE00000714319_019	g0140	0	0.0000023825
ENSE00000714319_020	g0140	0	0.0000511662
ENSE00000714319_021	g0140	0	0.0000335763
ENSE00000714319_022	g0140	0	0.0001010564
ENSE00000714319_023	g0140	0	0.0000013705
ENSE00000714319_025	g0140	0	0.0009984761
ENSE00000714319_026	g0140	0	0.0005958063
ENSE00000714319_027	g0140	0	0.0000198592
ENSE00000714319_028	g0140	0	0.0005802722
ENSE00000714848_001	g0142	0	0.0000844156
ENSE00000714848_002	g0142	0	0.0000444542
ENSE00000714848_003	g0142	0	0.0000003975
ENSE00000714848_004	g0142	0	0.0000066604
ENSE00000714848_006	g0142	0	0.0009397949
ENSE00000714848_007	g0142	0	0.0000272804
ENSE00000714848_008	g0142	0	0.0000573131
ENSE00000714848_009	g0142	0	0.0000711130
ENSE00000714848_010	g0142	0	0.0001443556
ENSE00000714848_011	g0142	0	0.0000092781
ENSE00000714848_012	g0142	0	0.0000447998
ENSE00000714848_016	g0142	0	0.0000965396
ENSE00000714848_017	g0142	0	0.0000225637
ENSE00000714848_018	g0142	0	0.0000998599
ENSE00000714848_019	g0142	0	0.0000578288
ENSE00000714848_023	g0142	0	0.0000280085
ENSE00000714848_025	g0142	0	0.0119392011
ENSE00000718333_001	g0149	0	0.0000000089
ENSE00000718333_002	g0149	0	0.0000000594
ENSE00000718333_003	g0149	0	0.0000000166
ENSE00000718333_005	g0149	0	0.0000000107
ENSE00000718333_006	g0149	0	0.0000000279
ENSE00000718333_008	g0149	0	0.0000011133
ENSE00000718333_009	g0149	0	0.0000000260
ENSE00000718333_010	g0149	0	0.0000000452
ENSE00000718333_012	g0149	0	0.0000074853
ENSE00000718333_013	g0149	0	0.0000000097
ENSE00000718333_014	g0149	0	0.0000000275
ENSE00000718333_015	g0149	0	0.0000000018
ENSE00000718333_016	g0149	0	0.0000001923
ENSE00000718333_017	g0149	0	0.0000000467
ENSE00000718333_018	g0149	0	0.0000000007
ENSE00000718333_019	g0149	0	0.0000000026
ENSE00000718333_020	g0149	1	0.0000003590
ENSE00000718333_022	g0149	0	0.0000000050
ENSE00000718333_023	g0149	0	0.0000002041
ENSE00000718333_024	g0149	0	0.0000001254
ENSE00000718733_001	g0150	0	0.0755812208
ENSE00000718733_003	g0150	0	0.1858462374
ENSE00000718733_004	g0150	0	0.8597574773
ENSE00000718733_009	g0150	0	0.2026835690
ENSE00000718733_011	g0150	0	0.9568151151
ENSE00000718733_014	g0150	0	0.2513513498
ENSE00000718733_015	g0150	1	0.9901101589
ENSE00000723701_003	g0156	0	0.9989717638
ENSE00000723701_004	g0156	0	0.3945589925
ENSE00000723701_005	g0156	0	0.6236329160
ENSE00000723701_006	g0156	0	0.6919242139
ENSE00000723701_007	g0156	0	0.9096908764
ENSE00000723701_008	g0156	0	0.9552086600
ENSE00000723701_011	g0156	0	0.4297488694
ENSE00000723701_012	g0156	0	0.7824706716
ENSE00000723701_013	g0156	0	0.9906538550
ENSE00000723701_014	g0156	0	0.9964576757
ENSE00000723701_015	g0156	0	0.9997169653
ENSE00000723701_019	g0156	0	0.8070304352
ENSE00000723701_020	g0156	0	0.8835317507
ENSE00000723701_022	g0156	0	0.8629189250
ENSE00000723701_023	g0156	1	0.9898766125
ENSE00000723701_024	g0156	0	0.9470558928
ENSE00000732109_002	g0165	0	0.0152775560
ENSE00000732109_003	g0165	0	0.0062528148
ENSE00000732109_004	g0165	0	0.0105219569
ENSE00000732109_005	g0165	0	0.0122023718
ENSE00000732109_006	g0165	0	0.0001473903
ENSE00000732109_007	g0165	0	0.0002844510
ENSE00000732109_008	g0165	0	0.0025100975
ENSE00000732109_009	g0165	0	0.0039344732
ENSE00000732109_012	g0165	0	0.0000470033
ENSE00000732109_013	g0165	0	0.0012080849
ENSE00000732109_015	g0165	0	0.0286505597
ENSE00000732109_016	g0165	0	0.0165113849
ENSE00000732109_017	g0165	0	0.0009270083
ENSE00000732112_002	g0165	0	0.0004880557
ENSE00000732112_005	g0165	0	0.0294324730
ENSE00000732112_008	g0165	0	0.0468270448
ENSE00000732112_009	g0165	0	0.0107506321
ENSE00000732112_010	g0165	0	0.0818350895
ENSE00000736713_004	g0167	0	0.0000008252
ENSE00000736713_006	g0167	0	0.0000176125
ENSE00000736713_007	g0167	0	0.0002187472
ENSE00000736713_010	g0167	0	0.0000879995
ENSE00000736713_012	g0167	0	0.0000611154
ENSE00000736713_014	g0167	0	0.0003415851
ENSE00000736713_015	g0167	0	0.0041672955
ENSE00000736713_016	g0167	0	0.0000266602
ENSE00000736713_017	g0167	0	0.0000012280
ENSE00000736713_018	g0167	0	0.0008194076
ENSE00000736847_001	g0167	0	0.9935209045
ENSE00000736847_002	g0167	0	0.9949206359
ENSE00000736847_003	g0167	0	0.8965044006
ENSE00000736847_004	g0167	0	0.6366377351
ENSE00000736847_007	g0167	0	0.9884300272
ENSE00000736847_010	g0167	0	0.9998756028
ENSE00000736847_011	g0167	0	0.9957871726
ENSE00000736847_012	g0167	0	0.9353127389
ENSE00000736847_014	g0167	0	0.9947170034
ENSE00000744547_006	g0176	0	0.0105375864
ENSE00000744547_009	g0176	0	0.0443527360
ENSE00000744547_011	g0176	0	0.0050311708
ENSE00000744547_013	g0176	0	0.0031499845
ENSE00000744547_014	g0176	0	0.0053066759
ENSE00000744547_018	g0176	0	0.0025852158
ENSE00000744547_020	g0176	0	0.0143128223
ENSE00000752986_001	g0180	0	0.0037109858
ENSE00000752986_002	g0180	0	0.1038467786
ENSE00000752986_005	g0180	0	0.0536127601
ENSE00000752986_006	g0180	0	0.6288700291
ENSE00000752986_008	g0180	0	0.0302408027
ENSE00000752986_009	g0180	0	0.0047958978
ENSE00000752986_011	g0180	0	0.1408354688
ENSE00000752986_012	g0180	0	0.1903944289
ENSE00000752986_013	g0180	0	0.0289442360
ENSE00000752986_014	g0180	0	0.0031205105
ENSE00000752986_015	g0180	0	0.0189763015
ENSE00000752986_018	g0180	0	0.1359333063
ENSE00000752986_019	g0180	0	0.3345554131
ENSE00000752986_020	g0180	0	0.8421371095
ENSE00000752986_021	g0180	0	0.5507609668
ENSE00000752986_022	g0180	0	0.2804221576
ENSE00000752986_023	g0180	0	0.8242848537
ENSE00000752986_025	g0180	0	0.0359684006
ENSE00000763518_001	g0185	0	0.0031147352
ENSE00000763518_004	g0185	0	0.0188672089
ENSE00000763518_008	g0185	0	0.0005192638
ENSE00000763518_014	g0185	0	0.0019177264
ENSE00000763518_015	g0185	0	0.0002149861
ENSE00000767839_002	g0189	0	0.0609971963
ENSE00000767839_003	g0189	0	0.0974680851
ENSE00000767839_005	g0189	0	0.4797749746
ENSE00000767839_006	g0189	0	0.0058222032
ENSE00000767839_007	g0189	0	0.0065639499
ENSE00000767839_008	g0189	0	0.0007594976
ENSE00000767839_009	g0189	0	0.0176558880
ENSE00000767839_010	g0189	0	0.0028677869
ENSE00000767839_011	g0189	0	0.0057572214
ENSE00000767839_012	g0189	0	0.0035747943
ENSE00000767839_015	g0189	0	0.0029131610
ENSE00000771330_001	g0197	0	0.0026592708
ENSE00000771330_002	g0197	0	0.0045181722
ENSE00000771330_003	g0197	0	0.0003130035
ENSE00000771330_004	g0197	0	0.0118224866
ENSE00000771330_005	g0197	0	0.0055944635
ENSE00000771330_007	g0197	0	0.0063393390
ENSE00000771330_010	g0197	0	0.1623989168
ENSE00000771330_011	g0197	0	0.0863540999
ENSE00000771330_012	g0197	0	0.0420600874
ENSE00000771330_015	g0197	0	0.0010570919
ENSE00000771330_017	g0197	0	0.0741356482
ENSE00000771330_018	g0197	0	0.0029546410
ENSE00000771330_019	g0197	0	0.0211299845
ENSE00000771330_022	g0197	0	0.0034095643
ENSE00000771330_023	g0197	0	0.0048298918
ENSE00000773526_002	g0198	0	0.0601740203
ENSE00000773526_003	g0198	0	0.0002290526
ENSE00000773526_004	g0198	0	0.0000295581
ENSE00000773526_005	g0198	0	0.0000042646
ENSE00000773526_006	g0198	0	0.0013537541
ENSE00000773526_007	g0198	0	0.2175961257
ENSE00000773526_009	g0198	0	0.0066978748
ENSE00000773526_011	g0198	0	0.0001592457
ENSE00000773526_012	g0198	0	0.0001974321
ENSE00000773526_013	g0198	0	0.0002270153
ENSE00000773526_014	g0198	0	0.0003358980
ENSE00000773526_015	g0198	0	0.0000014830
ENSE00000773526_016	g0198	0	0.0442314081
ENSE00000773526_017	g0198	0	0.0000342132
ENSE00000773526_020	g0198	0	0.1748262753
ENSE00000773526_022	g0198	0	0.0014976682
ENSE00000773526_023	g0198	0	0.0012777041
ENSE00000773526_024	g0198	0	0.0005011075
ENSE00000773526_025	g0198	0	0.0170642055
ENSE00000785388_001	g0009	0	0.1316229104
ENSE00000785388_002	g0009	0	0.2562003745
ENSE00000785388_003	g0009	0	0.5597421674
ENSE00000785388_004	g0009	0	0.8378260826
ENSE00000785388_006	g0009	0	0.5651308303
ENSE00000785388_007	g0009	0	0.8279224267
ENSE00000785388_008	g0009	0	0.1934439071
ENSE00000785388_009	g0009	0	0.9375715345
ENSE00000785388_011	g0009	0	0.1216375809
ENSE00000785388_012	g0009	0	0.0705450510
ENSE00000785388_013	g0009	0	0.4017218740
ENSE00000785388_014	g0009	0	0.5845996677
ENSE00000785388_015	g0009	0	0.7138129457
ENSE00000785388_016	g0009	0	0.4795676045
ENSE00000785388_017	g0009	0	0.1787085606
ENSE00000785388_018	g0009	0	0.0141163829
ENSE00000785388_019	g0009	1	0.6667044656
ENSE00000785388_020	g0009	0	0.5743244742
ENSE00000785388_022	g0009	0	0.9532943337
ENSE00000796206_001	g0210	0	0.1111076559
ENSE00000796206_006	g0210	0	0.6328611567
ENSE00000796206_007	g0210	0	0.6528989197
ENSE00000796206_008	g0210	0	0.9938763639
ENSE00000796206_009	g0210	0	0.8566605890
ENSE00000796206_010	g0210	0	0.9866604480
ENSE00000796206_011	g0210	0	0.8059221447
ENSE00000796206_015	g0210	0	0.6528855235
ENSE00000796206_017	g0210	0	0.3797101131
ENSE00000796206_019	g0210	0	0.9891349417
ENSE00000796206_021	g0210	0	0.6710615469
ENSE00000796206_023	g0210	0	0.9064103772
ENSE00000796206_024	g0210	0	0.0079552512
ENSE00000801180_001	g0214	0	0.6771324211
ENSE00000801180_003	g0214	0	0.9923427642
ENSE00000801180_010	g0214	0	0.9423776046
ENSE00000801180_014	g0214	0	0.9907140669
ENSE00000801180_015	g0214	0	0.9472944158
ENSE00000801180_016	g0214	0	0.9756227465
ENSE00000801180_017	g0214	0	0.9986202100
ENSE00000801180_018	g0214	0	0.9915395196
ENSE00000801180_019	g0214	0	0.8962420819
ENSE00000801180_020	g0214	0	0.9893286106
ENSE00000801180_021	g0214	0	0.9990194794
ENSE00000801180_022	g0214	0	0.9994672750
ENSE00000801180_023	g0214	0	0.9869151898
ENSE00000801437_001	g0215	0	0.0007802768
ENSE00000801437_002	g0215	0	0.0009602941
ENSE00000801437_003	g0215	0	0.0048539303
ENSE00000801437_004	g0215	0	0.0062845833
ENSE00000801437_006	g0215	0	0.1829840989
ENSE00000801437_007	g0215	0	0.0002270985
ENSE00000801437_008	g0215	0	0.0001995992
ENSE00000802182_002	g0217	0	0.0000066450
ENSE00000802182_018	g0217	0	0.0001210124
ENSE00000802182_020	g0217	0	0.0000001276
ENSE00000802182_022	g0217	0	0.0000049522
ENSE00000802182_033	g0217	0	0.0000308635
ENSE00000802193_002	g0217	0	0.0000620861
ENSE00000802193_003	g0217	0	0.0001321561
ENSE00000802193_004	g0217	0	0.0007984752
ENSE00000802193_005	g0217	0	0.0000809440
ENSE00000802193_007	g0217	0	0.0002369382
ENSE00000802193_013	g0217	0	0.0005126580
ENSE00000802193_014	g0217	0	0.0000179452
ENSE00000802193_015	g0217	0	0.0017503087
ENSE00000802193_018	g0217	0	0.0046074474
ENSE00000802193_019	g0217	0	0.0000604810
ENSE00000802193_022	g0217	0	0.0003660758
ENSE00000802193_023	g0217	0	0.0000221032
ENSE00000802193_024	g0217	0	0.0001498639
ENSE00000802193_026	g0217	0	0.0000409573
ENSE00000804061_004	g0219	0	0.0002037985
ENSE00000804061_008	g0219	0	0.1528553885
ENSE00000804061_009	g0219	0	0.0041585244
ENSE00000804061_011	g0219	0	0.1322766540
ENSE00000804061_013	g0219	0	0.0345833678
ENSE00000804061_015	g0219	0	0.0141123889
ENSE00000806005_008	g0221	0	0.9111029313
ENSE00000806005_009	g0221	0	0.4470401142
ENSE00000806005_016	g0221	0	0.3299968967
ENSE00000806005_017	g0221	0	0.0020352338
ENSE00000806005_018	g0221	0	0.6155457363
ENSE00000806215_001	g0222	0	0.0353195386
ENSE00000806215_002	g0222	0	0.2721633797
ENSE00000806215_003	g0222	0	0.4173734046
ENSE00000806215_004	g0222	1	0.1809975675
ENSE00000806215_006	g0222	0	0.7501168359
ENSE00000806215_007	g0222	1	0.3776419669
ENSE00000806215_009	g0222	1	0.6264877688
ENSE00000806215_010	g0222	1	0.7718057758
ENSE00000806215_011	g0222	0	0.3189354766
ENSE00000806215_014	g0222	1	0.0433931923
ENSE00000806215_015	g0222	0	0.4254717432
ENSE00000806215_017	g0222	0	0.3714167994
ENSE00000806215_019	g0222	0	0.7416322695
ENSE00000806215_020	g0222	0	0.7374440796
ENSE00000806215_022	g0222	0	0.8673031702
ENSE00000807561_001	g0225	0	0.8673963341
ENSE00000807561_002	g0225	0	0.9958088105
ENSE00000807561_003	g0225	0	0.9984028188
ENSE00000807561_004	g0225	0	0.9997395739
ENSE00000807561_005	g0225	0	0.9999802446
ENSE00000807561_006	g0225	0	0.9996160492
ENSE00000807561_007	g0225	0	0.9999018245
ENSE00000807561_008	g0225	0	0.9998806802
ENSE00000807561_011	g0225	0	0.9999929336
ENSE00000807561_012	g0225	0	0.9999083076
ENSE00000807561_014	g0225	0	0.9962788771
ENSE00000807561_016	g0225	0	0.9997837392
ENSE00000807561_018	g0225	0	0.9964284081
ENSE00000807561_019	g0225	0	0.9999808054
ENSE00000808204_001	g0228	0	0.9487297906
ENSE00000808204_003	g0228	0	0.5944125063
ENSE00000808204_004	g0228	0	0.6228235600
ENSE00000808204_007	g0228	0	0.2598433080
ENSE00000808204_008	g0228	0	0.8731773107
ENSE00000808204_009	g0228	0	0.8112384842
ENSE00000808204_010	g0228	0	0.9963313109
ENSE00000808204_012	g0228	0	0.8262587851
ENSE00000808204_013	g0228	0	0.9109381121
ENSE00000808204_014	g0228	0	0.7179542766
ENSE00000808204_015	g0228	0	0.9242592046
ENSE00000808204_016	g0228	0	0.7780209439
ENSE00000808204_020	g0228	0	0.0404356950
ENSE00000808204_021	g0228	0	0.6268682756
ENSE00000811044_001	g0235	0	0.9544336541
ENSE00000811044_002	g0235	0	0.4454808910
ENSE00000811044_004	g0235	0	0.1511944942
ENSE00000811044_006	g0235	0	0.1496825088
ENSE00000811044_008	g0235	0	0.9358706174
ENSE00000811044_009	g0235	0	0.9959883235
ENSE00000811044_010	g0235	0	0.9457640155
ENSE00000811044_012	g0235	0	0.6022545765
ENSE00000811044_013	g0235	0	0.9649039522
ENSE00000811044_014	g0235	0	0.2612177816
ENSE00000811044_017	g0235	0	0.9952777169
ENSE00000811044_018	g0235	0	0.6142217553
ENSE00000811044_025	g0235	0	0.8918170449
ENSE00000816181_019	g0241	0	0.0000013847
ENSE00000816181_021	g0241	0	0.0000077448
ENSE00000816181_023	g0241	0	0.0000058899
ENSE00000817062_001	g0242	0	0.0002711746
ENSE00000817062_002	g0242	0	0.0000004126
ENSE00000817062_005	g0242	0	0.0001955749
ENSE00000817062_006	g0242	0	0.0000037494
ENSE00000817062_007	g0242	0	0.0000058707
ENSE00000817062_008	g0242	0	0.0000684678
ENSE00000817062_009	g0242	0	0.0000017427
ENSE00000817062_011	g0242	0	0.0000096056
ENSE00000817062_013	g0242	0	0.0000001409
ENSE00000817062_014	g0242	0	0.1577643467
ENSE00000817062_015	g0242	0	0.0000363829
ENSE00000817062_016	g0242	0	0.0002356649
ENSE00000817062_019	g0242	0	0.0000013912
ENSE00000817062_020	g0242	0	0.0000241899
ENSE00000817062_021	g0242	0	0.0048944416
ENSE00000817062_022	g0242	0	0.0000001206
ENSE00000828162_001	g0245	0	0.9602095521
ENSE00000828162_002	g0245	0	0.9998543426
ENSE00000828162_005	g0245	0	0.9982898215
ENSE00000828162_008	g0245	0	0.9519572692
ENSE00000828162_013	g0245	0	0.9938605940
ENSE00000828162_014	g0245	0	0.9946393417
ENSE00000828162_016	g0245	0	0.9998889851
ENSE00000831538_003	g0249	0	0.0124208867
ENSE00000831538_006	g0249	0	0.0012208593
ENSE00000831538_007	g0249	0	0.0114354160
ENSE00000831538_008	g0249	0	0.0008032953
ENSE00000831538_009	g0249	0	0.8510668540
ENSE00000831538_011	g0249	0	0.0017877111
ENSE00000831538_012	g0249	1	0.0284911450
ENSE00000831538_013	g0249	1	0.0045518396
ENSE00000831538_014	g0249	0	0.0078184926
ENSE00000831538_015	g0249	0	0.1771286462
ENSE00000831538_016	g0249	0	0.0026076088
ENSE00000831538_017	g0249	0	0.0961185579
ENSE00000831538_018	g0249	0	0.0064157254
ENSE00000831538_020	g0249	0	0.9595047411
ENSE00000831538_021	g0249	0	0.3570018457
ENSE00000831538_022	g0249	0	0.0386346165
ENSE00000835661_001	g0251	0	0.0210115881
ENSE00000835661_005	g0251	0	0.3675751451
ENSE00000835661_006	g0251	0	0.3824070145
ENSE00000835661_008	g0251	0	0.0915559810
ENSE00000835661_011	g0251	0	0.6924237979
ENSE00000835661_012	g0251	0	0.0759741161
ENSE00000835661_013	g0251	0	0.0486947317
ENSE00000841262_003	g0256	0	0.0009668478
ENSE00000841262_008	g0256	0	0.0015162370
ENSE00000841262_011	g0256	0	0.0002474992
ENSE00000843141_001	g0059	0	0.9017854942
ENSE00000843141_002	g0059	0	0.4506409200
ENSE00000843141_003	g0059	0	0.2906827413
ENSE00000843141_004	g0059	0	0.0016783249
ENSE00000843141_005	g0059	0	0.8636419647
ENSE00000843142_001	g0059	0	0.1649754116
ENSE00000843142_003	g0059	0	0.1188558843
ENSE00000843142_004	g0059	0	0.2798555892
ENSE00000843142_005	g0059	0	0.3104748984
ENSE00000843142_006	g0059	0	0.0502469593
ENSE00000843142_007	g0059	0	0.6911293391
ENSE00000843142_008	g0059	0	0.1789808979
ENSE00000843142_009	g0059	0	0.0591951879
ENSE00000843142_010	g0059	0	0.0216511709
ENSE00000844709_008	g0258	1	0.0011256189
ENSE00000844709_015	g0258	0	0.0010936014
ENSE00000844983_004	g0260	0	0.0002125371
ENSE00000844983_010	g0260	0	0.0000882848
ENSE00000844983_011	g0260	0	0.0004289311
ENSE00000844983_017	g0260	0	0.0000081647
ENSE00000844983_025	g0260	0	0.0015722151
ENSE00000844983_030	g0260	1	0.0000043519
ENSE00000844983_031	g0260	0	0.0001117972
ENSE00000845336_003	g0261	0	0.0000004506
ENSE00000845336_008	g0261	0	0.0000000745
ENSE00000845336_010	g0261	0	0.0000002401
ENSE00000845336_012	g0261	0	0.0000005426
ENSE00000845336_014	g0261	0	0.0000221998
ENSE00000845336_015	g0261	0	0.0000006066
ENSE00000845336_021	g0261	0	0.0000016827
ENSE00000845336_025	g0261	0	0.0000008540
ENSE00000845336_027	g0261	0	0.0000000583
ENSE00000846524_001	g0266	0	0.0018747936
ENSE00000846524_002	g0266	0	0.0000736410
ENSE00000846524_003	g0266	0	0.0001235805
ENSE00000846524_004	g0266	0	0.0000014552
ENSE00000846524_005	g0266	0	0.0000000981
ENSE00000846524_006	g0266	0	0.0000033031
ENSE00000846524_008	g0266	0	0.0056718156
ENSE00000846524_010	g0266	0	0.0023108450
ENSE00000846524_012	g0266	0	0.0004491100
ENSE00000846524_015	g0266	0	0.0000214167
ENSE00000846524_016	g0266	0	0.0025000400
ENSE00000846889_001	g0267	0	0.0031043438
ENSE00000846889_003	g0267	0	0.0000029603
ENSE00000846889_004	g0267	0	0.0000493916
ENSE00000846889_006	g0267	0	0.0002951503
ENSE00000846889_007	g0267	0	0.0002454479
ENSE00000846889_008	g0267	0	0.0039699660
ENSE00000846889_009	g0267	0	0.0003302244
ENSE00000846889_010	g0267	0	0.0027974599
ENSE00000846889_013	g0267	0	0.0000490269
ENSE00000846889_014	g0267	0	0.0000331215
ENSE00000846889_015	g0267	0	0.0000834145
ENSE00000846889_016	g0267	0	0.0009982839
ENSE00000846889_018	g0267	0	0.0000959205
ENSE00000846889_019	g0267	0	0.0007500137
ENSE00000846889_021	g0267	0	0.0002053504
ENSE00000846889_022	g0267	0	0.0000025927
ENSE00000846889_023	g0267	0	0.0001786829
ENSE00000846889_024	g0267	0	0.0111343108
ENSE00000846889_025	g0267	0	0.0009183879
ENSE00000850031_001	g0268	0	0.0000021071
ENSE00000850031_003	g0268	0	0.0000020515
ENSE00000850031_006	g0268	0	0.0000001215
ENSE00000850031_012	g0268	0	0.0000000043
ENSE00000850031_021	g0268	0	0.0000017921
ENSE00000852784_001	g0269	0	0.0000949626
ENSE00000852784_003	g0269	0	0.0005972983
ENSE00000852784_005	g0269	0	0.0130737055
ENSE00000852784_006	g0269	0	0.0003169551
ENSE00000852784_007	g0269	0	0.0034173114
ENSE00000852784_008	g0269	0	0.0001324440
ENSE00000852784_009	g0269	1	0.0108298445
ENSE00000852784_010	g0269	0	0.0001169843
ENSE00000852784_011	g0269	0	0.0001054028
ENSE00000852784_012	g0269	0	0.0000084764
ENSE00000852784_013	g0269	0	0.0000852443
ENSE00000852784_014	g0269	0	0.0005302196
ENSE00000852784_015	g0269	0	0.0000014357
ENSE00000852784_016	g0269	0	0.0251070845
ENSE00000852784_017	g0269	0	0.0000529794
ENSE00000852784_018	g0269	0	0.0000172336
ENSE00000852784_019	g0269	0	0.0029884335
ENSE00000852784_020	g0269	0	0.0019606275
ENSE00000852784_021	g0269	0	0.0080431453
ENSE00000852784_023	g0269	0	0.0000377097
ENSE00000852784_024	g0269	1	0.0110462677
ENSE00000852784_025	g0269	0	0.0007815463
ENSE00000852784_026	g0269	0	0.0001563410
ENSE00000852784_027	g0269	0	0.0010719377
ENSE00000852784_028	g0269	0	0.0000046645
ENSE00000857044_001	g0272	0	0.0011244235
ENSE00000857044_002	g0272	0	0.0337314895
ENSE00000857044_003	g0272	0	0.0185522815
ENSE00000857044_005	g0272	1	0.2209326047
ENSE00000857044_008	g0272	0	0.0205627037
ENSE00000857044_009	g0272	0	0.0606677071
ENSE00000857044_010	g0272	0	0.0010075302
ENSE00000857044_012	g0272	0	0.0001660055
ENSE00000857044_014	g0272	0	0.0008196745
ENSE00000857044_015	g0272	0	0.0025056675
ENSE00000857479_009	g0273	0	0.0263861331
ENSE00000857479_012	g0273	0	0.0172830769
ENSE00000857479_016	g0273	0	0.0155152141
ENSE00000857479_017	g0273	0	0.0858393696
ENSE00000857743_001	g0150	0	0.0065818625
ENSE00000857743_002	g0150	0	0.4540244015
ENSE00000857743_003	g0150	0	0.0422072034
ENSE00000857743_005	g0150	0	0.0069587079
ENSE00000857743_010	g0150	0	0.0195537237
ENSE00000857743_011	g0150	0	0.0000100125
ENSE00000857743_012	g0150	0	0.0023528109
ENSE00000857743_013	g0150	0	0.0032786118
ENSE00000857743_014	g0150	0	0.1437014248
ENSE00000857743_015	g0150	0	0.0026988689
ENSE00000857743_017	g0150	0	0.0084571225
ENSE00000857743_018	g0150	0	0.0180892425
ENSE00000857743_019	g0150	0	0.0000737242
ENSE00000857743_020	g0150	0	0.0040442500
ENSE00000857743_021	g0150	0	0.4852239976
ENSE00000858111_001	g0274	0	0.0000309418
ENSE00000858111_002	g0274	0	0.0007583177
ENSE00000858111_003	g0274	0	0.0001588084
ENSE00000858111_004	g0274	0	0.0000674869
ENSE00000858111_005	g0274	0	0.0000031872
ENSE00000858111_007	g0274	1	0.0004033068
ENSE00000858111_010	g0274	0	0.0034129766
ENSE00000858111_013	g0274	0	0.0006089739
ENSE00000858111_014	g0274	0	0.1090719244
ENSE00000858111_015	g0274	0	0.0000449566
ENSE00000858111_016	g0274	0	0.0000829663
ENSE00000858111_018	g0274	0	0.0000235533
ENSE00000858111_020	g0274	0	0.0003605141
ENSE00000858111_022	g0274	0	0.0000169817
ENSE00000858111_023	g0274	0	0.0001212488
ENSE00000858111_024	g0274	0	0.0000007418
ENSE00000859129_001	g0276	0	0.0001750608
ENSE00000859129_002	g0276	0	0.0106135314
ENSE00000860014_005	g0280	0	0.0170157137
ENSE00000860014_010	g0280	0	0.0267696163
ENSE00000860014_011	g0280	0	0.0213817187
ENSE00000860247_001	g0282	0	0.0000576288
ENSE00000860247_004	g0282	0	0.0010196527
ENSE00000860247_007	g0282	0	0.0000338926
ENSE00000860247_013	g0282	0	0.0174001659
ENSE00000860247_014	g0282	0	0.0003856491
ENSE00000860247_015	g0282	0	0.0004560279
ENSE00000860247_016	g0282	0	0.0001709127
ENSE00000860247_018	g0282	0	0.0014430350
ENSE00000862428_024	g0283	0	0.0156870552
ENSE00000862428_033	g0283	0	0.0288983561
ENSE00000863750_001	g0285	0	0.0230381613
ENSE00000863750_004	g0285	0	0.0006241751
ENSE00000863750_005	g0285	0	0.0002610243
ENSE00000863750_007	g0285	0	0.0023234266
ENSE00000863750_008	g0285	0	0.0346626965
ENSE00000863750_009	g0285	0	0.0129704195
ENSE00000863750_010	g0285	0	0.0090652875
ENSE00000863750_011	g0285	0	0.0029440679
ENSE00000863750_012	g0285	0	0.0234888565
ENSE00000863750_013	g0285	0	0.0066130635
ENSE00000863750_014	g0285	0	0.0037378054
ENSE00000863750_016	g0285	0	0.0822860174
ENSE00000863750_017	g0285	0	0.2144447665
ENSE00000865703_003	g0287	0	0.0392795550
ENSE00000865703_004	g0287	0	0.0017017789
ENSE00000865703_005	g0287	0	0.0607396105
ENSE00000865703_007	g0287	0	0.0058839640
ENSE00000865703_010	g0287	0	0.0013859206
ENSE00000865703_011	g0287	0	0.0095627377
ENSE00000865703_012	g0287	0	0.0378431738
ENSE00000865703_013	g0287	0	0.0001444626
ENSE00000865703_014	g0287	0	0.0000394524
ENSE00000865703_016	g0287	0	0.0000850092
ENSE00000865703_017	g0287	0	0.0001897655
ENSE00000865703_018	g0287	0	0.0010607953
ENSE00000865703_023	g0287	0	0.0001292644
ENSE00000865703_025	g0287	0	0.0031900476
ENSE00000865703_026	g0287	0	0.0210099571
ENSE00000865703_029	g0287	0	0.0042824334
ENSE00000865703_033	g0287	0	0.0145688293
ENSE00000865703_035	g0287	0	0.0003512782
ENSE00000865703_037	g0287	0	0.0123031242
ENSE00000865703_040	g0287	0	0.0002909429
ENSE00000868110_001	g0290	0	0.0001641869
ENSE00000868110_003	g0290	0	0.0000018719
ENSE00000868110_004	g0290	0	0.0000045884
ENSE00000868110_005	g0290	0	0.0000007123
ENSE00000868110_006	g0290	0	0.0000015559
ENSE00000868110_007	g0290	0	0.0002399361
ENSE00000868110_008	g0290	0	0.0002781585
ENSE00000868110_009	g0290	0	0.0000014004
ENSE00000868110_011	g0290	0	0.0000007453
ENSE00000868110_014	g0290	0	0.0003212189
ENSE00000868110_015	g0290	0	0.0000152522
ENSE00000869920_001	g0293	0	0.0003043177
ENSE00000869920_003	g0293	0	0.0358782032
ENSE00000869920_004	g0293	0	0.1199453819
ENSE00000869920_005	g0293	0	0.4126237271
ENSE00000869920_006	g0293	0	0.0020935377
ENSE00000869920_007	g0293	0	0.8744322561
ENSE00000869920_008	g0293	0	0.0087025175
ENSE00000869920_009	g0293	0	0.0130038388
ENSE00000869920_010	g0293	0	0.0886558565
ENSE00000869920_011	g0293	0	0.2444937662
ENSE00000869920_012	g0293	0	0.0026491667
ENSE00000869920_013	g0293	0	0.0161983454
ENSE00000869920_014	g0293	0	0.0013513498
ENSE00000869920_015	g0293	0	0.0257233646
ENSE00000869920_017	g0293	0	0.0004252823
ENSE00000869920_018	g0293	0	0.0000503806
ENSE00000869920_019	g0293	0	0.0003239446
ENSE00000869920_020	g0293	0	0.0009115952
ENSE00000869920_021	g0293	0	0.0108013878
ENSE00000869920_023	g0293	0	0.0000815658
ENSE00000869920_024	g0293	0	0.0314077857
ENSE00000869920_026	g0293	0	0.0147968516
ENSE00000869924_001	g0293	0	0.0001228701
ENSE00000869924_003	g0293	0	0.0001293711
ENSE00000869924_004	g0293	0	0.0000885246
ENSE00000869924_005	g0293	0	0.0482313500
ENSE00000869924_006	g0293	0	0.0030224666
ENSE00000869924_009	g0293	0	0.0004193556
ENSE00000869924_012	g0293	0	0.0118587328
ENSE00000869924_013	g0293	0	0.0058784779
ENSE00000869924_014	g0293	0	0.0071524002
ENSE00000869924_015	g0293	0	0.0000014454
ENSE00000869924_016	g0293	0	0.0000505033
ENSE00000869924_017	g0293	0	0.0972364554
ENSE00000869924_018	g0293	0	0.0005818118
ENSE00000869924_019	g0293	0	0.0015099163
ENSE00000869924_020	g0293	0	0.0000011606
ENSE00000869924_021	g0293	0	0.0009597005
ENSE00000869924_022	g0293	0	0.0002053731
ENSE00000873488_004	g0294	0	0.0210785912
ENSE00000873488_005	g0294	0	0.0711239868
ENSE00000873488_006	g0294	0	0.0093745171
ENSE00000873488_010	g0294	0	0.0027772723
ENSE00000874520_001	g0295	0	0.0001991844
ENSE00000874520_002	g0295	0	0.0011962838
ENSE00000874520_003	g0295	0	0.0039593152
ENSE00000874520_005	g0295	0	0.0013456442
ENSE00000874520_007	g0295	0	0.0099499278
ENSE00000874520_008	g0295	0	0.0055869144
ENSE00000874520_009	g0295	0	0.0018651435
ENSE00000874520_010	g0295	0	0.0207273905
ENSE00000874520_012	g0295	0	0.0009897705
ENSE00000874520_013	g0295	0	0.0021872792
ENSE00000874520_014	g0295	0	0.0031732981
ENSE00000874520_015	g0295	0	0.0579338994
ENSE00000874520_016	g0295	0	0.0512864899
ENSE00000874520_017	g0295	0	0.7574452071
ENSE00000874520_018	g0295	0	0.0005760763
ENSE00000874520_019	g0295	0	0.0060250019
ENSE00000874520_020	g0295	0	0.0121599124
ENSE00000874520_021	g0295	0	0.0000206002
ENSE00000874520_022	g0295	0	0.0000256301
ENSE00000874520_023	g0295	0	0.0006677137
ENSE00000883832_001	g0297	0	0.2026862080
ENSE00000883832_002	g0297	0	0.0584021871
ENSE00000883832_003	g0297	0	0.0501246838
ENSE00000883832_005	g0297	0	0.0399592317
ENSE00000883832_013	g0297	0	0.2242023637
ENSE00000883832_015	g0297	0	0.0146849716
ENSE00000883832_016	g0297	0	0.1708044459
ENSE00000883832_018	g0297	0	0.0052698064
ENSE00000883832_020	g0297	0	0.0788102351
ENSE00000883832_025	g0297	0	0.0182913298
ENSE00000883832_026	g0297	0	0.3484820172
ENSE00000883832_029	g0297	0	0.7233335991
ENSE00000889327_002	g0303	0	0.0022954424
ENSE00000889327_005	g0303	0	0.0004763695
ENSE00000889327_008	g0303	0	0.0039818726
ENSE00000889327_013	g0303	0	0.0072405792
ENSE00000890958_001	g0305	0	0.2351624457
ENSE00000890958_003	g0305	0	0.3531593762
ENSE00000890958_004	g0305	0	0.8748986811
ENSE00000890958_006	g0305	0	0.3778093589
ENSE00000890958_007	g0305	0	0.6661419919
ENSE00000890958_008	g0305	0	0.2897082434
ENSE00000890958_009	g0305	0	0.3507244289
ENSE00000890958_014	g0305	0	0.9584175538
ENSE00000890958_016	g0305	0	0.8536899181
ENSE00000890958_019	g0305	0	0.9269916917
ENSE00000890958_020	g0305	0	0.4799646265
ENSE00000890958_021	g0305	0	0.2663317824
ENSE00000890958_022	g0305	0	0.0752539884
ENSE00000890958_023	g0305	0	0.9668911003
ENSE00000890958_024	g0305	0	0.3106463249
ENSE00000890958_025	g0305	0	0.9625847606
ENSE00000890958_028	g0305	0	0.9752057215
ENSE00000890958_030	g0305	0	0.2000779557
ENSE00000890958_031	g0305	0	0.4198304814
ENSE00000890969_002	g0305	0	0.9491572124
ENSE00000890969_003	g0305	0	0.1610438403
ENSE00000890969_005	g0305	0	0.4700205101
ENSE00000890969_007	g0305	0	0.9452716355
ENSE00000890969_009	g0305	0	0.7589882133
ENSE00000890969_010	g0305	0	0.9628333149
ENSE00000890969_011	g0305	0	0.9511330317
ENSE00000890969_012	g0305	0	0.9904875388
ENSE00000890969_013	g0305	0	0.9589638632
ENSE00000890969_014	g0305	0	0.8690320151
ENSE00000890969_017	g0305	0	0.7111150916
ENSE00000892383_001	g0036	0	0.0000007738
ENSE00000892383_005	g0036	0	0.0000095174
ENSE00000892383_007	g0036	0	0.0000000909
ENSE00000892383_008	g0036	0	0.0000001835
ENSE00000892383_009	g0036	0	0.0000473182
ENSE00000892383_012	g0036	0	0.0000006506
ENSE00000892383_014	g0036	0	0.0000014107
ENSE00000892383_015	g0036	0	0.0000002115
ENSE00000892383_018	g0036	0	0.0000012233
ENSE00000892383_020	g0036	0	0.0000001914
ENSE00000892383_021	g0036	0	0.0000058227
ENSE00000892383_023	g0036	0	0.0000034228
ENSE00000892383_025	g0036	0	0.0000000161
ENSE00000892383_026	g0036	0	0.0000028785
ENSE00000893115_007	g0306	0	0.7830903818
ENSE00000893115_009	g0306	0	0.0602868666
ENSE00000893115_011	g0306	0	0.4007631750
ENSE00000893115_018	g0306	0	0.4703607922
ENSE00000896941_002	g0312	0	0.6182352810
ENSE00000896941_003	g0312	0	0.7290194888
ENSE00000896941_004	g0312	0	0.6397423452
ENSE00000896941_005	g0312	0	0.5252949485
ENSE00000896941_006	g0312	0	0.9536386513
ENSE00000896941_007	g0312	0	0.7978304164
ENSE00000896941_008	g0312	0	0.2417318809
ENSE00000896941_009	g0312	0	0.1136203051
ENSE00000896941_010	g0312	0	0.1727225470
ENSE00000896941_011	g0312	0	0.7127769835
ENSE00000896941_012	g0312	0	0.9775641475
ENSE00000896941_013	g0312	0	0.9725273998
ENSE00000896941_014	g0312	0	0.9753916700
ENSE00000896941_015	g0312	0	0.1669019743
ENSE00000896941_016	g0312	0	0.1793865697
ENSE00000896941_017	g0312	0	0.9098370072
ENSE00000896941_020	g0312	0	0.4899277003
ENSE00000903568_001	g0316	0	0.7006864648
ENSE00000903568_004	g0316	0	0.9645323917
ENSE00000903568_006	g0316	0	0.7282150257
ENSE00000903568_008	g0316	0	0.5361151109
ENSE00000903568_012	g0316	0	0.4974765721
ENSE00000903568_019	g0316	0	0.2305983930
ENSE00000903568_021	g0316	0	0.7938893578
ENSE00000903568_022	g0316	0	0.4130673641
ENSE00000903568_023	g0316	0	0.8821396931
ENSE00000903568_025	g0316	0	0.2042590336
ENSE00000903568_026	g0316	0	0.1183252709
ENSE00000903568_030	g0316	0	0.9609226348
ENSE00000906770_001	g0320	0	0.2317045759
ENSE00000906770_003	g0320	0	0.6061050562
ENSE00000906770_004	g0320	0	0.9696710605
ENSE00000906770_005	g0320	0	0.9871076753
ENSE00000906770_006	g0320	1	0.9596457290
ENSE00000906770_007	g0320	0	0.7554847961
ENSE00000906770_008	g0320	0	0.9662923195
ENSE00000906770_010	g0320	0	0.7718956702
ENSE00000906770_011	g0320	0	0.6058963636
ENSE00000906770_012	g0320	0	0.1591670180
ENSE00000906770_013	g0320	0	0.9572507117
ENSE00000906770_014	g0320	0	0.2316766739
ENSE00000906770_015	g0320	0	0.3559315942
ENSE00000906770_016	g0320	0	0.9273213456
ENSE00000906770_017	g0320	0	0.2840210965
ENSE00000906770_018	g0320	0	0.6467508135
ENSE00000906770_020	g0320	0	0.1710601218
ENSE00000906770_021	g0320	0	0.3104363311
ENSE00000906770_022	g0320	0	0.4835057220
ENSE00000906770_023	g0320	1	0.0762688739
ENSE00000906770_024	g0320	0	0.0556736896
ENSE00000906770_025	g0320	0	0.8058496418
ENSE00000906770_026	g0320	0	0.9918914165
ENSE00000906770_027	g0320	0	0.8228912685
ENSE00000906856_009	g0321	0	0.0078624308
ENSE00000906856_020	g0321	0	0.2761042812
ENSE00000906856_025	g0321	0	0.0143419769
ENSE00000907705_004	g0323	0	0.0062429818
ENSE00000907705_005	g0323	0	0.0144259860
ENSE00000907705_009	g0323	0	0.0133202206
ENSE00000907705_011	g0323	0	0.0038506910
ENSE00000907705_012	g0323	0	0.0180347241
ENSE00000907705_013	g0323	0	0.0088747242
ENSE00000907705_017	g0323	0	0.0476249483
ENSE00000907705_019	g0323	0	0.0104192142
ENSE00000907705_028	g0323	0	0.0130435122
ENSE00000907705_031	g0323	0	0.0455680885
ENSE00000907705_032	g0323	0	0.0009407435
ENSE00000919127_001	g0337	0	0.0005907538
ENSE00000919127_002	g0337	0	0.1798017663
ENSE00000919127_004	g0337	0	0.0000005181
ENSE00000919127_005	g0337	0	0.1295111363
ENSE00000919127_006	g0337	0	0.0000064196
ENSE00000919127_008	g0337	0	0.0003075804
ENSE00000919127_009	g0337	0	0.0000270223
ENSE00000919127_010	g0337	0	0.0002865792
ENSE00000919127_011	g0337	0	0.0205124689
ENSE00000919127_013	g0337	0	0.0004959402
ENSE00000919127_014	g0337	0	0.0045136946
ENSE00000919127_015	g0337	0	0.0000097792
ENSE00000919127_017	g0337	0	0.0001282349
ENSE00000919127_018	g0337	0	0.0002638094
ENSE00000921242_002	g0341	0	0.3407927356
ENSE00000921242_004	g0341	0	0.0030037641
ENSE00000921242_007	g0341	0	0.7074147222
ENSE00000921242_013	g0341	1	0.0759933943
ENSE00000921242_027	g0341	0	0.0031106232
ENSE00000921242_031	g0341	0	0.0313437201
ENSE00000923145_001	g0344	0	0.0000020769
ENSE00000923145_002	g0344	0	0.0000027733
ENSE00000923145_003	g0344	0	0.0002230500
ENSE00000923145_005	g0344	0	0.0018505206
ENSE00000923145_006	g0344	0	0.0001290816
ENSE00000923145_008	g0344	0	0.0121171822
ENSE00000923145_009	g0344	0	0.0001622456
ENSE00000923145_010	g0344	0	0.0003908072
ENSE00000923145_011	g0344	0	0.0003557869
ENSE00000923145_014	g0344	0	0.0002506624
ENSE00000923145_016	g0344	0	0.0002380992
ENSE00000923145_017	g0344	0	0.0008776078
ENSE00000923145_018	g0344	0	0.0010355476
ENSE00000923145_019	g0344	0	0.0000065403
ENSE00000923145_021	g0344	0	0.0001072101
ENSE00000924918_002	g0348	0	0.0000215762
ENSE00000924918_003	g0348	0	0.0001887096
ENSE00000924918_004	g0348	0	0.0000407364
ENSE00000924918_005	g0348	0	0.0000225518
ENSE00000924918_006	g0348	0	0.0000123913
ENSE00000924918_007	g0348	0	0.0002451676
ENSE00000924918_009	g0348	0	0.0000137746
ENSE00000924918_010	g0348	0	0.0005937298
ENSE00000924918_011	g0348	0	0.0001123765
ENSE00000924918_013	g0348	0	0.0012327050
ENSE00000924918_014	g0348	0	0.0000302963
ENSE00000924918_015	g0348	0	0.0000997441
ENSE00000924918_016	g0348	0	0.0000084394
ENSE00000924918_017	g0348	0	0.0005469255
ENSE00000924918_018	g0348	0	0.0004486701
ENSE00000924918_019	g0348	0	0.0000375337
ENSE00000924918_020	g0348	0	0.0003121610
ENSE00000924918_021	g0348	0	0.0006868507
ENSE00000924918_022	g0348	0	0.0189677438
ENSE00000924918_023	g0348	0	0.0000325255
ENSE00000924918_024	g0348	0	0.0000590015
ENSE00000924918_025	g0348	0	0.0000088274
ENSE00000926455_002	g0351	0	0.0080837047
ENSE00000926455_004	g0351	0	0.0004203524
ENSE00000926455_006	g0351	0	0.0000043910
ENSE00000926455_008	g0351	0	0.0033779514
ENSE00000926455_012	g0351	0	0.0008537731
ENSE00000926455_016	g0351	0	0.0000204959
ENSE00000926455_017	g0351	0	0.0000537718
ENSE00000926455_019	g0351	0	0.0015726762
ENSE00000926455_020	g0351	0	0.0024959467
ENSE00000926455_025	g0351	0	0.0267033760
ENSE00000926455_026	g0351	0	0.0010620886
ENSE00000926455_028	g0351	0	0.0000528700
ENSE00000926455_029	g0351	0	0.0000684971
ENSE00000926455_030	g0351	0	0.0028593607
ENSE00000928239_004	g0358	0	0.0441102652
ENSE00000928239_009	g0358	0	0.0017505394
ENSE00000928239_010	g0358	0	0.0000833220
ENSE00000928239_015	g0358	0	0.0000198256
ENSE00000928743_001	g0359	0	0.2627506826
ENSE00000928743_003	g0359	0	0.0652228951
ENSE00000928743_004	g0359	0	0.0370210072
ENSE00000928743_005	g0359	0	0.4371847006
ENSE00000928743_006	g0359	1	0.5523554307
ENSE00000928743_007	g0359	0	0.1719950924
ENSE00000928743_008	g0359	0	0.0082245367
ENSE00000928743_009	g0359	0	0.0034586675
ENSE00000928743_010	g0359	0	0.0106474546
ENSE00000928743_011	g0359	0	0.0014223841
ENSE00000928743_012	g0359	0	0.0410033578
ENSE00000928743_013	g0359	0	0.0595954074
ENSE00000928743_014	g0359	0	0.0904286274
ENSE00000928743_016	g0359	0	0.0722433963
ENSE00000928743_017	g0359	0	0.0104351398
ENSE00000928743_018	g0359	0	0.0178864773
ENSE00000928743_021	g0359	0	0.2406680312
ENSE00000928743_022	g0359	0	0.1201343412
ENSE00000928743_023	g0359	0	0.0047766114
ENSE00000928743_024	g0359	0	0.1923279552
ENSE00000933900_001	g0373	0	0.9999951490
ENSE00000933900_002	g0373	0	0.9999763910
ENSE00000933900_003	g0373	0	0.9999038722
ENSE00000933900_004	g0373	0	0.9996793895
ENSE00000933900_006	g0373	0	0.9994148486
ENSE00000933900_008	g0373	0	0.9999909581
ENSE00000933900_009	g0373	0	0.9999880510
ENSE00000933900_011	g0373	0	0.9990698288
ENSE00000933900_012	g0373	0	0.9992201107
ENSE00000933900_013	g0373	0	0.9996351115
ENSE00000933900_016	g0373	0	0.9998536219
ENSE00000933900_017	g0373	0	0.9999968653
ENSE00000933900_018	g0373	0	0.9998548543
ENSE00000933900_019	g0373	0	0.9999742088
ENSE00000933900_021	g0373	0	0.9999922483
ENSE00000934494_001	g0376	0	0.6123800685
ENSE00000934494_003	g0376	0	0.3604194469
ENSE00000934494_004	g0376	0	0.3929590741
ENSE00000934494_005	g0376	0	0.9279981993
ENSE00000934494_006	g0376	0	0.4707992351
ENSE00000934494_007	g0376	0	0.0522136886
ENSE00000934494_008	g0376	0	0.1380904162
ENSE00000934494_009	g0376	0	0.4560454665
ENSE00000934494_010	g0376	0	0.5056379172
ENSE00000934494_011	g0376	0	0.3278842585
ENSE00000934494_012	g0376	0	0.5138380810
ENSE00000934494_014	g0376	0	0.1829917198
ENSE00000934494_015	g0376	0	0.3452846692
ENSE00000934494_016	g0376	0	0.0639347734
ENSE00000934494_017	g0376	0	0.1807041389
ENSE00000934494_018	g0376	0	0.6422397728
ENSE00000934494_019	g0376	0	0.7631924024
ENSE00000934494_020	g0376	0	0.7665536002
ENSE00000934494_021	g0376	0	0.8861520397
ENSE00000934494_022	g0376	0	0.9568157395
ENSE00000934494_023	g0376	0	0.8930960899
ENSE00000934494_025	g0376	0	0.1383865457
ENSE00000934494_026	g0376	0	0.3333106686
ENSE00000934494_027	g0376	0	0.0618923116
ENSE00000934494_028	g0376	0	0.2406845517
ENSE00000934494_029	g0376	0	0.3857292467
ENSE00000934494_030	g0376	0	0.0288955236
ENSE00000934494_031	g0376	0	0.2520145045
ENSE00000940404_003	g0383	0	0.9974226625
ENSE00000940404_005	g0383	0	0.2225567145
ENSE00000940404_006	g0383	0	0.1478472036
ENSE00000940404_008	g0383	0	0.1986792384
ENSE00000940404_010	g0383	1	0.9176295090
ENSE00000940404_011	g0383	0	0.3865689260
ENSE00000942056_002	g0387	0	0.0984480058
ENSE00000942056_003	g0387	1	0.9960090522
ENSE00000942056_004	g0387	0	0.0376233994
ENSE00000942056_005	g0387	0	0.0729989026
ENSE00000942056_009	g0387	0	0.0058618959
ENSE00000942056_010	g0387	0	0.0278520061
ENSE00000942056_012	g0387	0	0.0175679518
ENSE00000942056_014	g0387	0	0.2617698592
ENSE00000942056_015	g0387	0	0.1165797753
ENSE00000942056_016	g0387	0	0.5051722826
ENSE00000942056_017	g0387	0	0.6638931839
ENSE00000942574_001	g0390	0	0.0004531723
ENSE00000942574_002	g0390	0	0.0123749010
ENSE00000942574_003	g0390	0	0.0201335576
ENSE00000942574_004	g0390	0	0.0209373616
ENSE00000942574_005	g0390	0	0.0002704669
ENSE00000942574_006	g0390	0	0.0015899933
ENSE00000942574_007	g0390	0	0.0000794894
ENSE00000942574_008	g0390	0	0.0004601596
ENSE00000942574_009	g0390	0	0.0062320889
ENSE00000942574_010	g0390	0	0.0005524075
ENSE00000942574_011	g0390	0	0.0002827781
ENSE00000942574_012	g0390	0	0.0008118324
ENSE00000942574_015	g0390	0	0.0044488303
ENSE00000942574_016	g0390	0	0.0052018769
ENSE00000942574_017	g0390	0	0.0538934021
ENSE00000942574_018	g0390	0	0.0074697829
ENSE00000942574_019	g0390	0	0.0062530895
ENSE00000942574_021	g0390	0	0.0011571177
ENSE00000942574_022	g0390	0	0.0000899893
ENSE00000942574_023	g0390	0	0.0006815204
ENSE00000942578_001	g0390	0	0.9923581272
ENSE00000942578_002	g0390	0	0.9943893099
ENSE00000942578_003	g0390	0	0.9139696968
ENSE00000942578_004	g0390	0	0.9962137043
ENSE00000942578_005	g0390	0	0.9928193066
ENSE00000942578_006	g0390	0	0.9978864593
ENSE00000942578_007	g0390	0	0.9762955998
ENSE00000942578_008	g0390	0	0.5487973893
ENSE00000942578_009	g0390	0	0.9837881382
ENSE00000942578_010	g0390	0	0.9501009246
ENSE00000942578_011	g0390	0	0.8699699388
ENSE00000942578_012	g0390	0	0.9820171172
ENSE00000942578_013	g0390	0	0.9070238529
ENSE00000942578_014	g0390	0	0.4122720998
ENSE00000942578_015	g0390	0	0.9893616089
ENSE00000942578_016	g0390	0	0.6445446221
ENSE00000942578_017	g0390	0	0.9167983552
ENSE00000942578_018	g0390	0	0.9834229129
ENSE00000942578_019	g0390	0	0.9962696248
ENSE00000942578_020	g0390	0	0.9867920675
ENSE00000942578_021	g0390	0	0.3273635605
ENSE00000942578_022	g0390	0	0.0132036539
ENSE00000942843_001	g0391	0	0.5011975417
ENSE00000942843_002	g0391	0	0.6314255783
ENSE00000942843_004	g0391	0	0.9576489826
ENSE00000942843_005	g0391	0	0.4126199251
ENSE00000942843_007	g0391	0	0.6433871994
ENSE00000942843_010	g0391	0	0.6087790662
ENSE00000942843_014	g0391	0	0.4941883147
ENSE00000942843_016	g0391	0	0.9843307404
ENSE00000942843_018	g0391	0	0.8699093601
ENSE00000942843_021	g0391	0	0.2554475093
ENSE00000942843_022	g0391	0	0.3747838279
ENSE00000942843_023	g0391	0	0.5139802268
ENSE00000942843_024	g0391	0	0.8695183300
ENSE00000943447_001	g0393	0	0.0019855460
ENSE00000943447_003	g0393	1	0.0225544929
ENSE00000943447_005	g0393	0	0.0017503797
ENSE00000943447_006	g0393	0	0.0006933260
ENSE00000943447_007	g0393	0	0.0211368362
ENSE00000943447_009	g0393	0	0.0181422798
ENSE00000943447_011	g0393	0	0.0024779102
ENSE00000943447_013	g0393	0	0.0687173818
ENSE00000943447_016	g0393	0	0.0107635574
ENSE00000943447_017	g0393	0	0.0101870927
ENSE00000943447_018	g0393	0	0.1012599195
ENSE00000943447_019	g0393	0	0.0155170491
ENSE00000943447_020	g0393	0	0.0306858478
ENSE00000943447_021	g0393	0	0.0048155099
ENSE00000943447_024	g0393	0	0.0972419856
ENSE00000943447_026	g0393	0	0.0066507497
ENSE00000943886_001	g0394	0	0.0006991713
ENSE00000943886_006	g0394	1	0.0002895443
ENSE00000944495_001	g0396	0	0.2922435314
ENSE00000944495_002	g0396	0	0.1140159214
ENSE00000944495_003	g0396	0	0.2443802540
ENSE00000944495_004	g0396	0	0.0601312283
ENSE00000944495_005	g0396	0	0.0221942050
ENSE00000944495_006	g0396	0	0.5490627720
ENSE00000944495_007	g0396	1	0.0212562856
ENSE00000944495_008	g0396	0	0.1112016898
ENSE00000944495_009	g0396	0	0.0191784428
ENSE00000944495_010	g0396	0	0.0926398719
ENSE00000944495_011	g0396	0	0.0863424169
ENSE00000944495_012	g0396	0	0.2635005334
ENSE00000944495_015	g0396	0	0.0024012025
ENSE00000944495_016	g0396	0	0.0640391853
ENSE00000944495_017	g0396	0	0.2968901052
ENSE00000944495_018	g0396	0	0.0356431851
ENSE00000944495_019	g0396	0	0.0066402633
ENSE00000944495_020	g0396	0	0.6649748222
ENSE00000944495_021	g0396	0	0.7900435959
ENSE00000944495_022	g0396	0	0.0174817047
ENSE00000944772_002	g0397	0	0.1995487060
ENSE00000944772_005	g0397	0	0.0015074590
ENSE00000944772_009	g0397	0	0.0087951469
ENSE00000944772_010	g0397	0	0.6539218120
ENSE00000944772_012	g0397	0	0.2482242208
ENSE00000950552_001	g0411	0	0.0119765083
ENSE00000950552_002	g0411	0	0.0232138302
ENSE00000950552_003	g0411	0	0.0272595867
ENSE00000950552_004	g0411	0	0.0520424472
ENSE00000950552_009	g0411	0	0.0482547399
ENSE00000950552_010	g0411	0	0.0225314851
ENSE00000950552_011	g0411	0	0.0179587751
ENSE00000950552_012	g0411	0	0.0034777584
ENSE00000950552_013	g0411	0	0.0095621475
ENSE00000950552_014	g0411	0	0.0414839196
ENSE00000950552_015	g0411	0	0.1327237841
ENSE00000950552_018	g0411	0	0.0653028251
ENSE00000950552_019	g0411	0	0.0677074648
ENSE00000950552_021	g0411	0	0.0460247575
ENSE00000950643_003	g0412	0	0.6087563006
ENSE00000950643_004	g0412	0	0.0089495528
ENSE00000950643_007	g0412	0	0.3743924267
ENSE00000950643_009	g0412	0	0.1870322530
ENSE00000950643_010	g0412	0	0.9060834037
ENSE00000950643_014	g0412	0	0.1094488565
ENSE00000950643_016	g0412	0	0.0712221732
ENSE00000950643_017	g0412	0	0.2012260303
ENSE00000950643_019	g0412	0	0.0141589207
ENSE00000950643_021	g0412	0	0.6851972591
ENSE00000950643_022	g0412	0	0.4178514085
ENSE00000950643_024	g0412	0	0.4384649323
ENSE00000950643_025	g0412	0	0.1504891853
ENSE00000956392_003	g0417	0	0.0000000380
ENSE00000956392_007	g0417	0	0.0000000009
ENSE00000956392_008	g0417	0	0.0000000035
ENSE00000956392_010	g0417	0	0.0000000229
ENSE00000956392_012	g0417	0	0.0000000001
ENSE00000956392_014	g0417	0	0.0000000003
ENSE00000956392_018	g0417	0	0.0000000019
ENSE00000956392_019	g0417	0	0.0000000071
ENSE00000956392_022	g0417	0	0.0000000001
ENSE00000956392_023	g0417	0	0.0000000003
ENSE00000956392_025	g0417	0	0.0000001046
ENSE00000956392_026	g0417	0	0.0000000047
ENSE00000956392_027	g0417	0	0.0000000101
ENSE00000956392_028	g0417	0	0.0000000053
ENSE00000956392_030	g0417	0	0.0000000016
ENSE00000956392_031	g0417	0	0.0000000013
ENSE00000957489_001	g0420	0	0.0000086513
ENSE00000957489_002	g0420	0	0.0000004122
ENSE00000957489_003	g0420	0	0.0002505411
ENSE00000957489_004	g0420	0	0.0000044176
ENSE00000957489_005	g0420	0	0.0000096637
ENSE00000957489_007	g0420	0	0.0000003283
ENSE00000957489_008	g0420	0	0.0000048879
ENSE00000957489_010	g0420	0	0.0000012529
ENSE00000957489_011	g0420	0	0.0000003358
ENSE00000957489_012	g0420	0	0.0000057485
ENSE00000957489_013	g0420	0	0.0000096415
ENSE00000957489_014	g0420	0	0.0001186461
ENSE00000957489_015	g0420	0	0.0000022313
ENSE00000957489_016	g0420	0	0.0000006514
ENSE00000957489_017	g0420	0	0.0000336502
ENSE00000957489_018	g0420	0	0.0000167907
ENSE00000957489_019	g0420	0	0.0000182629
ENSE00000957489_020	g0420	0	0.0001487622
ENSE00000957489_021	g0420	0	0.0000515771
ENSE00000957489_023	g0420	0	0.0006350109
ENSE00000957489_025	g0420	0	0.0000097739
ENSE00000957945_003	g0422	0	0.2998765960
ENSE00000957945_004	g0422	0	0.2856828830
ENSE00000957945_010	g0422	0	0.0114180276
ENSE00000957945_012	g0422	0	0.0437004782
ENSE00000957945_022	g0422	0	0.3250034825
ENSE00000959231_003	g0426	0	0.7296807923
ENSE00000959231_005	g0426	0	0.9802497687
ENSE00000959231_006	g0426	0	0.9982704889
ENSE00000959231_009	g0426	0	0.9877827712
ENSE00000959231_010	g0426	1	0.9971830140
ENSE00000959231_011	g0426	0	0.7918973616
ENSE00000959231_013	g0426	0	0.9874480156
ENSE00000959231_014	g0426	0	0.7913963048
ENSE00000959231_015	g0426	0	0.5914567192
ENSE00000959231_019	g0426	0	0.4579656391
ENSE00000959231_020	g0426	0	0.4809558282
ENSE00000959231_024	g0426	0	0.9506588569
ENSE00000959231_025	g0426	0	0.3428211175
ENSE00000959231_026	g0426	0	0.2185778045
ENSE00000959231_028	g0426	0	0.9996970996
ENSE00000959672_001	g0428	0	0.0524967587
ENSE00000959672_013	g0428	0	0.0030519039
ENSE00000959672_015	g0428	0	0.0005158892
ENSE00000959672_026	g0428	0	0.0020367914
ENSE00000959672_027	g0428	0	0.0106879701
ENSE00000959672_028	g0428	0	0.0041409553
ENSE00000964036_001	g0433	0	0.0064685413
ENSE00000964036_002	g0433	0	0.1369939025
ENSE00000964036_009	g0433	0	0.2011698797
ENSE00000964036_011	g0433	0	0.1216434812
ENSE00000964036_012	g0433	0	0.0027819458
ENSE00000964036_015	g0433	0	0.0979781618
ENSE00000964036_018	g0433	0	0.5440400823
ENSE00000968373_001	g0441	0	0.0010154752
ENSE00000968373_002	g0441	0	0.0190611166
ENSE00000968373_006	g0441	0	0.0082900766
ENSE00000968373_009	g0441	0	0.0000390965
ENSE00000968373_014	g0441	0	0.0003861324
ENSE00000968373_017	g0441	0	0.0007566749
ENSE00000968373_020	g0441	0	0.0000734304
ENSE00000968683_001	g0442	0	0.0474922661
ENSE00000968683_008	g0442	0	0.1781739757
ENSE00000968683_010	g0442	0	0.0060964099
ENSE00000968683_011	g0442	0	0.0090076219
ENSE00000968683_013	g0442	0	0.0009376786
ENSE00000968683_014	g0442	0	0.2044513459
ENSE00000968683_016	g0442	0	0.0141017180
ENSE00000970780_001	g0443	0	0.9826209391
ENSE00000970780_002	g0443	0	0.5560693855
ENSE00000970780_003	g0443	0	0.9431656090
ENSE00000970780_004	g0443	0	0.9864491676
ENSE00000970780_006	g0443	0	0.7068565287
ENSE00000970780_007	g0443	0	0.0392946894
ENSE00000970780_008	g0443	0	0.5483065481
ENSE00000970780_010	g0443	0	0.0164799587
ENSE00000970780_013	g0443	0	0.7959405568
ENSE00000970780_014	g0443	0	0.2269324911
ENSE00000970780_015	g0443	0	0.2593242776
ENSE00000970780_017	g0443	0	0.9902871211
ENSE00000970780_019	g0443	0	0.9871886228
ENSE00000978542_001	g0446	0	0.0109276698
ENSE00000978542_002	g0446	0	0.5976975168
ENSE00000978542_006	g0446	0	0.0039352464
ENSE00000978542_011	g0446	0	0.0037027552
ENSE00000979338_001	g0447	0	0.0133419442
ENSE00000979338_002	g0447	0	0.0011943895
ENSE00000979338_003	g0447	0	0.0082765533
ENSE00000979338_004	g0447	0	0.0157079943
ENSE00000979338_005	g0447	0	0.0002365960
ENSE00000979338_006	g0447	0	0.0003359402
ENSE00000979338_007	g0447	0	0.0005698879
ENSE00000979338_008	g0447	0	0.0004563557
ENSE00000979338_009	g0447	0	0.0005407440
ENSE00000979338_010	g0447	0	0.0020530410
ENSE00000979338_011	g0447	0	0.0000658136
ENSE00000979338_012	g0447	0	0.0026415478
ENSE00000979338_013	g0447	0	0.0000193391
ENSE00000979338_014	g0447	0	0.0000103091
ENSE00000979338_015	g0447	0	0.0000118186
ENSE00000979338_016	g0447	0	0.0609217210
ENSE00000979338_017	g0447	0	0.1517059539
ENSE00000979338_020	g0447	0	0.0009711307
ENSE00000979338_021	g0447	1	0.0285589538
ENSE00000979338_023	g0447	0	0.0000300526
ENSE00000979338_024	g0447	0	0.0001649355
ENSE00000979338_025	g0447	0	0.0002312964
ENSE00000980091_001	g0451	0	0.0006939801
ENSE00000980091_003	g0451	0	0.0000692302
ENSE00000980091_005	g0451	0	0.0003609853
ENSE00000980091_008	g0451	0	0.1121724704
ENSE00000980091_009	g0451	0	0.0017431196
ENSE00000980091_010	g0451	0	0.0022729307
ENSE00000980091_011	g0451	0	0.0119009527
ENSE00000980091_013	g0451	0	0.0005390569
ENSE00000980091_014	g0451	0	0.0569827635
ENSE00000980091_015	g0451	0	0.0047393554
ENSE00000980091_016	g0451	0	0.0015130482
ENSE00000980091_017	g0451	0	0.0019682173
ENSE00000980091_018	g0451	0	0.0220692047
ENSE00000980091_022	g0451	0	0.0010103713
ENSE00000980091_024	g0451	0	0.0267438073
ENSE00000980091_025	g0451	0	0.0021024715
ENSE00000980091_026	g0451	0	0.0002951424
ENSE00000980091_027	g0451	0	0.0002216637
ENSE00000980091_028	g0451	0	0.0002474435
ENSE00000980091_029	g0451	0	0.0023741904
ENSE00000980222_001	g0453	0	0.0000003261
ENSE00000980222_002	g0453	0	0.0000717330
ENSE00000980222_004	g0453	0	0.0001692637
ENSE00000980222_005	g0453	0	0.0007868538
ENSE00000980222_007	g0453	0	0.0085914667
ENSE00000980222_008	g0453	0	0.0000192789
ENSE00000980222_009	g0453	0	0.0000001401
ENSE00000980222_010	g0453	0	0.0000222584
ENSE00000980222_011	g0453	0	0.0003839223
ENSE00000980222_014	g0453	0	0.0002221433
ENSE00000980222_015	g0453	0	0.0000014577
ENSE00000980222_016	g0453	0	0.0005402430
ENSE00000980222_017	g0453	0	0.0001448199
ENSE00000980222_018	g0453	0	0.0001241529
ENSE00000980222_019	g0453	0	0.0008071280
ENSE00000980222_020	g0453	0	0.0000048364
ENSE00000980222_023	g0453	0	0.0000395854
ENSE00000980222_024	g0453	0	0.0000274748
ENSE00000980222_025	g0453	0	0.0000936796
ENSE00000980222_026	g0453	0	0.0003985071
ENSE00000982982_002	g0219	0	0.0000790468
ENSE00000982982_003	g0219	0	0.0000384377
ENSE00000982982_006	g0219	0	0.0014583977
ENSE00000982982_007	g0219	0	0.0001626785
ENSE00000982982_008	g0219	0	0.0004140382
ENSE00000982982_010	g0219	0	0.0001057419
ENSE00000982982_013	g0219	0	0.0000508537
ENSE00000982982_015	g0219	0	0.0000362674
ENSE00000982982_017	g0219	0	0.0001837115
ENSE00000982982_020	g0219	0	0.0003479466
ENSE00000982982_022	g0219	0	0.0000105064
ENSE00000982982_023	g0219	0	0.0001570354
ENSE00000982982_024	g0219	0	0.0003354699
ENSE00000983778_002	g0456	0	0.0011277758
ENSE00000983778_003	g0456	0	0.0015349795
ENSE00000983778_005	g0456	0	0.0001587723
ENSE00000983778_007	g0456	0	0.0000123875
ENSE00000983778_008	g0456	0	0.0057519462
ENSE00000983778_011	g0456	0	0.0071388615
ENSE00000983778_012	g0456	0	0.0015798063
ENSE00000983778_013	g0456	0	0.0016643201
ENSE00000983778_014	g0456	0	0.0058222455
ENSE00000983778_015	g0456	0	0.0179161386
ENSE00000983778_016	g0456	0	0.0188407545
ENSE00000983778_019	g0456	0	0.0026011541
ENSE00000983778_021	g0456	0	0.0009473204
ENSE00000983778_024	g0456	0	0.0009976246
ENSE00000983778_025	g0456	0	0.0045132647
ENSE00000983778_026	g0456	0	0.0244720208
ENSE00000983778_027	g0456	0	0.0018888827
ENSE00000983791_004	g0456	0	0.0003674804
ENSE00000983798_001	g0456	0	0.0002467315
ENSE00000983798_003	g0456	0	0.0001578422
ENSE00000983798_004	g0456	0	0.0000303900
ENSE00000983798_006	g0456	0	0.0000585387
ENSE00000983798_007	g0456	0	0.0000201812
ENSE00000983798_008	g0456	0	0.0007044883
ENSE00000983798_009	g0456	0	0.0000028156
ENSE00000983798_010	g0456	0	0.0000910608
ENSE00000983798_012	g0456	0	0.0005019673
ENSE00000983798_013	g0456	0	0.0013803194
ENSE00000983798_014	g0456	0	0.0000260597
ENSE00000983798_015	g0456	0	0.0000570229
ENSE00000983798_016	g0456	0	0.0005744744
ENSE00000983798_017	g0456	0	0.0000250280
ENSE00000983798_018	g0456	0	0.0000146880
ENSE00000983798_020	g0456	0	0.0007332947
ENSE00000983798_022	g0456	0	0.0013391894
ENSE00000983798_023	g0456	0	0.0006182779
ENSE00000983798_025	g0456	0	0.0000166899
ENSE00000983798_026	g0456	0	0.0020173253
ENSE00000983798_027	g0456	0	0.0005967481
ENSE00000983798_028	g0456	0	0.0006250161
ENSE00000983798_029	g0456	0	0.0013978858
ENSE00000987603_001	g0464	0	0.0754993607
ENSE00000987603_002	g0464	0	0.0572173333
ENSE00000987603_003	g0464	0	0.0024540613
ENSE00000987603_004	g0464	0	0.0910677812
ENSE00000987603_006	g0464	0	0.0204059666
ENSE00000987603_007	g0464	1	0.0211587758
ENSE00000987603_008	g0464	0	0.0722716783
ENSE00000987603_009	g0464	0	0.0208980018
ENSE00000987603_010	g0464	0	0.0347916701
ENSE00000987603_011	g0464	1	0.0786604863
ENSE00000987603_012	g0464	0	0.0012154622
ENSE00000987603_013	g0464	0	0.0117743102
ENSE00000987603_014	g0464	0	0.0005614130
ENSE00000987603_015	g0464	1	0.0060922510
ENSE00000987603_016	g0464	0	0.0010105492
ENSE00000987603_017	g0464	0	0.0003463265
ENSE00000987603_019	g0464	0	0.0003411273
ENSE00000987603_021	g0464	0	0.0533657533
ENSE00000987603_022	g0464	0	0.0958869348
ENSE00000987603_023	g0464	0	0.0207996375
ENSE00000987603_024	g0464	0	0.0065877751
ENSE00000987603_025	g0464	0	0.0028203578
ENSE00000987603_026	g0464	0	0.0515122594
ENSE00000987603_027	g0464	0	0.0005220769
ENSE00000989799_006	g0467	0	0.5729712328
ENSE00000989799_007	g0467	0	0.9856100937
ENSE00000989799_010	g0467	0	0.8134692953
ENSE00000989799_012	g0467	0	0.9800823327
ENSE00000989799_013	g0467	0	0.9975761984
ENSE00000989799_016	g0467	0	0.7086469273
ENSE00000989799_018	g0467	0	0.9804447598
ENSE00000989799_020	g0467	0	0.9589268925
ENSE00000989809_002	g0467	0	0.0713521296
ENSE00000989809_003	g0467	0	0.0000858069
ENSE00000989809_004	g0467	0	0.0359060364
ENSE00000989809_007	g0467	0	0.9222420688
ENSE00000989809_008	g0467	0	0.2131203592
ENSE00000989809_011	g0467	0	0.3477334434
ENSE00000989809_012	g0467	0	0.0100659102
ENSE00000989809_013	g0467	0	0.0214878455
ENSE00000989809_014	g0467	0	0.0968613574
ENSE00000989809_015	g0467	0	0.1702925391
ENSE00000989809_016	g0467	0	0.0119289008
ENSE00000989809_017	g0467	0	0.0037697889
ENSE00000989809_019	g0467	0	0.0310903936
ENSE00000989842_001	g0468	0	0.3232694809
ENSE00000989842_002	g0468	0	0.4214562775
ENSE00000989842_003	g0468	0	0.7206415707
ENSE00000989842_004	g0468	1	0.0323417857
ENSE00000989842_005	g0468	0	0.4979174276
ENSE00000989842_006	g0468	1	0.9110951649
ENSE00000989842_007	g0468	0	0.5610582745
ENSE00000989842_009	g0468	0	0.3928868258
ENSE00000989842_010	g0468	0	0.9569202632
ENSE00000989842_012	g0468	0	0.0343041952
ENSE00000989842_013	g0468	0	0.1232610813
ENSE00000989842_014	g0468	0	0.1173613787
ENSE00000989842_015	g0468	0	0.0329394515
ENSE00000989842_016	g0468	0	0.9046816556
ENSE00000989842_017	g0468	0	0.0033609173
ENSE00000996872_003	g0476	0	0.0000233446
ENSE00000996872_010	g0476	0	0.0000158132
ENSE00000996872_011	g0476	0	0.0000177981
ENSE00000996872_016	g0476	0	0.0000929747
ENSE00000996872_017	g0476	0	0.0000656984
ENSE00000997922_001	g0477	0	0.0228887046
ENSE00000997922_002	g0477	0	0.0227761443
ENSE00000997922_003	g0477	0	0.0000271141
ENSE00000997922_004	g0477	0	0.0002659275
ENSE00000997922_005	g0477	0	0.0010020338
ENSE00000997922_006	g0477	0	0.0040187641
ENSE00000997922_008	g0477	0	0.0015783224
ENSE00000997922_011	g0477	0	0.0103874226
ENSE00000997922_012	g0477	1	0.0033687790
ENSE00000997922_013	g0477	0	0.0000430445
ENSE00000997922_014	g0477	1	0.0002183561
ENSE00000997922_015	g0477	0	0.0006088805
ENSE00000997922_016	g0477	0	0.0001673178
ENSE00000997922_017	g0477	0	0.0001221318
ENSE00000997922_018	g0477	1	0.0002453180
ENSE00000997922_020	g0477	1	0.0223498983
ENSE00000997922_023	g0477	0	0.0003947984
ENSE00000997925_001	g0477	0	0.3530270607
ENSE00000997925_004	g0477	0	0.0329033963
ENSE00000997925_006	g0477	0	0.2232239228
ENSE00000997925_009	g0477	0	0.3702076291
ENSE00000997925_010	g0477	0	0.3139148521
ENSE00000997925_011	g0477	0	0.7097502953
ENSE00000997925_012	g0477	0	0.2513808311
ENSE00000997925_013	g0477	0	0.5885209503
ENSE00000997925_014	g0477	0	0.8842053516
ENSE00000997925_015	g0477	0	0.9947512108
ENSE00000997925_016	g0477	0	0.7568401777
ENSE00000997925_018	g0477	0	0.3884908709
ENSE00000997925_021	g0477	0	0.9136651202
ENSE00000997925_025	g0477	0	0.4694498933
ENSE00000997925_029	g0477	0	0.7742409604
ENSE00000997925_030	g0477	0	0.3605149724
ENSE00000997925_032	g0477	0	0.7234087017
ENSE00000997938_001	g0477	0	0.0000001275
ENSE00000997938_004	g0477	0	0.0000002351
ENSE00000997938_005	g0477	0	0.0000015199
ENSE00000999243_001	g0478	0	0.0000157963
ENSE00000999243_002	g0478	0	0.0000064368
ENSE00000999243_003	g0478	0	0.0000249821
ENSE00000999243_005	g0478	0	0.0000069676
ENSE00000999243_007	g0478	0	0.0000032215
ENSE00000999243_008	g0478	1	0.0000824754
ENSE00000999243_009	g0478	1	0.0000145187
ENSE00000999243_010	g0478	1	0.0000008057
ENSE00000999243_012	g0478	1	0.0000199881
ENSE00000999243_013	g0478	1	0.0000029452
ENSE00000999243_014	g0478	0	0.0000000347
ENSE00000999243_015	g0478	0	0.0000001089
ENSE00000999243_016	g0478	0	0.0000021555
ENSE00000999243_017	g0478	0	0.0000639598
ENSE00000999243_018	g0478	0	0.0000010388
ENSE00000999243_019	g0478	0	0.0000000215
ENSE00000999243_020	g0478	1	0.0000134825
ENSE00000999243_021	g0478	0	0.0000000618
ENSE00000999243_022	g0478	0	0.0000082717
ENSE00000999243_023	g0478	0	0.0000019078
ENSE00000999243_024	g0478	0	0.0000068597
ENSE00000999243_025	g0478	1	0.0000000834
ENSE00000999243_026	g0478	1	0.0000000852
ENSE00000999243_027	g0478	1	0.0000000913
ENSE00000999243_028	g0478	0	0.0000000022
ENSE00000999243_029	g0478	0	0.0000001396
ENSE00000999243_030	g0478	1	0.0000008779
ENSE00000999243_031	g0478	0	0.0000000158
ENSE00000999243_032	g0478	0	0.0000251871
ENSE00000999813_018	g0481	0	0.7993886711
ENSE00001001090_001	g0483	0	0.0029692581
ENSE00001001090_006	g0483	0	0.9505732845
ENSE00001001090_009	g0483	0	0.0028015407
ENSE00001001090_011	g0483	0	0.0014645684
ENSE00001001090_015	g0483	0	0.0094911743
ENSE00001001090_016	g0483	0	0.0431278492
ENSE00001001090_017	g0483	0	0.0268418231
ENSE00001002968_015	g0488	0	0.3066480885
ENSE00001002968_017	g0488	0	0.2098862042
ENSE00001007387_003	g0494	0	0.0143931105
ENSE00001007387_004	g0494	0	0.4574572579
ENSE00001007387_005	g0494	0	0.0741542882
ENSE00001007387_006	g0494	0	0.0155877156
ENSE00001007387_007	g0494	0	0.5557412781
ENSE00001007387_008	g0494	0	0.8501854499
ENSE00001007387_009	g0494	0	0.5790811780
ENSE00001007387_010	g0494	0	0.1997281890
ENSE00001007387_011	g0494	0	0.0844857843
ENSE00001007387_012	g0494	0	0.1857233572
ENSE00001007387_017	g0494	0	0.0012172124
ENSE00001007387_019	g0494	0	0.0852412858
ENSE00001007387_020	g0494	0	0.8163944778
ENSE00001007387_023	g0494	0	0.1142128524
ENSE00001007393_001	g0494	0	0.0000000554
ENSE00001007393_002	g0494	0	0.0000001409
ENSE00001007393_003	g0494	0	0.0000089462
ENSE00001007393_004	g0494	0	0.0000190329
ENSE00001007393_005	g0494	0	0.0000033930
ENSE00001007393_006	g0494	0	0.0000682485
ENSE00001007393_007	g0494	0	0.0004639590
ENSE00001007393_011	g0494	0	0.0000000005
ENSE00001007393_013	g0494	0	0.0000000850
ENSE00001007393_014	g0494	0	0.0000003958
ENSE00001007393_015	g0494	0	0.0000000166
ENSE00001007393_016	g0494	0	0.0000003645
ENSE00001007393_017	g0494	0	0.0000000063
ENSE00001007393_018	g0494	0	0.0000032494
ENSE00001007393_019	g0494	0	0.0000000198
ENSE00001007393_020	g0494	0	0.0000082103
ENSE00001007393_022	g0494	0	0.0000485954
ENSE00001007393_023	g0494	0	0.0002170197
ENSE00001008085_001	g0120	0	0.9922456471
ENSE00001008085_003	g0120	0	0.0029543974
ENSE00001008085_005	g0120	0	0.0159711427
ENSE00001008085_007	g0120	0	0.0030911148
ENSE00001008085_008	g0120	0	0.0027178529
ENSE00001008085_009	g0120	0	0.0007867762
ENSE00001008085_010	g0120	0	0.3132244143
ENSE00001008085_011	g0120	0	0.0134734373
ENSE00001008085_013	g0120	0	0.0200918162
ENSE00001008085_018	g0120	0	0.2124859722
ENSE00001008085_021	g0120	0	0.0575092844
ENSE00001008085_023	g0120	0	0.0034597811
ENSE00001008085_024	g0120	0	0.0008079952
ENSE00001008085_026	g0120	0	0.0158274731
ENSE00001008085_029	g0120	0	0.4294443592
ENSE00001008085_030	g0120	0	0.0010305530
ENSE00001009722_003	g0499	0	0.0000405122
ENSE00001009722_012	g0499	0	0.0007962273
ENSE00001009722_018	g0499	0	0.0000672558
ENSE00001009722_019	g0499	0	0.0000720047
ENSE00001009722_021	g0499	0	0.0010394732
ENSE00001009722_024	g0499	0	0.0002619029
ENSE00001009722_025	g0499	0	0.0014556934
ENSE00001009722_028	g0499	0	0.0009122072
ENSE00001010742_004	g0500	0	0.8856914041
ENSE00001010742_024	g0500	0	0.9829990282
ENSE00001011040_002	g0501	0	0.9829124496
ENSE00001011040_006	g0501	0	0.2635393019
ENSE00001011040_007	g0501	0	0.7315917517
ENSE00001011040_012	g0501	0	0.5382144136
ENSE00001011040_016	g0501	0	0.4809329862
ENSE00001011040_017	g0501	0	0.9902081292
ENSE00001011040_018	g0501	0	0.9934255186
ENSE00001011040_019	g0501	0	0.0145422160
ENSE00001011040_021	g0501	0	0.9046855801
ENSE00001011040_023	g0501	0	0.9925734721
ENSE00001017721_001	g0508	0	0.0037031698
ENSE00001017721_002	g0508	0	0.0011515749
ENSE00001017721_003	g0508	0	0.0218425593
ENSE00001017721_004	g0508	0	0.0406497406
ENSE00001017721_005	g0508	0	0.0049041638
ENSE00001017721_007	g0508	0	0.9343567270
ENSE00001017721_009	g0508	0	0.0156003846
ENSE00001017721_010	g0508	0	0.0051057744
ENSE00001017721_012	g0508	0	0.0052637613
ENSE00001017721_013	g0508	0	0.0164871101
ENSE00001017721_014	g0508	0	0.0074593297
ENSE00001017721_015	g0508	0	0.0013807581
ENSE00001017721_016	g0508	0	0.0012593851
ENSE00001017721_017	g0508	0	0.0002070341
ENSE00001017721_018	g0508	0	0.0003438678
ENSE00001017721_020	g0508	0	0.0820042997
ENSE00001017721_022	g0508	0	0.0008106744
ENSE00001017721_023	g0508	0	0.0270220333
ENSE00001017721_024	g0508	0	0.0057688991
ENSE00001017721_025	g0508	0	0.0055063832
ENSE00001017721_026	g0508	0	0.0289034858
ENSE00001017721_027	g0508	0	0.0041074470
ENSE00001017721_028	g0508	0	0.0804627013
ENSE00001017736_001	g0508	0	0.0291436973
ENSE00001017736_002	g0508	1	0.0070001307
ENSE00001017736_004	g0508	0	0.0000214565
ENSE00001017736_007	g0508	1	0.0071796572
ENSE00001017736_008	g0508	1	0.0036616520
ENSE00001017736_009	g0508	0	0.0026702660
ENSE00001017736_011	g0508	0	0.0055538113
ENSE00001017736_012	g0508	0	0.0026374255
ENSE00001017736_013	g0508	1	0.0003250714
ENSE00001017736_015	g0508	0	0.0033768849
ENSE00001017736_016	g0508	0	0.0002257310
ENSE00001017736_017	g0508	1	0.8297566689
ENSE00001017736_018	g0508	0	0.0704224028
ENSE00001017736_019	g0508	1	0.0117190274
ENSE00001017736_020	g0508	0	0.0001025086
ENSE00001017736_021	g0508	0	0.0132594190
ENSE00001017736_022	g0508	0	0.0049436096
ENSE00001017736_023	g0508	0	0.0004589003
ENSE00001017736_024	g0508	0	0.0001554853
ENSE00001017736_025	g0508	0	0.0000440821
ENSE00001017736_027	g0508	0	0.0058723974
ENSE00001017736_028	g0508	0	0.0010264929
ENSE00001017736_029	g0508	0	0.0010837656
ENSE00001017736_030	g0508	0	0.0014429996
ENSE00001017736_031	g0508	0	0.0060651133
ENSE00001017736_032	g0508	0	0.0027042838
ENSE00001017736_033	g0508	1	0.0042309954
ENSE00001020341_006	g0512	0	0.0015293834
ENSE00001020341_008	g0512	0	0.0000003935
ENSE00001020341_011	g0512	0	0.0000006647
ENSE00001020341_014	g0512	0	0.0000605087
ENSE00001020341_018	g0512	0	0.0000018891
ENSE00001020341_019	g0512	0	0.0000157814
ENSE00001020341_020	g0512	0	0.0000292983
ENSE00001020341_021	g0512	0	0.0000511233
ENSE00001023460_001	g0516	0	0.9644495641
ENSE00001023460_002	g0516	0	0.8591523033
ENSE00001023460_004	g0516	0	0.5988005573
ENSE00001023460_005	g0516	0	0.9812504059
ENSE00001023460_008	g0516	0	0.8622597310
ENSE00001023460_009	g0516	0	0.4120333365
ENSE00001023460_010	g0516	0	0.9802628789
ENSE00001023460_012	g0516	0	0.1884713146
ENSE00001023460_013	g0516	0	0.6298363562
ENSE00001023460_017	g0516	0	0.2793826971
ENSE00001023460_018	g0516	0	0.1628350012
ENSE00001023460_019	g0516	0	0.8146284814
ENSE00001023460_020	g0516	0	0.2912760445
ENSE00001023460_021	g0516	0	0.9349004778
ENSE00001023460_023	g0516	0	0.4991077528
ENSE00001023460_024	g0516	0	0.1440807774
ENSE00001023460_027	g0516	0	0.8487038790
ENSE00001023460_028	g0516	0	0.5921144945
ENSE00001023460_029	g0516	0	0.8087172669
ENSE00001023460_030	g0516	0	0.0218410865
ENSE00001023460_031	g0516	0	0.0320100890
ENSE00001023460_032	g0516	0	0.4832267849
ENSE00001023460_033	g0516	0	0.0919265838
ENSE00001023460_034	g0516	0	0.4627526853
ENSE00001025746_001	g0518	0	0.0000345077
ENSE00001025746_002	g0518	0	0.0000640106
ENSE00001025746_004	g0518	0	0.0001329239
ENSE00001025746_005	g0518	0	0.0000868698
ENSE00001025746_006	g0518	0	0.0005852885
ENSE00001025746_007	g0518	0	0.0005770816
ENSE00001025746_008	g0518	0	0.0001582376
ENSE00001025746_009	g0518	0	0.0002029924
ENSE00001025746_010	g0518	0	0.0003430843
ENSE00001025746_011	g0518	0	0.0000079837
ENSE00001025746_012	g0518	0	0.0000289723
ENSE00001025746_013	g0518	0	0.0000019404
ENSE00001025746_014	g0518	0	0.0000157984
ENSE00001025746_016	g0518	0	0.0000639057
ENSE00001025746_018	g0518	0	0.0000004661
ENSE00001025746_019	g0518	0	0.0000870460
ENSE00001025746_020	g0518	0	0.0005527253
ENSE00001025746_021	g0518	0	0.0000126859
ENSE00001026705_001	g0519	0	0.3856785959
ENSE00001026705_002	g0519	0	0.3643570535
ENSE00001026705_004	g0519	1	0.7268413166
ENSE00001026705_005	g0519	0	0.0003317271
ENSE00001026705_006	g0519	0	0.0011390390
ENSE00001026705_007	g0519	0	0.8783532250
ENSE00001026705_008	g0519	0	0.6093925573
ENSE00001026705_009	g0519	0	0.2183934680
ENSE00001026705_011	g0519	0	0.9812779821
ENSE00001026705_012	g0519	0	0.8509157293
ENSE00001026705_013	g0519	0	0.8868969794
ENSE00001026705_014	g0519	0	0.1587393394
ENSE00001026705_015	g0519	0	0.0333748514
ENSE00001026705_016	g0519	0	0.1621823939
ENSE00001026705_018	g0519	0	0.4520201768
ENSE00001026705_019	g0519	0	0.4804912478
ENSE00001026705_020	g0519	0	0.8155466424
ENSE00001026705_021	g0519	0	0.8294165256
ENSE00001026705_022	g0519	0	0.9558379713
ENSE00001026705_023	g0519	0	0.5530711712
ENSE00001026705_024	g0519	0	0.5049377579
ENSE00001026705_025	g0519	0	0.9037412197
ENSE00001026705_026	g0519	1	0.3338169195
ENSE00001026705_027	g0519	0	0.1273032461
ENSE00001026705_028	g0519	0	0.4979114693
ENSE00001026705_029	g0519	0	0.2168800528
ENSE00001030397_003	g0522	0	0.0631232771
ENSE00001030397_005	g0522	0	0.7819324423
ENSE00001030397_006	g0522	0	0.0513171889
ENSE00001030397_007	g0522	0	0.2756756016
ENSE00001030397_008	g0522	0	0.1970871290
ENSE00001030397_009	g0522	0	0.0714090766
ENSE00001030397_010	g0522	0	0.7854530832
ENSE00001030397_011	g0522	0	0.5018179656
ENSE00001030397_012	g0522	0	0.1041423404
ENSE00001030397_013	g0522	0	0.6016923146
ENSE00001030397_015	g0522	0	0.6177988088
ENSE00001030397_017	g0522	0	0.2478579922
ENSE00001030397_018	g0522	0	0.2470019067
ENSE00001030397_019	g0522	0	0.9368888217
ENSE00001030397_020	g0522	0	0.0721119264
ENSE00001031674_002	g0293	0	0.0069644829
ENSE00001031674_003	g0293	0	0.0004393028
ENSE00001031674_004	g0293	0	0.0477459330
ENSE00001031674_005	g0293	0	0.0060473766
ENSE00001031674_006	g0293	0	0.1680009272
ENSE00001031674_007	g0293	0	0.0010400570
ENSE00001031674_008	g0293	0	0.0010420395
ENSE00001031674_010	g0293	0	0.0057719316
ENSE00001031674_011	g0293	0	0.0003466399
ENSE00001031674_012	g0293	0	0.0536311691
ENSE00001031674_013	g0293	0	0.0016045390
ENSE00001031674_015	g0293	0	0.0020794833
ENSE00001031674_017	g0293	0	0.0936713945
ENSE00001031674_018	g0293	0	0.0107370424
ENSE00001031674_019	g0293	0	0.0011542313
ENSE00001031674_020	g0293	0	0.0595344013
ENSE00001038040_003	g0535	0	0.0351879374
ENSE00001038040_005	g0535	0	0.9239589915
ENSE00001038040_006	g0535	0	0.0451753587
ENSE00001038040_007	g0535	0	0.4227876539
ENSE00001038040_008	g0535	0	0.2448373909
ENSE00001038040_009	g0535	0	0.6476012695
ENSE00001038040_010	g0535	0	0.9497458599
ENSE00001038040_011	g0535	0	0.9597641964
ENSE00001038040_012	g0535	0	0.9019303250
ENSE00001038040_014	g0535	0	0.0380580342
ENSE00001038040_015	g0535	0	0.0597272841
ENSE00001038040_016	g0535	0	0.5845919396
ENSE00001038040_017	g0535	0	0.3625367690
ENSE00001042311_001	g0537	0	0.0656373502
ENSE00001042311_002	g0537	0	0.0044671437
ENSE00001042311_003	g0537	0	0.9557911688
ENSE00001042311_004	g0537	0	0.8167189978
ENSE00001042311_007	g0537	0	0.8102850703
ENSE00001042311_008	g0537	0	0.4024478491
ENSE00001042311_009	g0537	0	0.5349841786
ENSE00001042311_011	g0537	0	0.9061647966
ENSE00001042311_012	g0537	0	0.9897886923
ENSE00001042311_013	g0537	0	0.6493847992
ENSE00001042311_014	g0537	0	0.8460081594
ENSE00001042311_015	g0537	0	0.2168396456
ENSE00001042311_016	g0537	1	0.2706209421
ENSE00001042311_019	g0537	0	0.6293738395
ENSE00001042507_001	g0537	0	0.0011998419
ENSE00001042507_002	g0537	0	0.0009578172
ENSE00001042507_003	g0537	0	0.0002261437
ENSE00001042507_005	g0537	0	0.0001415059
ENSE00001042507_006	g0537	0	0.0000889891
ENSE00001042507_007	g0537	0	0.0000768229
ENSE00001042507_009	g0537	0	0.0013628358
ENSE00001042507_010	g0537	0	0.0002325293
ENSE00001042507_011	g0537	0	0.0053324626
ENSE00001042507_012	g0537	0	0.0005249590
ENSE00001042507_013	g0537	0	0.0007625862
ENSE00001042507_014	g0537	0	0.0047510621
ENSE00001042507_015	g0537	0	0.0074284631
ENSE00001042507_016	g0537	0	0.0047401088
ENSE00001045978_001	g0540	0	0.1326036348
ENSE00001045978_002	g0540	0	0.1593923087
ENSE00001045978_003	g0540	0	0.0384351924
ENSE00001045978_004	g0540	0	0.0056182894
ENSE00001045978_007	g0540	0	0.0017872890
ENSE00001045978_008	g0540	0	0.0329349476
ENSE00001045978_014	g0540	0	0.0239733072
ENSE00001045978_017	g0540	0	0.0573262288
ENSE00001056160_001	g0547	0	0.9703974358
ENSE00001056160_002	g0547	0	0.9569133978
ENSE00001056160_003	g0547	0	0.3470157969
ENSE00001056160_004	g0547	0	0.9663039548
ENSE00001056160_005	g0547	0	0.1256694994
ENSE00001056160_007	g0547	0	0.8769307320
ENSE00001056160_008	g0547	0	0.8395729694
ENSE00001056160_009	g0547	0	0.5100429607
ENSE00001056160_010	g0547	0	0.0190704899
ENSE00001056160_011	g0547	0	0.9411301631
ENSE00001056160_012	g0547	0	0.9134940278
ENSE00001056160_013	g0547	0	0.9691791086
ENSE00001056160_014	g0547	0	0.2688262437
ENSE00001057677_017	g0305	0	0.4621401856
ENSE00001057677_018	g0305	0	0.0086325351
ENSE00001060406_002	g0550	1	0.0022990319
ENSE00001060406_003	g0550	0	0.0000137862
ENSE00001060406_005	g0550	1	0.0004412680
ENSE00001060406_012	g0550	1	0.0000386390
ENSE00001060406_013	g0550	0	0.9975076567
ENSE00001060406_018	g0550	0	0.0035718989
ENSE00001060406_019	g0550	0	0.0005114274
ENSE00001060406_020	g0550	0	0.0000067272
ENSE00001060406_021	g0550	1	0.8677891199
ENSE00001060406_022	g0550	1	0.0121615595
ENSE00001060406_025	g0550	0	0.0115739842
ENSE00001060406_026	g0550	0	0.9665056694
ENSE00001060406_027	g0550	0	0.9988408787
ENSE00001060406_029	g0550	1	0.0033574033
ENSE00001060406_030	g0550	1	0.1963286700
ENSE00001060406_032	g0550	0	0.0007475611
ENSE00001062870_002	g0553	0	0.0274065016
ENSE00001062870_007	g0553	0	0.0058610141
ENSE00001062870_010	g0553	0	0.1856868702
ENSE00001062870_015	g0553	0	0.0524185472
ENSE00001066628_001	g0555	0	0.0016978783
ENSE00001066628_002	g0555	0	0.0048780583
ENSE00001066628_003	g0555	0	0.0017602858
ENSE00001066628_004	g0555	0	0.0001512342
ENSE00001066628_005	g0555	0	0.0000214088
ENSE00001066628_006	g0555	0	0.0035749389
ENSE00001066628_010	g0555	0	0.0002497357
ENSE00001066628_012	g0555	0	0.0003017736
ENSE00001066628_013	g0555	0	0.0001213111
ENSE00001066628_017	g0555	0	0.0000041741
ENSE00001066628_018	g0555	0	0.0001887322
ENSE00001066628_019	g0555	0	0.0001379425
ENSE00001066628_020	g0555	0	0.0018880793
ENSE00001066628_021	g0555	0	0.0111962104
ENSE00001066716_011	g0556	0	0.9565907853
ENSE00001066716_013	g0556	0	0.0265046519
ENSE00001074020_020	g0565	0	0.0270236564
ENSE00001074020_023	g0565	0	0.1040067601
ENSE00001074020_025	g0565	0	0.0552581883
ENSE00001075853_003	g0566	0	0.0054952497
ENSE00001075853_005	g0566	0	0.0008693011
ENSE00001075853_006	g0566	0	0.0060131728
ENSE00001075853_007	g0566	0	0.0004538583
ENSE00001075853_010	g0566	0	0.0062395985
ENSE00001075853_011	g0566	0	0.0115894997
ENSE00001075853_012	g0566	0	0.0255023961
ENSE00001075853_014	g0566	0	0.0023804611
ENSE00001075853_015	g0566	0	0.0328551198
ENSE00001075853_016	g0566	0	0.0000053546
ENSE00001075853_018	g0566	0	0.0388520460
ENSE00001075853_019	g0566	0	0.0000409905
ENSE00001075853_021	g0566	0	0.0005603333
ENSE00001075969_002	g0567	0	0.8431925690
ENSE00001075969_003	g0567	0	0.9904962516
ENSE00001075969_004	g0567	0	0.7115884807
ENSE00001075969_005	g0567	0	0.9609636081
ENSE00001075969_007	g0567	0	0.8996262071
ENSE00001075969_008	g0567	0	0.9892777671
ENSE00001075969_010	g0567	0	0.9535876247
ENSE00001075969_011	g0567	0	0.9984853109
ENSE00001075969_012	g0567	0	0.9956891425
ENSE00001075969_014	g0567	0	0.9901216964
ENSE00001075969_015	g0567	0	0.9726810678
ENSE00001075969_016	g0567	0	0.9985392801
ENSE00001075969_017	g0567	0	0.9966012528
ENSE00001075969_019	g0567	0	0.9985861467
ENSE00001075969_020	g0567	0	0.9760366617
ENSE00001075969_021	g0567	0	0.9991852576
ENSE00001075969_024	g0567	0	0.9998282179
ENSE00001075969_025	g0567	0	0.9988783908
ENSE00001075969_026	g0567	0	0.9979045863
ENSE00001075969_027	g0567	0	0.9953236941
ENSE00001075969_028	g0567	0	0.9910912562
ENSE00001080055_006	g0574	0	0.0000091262
ENSE00001080055_011	g0574	0	0.0000037442
ENSE00001080055_012	g0574	1	0.0003176870
ENSE00001080055_013	g0574	1	0.0000544440
ENSE00001080265_001	g0575	0	0.0000001637
ENSE00001080265_002	g0575	0	0.0001584891
ENSE00001080265_003	g0575	0	0.0000206133
ENSE00001080265_004	g0575	0	0.0000303081
ENSE00001080265_005	g0575	0	0.0000131818
ENSE00001080265_007	g0575	0	0.0000009590
ENSE00001080265_008	g0575	0	0.0000400517
ENSE00001080265_010	g0575	0	0.0000469301
ENSE00001080265_011	g0575	0	0.0000262569
ENSE00001080265_012	g0575	0	0.0000022936
ENSE00001080265_013	g0575	0	0.0000132518
ENSE00001080265_014	g0575	0	0.0000139078
ENSE00001080265_018	g0575	0	0.0000017471
ENSE00001080265_019	g0575	0	0.0000002556
ENSE00001080265_021	g0575	0	0.0000116587
ENSE00001080265_022	g0575	0	0.0000394448
ENSE00001080265_024	g0575	0	0.0000138226
ENSE00001080265_025	g0575	0	0.0001530137
ENSE00001080265_027	g0575	0	0.0000138191
ENSE00001080265_028	g0575	0	0.0006495138
ENSE00001080536_002	g0578	0	0.0029860023
ENSE00001080536_003	g0578	0	0.0000728256
ENSE00001080536_004	g0578	0	0.0052578699
ENSE00001080536_005	g0578	0	0.6407744822
ENSE00001080536_006	g0578	0	0.0028910150
ENSE00001080536_007	g0578	0	0.0006668569
ENSE00001080536_008	g0578	0	0.8635537028
ENSE00001080536_009	g0578	0	0.0079952660
ENSE00001080536_011	g0578	0	0.0081029641
ENSE00001080536_012	g0578	0	0.0019820480
ENSE00001081208_005	g0581	0	0.0000005350
ENSE00001081208_009	g0581	0	0.0000050395
ENSE00001081208_010	g0581	0	0.0000076812
ENSE00001081208_015	g0581	0	0.0001016171
ENSE00001081225_021	g0581	0	0.5528586858
ENSE00001081287_001	g0582	0	0.0000008712
ENSE00001081287_002	g0582	0	0.0000014279
ENSE00001081287_010	g0582	0	0.0000000747
ENSE00001081287_020	g0582	0	0.0000037865
ENSE00001081292_001	g0582	0	0.0000176485
ENSE00001081292_005	g0582	1	0.0000196247
ENSE00001081292_006	g0582	0	0.0000004122
ENSE00001081292_009	g0582	0	0.0000018106
ENSE00001081292_014	g0582	0	0.0022930621
ENSE00001081292_015	g0582	0	0.0000527786
ENSE00001081292_016	g0582	0	0.0014811067
ENSE00001081292_017	g0582	0	0.0036061786
ENSE00001081292_018	g0582	1	0.0006285043
ENSE00001081292_020	g0582	1	0.0007958445
ENSE00001081532_002	g0583	0	0.0000464771
ENSE00001081532_003	g0583	0	0.0000002302
ENSE00001081532_011	g0583	0	0.0007886723
ENSE00001081532_014	g0583	0	0.0157034708
ENSE00001081532_019	g0583	0	0.0431237021
ENSE00001086629_001	g0591	0	0.1784545488
ENSE00001086629_002	g0591	0	0.0321611333
ENSE00001086629_004	g0591	0	0.0088454183
ENSE00001086629_006	g0591	0	0.0011502263
ENSE00001086629_007	g0591	0	0.0814647213
ENSE00001086629_008	g0591	0	0.0252382228
ENSE00001086629_010	g0591	0	0.0262238247
ENSE00001086629_011	g0591	0	0.6895123731
ENSE00001086629_013	g0591	1	0.7778252780
ENSE00001086629_014	g0591	0	0.0239632483
ENSE00001086630_001	g0591	0	0.6040623682
ENSE00001086630_003	g0591	0	0.5958306628
ENSE00001086630_004	g0591	0	0.9851315130
ENSE00001086630_006	g0591	0	0.7060889638
ENSE00001086630_007	g0591	0	0.9988136744
ENSE00001086630_008	g0591	0	0.7787046781
ENSE00001086630_009	g0591	0	0.9025902537
ENSE00001086630_010	g0591	0	0.8599747134
ENSE00001086630_011	g0591	0	0.9976190499
ENSE00001086630_012	g0591	0	0.9651892834
ENSE00001086630_013	g0591	0	0.9937236043
ENSE00001086630_014	g0591	0	0.5188359802
ENSE00001086635_003	g0591	1	0.0231636358
ENSE00001086635_005	g0591	0	0.9512111397
ENSE00001086635_006	g0591	1	0.9949901393
ENSE00001086635_007	g0591	1	0.9077612160
ENSE00001086635_008	g0591	0	0.9524466217
ENSE00001086635_009	g0591	0	0.7602549293
ENSE00001086635_010	g0591	1	0.8776563130
ENSE00001086635_011	g0591	0	0.8693496296
ENSE00001086635_012	g0591	1	0.3178694520
ENSE00001086635_013	g0591	1	0.8839430414
ENSE00001086635_014	g0591	1	0.5706173361
ENSE00001086635_017	g0591	0	0.7543729445
ENSE00001086635_018	g0591	1	0.9959442213
ENSE00001086635_019	g0591	1	0.8773813231
ENSE00001086635_020	g0591	1	0.2896330024
ENSE00001086635_021	g0591	1	0.8467892409
ENSE00001086635_022	g0591	1	0.1060717014
ENSE00001086635_023	g0591	0	0.9383687880
ENSE00001086635_025	g0591	0	0.8384043997
ENSE00001086635_027	g0591	0	0.6059361822
ENSE00001086635_028	g0591	0	0.9341098180
ENSE00001086642_001	g0591	0	0.0068644792
ENSE00001086642_002	g0591	0	0.0079384736
ENSE00001086642_006	g0591	0	0.0010065981
ENSE00001086642_007	g0591	0	0.0243114165
ENSE00001086642_010	g0591	0	0.0001971611
ENSE00001086642_011	g0591	0	0.0003730568
ENSE00001086642_013	g0591	0	0.0427356717
ENSE00001086642_014	g0591	0	0.0082891657
ENSE00001086642_016	g0591	0	0.0056569732
ENSE00001086642_017	g0591	0	0.0947963022
ENSE00001086665_002	g0591	0	0.2852135307
ENSE00001086665_003	g0591	0	0.0188408849
ENSE00001086665_004	g0591	0	0.0322775234
ENSE00001086665_005	g0591	0	0.1551456347
ENSE00001086665_006	g0591	0	0.3124698872
ENSE00001086665_007	g0591	0	0.0051706025
ENSE00001086665_008	g0591	0	0.0188177235
ENSE00001086665_010	g0591	0	0.0223891301
ENSE00001086665_011	g0591	0	0.2469959912
ENSE00001086665_012	g0591	0	0.0017486860
ENSE00001086665_013	g0591	0	0.2456392249
ENSE00001086665_014	g0591	0	0.0101177318
ENSE00001086678_001	g0591	0	0.0258643663
ENSE00001086678_002	g0591	0	0.1070654707
ENSE00001086678_003	g0591	0	0.0581616313
ENSE00001086678_005	g0591	0	0.0152991669
ENSE00001086678_013	g0591	0	0.0004852198
ENSE00001086678_015	g0591	0	0.0047192180
ENSE00001086678_016	g0591	0	0.0426752248
ENSE00001086684_001	g0591	0	0.0547143791
ENSE00001086684_002	g0591	0	0.0970561098
ENSE00001086684_003	g0591	0	0.0032886026
ENSE00001086684_004	g0591	0	0.0019636376
ENSE00001086684_006	g0591	0	0.0010768064
ENSE00001086684_007	g0591	0	0.0255953086
ENSE00001086684_008	g0591	0	0.0108326244
ENSE00001086684_009	g0591	0	0.0135850576
ENSE00001086684_010	g0591	0	0.0047283109
ENSE00001086684_012	g0591	0	0.0071707859
ENSE00001086684_013	g0591	0	0.0293252467
ENSE00001086684_014	g0591	0	0.0059050269
ENSE00001086684_016	g0591	0	0.0014123051
ENSE00001086684_019	g0591	0	0.0004066464
ENSE00001086684_020	g0591	0	0.0112039365
ENSE00001086684_021	g0591	0	0.0038045045
ENSE00001086684_022	g0591	0	0.0048819527
ENSE00001086684_023	g0591	0	0.0386517383
ENSE00001086684_024	g0591	0	0.0034565725
ENSE00001086684_025	g0591	0	0.0766858707
ENSE00001086684_026	g0591	0	0.0000000220
ENSE00001086684_027	g0591	0	0.0000396511
ENSE00001086684_028	g0591	0	0.0038878986
ENSE00001086687_001	g0591	0	0.0000000242
ENSE00001086687_002	g0591	0	0.0000002116
ENSE00001086687_003	g0591	0	0.0000006549
ENSE00001086687_004	g0591	0	0.0000001879
ENSE00001086687_005	g0591	0	0.0000000377
ENSE00001086687_006	g0591	0	0.0000298889
ENSE00001086687_007	g0591	0	0.0000005686
ENSE00001086687_008	g0591	0	0.0000021347
ENSE00001086687_009	g0591	0	0.0000032336
ENSE00001086687_010	g0591	0	0.0000001332
ENSE00001086687_012	g0591	0	0.0000005440
ENSE00001086687_013	g0591	0	0.0000001380
ENSE00001086690_020	g0591	0	0.0062515414
ENSE00001086700_001	g0591	0	0.6343902617
ENSE00001086700_002	g0591	0	0.3266008426
ENSE00001086700_003	g0591	0	0.9371563579
ENSE00001086700_004	g0591	0	0.9431957376
ENSE00001086700_005	g0591	0	0.9950279523
ENSE00001086700_007	g0591	0	0.1739982341
ENSE00001086700_008	g0591	0	0.9879345554
ENSE00001086700_009	g0591	0	0.9999837683
ENSE00001086700_010	g0591	0	0.8454133093
ENSE00001086700_011	g0591	0	0.9326931358
ENSE00001086700_012	g0591	0	0.9953492684
ENSE00001086700_013	g0591	0	0.4029296030
ENSE00001086716_005	g0591	0	0.0000491656
ENSE00001086716_007	g0591	0	0.0001302995
ENSE00001086716_009	g0591	0	0.0000254915
ENSE00001086716_012	g0591	0	0.0005226801
ENSE00001086716_013	g0591	0	0.0001559973
ENSE00001086716_014	g0591	0	0.0028640607
ENSE00001086716_016	g0591	0	0.0000115447
ENSE00001086716_018	g0591	0	0.0000042514
ENSE00001086716_019	g0591	0	0.0006075612
ENSE00001086716_022	g0591	0	0.0000132781
ENSE00001086752_001	g0592	0	0.9972570117
ENSE00001086752_002	g0592	0	0.9985871033
ENSE00001086752_003	g0592	0	0.9989444858
ENSE00001086752_004	g0592	0	0.1685237764
ENSE00001086752_006	g0592	0	0.9863866342
ENSE00001086752_007	g0592	0	0.9941288250
ENSE00001086752_008	g0592	0	0.9993841832
ENSE00001086752_009	g0592	0	0.9999962983
ENSE00001086752_010	g0592	0	0.9648907057
ENSE00001086752_011	g0592	0	0.9973928448
ENSE00001086752_012	g0592	0	0.9959198545
ENSE00001086752_013	g0592	0	0.9981741762
ENSE00001086752_014	g0592	0	0.9979746828
ENSE00001086752_015	g0592	0	0.9994563364
ENSE00001086752_017	g0592	0	0.9919015862
ENSE00001086752_018	g0592	0	0.9413632849
ENSE00001086752_019	g0592	0	0.9717723457
ENSE00001086752_020	g0592	0	0.9997415076
ENSE00001086752_021	g0592	0	0.9942873517
ENSE00001086752_022	g0592	0	0.9955189485
ENSE00001086752_023	g0592	0	0.9955628924
ENSE00001087852_001	g0593	0	0.0173146633
ENSE00001087852_002	g0593	0	0.0376264488
ENSE00001087852_003	g0593	0	0.2793375880
ENSE00001087852_008	g0593	0	0.1553663804
ENSE00001087852_012	g0593	0	0.0645336871
ENSE00001087852_016	g0593	0	0.0217885900
ENSE00001087852_018	g0593	0	0.4420624914
ENSE00001087852_019	g0593	0	0.1724798864
ENSE00001087852_029	g0593	0	0.0922780120
ENSE00001088262_002	g0516	0	0.0687993578
ENSE00001088262_005	g0516	0	0.0252458087
ENSE00001088262_006	g0516	0	0.0579089712
ENSE00001088262_007	g0516	0	0.0745205986
ENSE00001088262_008	g0516	0	0.0112852356
ENSE00001088262_009	g0516	0	0.2373831656
ENSE00001088262_010	g0516	0	0.5353922997
ENSE00001088262_011	g0516	0	0.0979419622
ENSE00001088262_012	g0516	0	0.0742029184
ENSE00001088262_013	g0516	0	0.0385917112
ENSE00001088262_015	g0516	0	0.0090915010
ENSE00001088262_018	g0516	0	0.2948334878
ENSE00001088262_019	g0516	0	0.0024429005
ENSE00001088262_021	g0516	0	0.8183522278
ENSE00001088262_022	g0516	0	0.0239219966
ENSE00001089263_004	g0598	0	0.0000574440
ENSE00001089263_005	g0598	0	0.0000009771
ENSE00001089263_006	g0598	0	0.0000000638
ENSE00001089263_009	g0598	0	0.0000007125
ENSE00001089263_011	g0598	0	0.0000439717
ENSE00001089263_014	g0598	0	0.0000015382
ENSE00001089263_015	g0598	0	0.0000014933
ENSE00001089263_016	g0598	0	0.0000000080
ENSE00001089263_017	g0598	0	0.0000007769
ENSE00001089263_018	g0598	0	0.0000001574
ENSE00001089263_019	g0598	0	0.0000000737
ENSE00001089263_020	g0598	0	0.0000024026
ENSE00001089488_001	g0599	0	0.0064798847
ENSE00001089488_002	g0599	0	0.0261411259
ENSE00001089488_003	g0599	0	0.0121628661
ENSE00001089488_005	g0599	0	0.0666665696
ENSE00001089488_006	g0599	0	0.0219363467
ENSE00001089488_007	g0599	0	0.0027721811
ENSE00001089488_008	g0599	0	0.0036156201
ENSE00001089488_009	g0599	0	0.0098568047
ENSE00001089488_010	g0599	0	0.1328196521
ENSE00001089488_011	g0599	1	0.0213354060
ENSE00001089488_012	g0599	0	0.2201375625
ENSE00001089488_014	g0599	0	0.1842610463
ENSE00001089488_015	g0599	0	0.0717367148
ENSE00001089488_016	g0599	0	0.0107074896
ENSE00001089488_017	g0599	0	0.0017180456
ENSE00001089488_018	g0599	0	0.0419060649
ENSE00001089488_020	g0599	0	0.2111443051
ENSE00001089488_021	g0599	0	0.7159949080
ENSE00001089488_023	g0599	0	0.0053585727
ENSE00001089488_024	g0599	0	0.0281146120
ENSE00001089488_025	g0599	0	0.0040654153
ENSE00001089488_026	g0599	0	0.0334245420
ENSE00001089515_001	g0599	0	0.0007306565
ENSE00001089515_018	g0599	0	0.0140539303
ENSE00001090928_001	g0604	0	0.9291749362
ENSE00001090928_005	g0604	0	0.9965196447
ENSE00001090928_006	g0604	0	0.8091160567
ENSE00001090928_007	g0604	0	0.6498936756
ENSE00001090928_008	g0604	0	0.0224887570
ENSE00001090928_010	g0604	0	0.9711169361
ENSE00001091167_002	g0456	0	0.0000600040
ENSE00001091167_005	g0456	0	0.0001600865
ENSE00001091167_008	g0456	0	0.0001961969
ENSE00001091167_009	g0456	0	0.0001361581
ENSE00001091167_010	g0456	0	0.0001239765
ENSE00001091167_012	g0456	0	0.0000417260
ENSE00001091167_013	g0456	0	0.0000021450
ENSE00001091167_014	g0456	0	0.0000040246
ENSE00001091167_015	g0456	0	0.0000706314
ENSE00001091167_016	g0456	0	0.0000717454
ENSE00001091167_018	g0456	0	0.0000516181
ENSE00001091167_019	g0456	0	0.0008158540
ENSE00001091167_020	g0456	0	0.0012209918
ENSE00001091167_022	g0456	0	0.0000297429
ENSE00001091167_023	g0456	0	0.0000466472
ENSE00001091167_025	g0456	0	0.0009228444
ENSE00001092663_001	g0610	0	0.0000002007
ENSE00001092663_002	g0610	0	0.0000000229
ENSE00001092663_003	g0610	0	0.0000000729
ENSE00001092663_004	g0610	0	0.0000000949
ENSE00001092663_006	g0610	0	0.0000000250
ENSE00001092663_007	g0610	0	0.0000005207
ENSE00001092663_008	g0610	0	0.0000000007
ENSE00001092663_009	g0610	0	0.0000008794
ENSE00001092663_010	g0610	0	0.0000000404
ENSE00001092663_011	g0610	0	0.0000005652
ENSE00001092663_012	g0610	0	0.0000001631
ENSE00001092663_013	g0610	0	0.0000008787
ENSE00001092663_014	g0610	0	0.0000016037
ENSE00001094870_002	g0481	0	0.2313278413
ENSE00001094870_010	g0481	0	0.0930361260
ENSE00001094870_012	g0481	0	0.1653465457
ENSE00001094873_001	g0481	0	0.0016823036
ENSE00001094873_002	g0481	0	0.0102369415
ENSE00001094873_003	g0481	0	0.0189389746
ENSE00001094873_004	g0481	0	0.0003521349
ENSE00001094873_006	g0481	0	0.0005240793
ENSE00001094873_007	g0481	0	0.0100033385
ENSE00001094873_008	g0481	0	0.0008267541
ENSE00001094873_009	g0481	0	0.0032766235
ENSE00001094873_010	g0481	0	0.0015070026
ENSE00001094873_012	g0481	0	0.0021141383
ENSE00001094873_013	g0481	0	0.0017115266
ENSE00001094873_014	g0481	0	0.0003030895
ENSE00001094873_016	g0481	0	0.1722699327
ENSE00001094873_017	g0481	0	0.0442527252
ENSE00001094873_018	g0481	0	0.0596556967
ENSE00001094873_021	g0481	0	0.0001161940
ENSE00001094873_022	g0481	0	0.0224192555
ENSE00001094873_023	g0481	0	0.0024822909
ENSE00001094873_024	g0481	0	0.0042358460
ENSE00001094873_026	g0481	0	0.0365793000
ENSE00001095406_002	g0616	0	0.0000002293
ENSE00001095406_005	g0616	0	0.0000007259
ENSE00001095406_009	g0616	0	0.0000000012
ENSE00001095406_010	g0616	0	0.0000000050
ENSE00001095406_011	g0616	0	0.0000000025
ENSE00001095406_012	g0616	0	0.0000000010
ENSE00001095406_014	g0616	0	0.0000000043
ENSE00001095406_019	g0616	0	0.0000000260
ENSE00001095406_021	g0616	0	0.0000000170
ENSE00001095406_023	g0616	0	0.0000000078
ENSE00001095406_024	g0616	0	0.0000030223
ENSE00001096614_001	g0620	0	0.0002316462
ENSE00001096614_002	g0620	0	0.0000153860
ENSE00001096614_003	g0620	0	0.0006008011
ENSE00001096614_004	g0620	0	0.0005203038
ENSE00001096614_006	g0620	0	0.0000050547
ENSE00001096614_007	g0620	0	0.0016625017
ENSE00001096614_009	g0620	0	0.0000100963
ENSE00001096614_010	g0620	0	0.0001291909
ENSE00001096614_011	g0620	0	0.0000261322
ENSE00001096614_014	g0620	0	0.0000225403
ENSE00001096614_015	g0620	0	0.0005972500
ENSE00001096614_016	g0620	0	0.0033185551
ENSE00001099032_001	g0624	0	0.1221455227
ENSE00001099032_002	g0624	0	0.0004615112
ENSE00001099032_008	g0624	0	0.3346431490
ENSE00001099032_009	g0624	0	0.0000127032
ENSE00001099032_012	g0624	0	0.0012166803
ENSE00001099032_013	g0624	0	0.0014039009
ENSE00001099032_015	g0624	0	0.0010035461
ENSE00001099032_016	g0624	0	0.0001280256
ENSE00001099032_020	g0624	0	0.0006776451
ENSE00001099032_021	g0624	0	0.0025099261
ENSE00001099032_022	g0624	0	0.0016610962
ENSE00001099032_023	g0624	0	0.0069244946
ENSE00001099032_024	g0624	0	0.0005022829
ENSE00001099032_025	g0624	0	0.0207073501
ENSE00001099032_026	g0624	0	0.0001435923
ENSE00001099032_027	g0624	0	0.0312256012
ENSE00001099032_028	g0624	0	0.0129646942
ENSE00001099032_029	g0624	0	0.0640112037
ENSE00001099032_030	g0624	0	0.0006970844
ENSE00001099032_033	g0624	0	0.0002929870
ENSE00001099032_034	g0624	0	0.0127489657
ENSE00001099032_035	g0624	0	0.0000941427
ENSE00001099032_037	g0624	0	0.0000282645
ENSE00001099740_001	g0626	0	0.9741588514
ENSE00001099740_002	g0626	0	0.7972286221
ENSE00001099740_003	g0626	0	0.9964912629
ENSE00001099740_004	g0626	0	0.6164217694
ENSE00001099740_005	g0626	0	0.9928769499
ENSE00001101050_001	g0631	0	0.9980241889
ENSE00001101050_003	g0631	0	0.9693147911
ENSE00001101050_005	g0631	0	0.9893188271
ENSE00001101050_010	g0631	0	0.8965886252
ENSE00001101050_011	g0631	0	0.9941677478
ENSE00001101050_012	g0631	0	0.8099332790
ENSE00001101050_013	g0631	1	0.6491556025
ENSE00001101050_014	g0631	0	0.9585180606
ENSE00001104098_004	g0641	0	0.9226755754
ENSE00001104098_007	g0641	0	0.4993598267
ENSE00001104098_009	g0641	0	0.6783992848
ENSE00001104098_013	g0641	0	0.9976114015
ENSE00001104098_015	g0641	0	0.9409978930
ENSE00001104098_016	g0641	0	0.9875810841
ENSE00001104098_018	g0641	0	0.9469526902
ENSE00001104098_022	g0641	0	0.9771941919
ENSE00001104104_001	g0641	0	0.1333687835
ENSE00001104104_002	g0641	0	0.0486315821
ENSE00001104104_003	g0641	0	0.2592483097
ENSE00001104104_004	g0641	0	0.1703487178
ENSE00001104104_005	g0641	0	0.0974948102
ENSE00001104104_008	g0641	0	0.3010397850
ENSE00001104104_010	g0641	0	0.0529067161
ENSE00001104104_014	g0641	0	0.7792755205
ENSE00001104104_015	g0641	0	0.0161249298
ENSE00001104104_016	g0641	0	0.0370595843
ENSE00001104104_017	g0641	0	0.0093313670
ENSE00001104104_018	g0641	0	0.1673932136
ENSE00001104104_021	g0641	0	0.0076499606
ENSE00001105500_001	g0642	0	0.9618977758
ENSE00001105500_002	g0642	0	0.9989456862
ENSE00001105500_003	g0642	0	0.9988906125
ENSE00001105500_004	g0642	0	0.7065579269
ENSE00001105500_005	g0642	0	0.8008791655
ENSE00001105500_007	g0642	0	0.9909898080
ENSE00001105500_008	g0642	0	0.9916705576
ENSE00001105500_011	g0642	0	0.9795903461
ENSE00001105500_014	g0642	0	0.9999688327
ENSE00001105500_015	g0642	1	0.9999116348
ENSE00001105500_020	g0642	0	0.8861681087
ENSE00001105500_022	g0642	0	0.9981131848
ENSE00001105500_023	g0642	0	0.6292607026
ENSE00001105500_024	g0642	0	0.8123481699
ENSE00001105500_025	g0642	0	0.9839850354
ENSE00001105500_026	g0642	0	0.9999373221
ENSE00001105500_027	g0642	0	0.9876910809
ENSE00001105500_029	g0642	0	0.2444290524
ENSE00001105500_034	g0642	0	0.9992119846
ENSE00001105500_035	g0642	0	0.9995323295
ENSE00001105500_036	g0642	0	0.9922773137
ENSE00001105500_037	g0642	0	0.9979794932
ENSE00001105500_039	g0642	0	0.9986222614
ENSE00001105500_040	g0642	0	0.9087904717
ENSE00001105667_001	g0643	0	0.7865993053
ENSE00001105667_002	g0643	0	0.1351479388
ENSE00001105667_003	g0643	0	0.0024988858
ENSE00001105667_004	g0643	0	0.0018601539
ENSE00001105667_005	g0643	0	0.0040065839
ENSE00001105667_006	g0643	0	0.0028842462
ENSE00001105667_008	g0643	0	0.0143971590
ENSE00001105667_010	g0643	0	0.5408959984
ENSE00001105667_014	g0643	0	0.9446238444
ENSE00001105667_015	g0643	0	0.0486956331
ENSE00001105667_017	g0643	0	0.0241791958
ENSE00001105667_019	g0643	0	0.0037268985
ENSE00001105667_021	g0643	0	0.0855955370
ENSE00001105667_022	g0643	0	0.0809005609
ENSE00001105667_023	g0643	0	0.2411338264
ENSE00001105667_025	g0643	0	0.0402962673
ENSE00001105667_029	g0643	0	0.2390476669
ENSE00001105667_030	g0643	0	0.0949519524
ENSE00001105667_033	g0643	0	0.5251453537
ENSE00001105667_034	g0643	0	0.0603443769
ENSE00001105667_035	g0643	0	0.0123525792
ENSE00001105667_036	g0643	0	0.0006221890
ENSE00001105667_037	g0643	0	0.0031542992
ENSE00001105667_038	g0643	0	0.0168099215
ENSE00001105667_040	g0643	0	0.0010281840
ENSE00001105667_042	g0643	0	0.0991756463
ENSE00001106623_001	g0109	0	0.0000727018
ENSE00001106623_002	g0109	0	0.0000017475
ENSE00001106623_003	g0109	0	0.0003035376
ENSE00001106623_004	g0109	0	0.0002198151
ENSE00001106623_005	g0109	0	0.0001506017
ENSE00001106623_006	g0109	0	0.0000499297
ENSE00001106623_008	g0109	0	0.0000047591
ENSE00001106623_009	g0109	0	0.0001540283
ENSE00001106623_013	g0109	0	0.0003537578
ENSE00001106623_014	g0109	0	0.0000285962
ENSE00001106623_016	g0109	0	0.0000248017
ENSE00001106623_017	g0109	0	0.0000064638
ENSE00001107321_008	g0650	0	0.0006729695
ENSE00001107321_016	g0650	0	0.0000312987
ENSE00001107321_017	g0650	0	0.0000347277
ENSE00001108194_004	g0651	0	0.1125727987
ENSE00001108194_005	g0651	0	0.0060071024
ENSE00001108194_006	g0651	0	0.0297895156
ENSE00001108194_007	g0651	0	0.0449989209
ENSE00001108194_013	g0651	0	0.1572866048
ENSE00001108194_014	g0651	0	0.0018633186
ENSE00001108194_016	g0651	0	0.7681364905
ENSE00001108194_017	g0651	0	0.8091394653
ENSE00001108194_019	g0651	0	0.2586669499
ENSE00001108194_021	g0651	0	0.1160025660
ENSE00001108194_023	g0651	0	0.1510565612
ENSE00001108539_001	g0059	0	0.0311875865
ENSE00001108539_007	g0059	0	0.0042444177
ENSE00001108539_008	g0059	0	0.0134813783
ENSE00001108539_009	g0059	0	0.1872611974
ENSE00001108539_010	g0059	0	0.3323070274
ENSE00001108539_014	g0059	0	0.2498590767
ENSE00001108678_003	g0653	0	0.0007225919
ENSE00001108678_006	g0653	0	0.0490829188
ENSE00001109542_002	g0655	0	0.7789151075
ENSE00001109542_003	g0655	0	0.5210182270
ENSE00001109542_005	g0655	0	0.0887946492
ENSE00001109542_006	g0655	0	0.0196395893
ENSE00001109542_007	g0655	0	0.0052346651
ENSE00001109542_009	g0655	0	0.1099626597
ENSE00001109542_011	g0655	0	0.0510392726
ENSE00001109542_012	g0655	0	0.7608800905
ENSE00001109542_015	g0655	0	0.0191568656
ENSE00001109542_016	g0655	0	0.0061424444
ENSE00001109542_018	g0655	0	0.0075382168
ENSE00001111504_002	g0660	0	0.0000983487
ENSE00001111504_003	g0660	0	0.0000050801
ENSE00001111504_004	g0660	0	0.0008372109
ENSE00001111504_005	g0660	0	0.0001081059
ENSE00001111504_006	g0660	0	0.0000039903
ENSE00001111504_007	g0660	0	0.0029523410
ENSE00001111504_008	g0660	0	0.0019314219
ENSE00001111504_009	g0660	0	0.0002371041
ENSE00001111504_010	g0660	0	0.0044033675
ENSE00001111504_012	g0660	0	0.0037669263
ENSE00001111504_013	g0660	0	0.0009079678
ENSE00001111504_014	g0660	0	0.0068458732
ENSE00001111504_015	g0660	0	0.0002966870
ENSE00001111504_016	g0660	0	0.0034670484
ENSE00001111504_017	g0660	0	0.0008431010
ENSE00001111504_020	g0660	0	0.0000799679
ENSE00001111504_021	g0660	0	0.0002057850
ENSE00001111504_022	g0660	0	0.0006262862
ENSE00001111504_023	g0660	0	0.0002636593
ENSE00001111517_001	g0660	0	0.7964220146
ENSE00001111517_002	g0660	0	0.9652763425
ENSE00001111517_003	g0660	0	0.0390898966
ENSE00001111517_005	g0660	0	0.8861004900
ENSE00001111517_006	g0660	1	0.9943002353
ENSE00001111517_008	g0660	0	0.0581828628
ENSE00001111517_009	g0660	0	0.5368444359
ENSE00001111517_010	g0660	0	0.6682904759
ENSE00001111517_011	g0660	0	0.9945367943
ENSE00001111517_012	g0660	0	0.9754138701
ENSE00001111517_013	g0660	0	0.9920200834
ENSE00001111517_014	g0660	0	0.8978778125
ENSE00001111517_015	g0660	0	0.8517327978
ENSE00001111517_016	g0660	0	0.9805277765
ENSE00001111517_018	g0660	0	0.9834195938
ENSE00001111517_019	g0660	0	0.8052397381
ENSE00001111517_020	g0660	0	0.8396542626
ENSE00001112252_003	g0662	0	0.0000024716
ENSE00001112252_005	g0662	1	0.0080784157
ENSE00001112252_007	g0662	0	0.0262846844
ENSE00001112252_008	g0662	0	0.0172047442
ENSE00001112252_009	g0662	0	0.2689895463
ENSE00001112252_011	g0662	0	0.0693011959
ENSE00001112252_012	g0662	0	0.3633205414
ENSE00001112252_013	g0662	0	0.0225702265
ENSE00001112252_014	g0662	0	0.1070497477
ENSE00001112252_016	g0662	0	0.5246590601
ENSE00001112252_017	g0662	0	0.2188161581
ENSE00001112252_018	g0662	1	0.8019541716
ENSE00001112252_020	g0662	0	0.0967247423
ENSE00001112252_021	g0662	0	0.0020706639
ENSE00001112252_022	g0662	1	0.0476393508
ENSE00001112252_023	g0662	0	0.2398120322
ENSE00001115463_002	g0665	0	0.7973217183
ENSE00001115463_008	g0665	1	0.9752920401
ENSE00001115463_014	g0665	1	0.9188905631
ENSE00001115463_015	g0665	0	0.9252349141
ENSE00001115463_020	g0665	0	0.8301078269
ENSE00001115463_021	g0665	0	0.2850814196
ENSE00001115463_025	g0665	0	0.0386489994
ENSE00001115464_005	g0665	0	0.0001224455
ENSE00001115464_020	g0665	0	0.0000537372
ENSE00001121647_003	g0674	0	0.0422038299
ENSE00001121647_006	g0674	0	0.0067464886
ENSE00001121647_007	g0674	0	0.0305596389
ENSE00001121647_008	g0674	0	0.0166709866
ENSE00001129810_002	g0581	0	0.2082360522
ENSE00001129810_003	g0581	0	0.9971715510
ENSE00001129810_004	g0581	0	0.4170405657
ENSE00001129810_005	g0581	0	0.0565392850
ENSE00001129810_007	g0581	0	0.4642229167
ENSE00001129810_008	g0581	1	0.3895964658
ENSE00001129810_009	g0581	0	0.5074145952
ENSE00001129810_010	g0581	0	0.1543988294
ENSE00001129810_011	g0581	0	0.5721135622
ENSE00001129810_012	g0581	0	0.5644705553
ENSE00001129810_013	g0581	0	0.9169196729
ENSE00001129810_014	g0581	0	0.0563774094
ENSE00001129810_015	g0581	0	0.0528584470
ENSE00001129810_016	g0581	0	0.2232707995
ENSE00001129810_017	g0581	0	0.0545195194
ENSE00001129994_001	g0683	0	0.9666675418
ENSE00001129994_002	g0683	0	0.1967750805
ENSE00001129994_003	g0683	0	0.3791739273
ENSE00001129994_005	g0683	0	0.9976600149
ENSE00001129994_006	g0683	0	0.9940043642
ENSE00001129994_007	g0683	0	0.9989217562
ENSE00001129994_008	g0683	0	0.9943401308
ENSE00001129994_009	g0683	0	0.9283965921
ENSE00001129994_010	g0683	0	0.9835636542
ENSE00001129994_011	g0683	0	0.6829350151
ENSE00001129994_012	g0683	0	0.7046756770
ENSE00001129994_013	g0683	0	0.9745904800
ENSE00001129994_015	g0683	0	0.9991856743
ENSE00001129994_016	g0683	0	0.9669304693
ENSE00001129994_017	g0683	0	0.8775617245
ENSE00001129994_018	g0683	0	0.9724047177
ENSE00001130031_002	g0683	0	0.9100088008
ENSE00001130031_003	g0683	0	0.6326133775
ENSE00001130031_004	g0683	0	0.9995342009
ENSE00001130031_006	g0683	0	0.9996510885
ENSE00001130031_007	g0683	0	0.9988177787
ENSE00001130031_008	g0683	0	0.9962632454
ENSE00001130031_009	g0683	0	0.8033458037
ENSE00001130031_011	g0683	0	0.6457416232
ENSE00001130031_012	g0683	0	0.9963915752
ENSE00001130031_013	g0683	0	0.9690504696
ENSE00001130031_014	g0683	0	0.2632082549
ENSE00001130041_001	g0683	0	0.0476426917
ENSE00001130041_005	g0683	0	0.5403676143
ENSE00001130041_007	g0683	0	0.0501905551
ENSE00001130041_008	g0683	0	0.0022252591
ENSE00001130041_010	g0683	0	0.1280796704
ENSE00001130079_001	g0683	0	0.1322466270
ENSE00001130079_002	g0683	0	0.0016764469
ENSE00001130079_003	g0683	1	0.0001056790
ENSE00001130079_005	g0683	0	0.4916480635
ENSE00001130079_006	g0683	0	0.2713529518
ENSE00001130079_007	g0683	0	0.9948292121
ENSE00001130079_008	g0683	0	0.3854924055
ENSE00001130079_009	g0683	0	0.0126979995
ENSE00001130079_010	g0683	0	0.5273971694
ENSE00001130079_011	g0683	0	0.0567130490
ENSE00001130079_012	g0683	0	0.0541759243
ENSE00001130079_014	g0683	0	0.1396586066
ENSE00001130079_015	g0683	0	0.3533103661
ENSE00001130079_016	g0683	0	0.5300792850
ENSE00001130079_018	g0683	0	0.3722442624
ENSE00001130079_019	g0683	0	0.8744657014
ENSE00001130079_020	g0683	1	0.9069395892
ENSE00001130085_001	g0683	0	0.0001277765
ENSE00001130085_002	g0683	0	0.0002830682
ENSE00001130085_003	g0683	0	0.0000763281
ENSE00001130085_004	g0683	0	0.0002425644
ENSE00001130085_006	g0683	0	0.0017380280
ENSE00001130085_007	g0683	0	0.0002326475
ENSE00001130085_008	g0683	0	0.0000857912
ENSE00001130085_009	g0683	0	0.0000516027
ENSE00001130085_010	g0683	0	0.0004164216
ENSE00001130085_011	g0683	0	0.0001788497
ENSE00001130085_012	g0683	0	0.0180362953
ENSE00001130085_014	g0683	0	0.0007758816
ENSE00001130103_001	g0683	0	0.0090037687
ENSE00001130103_002	g0683	0	0.8283263855
ENSE00001130103_003	g0683	0	0.7364164768
ENSE00001130103_005	g0683	0	0.0232204288
ENSE00001130103_006	g0683	0	0.0708976709
ENSE00001130103_007	g0683	0	0.0060051175
ENSE00001130103_008	g0683	0	0.0219740888
ENSE00001130103_010	g0683	0	0.0042344436
ENSE00001130103_011	g0683	1	0.0407537167
ENSE00001130103_012	g0683	0	0.0027104995
ENSE00001130103_013	g0683	0	0.0692595623
ENSE00001130103_014	g0683	0	0.0281738399
ENSE00001130103_015	g0683	0	0.1329688015
ENSE00001130103_016	g0683	0	0.1464858348
ENSE00001130103_017	g0683	0	0.0002711161
ENSE00001130103_019	g0683	1	0.1059051682
ENSE00001130103_020	g0683	0	0.0684526330
ENSE00001130103_021	g0683	0	0.0030879049
ENSE00001130103_023	g0683	0	0.0323341241
ENSE00001130107_002	g0683	0	0.0621644297
ENSE00001130107_004	g0683	0	0.0282159287
ENSE00001130107_005	g0683	0	0.0003596623
ENSE00001130107_006	g0683	0	0.0662961354
ENSE00001130107_007	g0683	0	0.0109183287
ENSE00001130107_008	g0683	0	0.0224965325
ENSE00001130107_011	g0683	0	0.0025326426
ENSE00001130107_012	g0683	0	0.0112653660
ENSE00001130107_013	g0683	0	0.1793616378
ENSE00001130107_014	g0683	0	0.0231979936
ENSE00001130107_018	g0683	0	0.0286401481
ENSE00001130107_019	g0683	0	0.0297003221
ENSE00001130107_020	g0683	0	0.0381070148
ENSE00001130107_022	g0683	0	0.0087047544
ENSE00001130107_024	g0683	0	0.0977520512
ENSE00001130125_001	g0683	0	0.9890871196
ENSE00001130125_002	g0683	0	0.0254757712
ENSE00001130125_003	g0683	0	0.1286824564
ENSE00001130125_004	g0683	0	0.2573782474
ENSE00001130125_005	g0683	0	0.4518822337
ENSE00001130125_007	g0683	0	0.0010219375
ENSE00001130125_008	g0683	0	0.1470829893
ENSE00001130125_009	g0683	0	0.2467237794
ENSE00001130125_010	g0683	0	0.0706078310
ENSE00001130125_011	g0683	0	0.9381462566
ENSE00001130125_012	g0683	0	0.3827401056
ENSE00001130125_013	g0683	0	0.2193366774
ENSE00001130125_014	g0683	0	0.0383223380
ENSE00001130125_019	g0683	0	0.3414097513
ENSE00001130125_020	g0683	0	0.0328236937
ENSE00001130125_021	g0683	0	0.0521570921
ENSE00001130125_022	g0683	0	0.0702705645
ENSE00001130149_001	g0683	0	0.0000121685
ENSE00001130149_002	g0683	0	0.0000103864
ENSE00001130149_003	g0683	0	0.0000026113
ENSE00001130149_004	g0683	0	0.0000099672
ENSE00001130149_005	g0683	0	0.0000080158
ENSE00001130149_006	g0683	0	0.0000000161
ENSE00001130149_007	g0683	1	0.0000002132
ENSE00001130149_008	g0683	0	0.0000000332
ENSE00001130149_009	g0683	0	0.0001765011
ENSE00001130149_010	g0683	0	0.0000010509
ENSE00001130149_011	g0683	1	0.0008018535
ENSE00001130149_013	g0683	0	0.0000361485
ENSE00001130149_014	g0683	0	0.0001623527
ENSE00001130149_015	g0683	0	0.0000938842
ENSE00001130149_016	g0683	0	0.0003660419
ENSE00001130149_017	g0683	0	0.0000161141
ENSE00001130149_018	g0683	0	0.0002701954
ENSE00001130149_019	g0683	0	0.0000000876
ENSE00001130149_020	g0683	0	0.0000014120
ENSE00001130149_021	g0683	0	0.0002987118
ENSE00001130149_024	g0683	0	0.0000478292
ENSE00001130149_025	g0683	0	0.0001496277
ENSE00001130149_026	g0683	0	0.0009554719
ENSE00001130164_005	g0684	0	0.0003470156
ENSE00001130164_006	g0684	0	0.0003763436
ENSE00001132217_001	g0687	0	0.0137523360
ENSE00001132217_007	g0687	0	0.0110522171
ENSE00001132217_009	g0687	0	0.0004948353
ENSE00001132217_013	g0687	0	0.0083874293
ENSE00001132217_014	g0687	0	0.0115254634
ENSE00001132217_015	g0687	0	0.0114990156
ENSE00001132217_022	g0687	0	0.6053989507
ENSE00001132217_023	g0687	0	0.1339386329
ENSE00001133529_001	g0690	0	0.0009185553
ENSE00001133529_002	g0690	0	0.0010896959
ENSE00001133529_003	g0690	0	0.0001777701
ENSE00001133529_004	g0690	0	0.0002500945
ENSE00001133529_005	g0690	0	0.0005670753
ENSE00001133529_006	g0690	0	0.0017349922
ENSE00001133529_007	g0690	0	0.0002770513
ENSE00001133529_008	g0690	0	0.0000483316
ENSE00001133529_009	g0690	0	0.0000867106
ENSE00001133529_010	g0690	0	0.0002442604
ENSE00001133529_011	g0690	0	0.0005899003
ENSE00001133529_012	g0690	0	0.0004951483
ENSE00001133529_013	g0690	0	0.0000652510
ENSE00001133529_014	g0690	0	0.0000583293
ENSE00001133529_015	g0690	0	0.0000010792
ENSE00001133529_017	g0690	0	0.0001179429
ENSE00001134775_001	g0692	0	0.0947093873
ENSE00001134775_002	g0692	0	0.0867980003
ENSE00001134775_003	g0692	0	0.9976240597
ENSE00001134775_004	g0692	0	0.0186414436
ENSE00001134775_005	g0692	0	0.0044064694
ENSE00001134775_006	g0692	0	0.0413167600
ENSE00001134775_007	g0692	0	0.0005885853
ENSE00001134775_009	g0692	0	0.0011259277
ENSE00001134775_010	g0692	0	0.0463414029
ENSE00001134775_012	g0692	0	0.6008717909
ENSE00001134775_013	g0692	0	0.0487908970
ENSE00001134775_014	g0692	0	0.0512432023
ENSE00001134775_015	g0692	0	0.0010188317
ENSE00001135553_002	g0693	0	0.9144041866
ENSE00001135553_006	g0693	0	0.9790620693
ENSE00001135553_009	g0693	0	0.9893162600
ENSE00001135553_011	g0693	0	0.8764703628
ENSE00001135553_012	g0693	0	0.5398071210
ENSE00001135553_018	g0693	0	0.9998423382
ENSE00001136002_001	g0694	0	0.8444473678
ENSE00001136002_002	g0694	0	0.5020525087
ENSE00001136002_003	g0694	0	0.2026533228
ENSE00001136002_004	g0694	0	0.9404993738
ENSE00001136002_005	g0694	0	0.4771447282
ENSE00001136002_006	g0694	0	0.9241258940
ENSE00001136002_008	g0694	0	0.9741312961
ENSE00001136002_009	g0694	0	0.8304218472
ENSE00001136002_011	g0694	0	0.9948547117
ENSE00001136002_012	g0694	0	0.8069111987
ENSE00001136002_013	g0694	0	0.9891153919
ENSE00001136002_014	g0694	0	0.9780558950
ENSE00001136002_016	g0694	0	0.9986073160
ENSE00001136002_017	g0694	0	0.9960424021
ENSE00001136002_020	g0694	0	0.9972820496
ENSE00001136002_021	g0694	0	0.9946521516
ENSE00001136002_022	g0694	0	0.9938255463
ENSE00001136002_025	g0694	0	0.9531448499
ENSE00001136002_026	g0694	0	0.9929833129
ENSE00001136002_027	g0694	0	0.9844638975
ENSE00001139127_001	g0698	0	0.6544650054
ENSE00001139127_002	g0698	0	0.1170474424
ENSE00001139127_003	g0698	0	0.0969686222
ENSE00001139127_004	g0698	0	0.0293776931
ENSE00001139127_005	g0698	0	0.0540006528
ENSE00001139127_006	g0698	0	0.0180277240
ENSE00001139127_007	g0698	0	0.0437425591
ENSE00001139127_008	g0698	0	0.0525563460
ENSE00001139127_010	g0698	1	0.0505434019
ENSE00001139127_011	g0698	0	0.1521401666
ENSE00001139127_012	g0698	0	0.2938623147
ENSE00001139127_013	g0698	0	0.1498691480
ENSE00001139127_014	g0698	0	0.0012104456
ENSE00001139127_015	g0698	0	0.0425179633
ENSE00001139486_001	g0699	0	0.0170761826
ENSE00001139486_002	g0699	0	0.0002278019
ENSE00001139486_003	g0699	0	0.3658377324
ENSE00001139486_004	g0699	0	0.0049831955
ENSE00001139486_005	g0699	0	0.2801248984
ENSE00001139486_006	g0699	1	0.2365503381
ENSE00001139486_007	g0699	1	0.0373281467
ENSE00001139486_008	g0699	0	0.0004980881
ENSE00001139486_009	g0699	0	0.0087764139
ENSE00001139486_010	g0699	0	0.0165894110
ENSE00001139486_011	g0699	0	0.0249666941
ENSE00001139486_012	g0699	0	0.0536470510
ENSE00001139486_013	g0699	0	0.0688802141
ENSE00001139486_015	g0699	0	0.0051643837
ENSE00001139486_017	g0699	0	0.0797416435
ENSE00001139486_018	g0699	0	0.0176795396
ENSE00001139486_019	g0699	0	0.0231007376
ENSE00001139486_020	g0699	0	0.0359660956
ENSE00001139486_021	g0699	0	0.0668625493
ENSE00001139486_022	g0699	0	0.0362299701
ENSE00001139486_023	g0699	0	0.2399785036
ENSE00001139486_024	g0699	0	0.0145877686
ENSE00001139486_025	g0699	0	0.4425177237
ENSE00001139486_026	g0699	0	0.1289711798
ENSE00001139486_028	g0699	0	0.0421494615
ENSE00001139486_029	g0699	0	0.0283655728
ENSE00001139486_031	g0699	0	0.0031240212
ENSE00001140778_002	g0701	0	0.0001281566
ENSE00001140778_003	g0701	0	0.6425688988
ENSE00001140778_004	g0701	0	0.0310075925
ENSE00001140778_006	g0701	0	0.0030994112
ENSE00001140778_010	g0701	0	0.0021874422
ENSE00001140778_011	g0701	0	0.0009537528
ENSE00001140778_012	g0701	0	0.0302250001
ENSE00001140778_013	g0701	0	0.0061734609
ENSE00001140778_014	g0701	0	0.0004596944
ENSE00001140778_015	g0701	0	0.0001802985
ENSE00001143197_002	g0705	0	0.0174262524
ENSE00001143197_003	g0705	0	0.0485223564
ENSE00001143197_004	g0705	0	0.3953901478
ENSE00001143197_005	g0705	1	0.7392573435
ENSE00001143197_006	g0705	0	0.7501548461
ENSE00001143197_008	g0705	0	0.1284692241
ENSE00001143197_009	g0705	0	0.4557150111
ENSE00001143197_010	g0705	0	0.1471867492
ENSE00001143197_011	g0705	0	0.0572754470
ENSE00001143197_013	g0705	0	0.0088507565
ENSE00001143197_014	g0705	0	0.0166454465
ENSE00001143197_016	g0705	0	0.1506325694
ENSE00001143197_017	g0705	0	0.2716722761
ENSE00001143197_018	g0705	0	0.2155551603
ENSE00001143197_019	g0705	0	0.0100778762
ENSE00001143197_020	g0705	0	0.0098900665
ENSE00001143197_021	g0705	0	0.0124318305
ENSE00001143197_022	g0705	0	0.0787441125
ENSE00001143197_023	g0705	0	0.0007581602
ENSE00001143197_024	g0705	0	0.0190078944
ENSE00001143197_025	g0705	0	0.0108399238
ENSE00001143197_026	g0705	0	0.4691866302
ENSE00001143197_029	g0705	0	0.4208926905
ENSE00001143328_001	g0706	0	0.0013049125
ENSE00001143328_002	g0706	0	0.0004547538
ENSE00001143328_005	g0706	0	0.0004750220
ENSE00001143328_006	g0706	0	0.0012573288
ENSE00001151642_014	g0711	1	0.0000115203
ENSE00001151642_017	g0711	1	0.0000112959
ENSE00001160227_001	g0717	0	0.0000042052
ENSE00001160227_002	g0717	0	0.0000009121
ENSE00001160227_003	g0717	0	0.0000000450
ENSE00001160227_004	g0717	0	0.0000164454
ENSE00001160227_005	g0717	0	0.0000022002
ENSE00001160227_006	g0717	0	0.0000041923
ENSE00001160227_007	g0717	0	0.0000306037
ENSE00001160227_009	g0717	0	0.0000020747
ENSE00001160227_010	g0717	0	0.0000000792
ENSE00001160227_011	g0717	0	0.0000008019
ENSE00001160227_012	g0717	0	0.0000005600
ENSE00001160227_013	g0717	0	0.0000000585
ENSE00001160227_014	g0717	0	0.0000004687
ENSE00001160227_015	g0717	0	0.0002135366
ENSE00001160227_016	g0717	0	0.0001088893
ENSE00001160227_019	g0717	0	0.0000213658
ENSE00001160227_020	g0717	0	0.0000007008
ENSE00001160227_021	g0717	0	0.0000009967
ENSE00001160227_024	g0717	0	0.0000000468
ENSE00001160227_025	g0717	0	0.0000002187
ENSE00001160227_026	g0717	0	0.0000001728
ENSE00001160227_027	g0717	0	0.0000000049
ENSE00001160234_003	g0717	0	0.0031972884
ENSE00001160234_015	g0717	0	0.0241892672
ENSE00001160234_023	g0717	0	0.0883152426
ENSE00001160303_002	g0718	0	0.0000010763
ENSE00001160303_006	g0718	0	0.0000000740
ENSE00001160303_010	g0718	0	0.0000010542
ENSE00001160303_011	g0718	0	0.0000001633
ENSE00001160303_013	g0718	0	0.0000958016
ENSE00001160303_016	g0718	0	0.0000031666
ENSE00001160303_019	g0718	0	0.0000000006
ENSE00001160371_002	g0718	0	0.0576329289
ENSE00001160371_004	g0718	0	0.5493146833
ENSE00001160371_007	g0718	0	0.0695822104
ENSE00001170395_001	g0732	0	0.0001090551
ENSE00001170395_003	g0732	0	0.0001180394
ENSE00001170395_004	g0732	0	0.0002647100
ENSE00001170395_005	g0732	0	0.0000228067
ENSE00001170395_006	g0732	0	0.0015995719
ENSE00001170395_008	g0732	0	0.0016708930
ENSE00001170395_009	g0732	0	0.0007863154
ENSE00001170395_011	g0732	0	0.0008327876
ENSE00001170395_012	g0732	0	0.0001676017
ENSE00001170395_014	g0732	0	0.0002764463
ENSE00001171845_001	g0734	0	0.0044301700
ENSE00001171845_003	g0734	0	0.0571730471
ENSE00001171845_004	g0734	0	0.0178863231
ENSE00001171845_005	g0734	1	0.0621204134
ENSE00001171845_006	g0734	0	0.8243920322
ENSE00001171845_007	g0734	0	0.3912085347
ENSE00001171845_008	g0734	0	0.0076245746
ENSE00001171845_009	g0734	0	0.0064696049
ENSE00001171845_012	g0734	0	0.0065317928
ENSE00001171845_013	g0734	0	0.0700060711
ENSE00001171845_014	g0734	0	0.1508254075
ENSE00001171845_017	g0734	0	0.7294391568
ENSE00001171845_018	g0734	0	0.1344716102
ENSE00001171858_001	g0734	0	0.0000029887
ENSE00001171858_002	g0734	0	0.0000053743
ENSE00001171858_004	g0734	0	0.0000026138
ENSE00001171858_005	g0734	0	0.0000004769
ENSE00001171858_006	g0734	0	0.0000001625
ENSE00001171858_007	g0734	0	0.0000004796
ENSE00001171858_009	g0734	0	0.0000000099
ENSE00001171858_010	g0734	0	0.0000000398
ENSE00001171858_012	g0734	0	0.0000000562
ENSE00001171858_014	g0734	0	0.0000000997
ENSE00001171858_016	g0734	0	0.0000000036
ENSE00001171858_017	g0734	0	0.0000000167
ENSE00001171858_018	g0734	0	0.0000000099
ENSE00001173755_001	g0737	0	0.5841165360
ENSE00001173755_002	g0737	0	0.9416617263
ENSE00001173755_003	g0737	0	0.9959597790
ENSE00001173755_004	g0737	0	0.9927964390
ENSE00001173755_005	g0737	0	0.9996302057
ENSE00001173755_006	g0737	0	0.9904271623
ENSE00001173755_007	g0737	0	0.9990306515
ENSE00001173755_008	g0737	0	0.9997100655
ENSE00001173755_009	g0737	0	0.9780007871
ENSE00001173755_010	g0737	0	0.9987065545
ENSE00001173755_011	g0737	0	0.9868024220
ENSE00001173755_013	g0737	0	0.9899944010
ENSE00001173755_014	g0737	0	0.9989006908
ENSE00001173755_015	g0737	0	0.9904116791
ENSE00001173755_016	g0737	0	0.9909848189
ENSE00001173755_017	g0737	0	0.8912150109
ENSE00001173755_018	g0737	0	0.9778561237
ENSE00001173755_019	g0737	0	0.9953034845
ENSE00001173755_020	g0737	0	0.9996249821
ENSE00001173755_021	g0737	0	0.9931325399
ENSE00001173755_022	g0737	0	0.9460629743
ENSE00001173755_023	g0737	0	0.9920314194
ENSE00001173755_024	g0737	0	0.8914269988
ENSE00001173956_002	g0739	0	0.0235295327
ENSE00001173956_003	g0739	0	0.0097270920
ENSE00001173956_004	g0739	0	0.0052240698
ENSE00001173956_006	g0739	0	0.0172389685
ENSE00001173956_007	g0739	0	0.0257754442
ENSE00001173956_008	g0739	0	0.0040189830
ENSE00001173956_010	g0739	0	0.0004862665
ENSE00001173956_012	g0739	0	0.0001739399
ENSE00001173956_013	g0739	0	0.0002504854
ENSE00001173956_014	g0739	0	0.0083088020
ENSE00001173956_016	g0739	0	0.0049546923
ENSE00001173956_017	g0739	0	0.0025256865
ENSE00001173956_019	g0739	0	0.0025053202
ENSE00001173956_022	g0739	0	0.0203789704
ENSE00001173956_023	g0739	0	0.0018011782
ENSE00001173956_026	g0739	0	0.3933627615
ENSE00001183078_001	g0591	0	0.0363704573
ENSE00001183078_002	g0591	0	0.0002772680
ENSE00001183078_003	g0591	0	0.0345223686
ENSE00001183078_005	g0591	0	0.0286436059
ENSE00001183078_010	g0591	0	0.1537730587
ENSE00001183078_012	g0591	0	0.0019946992
ENSE00001183078_013	g0591	0	0.0591365737
ENSE00001183078_014	g0591	0	0.0348530721
ENSE00001183078_015	g0591	0	0.0001581412
ENSE00001183078_016	g0591	0	0.0009633112
ENSE00001183078_017	g0591	0	0.0000867266
ENSE00001183078_018	g0591	0	0.0000048291
ENSE00001183078_019	g0591	0	0.0002411063
ENSE00001183078_020	g0591	0	0.0004955693
ENSE00001183078_022	g0591	0	0.0008085244
ENSE00001183078_023	g0591	0	0.0168932074
ENSE00001183078_025	g0591	0	0.0017549199
ENSE00001183078_027	g0591	0	0.0028244901
ENSE00001183096_001	g0591	0	0.8971985263
ENSE00001183096_002	g0591	0	0.0157713655
ENSE00001183096_003	g0591	0	0.0268952190
ENSE00001183096_004	g0591	0	0.1942114734
ENSE00001183096_005	g0591	0	0.0000553260
ENSE00001183096_006	g0591	0	0.1134833231
ENSE00001183096_007	g0591	0	0.4530949524
ENSE00001183096_009	g0591	0	0.3348431628
ENSE00001183096_010	g0591	0	0.0045076101
ENSE00001183096_011	g0591	0	0.0952303049
ENSE00001183096_012	g0591	0	0.1706661998
ENSE00001183096_014	g0591	0	0.0466248400
ENSE00001183096_015	g0591	0	0.0045059014
ENSE00001183096_016	g0591	0	0.0004338606
ENSE00001183096_017	g0591	0	0.0008315330
ENSE00001183096_018	g0591	0	0.0005882559
ENSE00001183096_019	g0591	0	0.0000658204
ENSE00001183096_020	g0591	0	0.0001996496
ENSE00001183096_021	g0591	0	0.0004006450
ENSE00001183096_022	g0591	0	0.0004938692
ENSE00001183096_023	g0591	0	0.0000031327
ENSE00001183096_024	g0591	0	0.0002885688
ENSE00001183096_025	g0591	0	0.0000040402
ENSE00001184964_001	g0747	0	0.0000015320
ENSE00001184964_002	g0747	0	0.0000567616
ENSE00001184964_003	g0747	0	0.0006757672
ENSE00001184964_005	g0747	0	0.0000111438
ENSE00001184964_006	g0747	0	0.0000039480
ENSE00001184964_007	g0747	0	0.0000015759
ENSE00001184964_009	g0747	0	0.0002009064
ENSE00001184964_010	g0747	0	0.0001490528
ENSE00001184964_012	g0747	0	0.0000820848
ENSE00001187965_002	g0749	0	0.6069630470
ENSE00001187965_006	g0749	0	0.9526108447
ENSE00001187965_014	g0749	0	0.3244438257
ENSE00001187965_020	g0749	0	0.9532665572
ENSE00001192074_002	g0756	0	0.9978202947
ENSE00001192074_007	g0756	0	0.9550263052
ENSE00001192074_008	g0756	0	0.9990699220
ENSE00001192074_013	g0756	0	0.6923325047
ENSE00001194845_001	g0759	0	0.0000002376
ENSE00001194845_002	g0759	0	0.0000000006
ENSE00001194845_003	g0759	0	0.0002931082
ENSE00001194845_008	g0759	0	0.0000144711
ENSE00001194845_011	g0759	0	0.0000018917
ENSE00001194845_020	g0759	0	0.0000249656
ENSE00001200124_001	g0769	0	0.6384904921
ENSE00001200124_002	g0769	0	0.1797465351
ENSE00001200124_003	g0769	0	0.2419685938
ENSE00001200124_005	g0769	0	0.0802172782
ENSE00001200124_006	g0769	0	0.7662318871
ENSE00001200124_007	g0769	0	0.0165914703
ENSE00001200124_008	g0769	0	0.0904548219
ENSE00001200124_010	g0769	0	0.3373101643
ENSE00001200124_013	g0769	0	0.5619134150
ENSE00001200124_015	g0769	0	0.9266898613
ENSE00001200124_016	g0769	0	0.1445807331
ENSE00001200124_018	g0769	0	0.2640508617
ENSE00001200124_021	g0769	0	0.7003723595
ENSE00001200124_023	g0769	0	0.6924282598
ENSE00001200124_024	g0769	0	0.1214797152
ENSE00001200124_025	g0769	0	0.0968577350
ENSE00001200124_026	g0769	0	0.5456854239
ENSE00001200124_028	g0769	0	0.2707826154
ENSE00001200124_030	g0769	0	0.8772501015
ENSE00001203286_005	g0772	0	0.0001154478
ENSE00001203286_006	g0772	0	0.0122259142
ENSE00001203286_007	g0772	0	0.0061283995
ENSE00001203286_008	g0772	0	0.0000474479
ENSE00001203286_009	g0772	0	0.0019031164
ENSE00001204273_001	g0773	0	0.0027530688
ENSE00001204273_005	g0773	0	0.0000733304
ENSE00001204273_006	g0773	0	0.0000095793
ENSE00001204273_007	g0773	0	0.0002095310
ENSE00001204273_009	g0773	0	0.0002350497
ENSE00001204273_010	g0773	0	0.0007166010
ENSE00001204273_011	g0773	0	0.0013178176
ENSE00001204273_013	g0773	0	0.0033065531
ENSE00001204273_015	g0773	0	0.0254245619
ENSE00001204273_016	g0773	0	0.0140642535
ENSE00001204273_017	g0773	0	0.0116323762
ENSE00001204273_018	g0773	0	0.0084366037
ENSE00001204273_019	g0773	0	0.0058773638
ENSE00001204273_021	g0773	0	0.0795929258
ENSE00001204273_022	g0773	0	0.3324194446
ENSE00001204273_025	g0773	0	0.0025392049
ENSE00001204273_027	g0773	0	0.2607666021
ENSE00001204273_028	g0773	0	0.0498917205
ENSE00001204273_029	g0773	0	0.0012629595
ENSE00001204273_030	g0773	0	0.0001471445
ENSE00001204273_031	g0773	0	0.0000129320
ENSE00001204273_032	g0773	0	0.0296184620
ENSE00001204457_001	g0774	0	0.2640119380
ENSE00001204457_002	g0774	0	0.6306657855
ENSE00001204457_003	g0774	0	0.1827563196
ENSE00001204457_004	g0774	0	0.9116117638
ENSE00001204457_006	g0774	0	0.1240002378
ENSE00001204457_008	g0774	0	0.4005043498
ENSE00001204457_009	g0774	0	0.0776476097
ENSE00001204457_010	g0774	0	0.7018701840
ENSE00001204457_011	g0774	0	0.0538685375
ENSE00001204457_012	g0774	0	0.1126072459
ENSE00001204457_013	g0774	0	0.0106751062
ENSE00001204457_014	g0774	0	0.0405419680
ENSE00001204457_015	g0774	0	0.0056951909
ENSE00001204457_016	g0774	0	0.7399436451
ENSE00001204457_017	g0774	0	0.3493702621
ENSE00001204457_018	g0774	0	0.4145152272
ENSE00001204604_001	g0775	0	0.0000994364
ENSE00001204604_002	g0775	0	0.0057416740
ENSE00001204604_003	g0775	0	0.0000099733
ENSE00001204604_004	g0775	0	0.0000176517
ENSE00001204604_009	g0775	0	0.0000451516
ENSE00001204604_012	g0775	0	0.0000211407
ENSE00001204604_014	g0775	0	0.0000002762
ENSE00001204604_015	g0775	0	0.0000011599
ENSE00001204604_016	g0775	0	0.0000062548
ENSE00001204604_017	g0775	0	0.0000005748
ENSE00001204604_019	g0775	0	0.0000109451
ENSE00001204604_021	g0775	0	0.0000113157
ENSE00001204604_023	g0775	0	0.0000003603
ENSE00001204604_024	g0775	0	0.0000518429
ENSE00001207388_001	g0777	0	0.8123153626
ENSE00001207388_002	g0777	0	0.0520040472
ENSE00001207388_003	g0777	0	0.0274929966
ENSE00001207388_004	g0777	0	0.3492104550
ENSE00001207388_005	g0777	0	0.9602280478
ENSE00001207388_006	g0777	0	0.5311169038
ENSE00001207388_007	g0777	0	0.8241863379
ENSE00001207388_009	g0777	0	0.0075972378
ENSE00001207388_011	g0777	0	0.6168549283
ENSE00001207388_013	g0777	0	0.0395604682
ENSE00001207388_015	g0777	0	0.0161093085
ENSE00001207388_016	g0777	0	0.6407993415
ENSE00001207388_017	g0777	0	0.2405032335
ENSE00001207388_018	g0777	0	0.0266758569
ENSE00001207388_019	g0777	0	0.2811811104
ENSE00001207388_021	g0777	0	0.1253363617
ENSE00001207388_023	g0777	0	0.0725979949
ENSE00001207388_024	g0777	0	0.0040677182
ENSE00001207388_025	g0777	0	0.3974883337
ENSE00001207388_026	g0777	0	0.1105733652
ENSE00001207388_027	g0777	0	0.0163562489
ENSE00001207388_029	g0777	0	0.0118525920
ENSE00001207388_030	g0777	0	0.5879758551
ENSE00001207388_031	g0777	0	0.1278348890
ENSE00001207388_032	g0777	0	0.1243749663
ENSE00001211681_001	g0778	0	0.0000002866
ENSE00001211681_002	g0778	0	0.0000019730
ENSE00001211681_004	g0778	0	0.0000063064
ENSE00001211681_005	g0778	0	0.0000001114
ENSE00001211681_006	g0778	0	0.0000000688
ENSE00001211681_007	g0778	0	0.0000006077
ENSE00001211681_008	g0778	0	0.0000016946
ENSE00001211681_009	g0778	0	0.0000001194
ENSE00001211681_010	g0778	0	0.0000008463
ENSE00001211681_011	g0778	0	0.0000027446
ENSE00001211681_013	g0778	0	0.0000178403
ENSE00001211681_014	g0778	0	0.0000216229
ENSE00001211681_015	g0778	0	0.0000089267
ENSE00001211681_016	g0778	0	0.0000138737
ENSE00001211681_018	g0778	0	0.0000000290
ENSE00001211681_019	g0778	0	0.0000009561
ENSE00001213881_001	g0732	0	0.0047100700
ENSE00001213881_005	g0732	0	0.0134079825
ENSE00001213881_006	g0732	0	0.0118189242
ENSE00001213881_007	g0732	0	0.0006861598
ENSE00001213881_008	g0732	0	0.0734607000
ENSE00001213881_009	g0732	0	0.0053577108
ENSE00001213881_011	g0732	0	0.0016691910
ENSE00001213881_012	g0732	0	0.0072021840
ENSE00001213881_013	g0732	0	0.0005222186
ENSE00001213881_014	g0732	0	0.0169827789
ENSE00001213881_015	g0732	0	0.0062072581
ENSE00001213881_016	g0732	0	0.0262889110
ENSE00001213881_017	g0732	0	0.0188967905
ENSE00001213881_018	g0732	0	0.0863577082
ENSE00001213936_001	g0732	0	0.0053169705
ENSE00001213936_004	g0732	0	0.1672884450
ENSE00001213936_005	g0732	0	0.4427433231
ENSE00001213936_006	g0732	0	0.5812109496
ENSE00001213936_007	g0732	0	0.0117820946
ENSE00001213936_008	g0732	0	0.0168648947
ENSE00001213936_013	g0732	0	0.0161880740
ENSE00001213936_015	g0732	0	0.0076407088
ENSE00001213936_018	g0732	0	0.0205921817
ENSE00001213936_019	g0732	0	0.0298531511
ENSE00001213936_020	g0732	0	0.0167367608
ENSE00001213936_021	g0732	0	0.0063657687
ENSE00001213936_022	g0732	0	0.0093730473
ENSE00001213936_023	g0732	0	0.0114494329
ENSE00001213936_025	g0732	0	0.0042096746
ENSE00001213941_001	g0732	0	0.4127119612
ENSE00001213941_002	g0732	0	0.8708127277
ENSE00001213941_004	g0732	0	0.9978114524
ENSE00001213941_008	g0732	0	0.9886071219
ENSE00001213941_012	g0732	0	0.8692474745
ENSE00001213941_013	g0732	0	0.9778969940
ENSE00001213941_018	g0732	0	0.9547577670
ENSE00001213941_020	g0732	0	0.8867124627
ENSE00001213941_023	g0732	0	0.8932064966
ENSE00001213941_025	g0732	0	0.9966584810
ENSE00001213948_009	g0732	0	0.0000073681
ENSE00001213948_011	g0732	1	0.0000015862
ENSE00001213948_012	g0732	0	0.0000000062
ENSE00001213948_013	g0732	0	0.0000238459
ENSE00001213958_001	g0732	0	0.0000005005
ENSE00001213958_002	g0732	0	0.0000053515
ENSE00001213958_004	g0732	0	0.0000004084
ENSE00001213958_008	g0732	0	0.0000014961
ENSE00001213958_009	g0732	0	0.0000331511
ENSE00001213958_010	g0732	0	0.0003623337
ENSE00001213958_011	g0732	0	0.0001280268
ENSE00001213958_012	g0732	0	0.0000598513
ENSE00001213958_013	g0732	0	0.0000001706
ENSE00001213958_014	g0732	0	0.0000126865
ENSE00001213958_016	g0732	0	0.0000117496
ENSE00001213958_017	g0732	0	0.0000066071
ENSE00001213958_018	g0732	0	0.0000025960
ENSE00001213958_019	g0732	0	0.0000014910
ENSE00001213958_020	g0732	0	0.0000000464
ENSE00001213958_021	g0732	0	0.0002658739
ENSE00001213958_022	g0732	0	0.0000010670
ENSE00001213958_023	g0732	0	0.0000513345
ENSE00001213958_024	g0732	0	0.0000013832
ENSE00001213958_026	g0732	0	0.0000222073
ENSE00001213958_027	g0732	0	0.0000052082
ENSE00001213958_028	g0732	0	0.0000004026
ENSE00001213970_001	g0732	0	0.0000260011
ENSE00001213970_002	g0732	0	0.0000036295
ENSE00001213970_003	g0732	0	0.0000135017
ENSE00001213970_004	g0732	0	0.0000052225
ENSE00001213970_005	g0732	0	0.0000765209
ENSE00001213970_006	g0732	0	0.0000421119
ENSE00001213970_007	g0732	0	0.0000060181
ENSE00001213970_008	g0732	0	0.0000289716
ENSE00001213970_011	g0732	0	0.0000031290
ENSE00001213970_012	g0732	0	0.0005282207
ENSE00001213970_016	g0732	0	0.0066464790
ENSE00001213970_018	g0732	0	0.0000341939
ENSE00001213970_020	g0732	0	0.0044988139
ENSE00001213970_021	g0732	0	0.0031721275
ENSE00001214852_001	g0779	0	0.0000000000
ENSE00001214852_003	g0779	0	0.0000000012
ENSE00001214852_005	g0779	0	0.0000000084
ENSE00001214852_006	g0779	0	0.0000000001
ENSE00001214852_007	g0779	0	0.0000020011
ENSE00001214852_008	g0779	0	0.0000000057
ENSE00001214852_009	g0779	0	0.0000000146
ENSE00001214852_011	g0779	0	0.0000000011
ENSE00001214852_012	g0779	0	0.0000000026
ENSE00001214852_013	g0779	0	0.0000000172
ENSE00001214852_014	g0779	0	0.0000000067
ENSE00001214852_015	g0779	0	0.0000000080
ENSE00001214852_016	g0779	0	0.0000000675
ENSE00001214852_017	g0779	0	0.0000000105
ENSE00001214852_019	g0779	0	0.0000000093
ENSE00001214852_020	g0779	0	0.0000000699
ENSE00001214852_021	g0779	0	0.0000000788
ENSE00001219451_002	g0780	0	0.8920380418
ENSE00001219451_003	g0780	0	0.0200702519
ENSE00001219451_005	g0780	0	0.1373105793
ENSE00001219451_006	g0780	0	0.6415223996
ENSE00001219451_007	g0780	0	0.9975882434
ENSE00001219451_008	g0780	0	0.6128482671
ENSE00001219451_010	g0780	0	0.5195972199
ENSE00001219451_011	g0780	0	0.8547683954
ENSE00001219451_012	g0780	0	0.4655449835
ENSE00001219451_014	g0780	0	0.9585140321
ENSE00001219451_015	g0780	0	0.9065444719
ENSE00001219451_017	g0780	0	0.7342552715
ENSE00001219451_018	g0780	0	0.6906921416
ENSE00001219451_019	g0780	0	0.7815884081
ENSE00001219451_020	g0780	0	0.6638399127
ENSE00001219451_021	g0780	0	0.0954186180
ENSE00001219451_022	g0780	0	0.3938837106
ENSE00001219451_023	g0780	0	0.3214291804
ENSE00001222383_001	g0782	0	0.0000000231
ENSE00001222383_002	g0782	0	0.0000003064
ENSE00001222383_003	g0782	0	0.0000000795
ENSE00001222383_005	g0782	0	0.0000172092
ENSE00001222383_006	g0782	0	0.0000188174
ENSE00001222383_007	g0782	0	0.0000246505
ENSE00001222383_010	g0782	0	0.0000023770
ENSE00001222383_011	g0782	0	0.0000000963
ENSE00001222383_012	g0782	0	0.0000033548
ENSE00001222383_014	g0782	0	0.0000210006
ENSE00001222383_017	g0782	0	0.0000024478
ENSE00001222383_018	g0782	0	0.0000014321
ENSE00001222383_019	g0782	0	0.0000006039
ENSE00001222383_024	g0782	1	0.0000588736
ENSE00001222383_026	g0782	0	0.0000155003
ENSE00001222383_027	g0782	0	0.0000165372
ENSE00001222383_028	g0782	0	0.0000268778
ENSE00001222383_029	g0782	0	0.0000101603
ENSE00001222383_030	g0782	0	0.0000231641
ENSE00001222383_032	g0782	0	0.0000183738
ENSE00001222383_033	g0782	0	0.0000005015
ENSE00001222531_001	g0783	0	0.3466749183
ENSE00001222531_002	g0783	0	0.1185579604
ENSE00001222531_014	g0783	0	0.4916817688
ENSE00001222531_021	g0783	0	0.0154775830
ENSE00001224729_009	g0785	0	0.3860690215
ENSE00001225843_001	g0786	0	0.0003846626
ENSE00001225843_003	g0786	0	0.4908511457
ENSE00001225843_008	g0786	0	0.0494746084
ENSE00001225843_009	g0786	0	0.0587765408
ENSE00001225843_011	g0786	0	0.1401999703
ENSE00001225843_012	g0786	0	0.7608552039
ENSE00001225843_015	g0786	0	0.8916384632
ENSE00001225843_022	g0786	0	0.5617089286
ENSE00001225843_026	g0786	0	0.2680086171
ENSE00001225843_029	g0786	0	0.2629968433
ENSE00001225970_001	g0787	0	0.0001783259
ENSE00001225970_002	g0787	0	0.0042232383
ENSE00001225970_009	g0787	0	0.0000305582
ENSE00001225970_015	g0787	0	0.0000951874
ENSE00001225970_022	g0787	0	0.0005081139
ENSE00001225970_023	g0787	0	0.0005978195
ENSE00001225970_026	g0787	0	0.0006142546
ENSE00001225970_027	g0787	0	0.0000274273
ENSE00001225970_029	g0787	0	0.0000087495
ENSE00001226038_001	g0788	0	0.0016110850
ENSE00001226038_002	g0788	0	0.0002928930
ENSE00001226038_003	g0788	0	0.0219805658
ENSE00001226038_005	g0788	0	0.0000358042
ENSE00001226038_006	g0788	0	0.0002404041
ENSE00001226038_007	g0788	0	0.0000527048
ENSE00001226038_008	g0788	0	0.0001027765
ENSE00001226038_009	g0788	0	0.0011059499
ENSE00001226038_011	g0788	0	0.0032174324
ENSE00001226038_012	g0788	0	0.0001564371
ENSE00001226038_013	g0788	0	0.0017909897
ENSE00001226038_015	g0788	0	0.0009289685
ENSE00001226038_016	g0788	0	0.0005147198
ENSE00001226038_017	g0788	0	0.0006107390
ENSE00001226038_018	g0788	0	0.0000355798
ENSE00001229401_001	g0790	0	0.0018580920
ENSE00001229401_003	g0790	1	0.0221383648
ENSE00001229401_004	g0790	0	0.0032982161
ENSE00001229401_005	g0790	0	0.0014113126
ENSE00001229401_006	g0790	0	0.0058356245
ENSE00001229401_007	g0790	0	0.0019927676
ENSE00001229401_008	g0790	0	0.0083364657
ENSE00001229401_009	g0790	0	0.0096435044
ENSE00001229401_011	g0790	0	0.0238408599
ENSE00001229401_012	g0790	0	0.0034892892
ENSE00001229401_013	g0790	1	0.0714909169
ENSE00001229401_016	g0790	0	0.0013098786
ENSE00001229401_017	g0790	1	0.8471417457
ENSE00001229401_018	g0790	0	0.0126515368
ENSE00001229410_001	g0790	0	0.0126548487
ENSE00001229410_002	g0790	0	0.0035866779
ENSE00001229410_003	g0790	0	0.0016429371
ENSE00001229410_004	g0790	0	0.0001183028
ENSE00001229410_005	g0790	0	0.0000355771
ENSE00001229410_006	g0790	0	0.0006610482
ENSE00001229410_007	g0790	0	0.0015504349
ENSE00001229410_008	g0790	0	0.0103611772
ENSE00001229410_010	g0790	0	0.0003850806
ENSE00001229410_011	g0790	0	0.0029304634
ENSE00001229410_012	g0790	0	0.0185213559
ENSE00001229410_013	g0790	1	0.0430195520
ENSE00001229410_014	g0790	0	0.0019247869
ENSE00001229410_016	g0790	0	0.4868157154
ENSE00001229410_018	g0790	0	0.0002692399
ENSE00001229410_019	g0790	0	0.0537846057
ENSE00001229410_020	g0790	0	0.0002803150
ENSE00001229410_023	g0790	0	0.0007501665
ENSE00001229410_024	g0790	0	0.0002175125
ENSE00001229410_025	g0790	0	0.0039055593
ENSE00001229410_026	g0790	0	0.0064209083
ENSE00001229410_027	g0790	0	0.1099754377
ENSE00001229410_028	g0790	0	0.0024743336
ENSE00001229410_030	g0790	0	0.0239613998
ENSE00001229410_031	g0790	0	0.0006552566
ENSE00001229410_032	g0790	0	0.0042235576
ENSE00001229410_034	g0790	0	0.0045126173
ENSE00001229410_035	g0790	0	0.0001727667
ENSE00001229416_001	g0790	0	0.2255716121
ENSE00001229416_003	g0790	0	0.4870260032
ENSE00001229416_005	g0790	0	0.8566950179
ENSE00001229416_007	g0790	0	0.0729230406
ENSE00001229416_009	g0790	1	0.8642993285
ENSE00001229416_011	g0790	0	0.3352408398
ENSE00001229416_018	g0790	0	0.9072908027
ENSE00001229416_020	g0790	0	0.6761624858
ENSE00001229416_026	g0790	0	0.1356332103
ENSE00001229416_028	g0790	0	0.3568505455
ENSE00001229416_030	g0790	0	0.4115322378
ENSE00001229801_002	g0791	0	0.0046550804
ENSE00001229801_012	g0791	1	0.0407277131
ENSE00001229801_013	g0791	0	0.0503841237
ENSE00001233002_001	g0792	0	0.2032369083
ENSE00001233002_002	g0792	0	0.0658137243
ENSE00001233002_006	g0792	0	0.0882970698
ENSE00001233002_009	g0792	1	0.1648669437
ENSE00001233002_010	g0792	1	0.1736640222
ENSE00001233002_012	g0792	1	0.0135250523
ENSE00001233002_013	g0792	0	0.3722157934
ENSE00001233002_016	g0792	0	0.8812708241
ENSE00001233510_001	g0793	0	0.0002022790
ENSE00001233510_004	g0793	0	0.0039078483
ENSE00001233510_006	g0793	0	0.0664094149
ENSE00001233510_007	g0793	0	0.0009690799
ENSE00001233510_008	g0793	0	0.4832863172
ENSE00001233510_010	g0793	0	0.0084708477
ENSE00001233510_015	g0793	0	0.8637831754
ENSE00001233510_016	g0793	0	0.0315494264
ENSE00001235373_001	g0795	0	0.0002845447
ENSE00001235373_002	g0795	0	0.0011673013
ENSE00001235373_003	g0795	0	0.0245009282
ENSE00001235373_004	g0795	0	0.0054765018
ENSE00001235373_005	g0795	0	0.8539113938
ENSE00001235373_006	g0795	0	0.6146586098
ENSE00001235373_007	g0795	0	0.0681994827
ENSE00001235373_010	g0795	0	0.0043204541
ENSE00001235373_011	g0795	0	0.0067396626
ENSE00001235373_012	g0795	0	0.0055163215
ENSE00001235373_013	g0795	0	0.0009950375
ENSE00001235373_014	g0795	0	0.0853737838
ENSE00001235373_015	g0795	0	0.0746515167
ENSE00001235373_016	g0795	0	0.0297591915
ENSE00001235373_017	g0795	0	0.0086856462
ENSE00001235373_018	g0795	0	0.0138737343
ENSE00001235373_019	g0795	0	0.0051409497
ENSE00001235373_020	g0795	0	0.0038254310
ENSE00001235373_021	g0795	0	0.0031024006
ENSE00001235458_002	g0796	0	0.9889023928
ENSE00001235458_003	g0796	0	0.8536452973
ENSE00001235458_004	g0796	0	0.5850796026
ENSE00001235458_005	g0796	0	0.9443868893
ENSE00001235458_006	g0796	0	0.7670063339
ENSE00001235458_007	g0796	0	0.9754111169
ENSE00001235458_008	g0796	0	0.8500011006
ENSE00001235458_009	g0796	0	0.8021890997
ENSE00001235458_010	g0796	0	0.8116436405
ENSE00001235458_011	g0796	0	0.9264834545
ENSE00001235458_012	g0796	0	0.0817775058
ENSE00001235458_013	g0796	0	0.9170801875
ENSE00001235458_014	g0796	0	0.7297525733
ENSE00001235458_015	g0796	0	0.9214392065
ENSE00001235458_016	g0796	1	0.5409688469
ENSE00001235458_017	g0796	1	0.9948123532
ENSE00001235458_018	g0796	0	0.9942606412
ENSE00001235458_019	g0796	0	0.8038613848
ENSE00001235458_020	g0796	0	0.7962189404
ENSE00001235458_021	g0796	0	0.9649078546
ENSE00001235458_023	g0796	0	0.0736806357
ENSE00001235458_024	g0796	0	0.9609514481
ENSE00001235458_025	g0796	0	0.9847859899
ENSE00001235458_026	g0796	0	0.9985593973
ENSE00001235458_027	g0796	0	0.9954481328
ENSE00001235458_028	g0796	0	0.9996357186
ENSE00001238421_001	g0798	0	0.0003320016
ENSE00001238421_006	g0798	0	0.0000061978
ENSE00001238421_010	g0798	0	0.0000018608
ENSE00001238421_013	g0798	0	0.0001248517
ENSE00001238421_015	g0798	0	0.0000029708
ENSE00001238421_018	g0798	0	0.0000590248
ENSE00001238421_019	g0798	0	0.0000921384
ENSE00001241987_002	g0799	0	0.0336510693
ENSE00001241987_003	g0799	0	0.0057017904
ENSE00001241987_004	g0799	0	0.1804151166
ENSE00001241987_005	g0799	0	0.0659402930
ENSE00001241987_006	g0799	0	0.0458028883
ENSE00001241987_007	g0799	0	0.0962323524
ENSE00001241987_008	g0799	0	0.0652128517
ENSE00001241987_009	g0799	0	0.1317091397
ENSE00001241987_010	g0799	0	0.6038771084
ENSE00001241987_011	g0799	0	0.5946348894
ENSE00001241987_013	g0799	0	0.0184667154
ENSE00001241987_014	g0799	0	0.1555627327
ENSE00001241987_016	g0799	0	0.1713217070
ENSE00001241987_017	g0799	0	0.8148122171
ENSE00001241987_018	g0799	0	0.1993064097
ENSE00001241987_020	g0799	0	0.0075234109
ENSE00001241987_021	g0799	0	0.0070536163
ENSE00001241987_022	g0799	0	0.1199756030
ENSE00001263608_001	g0456	0	0.0008519478
ENSE00001263608_006	g0456	0	0.0007070956
ENSE00001263608_008	g0456	0	0.0000873972
ENSE00001263608_017	g0456	0	0.0021484563
ENSE00001263608_018	g0456	0	0.0020416811
ENSE00001263608_023	g0456	0	0.0007708884
ENSE00001263608_025	g0456	0	0.0005037633
ENSE00001265880_001	g0811	0	0.0244153979
ENSE00001265880_002	g0811	0	0.0325499533
ENSE00001265880_003	g0811	0	0.0032451666
ENSE00001265880_005	g0811	0	0.0021747611
ENSE00001265880_006	g0811	0	0.0021360946
ENSE00001265880_009	g0811	0	0.0008276024
ENSE00001265880_010	g0811	0	0.0002537960
ENSE00001265880_011	g0811	0	0.0000476762
ENSE00001265880_013	g0811	0	0.0041054435
ENSE00001265880_014	g0811	0	0.0004478140
ENSE00001265880_015	g0811	0	0.0007692927
ENSE00001265880_016	g0811	0	0.0087548494
ENSE00001265880_017	g0811	0	0.0013660410
ENSE00001265880_018	g0811	0	0.0001344990
ENSE00001265880_019	g0811	1	0.0000613967
ENSE00001265880_020	g0811	0	0.0007201864
ENSE00001267186_002	g0814	0	0.0000001861
ENSE00001267186_003	g0814	0	0.0000011580
ENSE00001267186_004	g0814	0	0.0000000061
ENSE00001267186_005	g0814	0	0.0000000095
ENSE00001267186_006	g0814	0	0.0000002135
ENSE00001267186_007	g0814	0	0.0000000178
ENSE00001267186_008	g0814	0	0.0000002260
ENSE00001267186_011	g0814	0	0.0000100241
ENSE00001267186_012	g0814	0	0.0000001640
ENSE00001267186_013	g0814	0	0.0000000007
ENSE00001267186_015	g0814	0	0.0000000170
ENSE00001267186_016	g0814	0	0.0000000007
ENSE00001267186_018	g0814	0	0.0000000160
ENSE00001267186_022	g0814	0	0.0000000824
ENSE00001267186_024	g0814	0	0.0000000383
ENSE00001267186_025	g0814	0	0.0000000583
ENSE00001267186_026	g0814	0	0.0000000001
ENSE00001292222_001	g0827	0	0.0057958840
ENSE00001292222_003	g0827	0	0.9730322748
ENSE00001292222_005	g0827	0	0.7839179922
ENSE00001292222_006	g0827	0	0.9682255306
ENSE00001292222_007	g0827	0	0.5231250254
ENSE00001292222_009	g0827	0	0.6953935499
ENSE00001292222_010	g0827	0	0.7190320829
ENSE00001292222_011	g0827	0	0.0811816441
ENSE00001292222_012	g0827	0	0.7489251050
ENSE00001292222_014	g0827	0	0.0021345142
ENSE00001292222_015	g0827	0	0.5731368481
ENSE00001293589_001	g0831	0	0.9780736950
ENSE00001293589_003	g0831	0	0.8492543487
ENSE00001293589_004	g0831	0	0.9368892499
ENSE00001293589_005	g0831	0	0.7794704366
ENSE00001293589_006	g0831	0	0.9992231046
ENSE00001293589_007	g0831	0	0.2707931784
ENSE00001293589_009	g0831	0	0.3165830118
ENSE00001293589_010	g0831	0	0.8103943057
ENSE00001293589_011	g0831	0	0.6851860099
ENSE00001293589_012	g0831	0	0.1290240711
ENSE00001293589_013	g0831	0	0.0104392298
ENSE00001293589_015	g0831	0	0.6574194125
ENSE00001293589_016	g0831	0	0.9934264375
ENSE00001293589_017	g0831	0	0.9804828623
ENSE00001293589_018	g0831	0	0.9861870040
ENSE00001293589_019	g0831	0	0.6688706113
ENSE00001293589_020	g0831	0	0.2009799912
ENSE00001293589_021	g0831	0	0.7327757742
ENSE00001293589_022	g0831	0	0.8475625867
ENSE00001293589_023	g0831	0	0.8390782715
ENSE00001293589_024	g0831	0	0.0776255564
ENSE00001293589_025	g0831	0	0.0650685111
ENSE00001293589_027	g0831	0	0.3789196382
ENSE00001293589_028	g0831	0	0.6277026115
ENSE00001293589_029	g0831	0	0.5705933553
ENSE00001293589_030	g0831	0	0.0635327417
ENSE00001293589_031	g0831	0	0.5221196071
ENSE00001293589_032	g0831	1	0.9718723772
ENSE00001293589_033	g0831	1	0.3859198945
ENSE00001293589_034	g0831	0	0.0118339199
ENSE00001293589_035	g0831	0	0.3938395877
ENSE00001293589_036	g0831	0	0.2112597523
ENSE00001293589_037	g0831	0	0.0168804881
ENSE00001293589_038	g0831	0	0.3204769290
ENSE00001295579_001	g0837	0	0.0027908012
ENSE00001296213_001	g0838	0	0.0000001346
ENSE00001296213_002	g0838	0	0.0000005029
ENSE00001296213_005	g0838	0	0.0000039233
ENSE00001296213_006	g0838	0	0.0000004838
ENSE00001296213_008	g0838	1	0.0001158880
ENSE00001296213_011	g0838	0	0.0000000683
ENSE00001296213_014	g0838	0	0.0000008789
ENSE00001296213_015	g0838	1	0.0000002475
ENSE00001296213_016	g0838	1	0.0000011540
ENSE00001296213_019	g0838	0	0.0000004682
ENSE00001296213_021	g0838	1	0.0000275075
ENSE00001296213_022	g0838	0	0.0000060710
ENSE00001296213_024	g0838	0	0.0000015777
ENSE00001296213_025	g0838	0	0.0000061637
ENSE00001296213_027	g0838	1	0.0000001172
ENSE00001296213_030	g0838	0	0.0000001396
ENSE00001296213_032	g0838	0	0.0000000703
ENSE00001296545_002	g0840	0	0.0282485161
ENSE00001296545_004	g0840	0	0.0412481287
ENSE00001296545_008	g0840	0	0.0516925539
ENSE00001296545_013	g0840	0	0.0042082701
ENSE00001296545_014	g0840	0	0.0228832095
ENSE00001296545_026	g0840	0	0.0470205187
ENSE00001296545_027	g0840	0	0.1849316164
ENSE00001296545_036	g0840	0	0.0830324795
ENSE00001296991_001	g0843	0	0.0003826135
ENSE00001296991_003	g0843	0	0.0008409624
ENSE00001296991_009	g0843	0	0.0010326889
ENSE00001296991_012	g0843	0	0.0001477787
ENSE00001296991_013	g0843	0	0.0048766931
ENSE00001301553_002	g0848	0	0.2558703888
ENSE00001301553_004	g0848	0	0.0874729709
ENSE00001301553_005	g0848	0	0.1723794160
ENSE00001301553_008	g0848	0	0.0135275747
ENSE00001301553_009	g0848	0	0.0124645521
ENSE00001301553_010	g0848	0	0.0054075647
ENSE00001301553_011	g0848	0	0.0484121734
ENSE00001301553_013	g0848	0	0.1653618606
ENSE00001301553_019	g0848	0	0.1548118069
ENSE00001301553_020	g0848	0	0.0004088881
ENSE00001301553_022	g0848	0	0.0136654487
ENSE00001301553_023	g0848	0	0.0012228305
ENSE00001304037_018	g0853	1	0.4058298447
ENSE00001305857_001	g0616	0	0.9992049045
ENSE00001305857_002	g0616	0	0.8656191933
ENSE00001305857_004	g0616	0	0.2326109778
ENSE00001305857_005	g0616	0	0.9901533483
ENSE00001305857_006	g0616	0	0.9649389284
ENSE00001305857_007	g0616	0	0.9503168640
ENSE00001305857_009	g0616	0	0.7183096158
ENSE00001305857_010	g0616	0	0.8027851875
ENSE00001305857_011	g0616	0	0.8126502544
ENSE00001305857_012	g0616	0	0.9530076511
ENSE00001305857_013	g0616	0	0.5041672478
ENSE00001305857_014	g0616	0	0.8752673184
ENSE00001305857_015	g0616	0	0.9768909001
ENSE00001305857_016	g0616	0	0.8324487164
ENSE00001305857_018	g0616	0	0.9924189562
ENSE00001307685_004	g0860	0	0.9588899029
ENSE00001307685_007	g0860	0	0.8173775385
ENSE00001307685_008	g0860	0	0.9921266344
ENSE00001307685_009	g0860	0	0.9962858446
ENSE00001307685_011	g0860	0	0.9566668703
ENSE00001307685_012	g0860	0	0.9682050269
ENSE00001307685_014	g0860	0	0.9356995938
ENSE00001307685_016	g0860	0	0.9201916623
ENSE00001307685_020	g0860	0	0.9979098394
ENSE00001307685_021	g0860	0	0.8767163257
ENSE00001307685_023	g0860	0	0.8920620959
ENSE00001307685_025	g0860	0	0.1067613934
ENSE00001307685_026	g0860	0	0.1646091087
ENSE00001307685_027	g0860	0	0.9227571866
ENSE00001307685_029	g0860	0	0.6600489038
ENSE00001307685_030	g0860	0	0.8202731120
ENSE00001307767_003	g0861	0	0.0642066026
ENSE00001307767_008	g0861	0	0.0121156086
ENSE00001307767_009	g0861	0	0.0010441779
ENSE00001307767_010	g0861	0	0.0071608240
ENSE00001308781_001	g0732	0	0.3852632205
ENSE00001308781_002	g0732	0	0.7277013752
ENSE00001308781_003	g0732	0	0.9615031219
ENSE00001308781_004	g0732	0	0.9451014032
ENSE00001308781_005	g0732	0	0.5920593407
ENSE00001308781_006	g0732	0	0.3468106488
ENSE00001308781_007	g0732	0	0.7693340360
ENSE00001308781_008	g0732	0	0.1304470067
ENSE00001308781_009	g0732	0	0.0457358505
ENSE00001308781_010	g0732	0	0.0459658715
ENSE00001308781_011	g0732	0	0.0607437415
ENSE00001308781_013	g0732	0	0.1541561236
ENSE00001308781_014	g0732	0	0.2512971565
ENSE00001308781_016	g0732	1	0.2607102458
ENSE00001308781_017	g0732	1	0.4950727714
ENSE00001308781_019	g0732	0	0.0101940832
ENSE00001308781_020	g0732	0	0.0068876531
ENSE00001308781_023	g0732	0	0.3681179427
ENSE00001308781_024	g0732	0	0.6497558847
ENSE00001308781_025	g0732	0	0.3730464905
ENSE00001308781_026	g0732	0	0.9742397723
ENSE00001308781_027	g0732	0	0.9023715522
ENSE00001308781_028	g0732	0	0.9965495607
ENSE00001308781_030	g0732	0	0.7239126571
ENSE00001308781_032	g0732	0	0.4896954800
ENSE00001308781_033	g0732	0	0.6432373546
ENSE00001308781_035	g0732	0	0.5416150115
ENSE00001308781_036	g0732	0	0.5160695410
ENSE00001309912_002	g0865	0	0.0009796269
ENSE00001309912_009	g0865	0	0.0005398716
ENSE00001309912_011	g0865	0	0.0002967577
ENSE00001309912_012	g0865	0	0.0001316996
ENSE00001309912_019	g0865	0	0.0073111173
ENSE00001310733_001	g0867	0	0.9635223923
ENSE00001310733_002	g0867	0	0.3519420235
ENSE00001310733_003	g0867	0	0.9974073992
ENSE00001310733_004	g0867	0	0.9848116118
ENSE00001310733_006	g0867	0	0.9802658715
ENSE00001310733_007	g0867	0	0.9943205854
ENSE00001310733_008	g0867	0	0.9950154997
ENSE00001310733_009	g0867	0	0.9893320479
ENSE00001310733_010	g0867	0	0.9944300686
ENSE00001310733_011	g0867	0	0.9999173915
ENSE00001310733_012	g0867	0	0.9999631359
ENSE00001310733_013	g0867	0	0.9997323730
ENSE00001310733_014	g0867	0	0.9998734260
ENSE00001310733_015	g0867	0	0.9970452828
ENSE00001310733_016	g0867	0	0.9972999282
ENSE00001310733_017	g0867	0	0.9998497099
ENSE00001310733_018	g0867	0	0.9962669524
ENSE00001310733_019	g0867	0	0.9996406604
ENSE00001310733_020	g0867	0	0.9999008675
ENSE00001310733_021	g0867	0	0.9083401607
ENSE00001310733_022	g0867	0	0.9878152221
ENSE00001310733_023	g0867	0	0.9965582076
ENSE00001310733_024	g0867	0	0.9999666953
ENSE00001310733_026	g0867	0	0.9999998243
ENSE00001310733_027	g0867	0	0.9998027974
ENSE00001310733_028	g0867	0	0.9992405926
ENSE00001310733_029	g0867	0	0.9998368028
ENSE00001310733_030	g0867	0	0.9808045449
ENSE00001310733_031	g0867	0	0.9826075596
ENSE00001310733_032	g0867	0	0.9994151684
ENSE00001310733_033	g0867	0	0.9992777231
ENSE00001310733_034	g0867	0	0.9961711925
ENSE00001310733_035	g0867	0	0.9984168085
ENSE00001310733_036	g0867	0	0.9987609925
ENSE00001310733_037	g0867	0	0.9889851563
ENSE00001310733_038	g0867	0	0.9994931456
ENSE00001310733_039	g0867	0	0.9960158490
ENSE00001310981_002	g0831	0	0.0000038174
ENSE00001310981_005	g0831	0	0.0000174004
ENSE00001310981_006	g0831	0	0.0001218356
ENSE00001310981_008	g0831	0	0.0000272391
ENSE00001310981_012	g0831	0	0.0019917351
ENSE00001310981_016	g0831	0	0.0019220299
ENSE00001310981_022	g0831	0	0.0010923817
ENSE00001310981_025	g0831	0	0.0034623889
ENSE00001310981_027	g0831	0	0.0000718801
ENSE00001310981_028	g0831	0	0.0000870467
ENSE00001310981_029	g0831	0	0.0000879188
ENSE00001312752_009	g0870	0	0.0114926285
ENSE00001312752_021	g0870	0	0.0016901860
ENSE00001312811_005	g0871	0	0.0000520025
ENSE00001312811_008	g0871	0	0.0023636274
ENSE00001312811_010	g0871	0	0.0000849126
ENSE00001312811_012	g0871	0	0.0005565080
ENSE00001312811_015	g0871	0	0.0014662079
ENSE00001312811_016	g0871	0	0.0051849549
ENSE00001312811_017	g0871	0	0.0005523732
ENSE00001312811_018	g0871	0	0.0004373496
ENSE00001312811_019	g0871	0	0.0004361560
ENSE00001312811_022	g0871	0	0.0020250211
ENSE00001312811_024	g0871	0	0.0006322344
ENSE00001312811_025	g0871	0	0.0007737145
ENSE00001312811_027	g0871	0	0.0027928639
ENSE00001312811_028	g0871	0	0.0315547687
ENSE00001312811_031	g0871	0	0.0008425388
ENSE00001312811_034	g0871	0	0.0007475637
ENSE00001312811_035	g0871	0	0.0009936886
ENSE00001312811_036	g0871	0	0.0136435330
ENSE00001313355_002	g0643	0	0.0073579583
ENSE00001313355_003	g0643	0	0.0027585501
ENSE00001313355_005	g0643	0	0.0005262081
ENSE00001313355_006	g0643	0	0.0001558036
ENSE00001313355_008	g0643	0	0.0064979938
ENSE00001313355_009	g0643	0	0.0612874552
ENSE00001313355_011	g0643	0	0.0016330228
ENSE00001313355_012	g0643	0	0.0632639855
ENSE00001313355_013	g0643	0	0.0000319657
ENSE00001313355_014	g0643	0	0.0004414932
ENSE00001313355_015	g0643	0	0.0000385670
ENSE00001313355_016	g0643	0	0.0000405804
ENSE00001313355_017	g0643	0	0.0077659311
ENSE00001313355_018	g0643	0	0.0083592183
ENSE00001313355_020	g0643	0	0.0051607839
ENSE00001313355_021	g0643	0	0.0547836586
ENSE00001313355_022	g0643	0	0.0004937415
ENSE00001313355_023	g0643	0	0.1265142668
ENSE00001315144_005	g0827	0	0.0010754804
ENSE00001315144_007	g0827	0	0.0000282533
ENSE00001315144_013	g0827	0	0.0014772528
ENSE00001315144_018	g0827	0	0.0008053090
ENSE00001315144_019	g0827	0	0.0001782678
ENSE00001316750_001	g0878	0	0.0004614967
ENSE00001316750_002	g0878	0	0.0018305871
ENSE00001316750_003	g0878	0	0.0029313780
ENSE00001316750_004	g0878	0	0.0122334680
ENSE00001316750_005	g0878	0	0.0045364566
ENSE00001316750_007	g0878	0	0.0077890951
ENSE00001316750_008	g0878	1	0.8072464873
ENSE00001316750_009	g0878	0	0.0088450997
ENSE00001316750_010	g0878	0	0.0283708518
ENSE00001316750_011	g0878	0	0.0053645406
ENSE00001316750_012	g0878	0	0.0042480311
ENSE00001316750_013	g0878	0	0.1483641031
ENSE00001316750_014	g0878	0	0.5177669747
ENSE00001316750_015	g0878	0	0.0110647917
ENSE00001316750_016	g0878	0	0.0344367529
ENSE00001316750_017	g0878	0	0.0016212105
ENSE00001316750_018	g0878	0	0.0013381166
ENSE00001316750_019	g0878	0	0.0055411881
ENSE00001316750_022	g0878	1	0.0043133896
ENSE00001316750_023	g0878	0	0.0018173682
ENSE00001316750_026	g0878	0	0.0006462093
ENSE00001316750_027	g0878	0	0.0000830632
ENSE00001318694_003	g0883	0	0.7268775130
ENSE00001318694_005	g0883	0	0.7348033352
ENSE00001318694_008	g0883	0	0.9035602285
ENSE00001318694_009	g0883	0	0.6846114889
ENSE00001318694_013	g0883	0	0.5153203365
ENSE00001318694_014	g0883	0	0.2707497718
ENSE00001318694_016	g0883	1	0.9696778361
ENSE00001318694_017	g0883	0	0.3956853266
ENSE00001318694_020	g0883	0	0.9884179429
ENSE00001318694_021	g0883	0	0.3946643312
ENSE00001318870_002	g0732	0	0.5997418552
ENSE00001318870_003	g0732	0	0.0323291853
ENSE00001318870_004	g0732	0	0.1528932077
ENSE00001318870_005	g0732	0	0.4154809790
ENSE00001318870_008	g0732	0	0.0219382896
ENSE00001318870_010	g0732	0	0.0010803816
ENSE00001318870_011	g0732	0	0.1029124355
ENSE00001318870_012	g0732	0	0.0293382333
ENSE00001318870_013	g0732	0	0.0300871040
ENSE00001318870_014	g0732	0	0.2273069880
ENSE00001318870_015	g0732	0	0.5418306302
ENSE00001318870_016	g0732	0	0.2138093011
ENSE00001318870_017	g0732	0	0.6845011746
ENSE00001318870_018	g0732	0	0.0027636081
ENSE00001318870_020	g0732	0	0.5897815660
ENSE00001318870_021	g0732	0	0.0014289549
ENSE00001318870_022	g0732	0	0.2796377333
ENSE00001318870_023	g0732	0	0.8831248339
ENSE00001318870_024	g0732	0	0.6063830213
ENSE00001318870_025	g0732	0	0.0114305792
ENSE00001318870_026	g0732	0	0.1902362651
ENSE00001318870_027	g0732	0	0.0172164962
ENSE00001320319_001	g0887	0	0.0000013730
ENSE00001320319_003	g0887	0	0.0000024809
ENSE00001320319_004	g0887	0	0.0000152539
ENSE00001320319_006	g0887	0	0.0000115447
ENSE00001320319_008	g0887	0	0.0000283886
ENSE00001320319_010	g0887	0	0.0001362956
ENSE00001320319_011	g0887	0	0.0000016363
ENSE00001320319_012	g0887	0	0.0000137140
ENSE00001320319_013	g0887	0	0.0000060374
ENSE00001320319_014	g0887	0	0.0001955844
ENSE00001320319_015	g0887	0	0.0000405386
ENSE00001320319_016	g0887	0	0.0001420374
ENSE00001320319_017	g0887	0	0.0000109156
ENSE00001320319_018	g0887	0	0.0000114752
ENSE00001320319_020	g0887	0	0.0000116210
ENSE00001320319_021	g0887	0	0.0001162848
ENSE00001320319_022	g0887	0	0.0001760814
ENSE00001320319_023	g0887	0	0.0004006491
ENSE00001320319_024	g0887	0	0.0000054264
ENSE00001320319_025	g0887	0	0.0015736444
ENSE00001320319_026	g0887	0	0.0000196707
ENSE00001320319_027	g0887	0	0.0000042393
ENSE00001320319_028	g0887	0	0.0000015029
ENSE00001320319_029	g0887	0	0.0000119244
ENSE00001320319_030	g0887	0	0.0000000774
ENSE00001320319_031	g0887	0	0.0000070622
ENSE00001320319_032	g0887	0	0.0000207683
ENSE00001320319_033	g0887	0	0.0000124658
ENSE00001320319_034	g0887	0	0.0000277574
ENSE00001320319_035	g0887	0	0.0000610044
ENSE00001320319_036	g0887	0	0.0000076278
ENSE00001320319_037	g0887	0	0.0085566520
ENSE00001320319_038	g0887	0	0.0002298165
ENSE00001320319_039	g0887	0	0.0000137183
ENSE00001320319_040	g0887	0	0.0002397793
ENSE00001320319_041	g0887	0	0.0016145359
ENSE00001320319_042	g0887	0	0.0000038739
ENSE00001320368_001	g0831	0	0.9689744878
ENSE00001320368_002	g0831	0	0.9149695869
ENSE00001320368_005	g0831	0	0.9697280353
ENSE00001320368_006	g0831	0	0.9711881420
ENSE00001320368_009	g0831	0	0.9989287538
ENSE00001320368_011	g0831	0	0.8619270696
ENSE00001320368_012	g0831	0	0.6152070197
ENSE00001320368_013	g0831	0	0.7299484027
ENSE00001320368_014	g0831	0	0.3403884779
ENSE00001320368_016	g0831	0	0.2156651373
ENSE00001320368_017	g0831	0	0.8674792812
ENSE00001320368_018	g0831	0	0.9323349141
ENSE00001320368_020	g0831	0	0.5744778751
ENSE00001320368_021	g0831	0	0.6281336586
ENSE00001320368_022	g0831	0	0.9945635148
ENSE00001320368_025	g0831	0	0.0371129950
ENSE00001320368_026	g0831	0	0.6896313077
ENSE00001320368_027	g0831	0	0.0214605693
ENSE00001320368_028	g0831	0	0.1346304965
ENSE00001320368_030	g0831	0	0.0951841593
ENSE00001320368_031	g0831	0	0.0147931069
ENSE00001320368_032	g0831	0	0.2609561523
ENSE00001320368_034	g0831	0	0.1202995308
ENSE00001320368_035	g0831	0	0.2776654113
ENSE00001320368_036	g0831	0	0.7323616663
ENSE00001320368_037	g0831	1	0.7305245740
ENSE00001320368_043	g0831	0	0.9711170020
ENSE00001321140_001	g0890	0	0.0000007136
ENSE00001321140_002	g0890	0	0.0000310514
ENSE00001321140_003	g0890	0	0.0000129817
ENSE00001321140_004	g0890	0	0.0003548878
ENSE00001321140_005	g0890	0	0.0000272566
ENSE00001321140_006	g0890	0	0.0000017074
ENSE00001321140_010	g0890	0	0.0005249429
ENSE00001321140_012	g0890	0	0.0000052098
ENSE00001321140_014	g0890	0	0.0000586536
ENSE00001321140_016	g0890	1	0.0003108873
ENSE00001321140_017	g0890	0	0.0076647601
ENSE00001321140_018	g0890	0	0.0112851928
ENSE00001321140_019	g0890	0	0.0000353965
ENSE00001321140_020	g0890	0	0.0021475516
ENSE00001321140_022	g0890	0	0.0005025064
ENSE00001321140_023	g0890	0	0.0005636975
ENSE00001321140_024	g0890	0	0.0002552027
ENSE00001321140_025	g0890	0	0.0000106176
ENSE00001321140_026	g0890	0	0.0000135118
ENSE00001321140_028	g0890	0	0.0001770607
ENSE00001321140_029	g0890	0	0.0003554965
ENSE00001321266_001	g0891	0	0.0010226750
ENSE00001321266_003	g0891	0	0.0000045045
ENSE00001321266_005	g0891	0	0.0002199264
ENSE00001321266_006	g0891	0	0.0202293680
ENSE00001321266_007	g0891	0	0.0000626390
ENSE00001321266_008	g0891	0	0.0747091625
ENSE00001321266_009	g0891	0	0.0124099481
ENSE00001321266_011	g0891	0	0.0005945953
ENSE00001321266_012	g0891	0	0.1393471146
ENSE00001321266_017	g0891	1	0.1173116606
ENSE00001321266_019	g0891	0	0.0085611321
ENSE00001321266_020	g0891	0	0.0080879191
ENSE00001321266_021	g0891	0	0.0026580440
ENSE00001321266_022	g0891	0	0.0251510805
ENSE00001321266_023	g0891	0	0.2407639498
ENSE00001321266_024	g0891	0	0.0084776084
ENSE00001321266_025	g0891	0	0.0002785891
ENSE00001321266_027	g0891	0	0.1474870955
ENSE00001321266_028	g0891	0	0.0211940083
ENSE00001321266_029	g0891	1	0.0758383566
ENSE00001321266_031	g0891	0	0.0261349531
ENSE00001323708_001	g0843	0	0.1438512272
ENSE00001323708_002	g0843	0	0.0756709307
ENSE00001323708_005	g0843	0	0.1977488385
ENSE00001323708_006	g0843	0	0.0607089446
ENSE00001323708_007	g0843	0	0.3516968430
ENSE00001323708_009	g0843	0	0.4342010357
ENSE00001323708_010	g0843	0	0.4342537728
ENSE00001323708_011	g0843	0	0.3437358849
ENSE00001323708_012	g0843	0	0.0430200226
ENSE00001323708_013	g0843	0	0.5999004702
ENSE00001323708_015	g0843	0	0.0136535911
ENSE00001323708_017	g0843	0	0.9994153852
ENSE00001323708_018	g0843	0	0.9827924364
ENSE00001323708_019	g0843	0	0.0385680867
ENSE00001323708_021	g0843	0	0.2402570540
ENSE00001324758_001	g0893	0	0.0014548560
ENSE00001324758_002	g0893	0	0.0006436714
ENSE00001324758_003	g0893	0	0.0004852872
ENSE00001324758_004	g0893	0	0.0004432616
ENSE00001324758_005	g0893	0	0.0024581457
ENSE00001324758_006	g0893	0	0.0145566048
ENSE00001324758_007	g0893	0	0.0145606624
ENSE00001324758_008	g0893	0	0.0003633371
ENSE00001324758_009	g0893	0	0.0358331516
ENSE00001324758_010	g0893	0	0.0025418538
ENSE00001324758_011	g0893	0	0.0003388184
ENSE00001324758_012	g0893	0	0.0025869478
ENSE00001324758_013	g0893	0	0.0000394966
ENSE00001324758_014	g0893	0	0.0001135395
ENSE00001324758_016	g0893	0	0.0000141936
ENSE00001324758_017	g0893	0	0.0295482722
ENSE00001324758_019	g0893	0	0.0002511673
ENSE00001324758_020	g0893	0	0.0000634072
ENSE00001324758_021	g0893	0	0.0005152054
ENSE00001324758_022	g0893	0	0.0003302736
ENSE00001324758_023	g0893	0	0.0000092074
ENSE00001324758_024	g0893	0	0.0000001164
ENSE00001324758_025	g0893	0	0.0000051731
ENSE00001324758_026	g0893	0	0.0000008806
ENSE00001324758_027	g0893	0	0.0000000177
ENSE00001324758_028	g0893	0	0.0000002504
ENSE00001324758_029	g0893	0	0.0025191564
ENSE00001324758_030	g0893	0	0.2177557632
ENSE00001324758_031	g0893	0	0.0033759061
ENSE00001325185_003	g0792	0	0.9624570700
ENSE00001325185_006	g0792	0	0.0662646522
ENSE00001325185_007	g0792	1	0.0123670128
ENSE00001325185_008	g0792	1	0.1144561852
ENSE00001325185_010	g0792	0	0.9120433954
ENSE00001325185_012	g0792	1	0.8901091602
ENSE00001325185_014	g0792	0	0.2086997483
ENSE00001329207_011	g0732	0	0.0000002229
ENSE00001329207_012	g0732	0	0.0000005381
ENSE00001329207_017	g0732	0	0.0000050382
ENSE00001329207_018	g0732	0	0.0000090132
ENSE00001329207_019	g0732	0	0.0000381911
ENSE00001329207_020	g0732	1	0.0000851593
ENSE00001330786_001	g0732	0	0.0442880767
ENSE00001330786_002	g0732	0	0.7142774318
ENSE00001330786_003	g0732	0	0.2021642408
ENSE00001330786_004	g0732	0	0.4530581965
ENSE00001330786_007	g0732	0	0.0049954021
ENSE00001330786_008	g0732	0	0.0003798474
ENSE00001330786_009	g0732	0	0.4898635131
ENSE00001330786_010	g0732	1	0.0304370584
ENSE00001330786_012	g0732	0	0.0703296008
ENSE00001330786_013	g0732	0	0.0498218049
ENSE00001330786_015	g0732	0	0.3915316705
ENSE00001330786_016	g0732	0	0.1063068541
ENSE00001330786_017	g0732	0	0.0219959366
ENSE00001330786_019	g0732	0	0.9985623311
ENSE00001330786_022	g0732	0	0.3552691278
ENSE00001330786_023	g0732	0	0.2560369439
ENSE00001330786_024	g0732	0	0.4887631036
ENSE00001330786_025	g0732	0	0.0487857323
ENSE00001330786_026	g0732	0	0.8780068359
ENSE00001330786_027	g0732	0	0.0158747551
ENSE00001331806_001	g0453	0	0.0001388891
ENSE00001331806_002	g0453	0	0.0008728644
ENSE00001331806_003	g0453	0	0.0022374575
ENSE00001331806_004	g0453	0	0.0002254897
ENSE00001331806_005	g0453	1	0.0008207202
ENSE00001331806_006	g0453	0	0.0017588484
ENSE00001331806_008	g0453	0	0.0000253791
ENSE00001331806_009	g0453	0	0.0007057586
ENSE00001331806_010	g0453	0	0.0226809611
ENSE00001331806_011	g0453	0	0.0224538254
ENSE00001331806_012	g0453	0	0.0021179655
ENSE00001331806_015	g0453	0	0.0011713193
ENSE00001331806_016	g0453	0	0.0114788838
ENSE00001331806_017	g0453	0	0.0578201215
ENSE00001331806_018	g0453	0	0.0042288501
ENSE00001331806_019	g0453	0	0.0000263965
ENSE00001331806_020	g0453	0	0.0003821488
ENSE00001331806_021	g0453	0	0.0442602962
ENSE00001331806_023	g0453	0	0.0188252786
ENSE00001331820_001	g0453	0	0.0000105093
ENSE00001331820_002	g0453	0	0.0011011121
ENSE00001331820_003	g0453	0	0.0034484127
ENSE00001331820_005	g0453	0	0.0000074297
ENSE00001331820_008	g0453	0	0.0006333365
ENSE00001331820_011	g0453	0	0.0000408330
ENSE00001331820_012	g0453	0	0.0000001074
ENSE00001331820_020	g0453	0	0.0001543785
ENSE00001331820_022	g0453	0	0.0041511747
ENSE00001331820_023	g0453	0	0.0002429703
ENSE00001332335_002	g0900	0	0.3746097847
ENSE00001332335_003	g0900	0	0.2714507656
ENSE00001332335_004	g0900	0	0.5255184980
ENSE00001332335_005	g0900	0	0.0910491231
ENSE00001332335_006	g0900	0	0.4707014744
ENSE00001332335_013	g0900	0	0.0250308260
ENSE00001332369_009	g0780	0	0.0002438657
ENSE00001332369_010	g0780	0	0.0003742218
ENSE00001332369_024	g0780	0	0.0005126085
ENSE00001332369_041	g0780	0	0.0016642022
ENSE00001335484_002	g0591	0	0.3377648873
ENSE00001335484_009	g0591	0	0.1220147299
ENSE00001335484_012	g0591	0	0.0035131074
ENSE00001335484_014	g0591	0	0.5332409248
ENSE00001335484_016	g0591	0	0.5100512759
ENSE00001335484_017	g0591	0	0.0754833844
ENSE00001335500_001	g0591	0	0.1230288322
ENSE00001335500_002	g0591	0	0.0402835941
ENSE00001335500_003	g0591	0	0.2192411200
ENSE00001335500_004	g0591	0	0.1409997079
ENSE00001335500_005	g0591	0	0.9138230878
ENSE00001335500_006	g0591	0	0.0392953812
ENSE00001335500_007	g0591	0	0.2198501082
ENSE00001335500_008	g0591	0	0.9102473828
ENSE00001335500_009	g0591	0	0.8351913638
ENSE00001335500_011	g0591	0	0.4770172230
ENSE00001335500_012	g0591	0	0.6669944356
ENSE00001335500_013	g0591	0	0.5257849880
ENSE00001335500_014	g0591	0	0.0502812516
ENSE00001335500_015	g0591	0	0.0225033018
ENSE00001335500_016	g0591	0	0.3622827497
ENSE00001335500_017	g0591	0	0.0369665625
ENSE00001335500_018	g0591	0	0.6092293104
ENSE00001335500_020	g0591	0	0.0050194583
ENSE00001335500_021	g0591	0	0.0948520599
ENSE00001335500_022	g0591	0	0.0294591467
ENSE00001335500_023	g0591	0	0.0631878895
ENSE00001337610_002	g0732	0	0.0095703712
ENSE00001337610_003	g0732	0	0.4448515775
ENSE00001337610_004	g0732	0	0.8682023777
ENSE00001337610_005	g0732	0	0.0449196026
ENSE00001337610_006	g0732	0	0.3189698013
ENSE00001337610_007	g0732	0	0.0014717178
ENSE00001337610_008	g0732	0	0.0394515357
ENSE00001337610_010	g0732	0	0.1080461172
ENSE00001337610_011	g0732	0	0.0159715086
ENSE00001337610_012	g0732	0	0.1348062001
ENSE00001337610_013	g0732	0	0.0093503111
ENSE00001337610_014	g0732	0	0.7306091068
ENSE00001337610_015	g0732	0	0.9857469560
ENSE00001337610_016	g0732	0	0.1974878760
ENSE00001337610_017	g0732	0	0.1909833439
ENSE00001337610_019	g0732	0	0.0200689076
ENSE00001337610_020	g0732	0	0.0063808008
ENSE00001337610_021	g0732	0	0.0010710725
ENSE00001337610_022	g0732	0	0.0047519330
ENSE00001337610_023	g0732	0	0.3619696024
ENSE00001337610_024	g0732	1	0.5583371110
ENSE00001337610_026	g0732	0	0.0177855813
ENSE00001337610_027	g0732	0	0.4123792728
ENSE00001337610_028	g0732	0	0.0077932007
ENSE00001337610_029	g0732	0	0.1686721060
ENSE00001337610_031	g0732	0	0.0055139758
ENSE00001337610_032	g0732	0	0.1334482553
ENSE00001344179_001	g0906	0	0.0071380335
ENSE00001344179_002	g0906	0	0.4751413640
ENSE00001344179_003	g0906	0	0.7320715067
ENSE00001344179_004	g0906	0	0.7000838207
ENSE00001344179_005	g0906	0	0.0846421514
ENSE00001344179_006	g0906	0	0.0225644468
ENSE00001344179_007	g0906	0	0.0008633091
ENSE00001344179_008	g0906	0	0.0151072634
ENSE00001344179_010	g0906	0	0.8644918312
ENSE00001344179_011	g0906	0	0.0840401158
ENSE00001344179_012	g0906	0	0.0105615978
ENSE00001344179_014	g0906	0	0.0261754407
ENSE00001344179_015	g0906	0	0.0091719725
ENSE00001344179_016	g0906	0	0.0980433679
ENSE00001344179_017	g0906	0	0.0033807594
ENSE00001351159_003	g0799	0	0.4865801303
ENSE00001351159_006	g0799	0	0.0361470284
ENSE00001351159_012	g0799	0	0.0245392380
ENSE00001351159_013	g0799	0	0.0415361696
ENSE00001353824_001	g0909	0	0.9410007479
ENSE00001353824_002	g0909	0	0.9975322940
ENSE00001353824_004	g0909	0	0.3859561595
ENSE00001353824_005	g0909	0	0.9974210607
ENSE00001353824_006	g0909	0	0.9990597083
ENSE00001353824_007	g0909	0	0.8609404278
ENSE00001353824_009	g0909	0	0.9356013306
ENSE00001353824_010	g0909	1	0.7938691953
ENSE00001353824_011	g0909	0	0.9735367373
ENSE00001353824_012	g0909	0	0.9899327278
ENSE00001353824_013	g0909	0	0.9832179627
ENSE00001353824_014	g0909	0	0.9812075206
ENSE00001353824_015	g0909	0	0.3572735474
ENSE00001353824_017	g0909	0	0.6247653699
ENSE00001353824_018	g0909	0	0.8768443532
ENSE00001353824_019	g0909	0	0.5583881201
ENSE00001353824_021	g0909	0	0.9982708038
ENSE00001353824_022	g0909	0	0.9859062288
ENSE00001353824_024	g0909	0	0.9765097151
ENSE00001353824_025	g0909	0	0.8876842184
ENSE00001353824_026	g0909	0	0.9602308071
ENSE00001353824_027	g0909	0	0.9893148955
ENSE00001353824_028	g0909	0	0.9943151597
ENSE00001353842_002	g0909	0	0.0020477360
ENSE00001353842_008	g0909	0	0.2522214963
ENSE00001353842_010	g0909	0	0.0029653672
ENSE00001353842_011	g0909	0	0.5630710605
ENSE00001353842_013	g0909	0	0.8873011831
ENSE00001353842_014	g0909	0	0.2747335920
ENSE00001353842_015	g0909	0	0.7663930229
ENSE00001353842_017	g0909	0	0.5678300575
ENSE00001353842_019	g0909	0	0.0150209459
ENSE00001353842_021	g0909	0	0.3683496753
ENSE00001353842_023	g0909	0	0.0048049256
ENSE00001353842_026	g0909	0	0.0412917159
ENSE00001353842_027	g0909	0	0.0136700060
ENSE00001353842_029	g0909	0	0.0114135976
ENSE00001360006_001	g0910	0	0.9173184675
ENSE00001360006_002	g0910	0	0.9947853133
ENSE00001360006_004	g0910	0	0.9752693350
ENSE00001360006_005	g0910	0	0.9990402512
ENSE00001360006_009	g0910	0	0.9956085409
ENSE00001360006_013	g0910	0	0.9962313075
ENSE00001360006_014	g0910	0	0.8995624346
ENSE00001360006_015	g0910	0	0.9642400720
ENSE00001360006_016	g0910	0	0.9686334430
ENSE00001360006_018	g0910	0	0.9979402482
ENSE00001360006_019	g0910	0	0.8819535372
ENSE00001360006_021	g0910	0	0.9844730897
ENSE00001360006_023	g0910	0	0.9958659849
ENSE00001360006_024	g0910	0	0.9884549719
ENSE00001365809_001	g0912	0	0.0222355714
ENSE00001365809_002	g0912	0	0.7129528257
ENSE00001365809_003	g0912	0	0.5205969088
ENSE00001365809_004	g0912	0	0.1572126868
ENSE00001365809_005	g0912	0	0.1656093321
ENSE00001365809_006	g0912	0	0.5693710936
ENSE00001365809_007	g0912	0	0.0933668350
ENSE00001365809_008	g0912	0	0.2480250011
ENSE00001365809_009	g0912	0	0.2604638061
ENSE00001371908_002	g0917	0	0.6593573377
ENSE00001371908_006	g0917	0	0.5455296158
ENSE00001371908_007	g0917	0	0.0099663653
ENSE00001371908_013	g0917	0	0.0415385232
ENSE00001371908_014	g0917	0	0.1396594121
ENSE00001371908_017	g0917	0	0.0059824222
ENSE00001371908_018	g0917	0	0.0042877785
ENSE00001371908_019	g0917	0	0.2121885680
ENSE00001371908_022	g0917	0	0.5206487181
ENSE00001371908_029	g0917	0	0.9902536264
ENSE00001371908_032	g0917	0	0.9474022265
ENSE00001379288_008	g0732	0	0.0001539888
ENSE00001379288_009	g0732	1	0.0003447323
ENSE00001379288_022	g0732	0	0.0108782317
ENSE00001379288_027	g0732	0	0.0000609241
ENSE00001379288_028	g0732	0	0.0000329428
ENSE00001383504_001	g0732	0	0.5689630710
ENSE00001383504_002	g0732	0	0.6634746691
ENSE00001383504_003	g0732	0	0.0011342805
ENSE00001383504_004	g0732	0	0.0229217119
ENSE00001383504_005	g0732	0	0.0091690457
ENSE00001383504_006	g0732	0	0.0207797139
ENSE00001383504_009	g0732	0	0.8758306843
ENSE00001383504_010	g0732	0	0.9908173879
ENSE00001383504_011	g0732	0	0.0051785664
ENSE00001383504_012	g0732	0	0.2935347325
ENSE00001383504_013	g0732	0	0.1419593971
ENSE00001383504_014	g0732	0	0.8564718444
ENSE00001383504_015	g0732	0	0.9642850825
ENSE00001383504_016	g0732	0	0.0017574502
ENSE00001383504_020	g0732	0	0.2670774676
ENSE00001383504_021	g0732	0	0.9573880253
ENSE00001383504_022	g0732	0	0.3099742552
ENSE00001383504_023	g0732	0	0.2822774337
ENSE00001388950_001	g0928	0	0.0028320873
ENSE00001388950_013	g0928	0	0.0469498796
ENSE00001388950_015	g0928	0	0.0000934201
ENSE00001388950_017	g0928	1	0.0001850180
ENSE00001388950_021	g0928	0	0.0006823992
ENSE00001388950_022	g0928	1	0.0003422992
ENSE00001388950_026	g0928	0	0.0003870417
ENSE00001388950_027	g0928	0	0.0000055274
ENSE00001390125_002	g0931	0	0.1494653402
ENSE00001390125_004	g0931	0	0.1132020979
ENSE00001390125_005	g0931	0	0.4583966740
ENSE00001390125_007	g0931	0	0.3161056999
ENSE00001390125_009	g0931	0	0.1071999272
ENSE00001390125_010	g0931	0	0.1757257491
ENSE00001390125_011	g0931	0	0.9172961910
ENSE00001390125_014	g0931	0	0.7585147922
ENSE00001390125_016	g0931	0	0.4250814532
ENSE00001390125_017	g0931	0	0.3782490930
ENSE00001390125_018	g0931	0	0.0660235718
ENSE00001390125_019	g0931	0	0.0038405145
ENSE00001390125_021	g0931	0	0.0885242078
ENSE00001390125_022	g0931	0	0.0730613391
ENSE00001400608_001	g0932	0	0.0002859500
ENSE00001400608_002	g0932	0	0.0754166111
ENSE00001400608_003	g0932	0	0.4174356846
ENSE00001400608_004	g0932	0	0.0820445567
ENSE00001400608_005	g0932	0	0.6858747613
ENSE00001400608_007	g0932	0	0.7580112263
ENSE00001400608_008	g0932	0	0.6614376241
ENSE00001400608_009	g0932	0	0.0171398121
ENSE00001400608_010	g0932	0	0.3570454513
ENSE00001400608_011	g0932	0	0.0148790404
ENSE00001400608_013	g0932	0	0.0624286293
ENSE00001400608_014	g0932	0	0.3848144012
ENSE00001400608_015	g0932	0	0.0065568783
ENSE00001400608_016	g0932	0	0.2020976846
ENSE00001400608_017	g0932	0	0.3173872460
ENSE00001400608_018	g0932	0	0.6410546406
ENSE00001401102_002	g0732	0	0.0257037431
ENSE00001401102_003	g0732	0	0.0035649079
ENSE00001401102_005	g0732	0	0.0118443631
ENSE00001401102_006	g0732	0	0.8663068030
ENSE00001401102_007	g0732	0	0.3680796921
ENSE00001401102_008	g0732	0	0.0123386688
ENSE00001401102_009	g0732	0	0.0706766257
ENSE00001401102_010	g0732	0	0.1498960083
ENSE00001401102_011	g0732	0	0.1274923628
ENSE00001401102_012	g0732	0	0.4497563951
ENSE00001401102_013	g0732	0	0.2356564524
ENSE00001401102_015	g0732	0	0.9199654525
ENSE00001401102_016	g0732	0	0.9931428150
ENSE00001401102_017	g0732	0	0.0767769270
ENSE00001401102_018	g0732	0	0.0053396717
ENSE00001401102_019	g0732	0	0.2606867719
ENSE00001401102_020	g0732	0	0.7193401395
ENSE00001401102_021	g0732	1	0.9699608647
ENSE00001401102_022	g0732	0	0.1637680082
ENSE00001401102_023	g0732	0	0.2445981037
ENSE00001401102_024	g0732	0	0.3015369376
ENSE00001401102_025	g0732	0	0.0546847059
ENSE00001401102_026	g0732	0	0.4212619108
ENSE00001401102_027	g0732	0	0.9860419185
ENSE00001401102_028	g0732	0	0.6419088609
ENSE00001401102_029	g0732	0	0.9180925745
ENSE00001401102_030	g0732	0	0.5325686123
ENSE00001404121_009	g0934	0	0.0003842685
ENSE00001404121_016	g0934	0	0.0002997681
ENSE00001404121_020	g0934	0	0.0006232359
ENSE00001404121_023	g0934	0	0.0008852710
ENSE00001404121_028	g0934	0	0.0000883990
ENSE00001405059_002	g0683	0	0.8986079158
ENSE00001405059_007	g0683	0	0.6661916622
ENSE00001405059_008	g0683	1	0.5342781157
ENSE00001405059_009	g0683	1	0.9878076233
ENSE00001405059_010	g0683	0	0.7766196545
ENSE00001405059_012	g0683	1	0.6998849720
ENSE00001405059_014	g0683	1	0.2635664963
ENSE00001405059_015	g0683	0	0.0219509470
ENSE00001405059_016	g0683	1	0.9304089103
ENSE00001405059_017	g0683	1	0.5931105705
ENSE00001405059_020	g0683	0	0.7402634207
ENSE00001405059_023	g0683	0	0.7685816686
ENSE00001405059_026	g0683	0	0.3638181184
ENSE00001408097_002	g0453	0	0.3677932895
ENSE00001408097_003	g0453	0	0.1509049992
ENSE00001408097_005	g0453	0	0.1174964990
ENSE00001408097_006	g0453	0	0.4955406878
ENSE00001408097_007	g0453	0	0.0077820018
ENSE00001408097_008	g0453	0	0.2271126099
ENSE00001408097_009	g0453	0	0.0812124339
ENSE00001408097_010	g0453	0	0.2541204500
ENSE00001408097_011	g0453	0	0.2114744248
ENSE00001408097_012	g0453	0	0.5632243155
ENSE00001408097_013	g0453	0	0.2205886932
ENSE00001408097_014	g0453	0	0.0595903582
ENSE00001408097_015	g0453	0	0.0180072133
ENSE00001408097_016	g0453	0	0.1316379389
ENSE00001408097_017	g0453	0	0.1965490082
ENSE00001408097_019	g0453	0	0.0165056036
ENSE00001408097_021	g0453	0	0.1488377840
ENSE00001408097_022	g0453	0	0.0680818349
ENSE00001408097_024	g0453	0	0.0171401067
ENSE00001408097_025	g0453	0	0.0494994282
ENSE00001408097_027	g0453	0	0.0247392902
ENSE00001408097_028	g0453	0	0.3308256121
ENSE00001408097_029	g0453	0	0.2470372605
ENSE00001408097_030	g0453	1	0.5872303384
ENSE00001408097_031	g0453	0	0.0073266983
ENSE00001408097_032	g0453	0	0.1155586230
ENSE00001408097_033	g0453	0	0.0172084854
ENSE00001408097_034	g0453	0	0.0392006094
ENSE00001411238_001	g0936	0	0.4253505954
ENSE00001411238_002	g0936	0	0.0596234331
ENSE00001411238_003	g0936	0	0.3965107442
ENSE00001411238_004	g0936	0	0.0106594139
ENSE00001411238_005	g0936	0	0.0017075955
ENSE00001411238_006	g0936	0	0.0023624321
ENSE00001411238_007	g0936	1	0.0099910519
ENSE00001411238_009	g0936	0	0.0028562091
ENSE00001411238_010	g0936	0	0.0055524730
ENSE00001411238_012	g0936	0	0.0010930995
ENSE00001411238_013	g0936	0	0.0046054670
ENSE00001411238_014	g0936	1	0.0026442803
ENSE00001411238_016	g0936	0	0.1190931087
ENSE00001411238_018	g0936	0	0.0235949417
ENSE00001411238_019	g0936	1	0.1755066273
ENSE00001411238_020	g0936	1	0.0255308681
ENSE00001411238_021	g0936	1	0.1369583656
ENSE00001411238_022	g0936	0	0.0082308672
ENSE00001411238_023	g0936	0	0.0112400939
ENSE00001411238_024	g0936	0	0.1945695941
ENSE00001411238_025	g0936	0	0.0129247549
ENSE00001411238_027	g0936	0	0.2658631075
ENSE00001411238_028	g0936	0	0.0860610974
ENSE00001411309_001	g0591	0	0.0297169185
ENSE00001411309_002	g0591	0	0.0187740861
ENSE00001411309_003	g0591	0	0.2528952912
ENSE00001411309_004	g0591	0	0.0273261356
ENSE00001411309_005	g0591	0	0.0538521927
ENSE00001411309_006	g0591	0	0.0008059163
ENSE00001411309_008	g0591	0	0.0035346322
ENSE00001411309_009	g0591	0	0.0012920681
ENSE00001411309_011	g0591	0	0.0007071402
ENSE00001411309_012	g0591	0	0.1988687738
ENSE00001411309_013	g0591	0	0.3686712807
ENSE00001411309_014	g0591	0	0.0025522241
ENSE00001411309_015	g0591	0	0.0329891242
ENSE00001411309_016	g0591	0	0.0163804559
ENSE00001411309_017	g0591	0	0.0938851663
ENSE00001411309_018	g0591	0	0.0000300322
ENSE00001411309_019	g0591	0	0.0085627422
ENSE00001411309_020	g0591	0	0.0192934992
ENSE00001411309_021	g0591	0	0.0008732801
ENSE00001411309_022	g0591	0	0.0257726219
ENSE00001411309_023	g0591	0	0.0010894085
ENSE00001411309_024	g0591	0	0.0102784622
ENSE00001411309_025	g0591	0	0.5453177049
ENSE00001411309_026	g0591	0	0.4382426229
ENSE00001413149_002	g0937	0	0.0373865255
ENSE00001413149_003	g0937	0	0.0574396768
ENSE00001413149_004	g0937	0	0.1755892527
ENSE00001413149_005	g0937	0	0.0119391473
ENSE00001413149_013	g0937	0	0.3529448260
ENSE00001413149_014	g0937	0	0.0364829630
ENSE00001413149_016	g0937	0	0.0964496314
ENSE00001413149_017	g0937	0	0.2766119882
ENSE00001413149_018	g0937	1	0.0004826990
ENSE00001413149_021	g0937	0	0.1265208909
ENSE00001414840_001	g0732	0	0.4530184685
ENSE00001414840_002	g0732	0	0.6086787189
ENSE00001414840_003	g0732	0	0.1579083672
ENSE00001414840_004	g0732	0	0.0240345035
ENSE00001414840_005	g0732	0	0.1696081246
ENSE00001414840_006	g0732	0	0.6703166343
ENSE00001414840_007	g0732	0	0.0116563254
ENSE00001414840_008	g0732	0	0.0269818887
ENSE00001414840_009	g0732	0	0.0457147471
ENSE00001414840_010	g0732	0	0.2645276992
ENSE00001414840_011	g0732	0	0.0923045913
ENSE00001414840_013	g0732	0	0.8215459072
ENSE00001414840_014	g0732	0	0.0210815254
ENSE00001414840_015	g0732	0	0.1948781785
ENSE00001414840_016	g0732	0	0.0003175933
ENSE00001414840_018	g0732	0	0.0326684336
ENSE00001414840_020	g0732	0	0.8404994630
ENSE00001414840_021	g0732	0	0.0199696404
ENSE00001414840_022	g0732	0	0.0526950028
ENSE00001414840_023	g0732	0	0.2804644286
ENSE00001414840_024	g0732	0	0.5107908699
ENSE00001414840_025	g0732	0	0.9770786541
ENSE00001414840_026	g0732	0	0.1600871115
ENSE00001414840_027	g0732	0	0.1892364328
ENSE00001414840_028	g0732	0	0.7655220785
ENSE00001414840_029	g0732	0	0.7532334889
ENSE00001414840_030	g0732	0	0.8042188700
ENSE00001414840_031	g0732	0	0.0104836971
ENSE00001414948_001	g0732	0	0.0000000020
ENSE00001414948_002	g0732	0	0.0000010107
ENSE00001414948_005	g0732	0	0.0000001206
ENSE00001414948_006	g0732	0	0.0000032970
ENSE00001414948_008	g0732	0	0.0000376882
ENSE00001414948_009	g0732	0	0.0000080347
ENSE00001415500_001	g0453	0	0.0006392940
ENSE00001415500_002	g0453	0	0.0000726763
ENSE00001415500_003	g0453	0	0.0004834241
ENSE00001415500_004	g0453	0	0.0034747959
ENSE00001415500_005	g0453	0	0.0210265252
ENSE00001415500_006	g0453	0	0.0080511447
ENSE00001415500_007	g0453	0	0.0001423974
ENSE00001415500_008	g0453	0	0.0002237735
ENSE00001415500_009	g0453	0	0.0000521977
ENSE00001415500_010	g0453	0	0.0000194951
ENSE00001415500_013	g0453	0	0.0003581938
ENSE00001415500_014	g0453	0	0.0000763816
ENSE00001415500_016	g0453	0	0.0002352521
ENSE00001415500_017	g0453	0	0.0399207765
ENSE00001415500_018	g0453	0	0.0058225444
ENSE00001415500_019	g0453	0	0.0041112379
ENSE00001415500_021	g0453	0	0.0000404195
ENSE00001415500_022	g0453	0	0.0000048614
ENSE00001415500_023	g0453	0	0.0645012283
ENSE00001415500_024	g0453	0	0.0028039714
ENSE00001415500_025	g0453	0	0.0004832281
ENSE00001416835_002	g0732	0	0.0002691254
ENSE00001416835_003	g0732	0	0.0003818072
ENSE00001416835_004	g0732	0	0.0006300189
ENSE00001416835_005	g0732	0	0.0074077730
ENSE00001416835_007	g0732	0	0.0006686052
ENSE00001416835_008	g0732	0	0.0251201815
ENSE00001416835_009	g0732	0	0.0007839339
ENSE00001416835_010	g0732	0	0.0022065805
ENSE00001416835_011	g0732	0	0.0005605996
ENSE00001416835_012	g0732	0	0.0002144916
ENSE00001416835_013	g0732	0	0.0007005906
ENSE00001416835_014	g0732	0	0.0000073345
ENSE00001416835_015	g0732	0	0.0022149639
ENSE00001416835_017	g0732	0	0.0062750619
ENSE00001416835_018	g0732	0	0.0021141473
ENSE00001416835_019	g0732	0	0.0001424321
ENSE00001416835_020	g0732	0	0.0020199450
ENSE00001416835_022	g0732	0	0.0002099138
ENSE00001416835_023	g0732	0	0.0002271910
ENSE00001416835_024	g0732	0	0.0000216276
ENSE00001416835_025	g0732	0	0.0012738549
ENSE00001416835_026	g0732	0	0.0000000558
ENSE00001416835_027	g0732	0	0.0000025122
ENSE00001416835_028	g0732	0	0.1144339798
ENSE00001416945_017	g0732	0	0.0009323304
ENSE00001417450_003	g0940	0	0.3330707660
ENSE00001417450_005	g0940	0	0.8761848155
ENSE00001417450_006	g0940	0	0.3547510723
ENSE00001417450_007	g0940	0	0.2696356703
ENSE00001417450_008	g0940	0	0.5872620698
ENSE00001417450_009	g0940	0	0.0763795096
ENSE00001417450_010	g0940	0	0.0132201283
ENSE00001417450_011	g0940	0	0.2917866885
ENSE00001417450_012	g0940	0	0.3781547713
ENSE00001417450_013	g0940	0	0.4000742174
ENSE00001417450_014	g0940	0	0.7935069253
ENSE00001417450_015	g0940	0	0.3333343436
ENSE00001417450_017	g0940	0	0.8016890935
ENSE00001417450_018	g0940	0	0.7379193314
ENSE00001417450_019	g0940	0	0.3847962848
ENSE00001417450_020	g0940	0	0.4201428965
ENSE00001417450_021	g0940	0	0.8667954870
ENSE00001417450_022	g0940	0	0.0090431678
ENSE00001417450_023	g0940	0	0.2876212815
ENSE00001417450_024	g0940	0	0.1091564522
ENSE00001419814_010	g0683	0	0.0011125853
ENSE00001419814_016	g0683	0	0.0011221820
ENSE00001421660_001	g0591	0	0.3365115435
ENSE00001421660_002	g0591	0	0.0248506058
ENSE00001421660_003	g0591	0	0.0156744737
ENSE00001421660_004	g0591	0	0.0016051309
ENSE00001421660_006	g0591	1	0.7972303566
ENSE00001421660_008	g0591	0	0.1292975350
ENSE00001421660_010	g0591	0	0.0381481215
ENSE00001421660_011	g0591	0	0.3259666163
ENSE00001421660_012	g0591	0	0.0150577255
ENSE00001421660_013	g0591	0	0.5725145266
ENSE00001421660_014	g0591	0	0.0913736130
ENSE00001421660_016	g0591	1	0.0181260877
ENSE00001421660_017	g0591	0	0.6042089033
ENSE00001421660_019	g0591	0	0.2761340604
ENSE00001421660_020	g0591	0	0.5849583294
ENSE00001421660_022	g0591	0	0.0234743005
ENSE00001421660_023	g0591	0	0.0246770689
ENSE00001421660_024	g0591	0	0.0080513526
ENSE00001421660_025	g0591	0	0.0611528898
ENSE00001421660_026	g0591	0	0.1742769090
ENSE00001421660_027	g0591	0	0.8743763434
ENSE00001421660_028	g0591	0	0.2329879639
ENSE00001421660_029	g0591	0	0.6807370071
ENSE00001421810_003	g0943	0	0.7120650521
ENSE00001421810_006	g0943	0	0.9999028238
ENSE00001421810_015	g0943	0	0.9949878623
ENSE00001421810_019	g0943	0	0.9749166944
ENSE00001423601_001	g0732	0	0.0000229033
ENSE00001423601_002	g0732	0	0.0000206556
ENSE00001423601_003	g0732	0	0.0000501599
ENSE00001423601_005	g0732	0	0.0000157751
ENSE00001423601_007	g0732	0	0.0007940008
ENSE00001423601_009	g0732	0	0.0000041469
ENSE00001423601_013	g0732	0	0.0000138158
ENSE00001423601_014	g0732	0	0.0004298667
ENSE00001423601_015	g0732	0	0.0140687634
ENSE00001423601_018	g0732	0	0.0000989433
ENSE00001423601_024	g0732	0	0.0000591325
ENSE00001423601_025	g0732	0	0.0003734931
ENSE00001425011_002	g0944	0	0.0000012932
ENSE00001425011_005	g0944	0	0.0000015041
ENSE00001425011_007	g0944	0	0.0000000237
ENSE00001425011_010	g0944	0	0.0000103909
ENSE00001425011_011	g0944	0	0.0000008886
ENSE00001425011_013	g0944	0	0.0000085927
ENSE00001425011_020	g0944	0	0.0000359235
ENSE00001425011_021	g0944	0	0.0000021859
ENSE00001425011_022	g0944	0	0.0000001261
ENSE00001425011_023	g0944	0	0.0000001661
ENSE00001425801_001	g0732	0	0.0131796428
ENSE00001425801_002	g0732	0	0.0002298180
ENSE00001425801_003	g0732	0	0.0031844570
ENSE00001425801_004	g0732	0	0.0245001667
ENSE00001425801_005	g0732	0	0.0480572404
ENSE00001425801_006	g0732	1	0.0011966002
ENSE00001425801_007	g0732	0	0.0050412930
ENSE00001425801_008	g0732	0	0.0016396849
ENSE00001425801_009	g0732	0	0.0001700900
ENSE00001425801_011	g0732	0	0.0004244200
ENSE00001425801_013	g0732	0	0.0000036965
ENSE00001425801_014	g0732	0	0.0001081551
ENSE00001425801_015	g0732	0	0.0009150600
ENSE00001425801_016	g0732	0	0.0025699326
ENSE00001425801_017	g0732	0	0.0123733764
ENSE00001425801_018	g0732	1	0.0002684569
ENSE00001425801_020	g0732	0	0.0548992564
ENSE00001425801_021	g0732	0	0.0031741661
ENSE00001425801_022	g0732	1	0.0062923428
ENSE00001425801_023	g0732	0	0.0013383712
ENSE00001425801_024	g0732	0	0.0002313819
ENSE00001425801_025	g0732	0	0.0041129704
ENSE00001428689_003	g0732	0	0.0006794885
ENSE00001428689_004	g0732	0	0.0015098737
ENSE00001428689_005	g0732	0	0.0002299610
ENSE00001428689_008	g0732	0	0.0056229827
ENSE00001428689_009	g0732	0	0.0035816264
ENSE00001428689_010	g0732	0	0.3084742830
ENSE00001428689_012	g0732	1	0.0164419622
ENSE00001428689_013	g0732	0	0.0048088638
ENSE00001428689_014	g0732	0	0.0005063343
ENSE00001428689_015	g0732	0	0.0094386616
ENSE00001428689_016	g0732	0	0.0080760987
ENSE00001428689_017	g0732	0	0.0004149815
ENSE00001428689_019	g0732	0	0.0146637699
ENSE00001428689_020	g0732	0	0.0011009860
ENSE00001433814_008	g0732	0	0.0131674564
ENSE00001433814_014	g0732	0	0.0035420643
ENSE00001433814_019	g0732	0	0.0055580058
ENSE00001433814_021	g0732	0	0.1729067460
ENSE00001433814_022	g0732	0	0.0682521680
ENSE00001434905_001	g0946	1	0.0000378188
ENSE00001434905_002	g0946	0	0.0004272208
ENSE00001434905_003	g0946	1	0.0017546641
ENSE00001434905_004	g0946	0	0.0013532480
ENSE00001434905_005	g0946	0	0.0966981430
ENSE00001434905_006	g0946	0	0.0000188363
ENSE00001434905_007	g0946	0	0.0001037857
ENSE00001434905_008	g0946	0	0.0165224603
ENSE00001434905_009	g0946	0	0.2626876207
ENSE00001434905_010	g0946	0	0.0056441693
ENSE00001434905_011	g0946	0	0.0957766080
ENSE00001434905_012	g0946	0	0.0981964818
ENSE00001434905_013	g0946	1	0.0771160088
ENSE00001434905_014	g0946	0	0.0019208855
ENSE00001434905_015	g0946	0	0.0046653549
ENSE00001435474_001	g0947	0	0.1353001366
ENSE00001435474_003	g0947	0	0.0879410522
ENSE00001435474_007	g0947	0	0.0086968856
ENSE00001435474_009	g0947	1	0.0011233699
ENSE00001435474_012	g0947	0	0.0371521662
ENSE00001435474_013	g0947	0	0.1565721623
ENSE00001435474_014	g0947	0	0.0205993079
ENSE00001435474_017	g0947	0	0.0999483928
ENSE00001435474_023	g0947	0	0.2285822849
ENSE00001435474_024	g0947	0	0.5642155272
ENSE00001435474_025	g0947	0	0.0131077357
ENSE00001436426_001	g0946	0	0.0577077344
ENSE00001436426_002	g0946	0	0.2335893494
ENSE00001436426_003	g0946	0	0.2048536965
ENSE00001436426_004	g0946	0	0.9898435949
ENSE00001436426_005	g0946	0	0.4855469311
ENSE00001436426_006	g0946	0	0.0191085572
ENSE00001436426_007	g0946	0	0.0401933492
ENSE00001436426_008	g0946	0	0.0604146400
ENSE00001436426_010	g0946	0	0.3054780839
ENSE00001436426_012	g0946	0	0.8219423714
ENSE00001436426_013	g0946	0	0.9016505639
ENSE00001436426_015	g0946	0	0.3295412284
ENSE00001436426_016	g0946	0	0.1492254860
ENSE00001461269_001	g0949	0	0.0067533112
ENSE00001461269_002	g0949	0	0.0025073096
ENSE00001461269_004	g0949	0	0.0004876781
ENSE00001461269_005	g0949	0	0.0061680750
ENSE00001461269_006	g0949	0	0.0005807325
ENSE00001461269_007	g0949	0	0.0020715327
ENSE00001461269_008	g0949	0	0.0000364368
ENSE00001461269_009	g0949	0	0.0222873932
ENSE00001461269_010	g0949	0	0.0047467767
ENSE00001461269_011	g0949	0	0.0004068067
ENSE00001461269_013	g0949	0	0.0000815860
ENSE00001461269_015	g0949	0	0.0053768055
ENSE00001461269_016	g0949	0	0.0047493285
ENSE00001461269_017	g0949	0	0.0102878161
ENSE00001461269_018	g0949	0	0.0015590057
ENSE00001461269_019	g0949	0	0.0241725114
ENSE00001461269_020	g0949	0	0.0208259756
ENSE00001461269_021	g0949	0	0.0004709670
ENSE00001461269_022	g0949	0	0.0007485234
ENSE00001461269_023	g0949	0	0.1821108722
ENSE00001461269_024	g0949	0	0.0574468496
ENSE00001461281_001	g0949	0	0.0020287294
ENSE00001461281_002	g0949	0	0.0048896399
ENSE00001461281_003	g0949	0	0.0019605511
ENSE00001461281_004	g0949	0	0.0008886322
ENSE00001461281_005	g0949	0	0.0057936306
ENSE00001461281_006	g0949	0	0.0199856046
ENSE00001461281_007	g0949	0	0.0062365759
ENSE00001461281_008	g0949	0	0.0071257994
ENSE00001461281_010	g0949	0	0.0012008795
ENSE00001461281_013	g0949	0	0.0055148155
ENSE00001461281_014	g0949	0	0.0013302690
ENSE00001461281_015	g0949	0	0.1431457851
ENSE00001461281_022	g0949	0	0.0014198273
ENSE00001461281_023	g0949	0	0.0042450426
ENSE00001461281_025	g0949	0	0.0980030756
ENSE00001461281_026	g0949	0	0.0524438728
ENSE00001461281_027	g0949	0	0.0002765124
ENSE00001461313_001	g0950	0	0.0594284534
ENSE00001461313_002	g0950	0	0.4466960994
ENSE00001461313_003	g0950	0	0.1335513949
ENSE00001461313_007	g0950	0	0.0531817416
ENSE00001461313_010	g0950	0	0.0228646574
ENSE00001461313_011	g0950	0	0.0000953925
ENSE00001461313_013	g0950	0	0.0268260432
ENSE00001461313_016	g0950	0	0.1035579649
ENSE00001461314_002	g0950	0	0.0000600396
ENSE00001461314_003	g0950	0	0.0007390459
ENSE00001461314_004	g0950	0	0.0000290862
ENSE00001461314_010	g0950	1	0.0020122991
ENSE00001461314_011	g0950	1	0.0072636865
ENSE00001461314_016	g0950	1	0.0003987344
ENSE00001461314_017	g0950	0	0.0002446284
ENSE00001461316_001	g0950	0	0.0355550354
ENSE00001461316_003	g0950	0	0.0000238233
ENSE00001461316_006	g0950	0	0.0195426545
ENSE00001461316_007	g0950	0	0.0447353728
ENSE00001461316_008	g0950	0	0.0315832375
ENSE00001461316_010	g0950	1	0.0040546451
ENSE00001461316_012	g0950	0	0.0006342691
ENSE00001461316_013	g0950	1	0.0005257238
ENSE00001461316_015	g0950	0	0.0020724936
ENSE00001461316_016	g0950	1	0.0486136327
ENSE00001461316_017	g0950	0	0.0011109735
ENSE00001461316_018	g0950	0	0.0060686379
ENSE00001461316_020	g0950	0	0.0001437308
ENSE00001461316_021	g0950	0	0.1858530468
ENSE00001461316_022	g0950	0	0.0193957823
ENSE00001461320_001	g0950	0	0.3104953657
ENSE00001461320_002	g0950	0	0.1999047923
ENSE00001461320_003	g0950	0	0.0152839922
ENSE00001461320_004	g0950	1	0.7769641147
ENSE00001461320_005	g0950	0	0.0121704239
ENSE00001461320_006	g0950	0	0.3994281666
ENSE00001461320_007	g0950	0	0.1625864509
ENSE00001461320_009	g0950	0	0.6942920427
ENSE00001461320_011	g0950	0	0.0467744494
ENSE00001461320_012	g0950	0	0.6804099730
ENSE00001461320_013	g0950	1	0.0388207032
ENSE00001461320_014	g0950	0	0.1002177960
ENSE00001461320_015	g0950	0	0.4111427840
ENSE00001461320_016	g0950	0	0.4369747268
ENSE00001461320_017	g0950	0	0.5563338969
ENSE00001461320_018	g0950	0	0.3349207263
ENSE00001461320_019	g0950	0	0.5355596935
ENSE00001461320_020	g0950	0	0.5941716474
ENSE00001461320_021	g0950	0	0.0353857186
ENSE00001461320_023	g0950	0	0.9537558396
ENSE00001461320_024	g0950	0	0.7502526729
ENSE00001471865_024	g0956	0	0.0030547408
ENSE00001479783_001	g0959	0	0.0006333522
ENSE00001479783_002	g0959	0	0.0015077146
ENSE00001479783_003	g0959	0	0.0059265147
ENSE00001479783_005	g0959	0	0.0000711913
ENSE00001479783_008	g0959	0	0.0013185509
ENSE00001479783_010	g0959	0	0.7932071084
ENSE00001479783_011	g0959	0	0.0000350457
ENSE00001479783_014	g0959	0	0.0455846944
ENSE00001479783_015	g0959	0	0.0001866171
ENSE00001479783_016	g0959	0	0.0021580535
ENSE00001479783_017	g0959	0	0.0000000579
ENSE00001479783_018	g0959	0	0.0000000484
ENSE00001479783_019	g0959	0	0.7574662912
ENSE00001479783_020	g0959	0	0.0019645857
ENSE00001479783_021	g0959	0	0.0034634637
ENSE00001483044_001	g0591	0	0.9942366428
ENSE00001483044_002	g0591	0	0.7650850073
ENSE00001483044_003	g0591	0	0.9531005704
ENSE00001483044_005	g0591	1	0.0661205396
ENSE00001483044_006	g0591	0	0.9773163482
ENSE00001483044_008	g0591	0	0.7481667447
ENSE00001483044_009	g0591	0	0.9880985970
ENSE00001483044_013	g0591	0	0.8789100477
ENSE00001483044_014	g0591	0	0.7730117292
ENSE00001483044_016	g0591	0	0.9193286420
ENSE00001483044_017	g0591	0	0.9007937616
ENSE00001483044_019	g0591	0	0.9858070664
ENSE00001483044_020	g0591	0	0.7448461269
ENSE00001483044_022	g0591	0	0.4488372726
ENSE00001483454_002	g0961	0	0.0000480082
ENSE00001483454_010	g0961	0	0.0004419509
ENSE00001483454_013	g0961	0	0.0016530986
ENSE00001483454_017	g0961	0	0.0000042232
ENSE00001484412_001	g0936	0	0.0000150796
ENSE00001484412_002	g0936	0	0.0000000070
ENSE00001484412_003	g0936	0	0.0000024189
ENSE00001484412_004	g0936	0	0.0006581186
ENSE00001484412_005	g0936	0	0.0000433248
ENSE00001484412_006	g0936	0	0.0000124564
ENSE00001484412_008	g0936	0	0.0000100173
ENSE00001484412_009	g0936	0	0.0000302982
ENSE00001484412_010	g0936	0	0.0000072148
ENSE00001484412_012	g0936	0	0.0000007357
ENSE00001484412_013	g0936	0	0.0000244985
ENSE00001484412_014	g0936	0	0.0000075614
ENSE00001484412_015	g0936	0	0.0000032333
ENSE00001484412_016	g0936	0	0.0021334996
ENSE00001484412_017	g0936	0	0.0001286546
ENSE00001484412_019	g0936	0	0.0000057585
ENSE00001484412_021	g0936	0	0.0000797153
ENSE00001484412_022	g0936	0	0.0002911894
ENSE00001484412_023	g0936	0	0.0000099599
ENSE00001484412_027	g0936	0	0.0000005244
ENSE00001484412_028	g0936	0	0.0001026885
ENSE00001484412_030	g0936	0	0.0001675268
ENSE00001484412_031	g0936	0	0.0000377416
ENSE00001484412_032	g0936	0	0.0000075179
ENSE00001488336_002	g0964	0	0.0058415605
ENSE00001488336_003	g0964	1	0.1071090619
ENSE00001488336_004	g0964	0	0.3642967544
ENSE00001488336_005	g0964	0	0.0054214524
ENSE00001488336_006	g0964	0	0.1890765785
ENSE00001488336_007	g0964	0	0.0991838898
ENSE00001488336_008	g0964	0	0.5118532048
ENSE00001488336_010	g0964	0	0.0662389252
ENSE00001488336_011	g0964	0	0.7397763453
ENSE00001488336_012	g0964	0	0.0899550305
ENSE00001488336_014	g0964	0	0.6839737008
ENSE00001488336_015	g0964	0	0.7205192447
ENSE00001488336_016	g0964	0	0.9999454270
ENSE00001488336_017	g0964	0	0.1310100154
ENSE00001488336_018	g0964	0	0.9995414524
ENSE00001488336_019	g0964	0	0.9997079166
ENSE00001488336_020	g0964	0	0.9991470457
ENSE00001505837_002	g0969	0	0.0000012573
ENSE00001505837_004	g0969	0	0.0002230402
ENSE00001505837_007	g0969	0	0.0000049204
ENSE00001505837_009	g0969	0	0.0000072084
ENSE00001505837_010	g0969	0	0.0000184450
ENSE00001505837_011	g0969	0	0.0000376319
ENSE00001505837_012	g0969	0	0.0000163623
ENSE00001505837_013	g0969	0	0.0000619615
ENSE00001505837_016	g0969	0	0.0000203222
ENSE00001505837_017	g0969	0	0.0000028149
ENSE00001505837_020	g0969	0	0.0001098976
ENSE00001505837_021	g0969	0	0.0000299888
ENSE00001505837_022	g0969	0	0.0000023518
ENSE00001505837_023	g0969	0	0.0000106119
ENSE00001505837_025	g0969	0	0.0000252403
ENSE00001505837_026	g0969	0	0.0000344578
ENSE00001505837_027	g0969	0	0.0000273130
ENSE00001505837_028	g0969	0	0.0001271352
ENSE00001577294_001	g0575	0	0.0173291277
ENSE00001577294_003	g0575	0	0.0028407734
ENSE00001577294_008	g0575	0	0.0145825210
ENSE00001577294_009	g0575	0	0.0260965791
ENSE00001577294_010	g0575	0	0.0102103698
ENSE00001577294_012	g0575	0	0.4820365529
ENSE00001577294_014	g0575	0	0.0135400676
ENSE00001577294_015	g0575	0	0.4241073512
ENSE00001577294_017	g0575	0	0.1251192066
ENSE00001577294_021	g0575	0	0.0044216442
ENSE00001577294_024	g0575	0	0.0212822070
ENSE00001589348_001	g0575	0	0.0000180547
ENSE00001589348_003	g0575	0	0.0000369513
ENSE00001589348_004	g0575	0	0.0014154464
ENSE00001589348_005	g0575	0	0.0015556216
ENSE00001589348_006	g0575	0	0.0182209115
ENSE00001589348_007	g0575	0	0.0079086924
ENSE00001589348_008	g0575	0	0.0116715696
ENSE00001589348_009	g0575	0	0.0000423248
ENSE00001589348_010	g0575	0	0.0000789696
ENSE00001589348_011	g0575	0	0.0347186759
ENSE00001589348_012	g0575	0	0.0002681420
ENSE00001589348_014	g0575	0	0.1998354597
ENSE00001589348_015	g0575	0	0.2971459302
ENSE00001589348_017	g0575	0	0.0034024749
ENSE00001589348_018	g0575	0	0.0028538174
ENSE00001589348_019	g0575	0	0.0015920846
ENSE00001589348_020	g0575	0	0.0570271741
ENSE00001593922_002	g0983	0	0.0006822980
ENSE00001593922_004	g0983	0	0.0002155883
ENSE00001593922_005	g0983	0	0.0000477190
ENSE00001593922_006	g0983	0	0.0000212697
ENSE00001593922_009	g0983	0	0.0113935644
ENSE00001593922_012	g0983	0	0.0029616150
ENSE00001593922_013	g0983	0	0.2074805228
ENSE00001593922_014	g0983	0	0.0171256143
ENSE00001593922_016	g0983	0	0.0108599096
ENSE00001593922_017	g0983	0	0.0071810703
ENSE00001595572_001	g0778	0	0.0000175660
ENSE00001595572_002	g0778	0	0.0000001892
ENSE00001595572_004	g0778	0	0.0000026891
ENSE00001595572_006	g0778	0	0.0000000470
ENSE00001595572_007	g0778	0	0.0000000217
ENSE00001595572_008	g0778	0	0.0000001904
ENSE00001597659_001	g0989	0	0.0000348352
ENSE00001597659_002	g0989	0	0.0001891717
ENSE00001597659_005	g0989	0	0.0003069383
ENSE00001597659_006	g0989	0	0.0001720346
ENSE00001597659_009	g0989	0	0.0000062955
ENSE00001598152_005	g0991	0	0.9937365808
ENSE00001598152_011	g0991	0	0.9829577252
ENSE00001598152_012	g0991	0	0.1849632996
ENSE00001598152_013	g0991	0	0.8314198417
ENSE00001598152_014	g0991	0	0.9963716460
ENSE00001598578_001	g0992	0	0.0076824779
ENSE00001598578_002	g0992	0	0.0046893785
ENSE00001598578_007	g0992	0	0.0445375575
ENSE00001598578_009	g0992	0	0.0609736019
ENSE00001598578_010	g0992	0	0.0257202023
ENSE00001598578_012	g0992	0	0.0317708267
ENSE00001598578_013	g0992	0	0.0030062977
ENSE00001600313_001	g0994	0	0.1205388981
ENSE00001600313_002	g0994	0	0.0092101571
ENSE00001600313_004	g0994	0	0.8859078993
ENSE00001600313_006	g0994	0	0.0439210653
ENSE00001600313_007	g0994	0	0.0958102078
ENSE00001600313_008	g0994	0	0.8595694055
ENSE00001600313_009	g0994	0	0.0363723485
ENSE00001600313_010	g0994	0	0.0362076198
ENSE00001600313_011	g0994	0	0.0202582035
ENSE00001600313_013	g0994	0	0.0394850776
ENSE00001602153_001	g0998	0	0.9981482443
ENSE00001608196_001	g0456	0	0.0000000003
ENSE00001608196_009	g0456	0	0.0000007959
ENSE00001608196_014	g0456	0	0.0000000019
ENSE00001608196_019	g0456	0	0.0000022703
ENSE00001614247_001	g1014	0	0.0000199418
ENSE00001614247_002	g1014	0	0.0000106546
ENSE00001614247_003	g1014	0	0.0000107267
ENSE00001614247_004	g1014	0	0.0002277242
ENSE00001614247_006	g1014	0	0.0000124857
ENSE00001614247_007	g1014	0	0.0000016885
ENSE00001614247_010	g1014	0	0.0003416772
ENSE00001614247_011	g1014	0	0.0000309057
ENSE00001614247_012	g1014	0	0.0000090612
ENSE00001614247_014	g1014	0	0.0000219476
ENSE00001614247_015	g1014	0	0.0000092490
ENSE00001614247_016	g1014	0	0.0000008428
ENSE00001614247_017	g1014	0	0.0002289448
ENSE00001614247_018	g1014	0	0.0000094409
ENSE00001614247_019	g1014	0	0.0005116170
ENSE00001614247_022	g1014	0	0.0041519319
ENSE00001614247_023	g1014	0	0.0001283886
ENSE00001614247_026	g1014	0	0.0001066471
ENSE00001614247_028	g1014	0	0.0000162891
ENSE00001614247_029	g1014	0	0.0000036886
ENSE00001614247_030	g1014	0	0.0000013544
ENSE00001614247_031	g1014	0	0.0000986967
ENSE00001614247_032	g1014	0	0.0000005693
ENSE00001614247_034	g1014	0	0.0000011344
ENSE00001614247_035	g1014	0	0.0000002905
ENSE00001614247_036	g1014	0	0.0003312206
ENSE00001614247_038	g1014	0	0.0005275523
ENSE00001614247_039	g1014	0	0.0065309941
ENSE00001614247_042	g1014	0	0.0000415960
ENSE00001614247_043	g1014	0	0.0001194223
ENSE00001614247_044	g1014	0	0.0000042303
ENSE00001614618_001	g1015	0	0.0435437947
ENSE00001614618_002	g1015	0	0.0060826836
ENSE00001614618_003	g1015	0	0.0028303440
ENSE00001614618_004	g1015	1	0.0049426218
ENSE00001614618_009	g1015	0	0.0134224878
ENSE00001614618_010	g1015	0	0.0123829906
ENSE00001614618_011	g1015	0	0.0102238543
ENSE00001614618_012	g1015	0	0.0071171655
ENSE00001614618_014	g1015	0	0.0003695494
ENSE00001614618_017	g1015	0	0.0012867853
ENSE00001614618_018	g1015	0	0.0007526208
ENSE00001614618_019	g1015	0	0.0153108990
ENSE00001614618_020	g1015	0	0.0192221400
ENSE00001614618_022	g1015	0	0.1241425725
ENSE00001614618_023	g1015	1	0.0024529471
ENSE00001614618_024	g1015	0	0.0003423213
ENSE00001614618_025	g1015	0	0.0023856811
ENSE00001614618_026	g1015	0	0.0014524672
ENSE00001614618_028	g1015	0	0.0038824272
ENSE00001617896_001	g1020	0	0.0003870440
ENSE00001617896_004	g1020	0	0.0000170363
ENSE00001617896_005	g1020	0	0.0000487403
ENSE00001617896_007	g1020	1	0.0010519599
ENSE00001617896_010	g1020	0	0.0041416294
ENSE00001617896_011	g1020	0	0.0086891257
ENSE00001617896_014	g1020	0	0.0001534269
ENSE00001617896_015	g1020	0	0.0002329141
ENSE00001617896_016	g1020	0	0.0000106282
ENSE00001617896_017	g1020	0	0.0001397916
ENSE00001617896_019	g1020	0	0.0001396580
ENSE00001617896_020	g1020	0	0.0000154158
ENSE00001617896_022	g1020	0	0.0000111011
ENSE00001617896_023	g1020	1	0.0000342426
ENSE00001617896_025	g1020	0	0.0009322997
ENSE00001617896_026	g1020	0	0.0000033329
ENSE00001617896_027	g1020	0	0.0000415876
ENSE00001617896_028	g1020	0	0.0001353517
ENSE00001617896_029	g1020	0	0.0047505630
ENSE00001619744_004	g1022	0	0.0002317426
ENSE00001619744_007	g1022	0	0.0029635516
ENSE00001619744_009	g1022	0	0.0254214126
ENSE00001619744_012	g1022	0	0.1224631958
ENSE00001619744_022	g1022	0	0.0013181601
ENSE00001620643_001	g0994	0	0.3893819912
ENSE00001620643_002	g0994	0	0.0604501976
ENSE00001620643_003	g0994	0	0.7566523824
ENSE00001620643_004	g0994	0	0.6844474323
ENSE00001620643_005	g0994	0	0.5029377254
ENSE00001620643_006	g0994	1	0.0710590447
ENSE00001620643_007	g0994	0	0.0335961746
ENSE00001620643_008	g0994	0	0.0668474580
ENSE00001620643_009	g0994	0	0.3853404882
ENSE00001620643_010	g0994	0	0.3540979892
ENSE00001620643_012	g0994	0	0.3003031200
ENSE00001620643_013	g0994	0	0.1918637338
ENSE00001620643_016	g0994	0	0.0280509242
ENSE00001620643_017	g0994	0	0.1766653767
ENSE00001620643_018	g0994	0	0.0254833802
ENSE00001620643_019	g0994	0	0.0152490484
ENSE00001620643_020	g0994	0	0.0801320497
ENSE00001620643_021	g0994	0	0.1335351229
ENSE00001620741_001	g0989	0	0.0000938110
ENSE00001620741_002	g0989	0	0.0000721528
ENSE00001620741_003	g0989	0	0.0000496187
ENSE00001620741_004	g0989	0	0.0000454193
ENSE00001620741_005	g0989	0	0.0001618546
ENSE00001620741_006	g0989	0	0.0011361595
ENSE00001620741_008	g0989	0	0.0016150961
ENSE00001620741_009	g0989	0	0.0000813256
ENSE00001620741_010	g0989	0	0.0000206115
ENSE00001621722_003	g0994	0	0.0078156001
ENSE00001621722_006	g0994	0	0.0831589131
ENSE00001621722_008	g0994	0	0.0003983540
ENSE00001621722_009	g0994	0	0.0218827140
ENSE00001621722_011	g0994	0	0.0057706514
ENSE00001621722_015	g0994	0	0.0644483571
ENSE00001621722_016	g0994	0	0.0085884376
ENSE00001621722_017	g0994	0	0.3272737084
ENSE00001621722_019	g0994	0	0.0051110625
ENSE00001621722_020	g0994	0	0.1644042085
ENSE00001621722_021	g0994	0	0.3134895633
ENSE00001621722_022	g0994	0	0.0148516539
ENSE00001623489_005	g0699	0	0.0020544949
ENSE00001623489_006	g0699	0	0.0001829665
ENSE00001623489_009	g0699	0	0.0000250862
ENSE00001623489_010	g0699	0	0.0000003315
ENSE00001623528_006	g1028	0	0.0033427629
ENSE00001623528_009	g1028	0	0.0002970289
ENSE00001623528_010	g1028	0	0.1422691394
ENSE00001623528_015	g1028	0	0.0257117354
ENSE00001623528_021	g1028	0	0.0001940639
ENSE00001624107_001	g1029	0	0.0329625577
ENSE00001624107_004	g1029	0	0.0004291011
ENSE00001624107_017	g1029	0	0.0065366959
ENSE00001624107_018	g1029	0	0.0250832370
ENSE00001624107_019	g1029	0	0.1308241309
ENSE00001624107_020	g1029	0	0.0362438221
ENSE00001624107_028	g1029	0	0.0503980900
ENSE00001625627_004	g0456	0	0.0000746417
ENSE00001625627_007	g0456	1	0.0064520332
ENSE00001625627_010	g0456	0	0.0000366393
ENSE00001625627_012	g0456	0	0.0027855786
ENSE00001625627_014	g0456	0	0.0027181591
ENSE00001625627_015	g0456	0	0.0013402934
ENSE00001625627_019	g0456	1	0.0159075424
ENSE00001625627_024	g0456	0	0.0012638966
ENSE00001632380_011	g0456	0	0.4246274050
ENSE00001632380_015	g0456	0	0.1720850249
ENSE00001632380_025	g0456	0	0.0095428641
ENSE00001635067_005	g1043	0	0.7483015651
ENSE00001635067_011	g1043	0	0.2403772366
ENSE00001635067_012	g1043	0	0.0028864208
ENSE00001635067_013	g1043	0	0.3427081792
ENSE00001635067_016	g1043	0	0.3741340018
ENSE00001635067_017	g1043	0	0.5121838191
ENSE00001635067_019	g1043	0	0.8597260273
ENSE00001635067_021	g1043	0	0.6822787694
ENSE00001635067_023	g1043	0	0.0217144606
ENSE00001635067_025	g1043	0	0.0297926862
ENSE00001635067_027	g1043	0	0.0018074907
ENSE00001635067_028	g1043	0	0.0771756190
ENSE00001635327_001	g1045	0	0.0000134448
ENSE00001635327_002	g1045	0	0.0000001715
ENSE00001635327_003	g1045	0	0.0000191504
ENSE00001635327_004	g1045	0	0.0001641742
ENSE00001635327_005	g1045	0	0.0001865956
ENSE00001635327_006	g1045	0	0.0001983695
ENSE00001635327_007	g1045	0	0.0000174388
ENSE00001635327_008	g1045	0	0.0021323281
ENSE00001635327_009	g1045	0	0.0001342123
ENSE00001635327_010	g1045	0	0.0003847127
ENSE00001635327_013	g1045	0	0.0002385578
ENSE00001635327_015	g1045	0	0.0002975843
ENSE00001635327_016	g1045	0	0.0000019961
ENSE00001635327_017	g1045	0	0.0000005413
ENSE00001635327_019	g1045	1	0.0003592492
ENSE00001635327_020	g1045	0	0.0052455254
ENSE00001635327_022	g1045	0	0.0006709510
ENSE00001635327_024	g1045	0	0.0000063088
ENSE00001635327_025	g1045	0	0.0001091874
ENSE00001635327_026	g1045	0	0.0010579075
ENSE00001635327_027	g1045	0	0.0000232052
ENSE00001635327_028	g1045	0	0.0001844622
ENSE00001635327_029	g1045	0	0.0001185279
ENSE00001639984_001	g1051	0	0.0000814155
ENSE00001639984_002	g1051	0	0.0001679135
ENSE00001639984_003	g1051	0	0.1590033035
ENSE00001639984_004	g1051	0	0.0005961460
ENSE00001639984_005	g1051	0	0.0301709307
ENSE00001639984_006	g1051	0	0.1035301452
ENSE00001639984_007	g1051	0	0.1147699796
ENSE00001639984_008	g1051	0	0.8416703737
ENSE00001639984_009	g1051	0	0.2812067728
ENSE00001639984_011	g1051	0	0.9392242575
ENSE00001639984_018	g1051	0	0.0008442509
ENSE00001639984_020	g1051	0	0.0006465929
ENSE00001639984_021	g1051	0	0.0963918760
ENSE00001639984_022	g1051	0	0.0138807618
ENSE00001639984_023	g1051	0	0.2050445074
ENSE00001639984_024	g1051	0	0.7445643086
ENSE00001639984_025	g1051	0	0.7882181650
ENSE00001639984_026	g1051	0	0.2022003146
ENSE00001639984_027	g1051	0	0.9233424251
ENSE00001639984_028	g1051	0	0.2256495524
ENSE00001639984_029	g1051	0	0.3467598802
ENSE00001639984_030	g1051	0	0.0306056512
ENSE00001642061_004	g1053	0	0.0006318814
ENSE00001642061_010	g1053	1	0.0168380636
ENSE00001642061_015	g1053	0	0.0002185539
ENSE00001642061_021	g1053	0	0.0000069951
ENSE00001642061_024	g1053	0	0.0116960519
ENSE00001642210_001	g1054	0	0.0097876994
ENSE00001642210_002	g1054	0	0.0000126137
ENSE00001642210_003	g1054	0	0.0000175329
ENSE00001642210_004	g1054	0	0.0000025925
ENSE00001642210_006	g1054	0	0.0000137834
ENSE00001642210_008	g1054	0	0.0031805662
ENSE00001642210_009	g1054	0	0.0000459893
ENSE00001642210_010	g1054	0	0.0001086893
ENSE00001642210_011	g1054	0	0.0001304825
ENSE00001642210_012	g1054	0	0.0000041342
ENSE00001642210_014	g1054	0	0.0000262056
ENSE00001643037_001	g0989	0	0.0000079103
ENSE00001643037_003	g0989	0	0.0009254889
ENSE00001643037_005	g0989	0	0.0040874876
ENSE00001643037_007	g0989	0	0.0134637530
ENSE00001643037_008	g0989	0	0.0000063854
ENSE00001643037_009	g0989	0	0.0037979330
ENSE00001643037_010	g0989	0	0.0008077694
ENSE00001643037_011	g0989	0	0.0000177693
ENSE00001643037_012	g0989	0	0.0000045964
ENSE00001643037_014	g0989	0	0.0018015390
ENSE00001643037_017	g0989	0	0.9741086383
ENSE00001643037_018	g0989	0	0.0003603056
ENSE00001643037_020	g0989	0	0.0000112098
ENSE00001643037_021	g0989	0	0.0000601167
ENSE00001643037_023	g0989	1	0.0007245484
ENSE00001643037_024	g0989	0	0.0000602717
ENSE00001644049_001	g0456	0	0.0000009934
ENSE00001644049_002	g0456	0	0.0000401967
ENSE00001644049_003	g0456	0	0.0029352579
ENSE00001644049_004	g0456	0	0.0000000477
ENSE00001644049_005	g0456	0	0.0000183128
ENSE00001644049_006	g0456	0	0.0000064568
ENSE00001644049_007	g0456	0	0.0000655352
ENSE00001644049_008	g0456	0	0.0000922940
ENSE00001644049_009	g0456	0	0.0000058334
ENSE00001644049_011	g0456	0	0.0000214794
ENSE00001644049_013	g0456	0	0.0003324963
ENSE00001644049_014	g0456	0	0.0013724462
ENSE00001644049_015	g0456	0	0.0002664799
ENSE00001644049_016	g0456	0	0.0000053103
ENSE00001644049_017	g0456	0	0.0000557266
ENSE00001644049_018	g0456	0	0.0000014848
ENSE00001644049_019	g0456	0	0.0002183307
ENSE00001644049_020	g0456	0	0.0000013614
ENSE00001644049_021	g0456	0	0.0002064473
ENSE00001644049_022	g0456	0	0.0000179936
ENSE00001644049_023	g0456	0	0.0000007218
ENSE00001644049_024	g0456	0	0.0000554539
ENSE00001644049_025	g0456	0	0.0001454864
ENSE00001644049_026	g0456	0	0.0000641822
ENSE00001644049_027	g0456	0	0.0003594689
ENSE00001647173_005	g1059	0	0.0000001105
ENSE00001647173_006	g1059	0	0.0000002765
ENSE00001647173_008	g1059	1	0.0001437962
ENSE00001647173_009	g1059	0	0.0000556915
ENSE00001647173_016	g1059	0	0.0000000755
ENSE00001647173_019	g1059	0	0.0000063208
ENSE00001647173_020	g1059	0	0.0000001016
ENSE00001647173_022	g1059	0	0.0000002176
ENSE00001647173_023	g1059	0	0.0000225993
ENSE00001647173_024	g1059	0	0.0000001051
ENSE00001650689_002	g1066	0	0.1830333312
ENSE00001650689_007	g1066	0	0.3103516207
ENSE00001650689_009	g1066	0	0.3905052745
ENSE00001650689_012	g1066	1	0.0705796440
ENSE00001650689_013	g1066	0	0.7954139260
ENSE00001650689_014	g1066	0	0.8835675775
ENSE00001650689_016	g1066	0	0.4551196183
ENSE00001650689_019	g1066	0	0.7699015421
ENSE00001650689_021	g1066	0	0.1253313112
ENSE00001650689_022	g1066	0	0.4949076937
ENSE00001650689_024	g1066	0	0.2194754002
ENSE00001650689_027	g1066	0	0.3537350741
ENSE00001650689_031	g1066	0	0.0159129107
ENSE00001650689_032	g1066	0	0.2500199399
ENSE00001650689_033	g1066	0	0.0159992321
ENSE00001650689_034	g1066	0	0.4088676878
ENSE00001650689_035	g1066	0	0.3495444943
ENSE00001650689_036	g1066	0	0.1154663529
ENSE00001650689_037	g1066	0	0.0208829724
ENSE00001650689_039	g1066	0	0.7716302655
ENSE00001650838_001	g0477	0	0.0007790482
ENSE00001650838_002	g0477	0	0.0011512039
ENSE00001650838_003	g0477	0	0.0001533046
ENSE00001650838_005	g0477	0	0.0000176048
ENSE00001650838_006	g0477	0	0.0036644050
ENSE00001650838_007	g0477	0	0.0014924528
ENSE00001650838_008	g0477	0	0.0076601596
ENSE00001650838_009	g0477	0	0.0007178624
ENSE00001650838_010	g0477	0	0.0355828550
ENSE00001650838_011	g0477	0	0.0092445938
ENSE00001650838_013	g0477	0	0.0000502267
ENSE00001650838_015	g0477	0	0.0720464244
ENSE00001650838_016	g0477	0	0.0212080580
ENSE00001650929_001	g0456	0	0.0001222165
ENSE00001650929_004	g0456	0	0.0001823964
ENSE00001650929_006	g0456	0	0.7810007926
ENSE00001650929_007	g0456	0	0.0048742240
ENSE00001650929_008	g0456	0	0.2028419935
ENSE00001650929_009	g0456	0	0.0012720856
ENSE00001650929_011	g0456	0	0.0039699756
ENSE00001650929_016	g0456	0	0.0092411594
ENSE00001650929_018	g0456	0	0.0215971933
ENSE00001650929_019	g0456	0	0.0018496840
ENSE00001650929_022	g0456	0	0.0002397093
ENSE00001651121_002	g0295	0	0.0000208482
ENSE00001651121_003	g0295	0	0.0002610149
ENSE00001651121_004	g0295	0	0.0002118525
ENSE00001651121_005	g0295	0	0.0264259678
ENSE00001651121_006	g0295	0	0.0005553375
ENSE00001651121_008	g0295	0	0.0480977632
ENSE00001651121_009	g0295	0	0.0002818589
ENSE00001651121_010	g0295	0	0.0098178071
ENSE00001651121_012	g0295	0	0.0037690463
ENSE00001651121_013	g0295	0	0.0017044550
ENSE00001651121_014	g0295	0	0.0000168874
ENSE00001651121_015	g0295	0	0.0001439274
ENSE00001651121_016	g0295	0	0.0092472624
ENSE00001651121_017	g0295	0	0.0055499914
ENSE00001653697_001	g0516	0	0.0013795880
ENSE00001653697_002	g0516	0	0.0003577473
ENSE00001653697_003	g0516	0	0.0065214806
ENSE00001653697_004	g0516	0	0.0132103616
ENSE00001653697_005	g0516	0	0.0012061614
ENSE00001653697_006	g0516	0	0.0023505203
ENSE00001653697_007	g0516	0	0.0086588117
ENSE00001653697_008	g0516	0	0.0000431441
ENSE00001653697_009	g0516	0	0.0031484852
ENSE00001653697_010	g0516	0	0.0008330029
ENSE00001653697_011	g0516	0	0.0001872598
ENSE00001653697_012	g0516	0	0.0019239129
ENSE00001653697_013	g0516	0	0.0032391084
ENSE00001653697_014	g0516	0	0.0158824573
ENSE00001653697_015	g0516	0	0.0097544190
ENSE00001653697_016	g0516	0	0.0004448044
ENSE00001653697_017	g0516	0	0.0142419968
ENSE00001653697_018	g0516	0	0.0003611961
ENSE00001653697_019	g0516	0	0.0006467806
ENSE00001653697_021	g0516	0	0.0005708884
ENSE00001653953_002	g1071	0	0.2305922055
ENSE00001653953_003	g1071	0	0.0587838935
ENSE00001653953_004	g1071	0	0.0753116537
ENSE00001653953_006	g1071	0	0.0041039779
ENSE00001653953_008	g1071	0	0.0505456550
ENSE00001653953_010	g1071	0	0.2898951131
ENSE00001653953_011	g1071	0	0.9391757127
ENSE00001653953_015	g1071	0	0.9158119995
ENSE00001653953_016	g1071	0	0.8188071667
ENSE00001653953_017	g1071	0	0.1423630152
ENSE00001653953_018	g1071	0	0.0021318775
ENSE00001653953_021	g1071	0	0.0032219172
ENSE00001653953_022	g1071	0	0.2236137687
ENSE00001653953_023	g1071	0	0.5469143893
ENSE00001653953_024	g1071	0	0.7924658743
ENSE00001653953_027	g1071	1	0.5674477079
ENSE00001653953_028	g1071	0	0.3586300761
ENSE00001653953_029	g1071	0	0.9017168552
ENSE00001653953_030	g1071	0	0.4614576963
ENSE00001653953_031	g1071	0	0.6602873375
ENSE00001653953_032	g1071	0	0.2592393356
ENSE00001653953_033	g1071	0	0.0476262897
ENSE00001653953_034	g1071	0	0.5609685434
ENSE00001653953_035	g1071	0	0.8744256356
ENSE00001654905_006	g1073	0	0.7840521011
ENSE00001654905_008	g1073	0	0.9775124132
ENSE00001656503_001	g1075	0	0.7319810504
ENSE00001656503_002	g1075	0	0.9759583220
ENSE00001656503_003	g1075	0	0.9806404600
ENSE00001656503_004	g1075	0	0.5475884030
ENSE00001656503_007	g1075	0	0.5035110767
ENSE00001656503_010	g1075	0	0.9598368622
ENSE00001656503_013	g1075	0	0.1969540704
ENSE00001656503_014	g1075	0	0.4956651415
ENSE00001656503_015	g1075	0	0.2085242982
ENSE00001656503_016	g1075	0	0.7873174278
ENSE00001656503_017	g1075	0	0.7631458090
ENSE00001656503_018	g1075	0	0.4099434760
ENSE00001656503_019	g1075	0	0.5978428854
ENSE00001656503_020	g1075	0	0.9689026378
ENSE00001656503_022	g1075	0	0.1540644820
ENSE00001656503_023	g1075	0	0.8152173520
ENSE00001656503_025	g1075	0	0.9615409298
ENSE00001656503_027	g1075	0	0.8739159602
ENSE00001659445_003	g1078	0	0.0400072986
ENSE00001659445_006	g1078	0	0.0098694289
ENSE00001659445_009	g1078	0	0.4667671480
ENSE00001659445_011	g1078	0	0.0007434917
ENSE00001659445_012	g1078	0	0.0219536903
ENSE00001661147_001	g1082	0	0.0000013442
ENSE00001661147_004	g1082	0	0.0000000164
ENSE00001661147_006	g1082	0	0.0000004743
ENSE00001661147_009	g1082	0	0.0000016333
ENSE00001661147_011	g1082	0	0.0000009435
ENSE00001661147_016	g1082	0	0.0000113319
ENSE00001662387_003	g1083	0	0.0000241218
ENSE00001662387_004	g1083	0	0.0077653659
ENSE00001662387_006	g1083	0	0.0000947977
ENSE00001662971_001	g1084	0	0.0088295122
ENSE00001662971_003	g1084	0	0.0262513307
ENSE00001662971_004	g1084	0	0.0038445433
ENSE00001662971_006	g1084	0	0.0002424753
ENSE00001662971_008	g1084	0	0.0066935170
ENSE00001662971_009	g1084	0	0.0067609003
ENSE00001662971_010	g1084	0	0.0007459197
ENSE00001662971_011	g1084	0	0.0014480199
ENSE00001662971_013	g1084	0	0.0000220734
ENSE00001662971_014	g1084	0	0.0007064002
ENSE00001662971_015	g1084	0	0.0001200735
ENSE00001662971_016	g1084	0	0.0022683928
ENSE00001662971_018	g1084	0	0.0004932218
ENSE00001662971_019	g1084	0	0.4587784860
ENSE00001665059_001	g1087	0	0.0000085288
ENSE00001665059_002	g1087	0	0.0006703974
ENSE00001665059_003	g1087	0	0.0000699883
ENSE00001665059_005	g1087	0	0.0010011523
ENSE00001665059_006	g1087	0	0.0000204803
ENSE00001665059_007	g1087	0	0.0000808652
ENSE00001665059_008	g1087	0	0.0019249965
ENSE00001665059_009	g1087	0	0.0287083518
ENSE00001665059_010	g1087	0	0.0003082924
ENSE00001665059_012	g1087	0	0.0025277332
ENSE00001665059_013	g1087	0	0.0010806706
ENSE00001665059_014	g1087	0	0.0014647828
ENSE00001665059_015	g1087	0	0.0277054984
ENSE00001665059_016	g1087	0	0.0021359586
ENSE00001665059_017	g1087	0	0.0283607405
ENSE00001665059_021	g1087	0	0.0004554979
ENSE00001665059_022	g1087	0	0.0000164074
ENSE00001666005_001	g1090	0	0.1583793519
ENSE00001666005_002	g1090	0	0.3298349261
ENSE00001666005_006	g1090	0	0.0010592806
ENSE00001666005_009	g1090	0	0.0418750118
ENSE00001666005_010	g1090	0	0.0036429989
ENSE00001666005_011	g1090	0	0.0115434967
ENSE00001666005_012	g1090	0	0.0950854671
ENSE00001666005_015	g1090	0	0.0001079245
ENSE00001666005_017	g1090	0	0.0006459048
ENSE00001666005_021	g1090	0	0.0008990246
ENSE00001666005_022	g1090	0	0.0003798028
ENSE00001666264_002	g1091	0	0.4019577340
ENSE00001666264_004	g1091	0	0.0161650756
ENSE00001666264_006	g1091	0	0.0045095338
ENSE00001666264_008	g1091	0	0.9892351563
ENSE00001666264_011	g1091	0	0.2099479060
ENSE00001666264_012	g1091	0	0.0215140336
ENSE00001666264_013	g1091	0	0.3482478523
ENSE00001666264_015	g1091	0	0.5593589668
ENSE00001666264_016	g1091	0	0.4262199313
ENSE00001666264_018	g1091	0	0.4424580328
ENSE00001666264_019	g1091	0	0.1262296457
ENSE00001666264_020	g1091	0	0.0891132151
ENSE00001666264_022	g1091	0	0.0675572788
ENSE00001666264_023	g1091	0	0.0255109480
ENSE00001666264_024	g1091	0	0.0055215282
ENSE00001668703_004	g1093	0	0.0010189944
ENSE00001668703_010	g1093	0	0.0014783461
ENSE00001668703_012	g1093	0	0.0052945640
ENSE00001670105_001	g1095	0	0.9402455339
ENSE00001670105_002	g1095	0	0.8685802519
ENSE00001670105_004	g1095	0	0.5597308115
ENSE00001670105_005	g1095	0	0.1066705895
ENSE00001670105_006	g1095	0	0.0451026611
ENSE00001670105_007	g1095	0	0.2292527812
ENSE00001670105_008	g1095	0	0.5317587157
ENSE00001670105_009	g1095	0	0.9733913273
ENSE00001670105_011	g1095	0	0.0744598695
ENSE00001670105_012	g1095	0	0.3832074050
ENSE00001670105_013	g1095	0	0.0000671840
ENSE00001670105_014	g1095	0	0.0419216165
ENSE00001670105_015	g1095	0	0.8387612009
ENSE00001670105_016	g1095	0	0.9957275309
ENSE00001671197_001	g0477	0	0.0075968848
ENSE00001671197_002	g0477	0	0.3248306648
ENSE00001671197_003	g0477	0	0.0725237781
ENSE00001671197_005	g0477	0	0.0006486954
ENSE00001671197_006	g0477	0	0.9962329771
ENSE00001671197_007	g0477	0	0.0069327478
ENSE00001671197_008	g0477	0	0.3208740146
ENSE00001671197_009	g0477	0	0.7187944434
ENSE00001671197_010	g0477	0	0.0333261336
ENSE00001671197_011	g0477	0	0.0171997220
ENSE00001671197_012	g0477	0	0.8442227212
ENSE00001671197_013	g0477	0	0.7045578070
ENSE00001671197_014	g0477	0	0.0029251356
ENSE00001671197_015	g0477	0	0.0000369885
ENSE00001671197_016	g0477	0	0.0013674456
ENSE00001671197_017	g0477	0	0.7587520388
ENSE00001671197_018	g0477	0	0.9130425460
ENSE00001671197_019	g0477	0	0.0000385163
ENSE00001671197_020	g0477	0	0.6075523666
ENSE00001671197_021	g0477	0	0.7461660326
ENSE00001671197_022	g0477	0	0.0069464800
ENSE00001671197_023	g0477	0	0.0185610021
ENSE00001671197_025	g0477	0	0.0015454616
ENSE00001671197_026	g0477	0	0.4915419050
ENSE00001671444_002	g1096	0	0.0000278893
ENSE00001671444_003	g1096	0	0.0494935864
ENSE00001671444_004	g1096	0	0.0012759748
ENSE00001671444_006	g1096	0	0.0029831722
ENSE00001671444_007	g1096	0	0.0061233245
ENSE00001671444_009	g1096	0	0.0023337781
ENSE00001671444_012	g1096	0	0.0002796467
ENSE00001671444_015	g1096	0	0.0005664650
ENSE00001671444_020	g1096	0	0.0226295283
ENSE00001671444_022	g1096	0	0.0029841632
ENSE00001671444_024	g1096	0	0.0011173677
ENSE00001672515_001	g0747	0	0.7753420612
ENSE00001672515_002	g0747	0	0.2054755118
ENSE00001672515_003	g0747	0	0.6670211023
ENSE00001672515_004	g0747	0	0.8438268103
ENSE00001672515_006	g0747	0	0.3477240322
ENSE00001672515_007	g0747	0	0.0064458707
ENSE00001672515_009	g0747	0	0.1965728110
ENSE00001672515_010	g0747	0	0.8860024944
ENSE00001672515_011	g0747	0	0.4965377569
ENSE00001672515_012	g0747	0	0.7735481380
ENSE00001672515_013	g0747	0	0.7534654832
ENSE00001672515_014	g0747	0	0.8223870924
ENSE00001672515_015	g0747	0	0.7219075397
ENSE00001672515_016	g0747	0	0.5898613546
ENSE00001672515_020	g0747	0	0.6272771226
ENSE00001672515_021	g0747	0	0.2284899744
ENSE00001672515_022	g0747	0	0.0961442512
ENSE00001672515_025	g0747	0	0.0392833067
ENSE00001672515_027	g0747	0	0.0511862934
ENSE00001672515_028	g0747	0	0.0016796519
ENSE00001673549_001	g1100	0	0.0000067920
ENSE00001673549_002	g1100	0	0.0000110014
ENSE00001673549_003	g1100	0	0.0000001917
ENSE00001673549_004	g1100	0	0.0000139865
ENSE00001673549_005	g1100	0	0.0002304832
ENSE00001673549_006	g1100	0	0.0000020428
ENSE00001673549_007	g1100	0	0.0000015238
ENSE00001673549_008	g1100	0	0.0000027927
ENSE00001673549_009	g1100	0	0.0000384912
ENSE00001673549_011	g1100	0	0.0000353256
ENSE00001673549_012	g1100	0	0.0003575189
ENSE00001673549_013	g1100	0	0.0000037407
ENSE00001673549_015	g1100	0	0.0001704944
ENSE00001679208_002	g0994	0	0.0000123686
ENSE00001679208_005	g0994	0	0.0194638520
ENSE00001679208_010	g0994	0	0.0020926317
ENSE00001679208_013	g0994	0	0.0803971346
ENSE00001679208_014	g0994	0	0.0530077920
ENSE00001679208_017	g0994	0	0.0202498038
ENSE00001679208_019	g0994	0	0.7103315269
ENSE00001683641_002	g0295	0	0.2626987504
ENSE00001683641_003	g0295	0	0.0558140474
ENSE00001683641_005	g0295	0	0.0042805311
ENSE00001683641_008	g0295	0	0.0294174515
ENSE00001683641_009	g0295	0	0.0004329202
ENSE00001683641_010	g0295	0	0.0655942919
ENSE00001683641_011	g0295	0	0.0512048442
ENSE00001683641_012	g0295	0	0.0378115638
ENSE00001683641_013	g0295	0	0.0006789746
ENSE00001683641_014	g0295	0	0.0004381859
ENSE00001683641_015	g0295	0	0.0007104258
ENSE00001683641_016	g0295	0	0.0006170277
ENSE00001683641_017	g0295	0	0.0024100992
ENSE00001683641_018	g0295	0	0.0213740139
ENSE00001686462_001	g1111	0	0.7326493001
ENSE00001686462_002	g1111	0	0.3425540382
ENSE00001686462_004	g1111	0	0.0982142355
ENSE00001686462_005	g1111	0	0.3816954631
ENSE00001686462_006	g1111	0	0.0297212587
ENSE00001686462_007	g1111	0	0.0213373549
ENSE00001686462_008	g1111	0	0.1263809013
ENSE00001686462_009	g1111	0	0.8903595830
ENSE00001686462_010	g1111	0	0.3085447582
ENSE00001686462_011	g1111	0	0.6686119350
ENSE00001686462_012	g1111	0	0.0133178695
ENSE00001686462_013	g1111	0	0.4593412951
ENSE00001686462_014	g1111	0	0.6384704435
ENSE00001686462_015	g1111	0	0.9176821803
ENSE00001686462_016	g1111	0	0.2211493476
ENSE00001686462_017	g1111	0	0.3231855545
ENSE00001686462_019	g1111	0	0.2767018691
ENSE00001686462_020	g1111	0	0.9519107692
ENSE00001686462_021	g1111	0	0.7489273636
ENSE00001686462_022	g1111	0	0.4597648710
ENSE00001686530_005	g1112	1	0.0013735543
ENSE00001687232_003	g1113	0	0.1290684315
ENSE00001687232_004	g1113	0	0.0948232996
ENSE00001687232_012	g1113	0	0.4675082531
ENSE00001687232_014	g1113	0	0.1965416471
ENSE00001687232_017	g1113	0	0.1066728531
ENSE00001687232_018	g1113	0	0.5298368260
ENSE00001688034_001	g1115	0	0.0024999428
ENSE00001688034_002	g1115	0	0.0002678554
ENSE00001688034_003	g1115	0	0.0001139135
ENSE00001688034_009	g1115	0	0.0014747809
ENSE00001688034_010	g1115	0	0.0004802693
ENSE00001688034_011	g1115	0	0.0044049975
ENSE00001688034_012	g1115	0	0.0045762712
ENSE00001688034_014	g1115	0	0.0094343496
ENSE00001688034_016	g1115	0	0.0017403586
ENSE00001688034_017	g1115	0	0.0001908172
ENSE00001695610_003	g0282	0	0.0000049804
ENSE00001695610_005	g0282	0	0.0012561607
ENSE00001695610_015	g0282	0	0.0000002469
ENSE00001695610_016	g0282	0	0.0000001602
ENSE00001695610_017	g0282	0	0.0000000355
ENSE00001695610_021	g0282	0	0.0001430294
ENSE00001695610_022	g0282	0	0.0012727096
ENSE00001695610_024	g0282	0	0.0000248601
ENSE00001697359_002	g1123	0	0.0000187248
ENSE00001697359_003	g1123	0	0.0002977566
ENSE00001697359_004	g1123	0	0.0206611735
ENSE00001697359_005	g1123	0	0.2725242845
ENSE00001697359_007	g1123	0	0.0063351091
ENSE00001697359_009	g1123	0	0.0035578202
ENSE00001697359_012	g1123	0	0.7913799140
ENSE00001697371_001	g1124	0	0.0745269913
ENSE00001697371_004	g1124	0	0.3059506249
ENSE00001698921_016	g1125	0	0.0000294828
ENSE00001699188_001	g0989	0	0.1594119622
ENSE00001699188_002	g0989	0	0.4475255768
ENSE00001699188_003	g0989	0	0.1420809140
ENSE00001699188_004	g0989	0	0.0060745284
ENSE00001699188_005	g0989	0	0.1834301677
ENSE00001699188_006	g0989	0	0.4227081080
ENSE00001699188_007	g0989	0	0.8288960169
ENSE00001699188_008	g0989	0	0.2339007151
ENSE00001699188_013	g0989	0	0.0416626632
ENSE00001699188_016	g0989	0	0.1567401549
ENSE00001699188_018	g0989	0	0.0028317017
ENSE00001699188_021	g0989	0	0.7782223240
ENSE00001699188_022	g0989	0	0.9839139071
ENSE00001699188_023	g0989	0	0.0569860362
ENSE00001699188_024	g0989	0	0.9970939857
ENSE00001699188_025	g0989	0	0.5014334657
ENSE00001699188_029	g0989	0	0.4750483626
ENSE00001699898_003	g1127	0	0.0001379806
ENSE00001699898_007	g1127	0	0.0000744231
ENSE00001699898_008	g1127	0	0.0000574698
ENSE00001699898_009	g1127	0	0.0003576524
ENSE00001699898_012	g1127	0	0.0006249077
ENSE00001699898_013	g1127	0	0.0000837014
ENSE00001699898_014	g1127	0	0.0309958169
ENSE00001699898_017	g1127	0	0.0000798319
ENSE00001699898_018	g1127	0	0.0006287861
ENSE00001700147_002	g1128	0	0.0234332711
ENSE00001700147_006	g1128	0	0.0299210815
ENSE00001700147_009	g1128	0	0.0005403301
ENSE00001700147_010	g1128	0	0.0028887505
ENSE00001700147_013	g1128	0	0.0546849560
ENSE00001700147_014	g1128	1	0.0021430231
ENSE00001700147_016	g1128	0	0.2976552766
ENSE00001700147_017	g1128	0	0.1337982855
ENSE00001700147_018	g1128	0	0.0074672128
ENSE00001700147_019	g1128	0	0.0239842137
ENSE00001700147_026	g1128	0	0.2484694740
ENSE00001700147_029	g1128	0	0.0256048420
ENSE00001702657_002	g1131	0	0.2796328964
ENSE00001702657_003	g1131	0	0.0336883158
ENSE00001702657_004	g1131	0	0.0008186647
ENSE00001702657_005	g1131	0	0.7479833217
ENSE00001702657_006	g1131	0	0.0611614660
ENSE00001702657_009	g1131	0	0.1576272498
ENSE00001702657_010	g1131	0	0.1260616112
ENSE00001702657_011	g1131	0	0.6611976524
ENSE00001702657_013	g1131	0	0.5537877557
ENSE00001702657_014	g1131	0	0.9050512959
ENSE00001702822_001	g0456	0	0.0145188809
ENSE00001702822_002	g0456	0	0.0001005732
ENSE00001702822_003	g0456	0	0.0000001751
ENSE00001702822_004	g0456	0	0.0018408260
ENSE00001702822_006	g0456	0	0.0000030010
ENSE00001702822_008	g0456	0	0.0000005274
ENSE00001702822_009	g0456	0	0.0000350074
ENSE00001702822_010	g0456	0	0.0001371000
ENSE00001702822_011	g0456	0	0.0007340397
ENSE00001702822_013	g0456	0	0.0000261322
ENSE00001702822_014	g0456	0	0.0002964112
ENSE00001702822_015	g0456	0	0.0000080216
ENSE00001702822_018	g0456	0	0.0000673823
ENSE00001702822_019	g0456	0	0.0010894438
ENSE00001702822_021	g0456	0	0.0000097229
ENSE00001702822_022	g0456	0	0.0000153325
ENSE00001702822_023	g0456	0	0.0000209287
ENSE00001702822_024	g0456	0	0.0011843595
ENSE00001704022_004	g1135	0	0.0027496318
ENSE00001704022_011	g1135	0	0.0072144299
ENSE00001704022_012	g1135	0	0.0061896266
ENSE00001704164_001	g1136	0	0.0000675837
ENSE00001704164_002	g1136	0	0.0001307603
ENSE00001704164_006	g1136	0	0.0000798595
ENSE00001708226_001	g1140	0	0.0003468495
ENSE00001708226_002	g1140	0	0.0004914196
ENSE00001708226_003	g1140	0	0.0000563359
ENSE00001708226_009	g1140	0	0.0000857811
ENSE00001708226_010	g1140	0	0.0036547840
ENSE00001708226_011	g1140	0	0.0002801672
ENSE00001708226_013	g1140	0	0.0003283083
ENSE00001708226_014	g1140	0	0.0000920893
ENSE00001708226_017	g1140	0	0.0000169248
ENSE00001708226_018	g1140	0	0.0001444358
ENSE00001708226_023	g1140	0	0.0003115483
ENSE00001708226_024	g1140	0	0.0000205047
ENSE00001708226_029	g1140	0	0.0003111429
ENSE00001708226_030	g1140	0	0.0023312037
ENSE00001708226_031	g1140	0	0.0076709530
ENSE00001708545_002	g1141	0	0.0013116275
ENSE00001708545_006	g1141	0	0.0049981607
ENSE00001708545_007	g1141	0	0.0000340190
ENSE00001708545_010	g1141	0	0.0049656265
ENSE00001708545_011	g1141	0	0.0066186580
ENSE00001708545_014	g1141	0	0.0006857677
ENSE00001708545_015	g1141	0	0.0103430704
ENSE00001708545_016	g1141	0	0.0005778815
ENSE00001708545_018	g1141	0	0.0052743772
ENSE00001708545_019	g1141	0	0.0445382503
ENSE00001708717_002	g1142	0	0.0578189047
ENSE00001708717_003	g1142	0	0.0022490378
ENSE00001708717_004	g1142	0	0.0023703283
ENSE00001708717_005	g1142	0	0.0004158549
ENSE00001708717_006	g1142	0	0.0004916759
ENSE00001708717_007	g1142	0	0.0002564962
ENSE00001708717_008	g1142	0	0.0001539725
ENSE00001708717_009	g1142	0	0.0000213968
ENSE00001708717_010	g1142	0	0.0002060370
ENSE00001708717_011	g1142	0	0.0024386955
ENSE00001708717_012	g1142	0	0.0002896655
ENSE00001708717_014	g1142	0	0.0003446646
ENSE00001708717_015	g1142	0	0.0001847952
ENSE00001708717_016	g1142	0	0.0011138003
ENSE00001708717_017	g1142	0	0.0009339794
ENSE00001708717_018	g1142	0	0.0002475981
ENSE00001708823_001	g1143	0	0.0003139331
ENSE00001708823_003	g1143	0	0.0064075066
ENSE00001708823_004	g1143	0	0.0549191540
ENSE00001708823_006	g1143	0	0.0773634202
ENSE00001708823_007	g1143	0	0.0361473298
ENSE00001708823_008	g1143	0	0.0027856851
ENSE00001708823_009	g1143	0	0.0141174188
ENSE00001708823_010	g1143	0	0.0094789429
ENSE00001708823_011	g1143	0	0.0009469960
ENSE00001708823_012	g1143	0	0.0037622640
ENSE00001710254_001	g1147	0	0.0000777403
ENSE00001710254_002	g1147	0	0.0029053445
ENSE00001710254_003	g1147	0	0.0000431160
ENSE00001710254_004	g1147	0	0.0005820142
ENSE00001710254_005	g1147	0	0.1728469244
ENSE00001710254_007	g1147	0	0.0006610294
ENSE00001710254_008	g1147	0	0.0005954024
ENSE00001710254_009	g1147	0	0.0004309040
ENSE00001716901_001	g1151	0	0.1494452389
ENSE00001716901_002	g1151	0	0.0566475773
ENSE00001716901_003	g1151	0	0.2184729058
ENSE00001716901_004	g1151	0	0.0518284769
ENSE00001716901_005	g1151	0	0.0006886487
ENSE00001716901_006	g1151	0	0.0110137766
ENSE00001716901_007	g1151	0	0.0079259807
ENSE00001716901_008	g1151	0	0.0126045805
ENSE00001716901_009	g1151	0	0.0471940204
ENSE00001716901_010	g1151	0	0.1264944112
ENSE00001716901_015	g1151	0	0.0017210252
ENSE00001716901_016	g1151	0	0.0004025630
ENSE00001716901_017	g1151	0	0.0003456348
ENSE00001716901_019	g1151	0	0.0240484276
ENSE00001716901_020	g1151	0	0.0005888231
ENSE00001716901_022	g1151	0	0.4739694479
ENSE00001717577_001	g1152	0	0.0145260094
ENSE00001717577_002	g1152	0	0.0014308093
ENSE00001717577_004	g1152	0	0.0000070441
ENSE00001717577_012	g1152	0	0.0002309582
ENSE00001717577_013	g1152	0	0.0000079267
ENSE00001717577_015	g1152	0	0.0008283857
ENSE00001717577_016	g1152	0	0.0001553878
ENSE00001717577_017	g1152	0	0.0000043953
ENSE00001717577_022	g1152	0	0.0000039949
ENSE00001717577_023	g1152	0	0.0000130503
ENSE00001717577_025	g1152	0	0.0000057409
ENSE00001717577_026	g1152	0	0.0000258699
ENSE00001717914_002	g1153	0	0.0644000313
ENSE00001717914_003	g1153	0	0.1368466312
ENSE00001717914_005	g1153	0	0.4306134276
ENSE00001717914_006	g1153	0	0.0318974237
ENSE00001717914_008	g1153	0	0.0214337250
ENSE00001717914_010	g1153	0	0.0610056702
ENSE00001717914_011	g1153	0	0.9637001998
ENSE00001717914_012	g1153	0	0.6613333021
ENSE00001717914_013	g1153	0	0.3307545391
ENSE00001717914_015	g1153	0	0.7827090677
ENSE00001718712_001	g0989	0	0.0003824677
ENSE00001718712_002	g0989	0	0.0594001650
ENSE00001718712_003	g0989	0	0.0156487314
ENSE00001718712_004	g0989	0	0.0069681385
ENSE00001718712_005	g0989	0	0.0058821448
ENSE00001718712_006	g0989	0	0.0721255631
ENSE00001718712_007	g0989	0	0.0236174157
ENSE00001718712_008	g0989	0	0.0009491003
ENSE00001718712_009	g0989	0	0.0679954450
ENSE00001718712_010	g0989	0	0.0192663435
ENSE00001718712_011	g0989	0	0.0183479127
ENSE00001718712_012	g0989	0	0.0005683184
ENSE00001718712_014	g0989	0	0.2828565467
ENSE00001718712_015	g0989	0	0.4940235725
ENSE00001718712_016	g0989	0	0.2093477947
ENSE00001718712_017	g0989	0	0.5778725629
ENSE00001718712_018	g0989	0	0.0001492939
ENSE00001718712_019	g0989	0	0.0019466988
ENSE00001718712_020	g0989	0	0.0020743748
ENSE00001718712_021	g0989	0	0.0441136562
ENSE00001718712_022	g0989	0	0.4818122952
ENSE00001718712_023	g0989	0	0.0017213872
ENSE00001718712_024	g0989	0	0.0102478251
ENSE00001719634_001	g1154	0	0.9920504183
ENSE00001719634_002	g1154	0	0.9758267447
ENSE00001719634_003	g1154	0	0.9957473883
ENSE00001719634_004	g1154	0	0.9939892095
ENSE00001719634_005	g1154	0	0.9976201965
ENSE00001719634_009	g1154	0	0.9999840540
ENSE00001719634_010	g1154	0	0.9999694067
ENSE00001719634_011	g1154	0	0.9996727290
ENSE00001719634_012	g1154	0	0.9990608850
ENSE00001719634_013	g1154	0	0.9992619324
ENSE00001719634_014	g1154	0	0.9997136533
ENSE00001719634_015	g1154	0	0.9994054824
ENSE00001719634_017	g1154	1	0.9991887967
ENSE00001719634_018	g1154	0	0.9985907993
ENSE00001719634_019	g1154	0	0.9498477449
ENSE00001719634_020	g1154	0	0.9999006316
ENSE00001719634_021	g1154	0	0.9998320578
ENSE00001719634_022	g1154	0	0.9063989863
ENSE00001726168_001	g1161	0	0.0000625260
ENSE00001726168_002	g1161	0	0.0001115107
ENSE00001726168_003	g1161	0	0.0000066864
ENSE00001726168_004	g1161	0	0.0000014902
ENSE00001726168_005	g1161	0	0.0028306013
ENSE00001726168_006	g1161	0	0.0000643882
ENSE00001726168_007	g1161	0	0.0021269012
ENSE00001726168_009	g1161	0	0.0005531119
ENSE00001726168_012	g1161	0	0.0001320838
ENSE00001726168_013	g1161	0	0.0000440555
ENSE00001726168_014	g1161	0	0.0000878759
ENSE00001726243_001	g1022	0	0.0000024903
ENSE00001726243_002	g1022	0	0.0000012009
ENSE00001726243_003	g1022	0	0.0000037509
ENSE00001726243_004	g1022	0	0.0000045980
ENSE00001726243_006	g1022	0	0.0000000877
ENSE00001726243_008	g1022	0	0.0000610493
ENSE00001726243_009	g1022	0	0.0000018860
ENSE00001726243_010	g1022	0	0.0000015734
ENSE00001726243_011	g1022	0	0.0000255812
ENSE00001726243_012	g1022	0	0.0000076829
ENSE00001726243_013	g1022	0	0.0000020395
ENSE00001726243_014	g1022	0	0.0000002105
ENSE00001726243_016	g1022	0	0.0000129355
ENSE00001726243_017	g1022	0	0.0000079381
ENSE00001726243_018	g1022	0	0.0000003682
ENSE00001726243_019	g1022	0	0.0000003664
ENSE00001726243_020	g1022	0	0.0000000863
ENSE00001726243_022	g1022	0	0.0000016266
ENSE00001727061_007	g1115	0	0.0031935006
ENSE00001727061_012	g1115	1	0.0175804829
ENSE00001727061_013	g1115	0	0.0037960449
ENSE00001727061_016	g1115	0	0.0064983384
ENSE00001727061_021	g1115	0	0.0005285290
ENSE00001727061_022	g1115	0	0.0001359902
ENSE00001727061_024	g1115	0	0.0018967141
ENSE00001730636_001	g1170	0	0.0000027284
ENSE00001730636_002	g1170	0	0.0000002316
ENSE00001730636_003	g1170	0	0.0000001674
ENSE00001730636_004	g1170	1	0.0005514381
ENSE00001730636_006	g1170	0	0.0000626877
ENSE00001730636_007	g1170	0	0.0005146148
ENSE00001730636_008	g1170	0	0.0000001127
ENSE00001730636_009	g1170	0	0.0000944717
ENSE00001730636_010	g1170	0	0.0000042823
ENSE00001730636_011	g1170	0	0.0000062442
ENSE00001730636_012	g1170	0	0.0000384777
ENSE00001730636_013	g1170	0	0.0000343773
ENSE00001730636_014	g1170	0	0.0019483777
ENSE00001730636_015	g1170	1	0.0000000990
ENSE00001730636_016	g1170	0	0.0000000011
ENSE00001730636_017	g1170	0	0.0000122238
ENSE00001730673_002	g0456	0	0.0354902837
ENSE00001730673_003	g0456	0	0.1345900235
ENSE00001730673_004	g0456	0	0.0430490271
ENSE00001730673_007	g0456	0	0.0667512517
ENSE00001730673_008	g0456	0	0.3688963760
ENSE00001730673_009	g0456	0	0.0166533199
ENSE00001730673_010	g0456	0	0.0007581864
ENSE00001730673_011	g0456	0	0.1857655544
ENSE00001730673_014	g0456	0	0.8474242760
ENSE00001730673_018	g0456	0	0.2998500632
ENSE00001730673_019	g0456	0	0.1298298783
ENSE00001730673_024	g0456	0	0.0487304778
ENSE00001730673_025	g0456	0	0.2127675513
ENSE00001730673_028	g0456	0	0.0969000624
ENSE00001731240_001	g0477	0	0.1350834182
ENSE00001731240_002	g0477	0	0.6355880572
ENSE00001731240_003	g0477	0	0.0003067713
ENSE00001731240_004	g0477	0	0.0669775734
ENSE00001731240_006	g0477	0	0.0003931433
ENSE00001731240_007	g0477	0	0.0040949241
ENSE00001731240_010	g0477	0	0.1364461241
ENSE00001731240_011	g0477	0	0.0022240504
ENSE00001731240_012	g0477	0	0.0389265016
ENSE00001731240_013	g0477	0	0.0240220651
ENSE00001731240_014	g0477	0	0.0012974670
ENSE00001731240_015	g0477	0	0.1317213304
ENSE00001731240_016	g0477	0	0.0005223943
ENSE00001731240_017	g0477	0	0.0030577008
ENSE00001731240_018	g0477	0	0.0070981881
ENSE00001731240_020	g0477	0	0.0011705810
ENSE00001731240_021	g0477	0	0.0006163723
ENSE00001731240_022	g0477	0	0.0039598751
ENSE00001731240_023	g0477	0	0.0416139289
ENSE00001731240_024	g0477	0	0.0253824759
ENSE00001731240_025	g0477	0	0.7005617412
ENSE00001734682_001	g0456	0	0.0004736701
ENSE00001734682_003	g0456	0	0.0017308424
ENSE00001734682_004	g0456	0	0.0004345515
ENSE00001734682_005	g0456	0	0.0062750950
ENSE00001734682_006	g0456	0	0.0000132146
ENSE00001734682_007	g0456	0	0.0003247596
ENSE00001734682_008	g0456	0	0.0000468325
ENSE00001734682_009	g0456	0	0.0028908345
ENSE00001734682_010	g0456	0	0.0026550230
ENSE00001734682_011	g0456	0	0.0000571962
ENSE00001734682_012	g0456	0	0.0028946903
ENSE00001734682_013	g0456	0	0.0002586439
ENSE00001734682_015	g0456	0	0.0026987211
ENSE00001734682_018	g0456	0	0.0036004753
ENSE00001734682_019	g0456	0	0.0028475799
ENSE00001734682_020	g0456	0	0.0014455460
ENSE00001734682_021	g0456	0	0.0001337504
ENSE00001734682_022	g0456	0	0.0002457930
ENSE00001734682_023	g0456	0	0.0062058455
ENSE00001734682_026	g0456	0	0.0394509236
ENSE00001740637_003	g0989	0	0.0386682104
ENSE00001740637_004	g0989	0	0.0186939229
ENSE00001740637_005	g0989	0	0.4722667446
ENSE00001740637_007	g0989	0	0.1432580961
ENSE00001740637_011	g0989	0	0.0001361979
ENSE00001740637_015	g0989	0	0.2896636032
ENSE00001740637_016	g0989	0	0.0061709405
ENSE00001740637_021	g0989	0	0.0472041579
ENSE00001740637_022	g0989	0	0.0008128362
ENSE00001740637_025	g0989	0	0.0190164827
ENSE00001740637_026	g0989	0	0.0264629944
ENSE00001740637_027	g0989	0	0.0879607262
ENSE00001741292_002	g1096	0	0.0004242999
ENSE00001741292_006	g1096	0	0.0016766816
ENSE00001741292_009	g1096	0	0.0034001725
ENSE00001743562_001	g1143	0	0.0593693104
ENSE00001743562_002	g1143	0	0.0044037512
ENSE00001743562_005	g1143	0	0.1324831634
ENSE00001743562_006	g1143	0	0.0671959312
ENSE00001743562_008	g1143	0	0.0190478633
ENSE00001743562_009	g1143	0	0.0235841300
ENSE00001743562_010	g1143	0	0.0204594794
ENSE00001743562_011	g1143	0	0.1179454181
ENSE00001743562_013	g1143	0	0.2777471628
ENSE00001743562_014	g1143	0	0.0405244526
ENSE00001743562_017	g1143	0	0.0004476175
ENSE00001743562_019	g1143	0	0.0011531439
ENSE00001743562_020	g1143	0	0.1341460747
ENSE00001743562_021	g1143	0	0.0566022864
ENSE00001743562_022	g1143	0	0.7066569626
ENSE00001743562_023	g1143	0	0.0519398903
ENSE00001745859_001	g1191	0	0.0983183985
ENSE00001745859_002	g1191	0	0.0122911991
ENSE00001745859_004	g1191	0	0.4565108694
ENSE00001745859_005	g1191	0	0.0599641648
ENSE00001745859_006	g1191	0	0.6010173205
ENSE00001745859_007	g1191	0	0.3799981931
ENSE00001745859_008	g1191	0	0.9834052214
ENSE00001745859_009	g1191	0	0.9778655009
ENSE00001745859_010	g1191	0	0.2638090106
ENSE00001745859_011	g1191	0	0.8503189120
ENSE00001745859_012	g1191	0	0.1322209912
ENSE00001745859_014	g1191	0	0.0380329816
ENSE00001745859_015	g1191	0	0.5973025857
ENSE00001745859_017	g1191	0	0.9078110155
ENSE00001745859_018	g1191	0	0.0057437633
ENSE00001745859_020	g1191	0	0.3093001034
ENSE00001745859_021	g1191	0	0.0434978635
ENSE00001746050_001	g0989	0	0.0005153138
ENSE00001746050_002	g0989	0	0.0002546772
ENSE00001746050_003	g0989	0	0.0000339753
ENSE00001746050_004	g0989	0	0.0011870429
ENSE00001746050_005	g0989	0	0.0000054994
ENSE00001746050_009	g0989	0	0.0031335341
ENSE00001746050_010	g0989	0	0.0000036611
ENSE00001746050_011	g0989	0	0.0001107667
ENSE00001746050_012	g0989	0	0.0003471042
ENSE00001746050_013	g0989	0	0.0000025436
ENSE00001746050_014	g0989	0	0.0000337909
ENSE00001746050_015	g0989	0	0.0000491617
ENSE00001746050_016	g0989	0	0.0000760871
ENSE00001746050_017	g0989	0	0.0065224936
ENSE00001746050_018	g0989	0	0.0007323304
ENSE00001746140_001	g1136	0	0.1024758702
ENSE00001746140_002	g1136	0	0.5367337106
ENSE00001746140_003	g1136	0	0.3673797282
ENSE00001746804_001	g0295	0	0.9984222951
ENSE00001746804_002	g0295	0	0.9139928790
ENSE00001746804_003	g0295	0	0.9995958143
ENSE00001746804_004	g0295	0	0.9975912752
ENSE00001746804_005	g0295	0	0.9979802205
ENSE00001746804_006	g0295	0	0.8778268307
ENSE00001746804_007	g0295	0	0.9995576655
ENSE00001746804_008	g0295	0	0.9717224597
ENSE00001746804_009	g0295	0	0.9972068861
ENSE00001746804_010	g0295	0	0.9932123892
ENSE00001746804_011	g0295	0	0.9660771952
ENSE00001746804_012	g0295	0	0.5887751797
ENSE00001746804_013	g0295	0	0.9927175339
ENSE00001746804_015	g0295	0	0.9528202813
ENSE00001746804_016	g0295	0	0.4973483233
ENSE00001746804_017	g0295	0	0.9525184626
ENSE00001746804_018	g0295	0	0.6265666199
ENSE00001746804_019	g0295	0	0.9315364900
ENSE00001746804_020	g0295	0	0.9976867199
ENSE00001746804_021	g0295	0	0.9874122035
ENSE00001746804_022	g0295	0	0.8715122530
ENSE00001746804_023	g0295	0	0.9936936325
ENSE00001746804_024	g0295	0	0.9983616158
ENSE00001746804_025	g0295	0	0.9977745173
ENSE00001746804_026	g0295	0	0.9624354798
ENSE00001746804_027	g0295	0	0.9873775572
ENSE00001746804_029	g0295	0	0.7274782926
ENSE00001746804_031	g0295	0	0.8659555528
ENSE00001747277_001	g0989	0	0.0054821900
ENSE00001747277_002	g0989	0	0.0208997269
ENSE00001747277_006	g0989	0	0.0065210761
ENSE00001747277_009	g0989	0	0.9168701036
ENSE00001747277_012	g0989	0	0.1685475748
ENSE00001747277_015	g0989	0	0.2996739030
ENSE00001747277_018	g0989	0	0.1512767611
ENSE00001747277_019	g0989	0	0.3254167492
ENSE00001747277_021	g0989	0	0.2841763022
ENSE00001747277_022	g0989	0	0.9625913610
ENSE00001747277_025	g0989	0	0.4766497305
ENSE00001747870_001	g1196	0	0.0003735512
ENSE00001747870_003	g1196	0	0.0000169980
ENSE00001747870_004	g1196	0	0.0012523670
ENSE00001747870_005	g1196	0	0.0002642079
ENSE00001747870_007	g1196	0	0.0000048991
ENSE00001747870_008	g1196	0	0.0000054190
ENSE00001747870_009	g1196	0	0.0000823924
ENSE00001747870_011	g1196	0	0.0000863148
ENSE00001747870_013	g1196	0	0.0058198700
ENSE00001747870_014	g1196	0	0.0002957500
ENSE00001747870_015	g1196	0	0.0002761028
ENSE00001747870_016	g1196	0	0.0000312451
ENSE00001747870_017	g1196	0	0.0020510505
ENSE00001747870_018	g1196	0	0.0000282862
ENSE00001747870_019	g1196	0	0.0004966667
ENSE00001747870_020	g1196	0	0.0000662906
ENSE00001747870_022	g1196	0	0.0001764977
ENSE00001747870_023	g1196	0	0.0004278115
ENSE00001747870_024	g1196	0	0.0000683019
ENSE00001747870_025	g1196	0	0.0021026175
ENSE00001747870_026	g1196	0	0.0002777075
ENSE00001747870_027	g1196	0	0.0000437889
ENSE00001747870_028	g1196	0	0.0007930073
ENSE00001747870_029	g1196	0	0.0000425155
ENSE00001747870_030	g1196	0	0.0000417761
ENSE00001747870_031	g1196	0	0.0001415017
ENSE00001747870_032	g1196	0	0.0002925362
ENSE00001747870_033	g1196	0	0.0000120081
ENSE00001747870_034	g1196	0	0.0000497269
ENSE00001747870_035	g1196	0	0.0000779700
ENSE00001747870_036	g1196	0	0.0000554257
ENSE00001747870_037	g1196	0	0.0000421336
ENSE00001747870_038	g1196	0	0.0000776043
ENSE00001747870_039	g1196	0	0.0004749486
ENSE00001747870_040	g1196	0	0.0002468569
ENSE00001747870_042	g1196	0	0.0001069752
ENSE00001750848_001	g1202	0	0.0000197636
ENSE00001750848_002	g1202	0	0.0004091825
ENSE00001750848_006	g1202	0	0.0190647535
ENSE00001750848_007	g1202	0	0.0021263188
ENSE00001750848_009	g1202	1	0.0002341903
ENSE00001750848_010	g1202	0	0.0007394483
ENSE00001750848_011	g1202	0	0.0270404796
ENSE00001751160_002	g1196	0	0.0000617340
ENSE00001751160_003	g1196	0	0.0003516703
ENSE00001751160_004	g1196	1	0.0190601458
ENSE00001751160_005	g1196	0	0.0001882373
ENSE00001751160_006	g1196	0	0.0010204969
ENSE00001751160_008	g1196	0	0.0013295757
ENSE00001751160_009	g1196	0	0.0001732377
ENSE00001751160_010	g1196	0	0.0001893527
ENSE00001751160_011	g1196	0	0.0001552170
ENSE00001751160_012	g1196	0	0.0098119001
ENSE00001751160_014	g1196	0	0.0018319425
ENSE00001751160_015	g1196	0	0.0029928125
ENSE00001751160_016	g1196	1	0.0153309545
ENSE00001751160_018	g1196	0	0.0001921730
ENSE00001751160_019	g1196	0	0.0002290318
ENSE00001751160_020	g1196	0	0.0000625643
ENSE00001751163_001	g1205	0	0.0157905573
ENSE00001751163_003	g1205	0	0.0006752660
ENSE00001751163_004	g1205	1	0.0096370337
ENSE00001751163_005	g1205	1	0.0046152957
ENSE00001751163_006	g1205	0	0.4438271253
ENSE00001751163_007	g1205	1	0.0015348888
ENSE00001751163_013	g1205	0	0.0088930621
ENSE00001751163_015	g1205	0	0.0047071293
ENSE00001751163_016	g1205	0	0.0000388163
ENSE00001751163_018	g1205	1	0.0466732220
ENSE00001751163_019	g1205	1	0.0974715665
ENSE00001751163_022	g1205	0	0.0017407503
ENSE00001751163_023	g1205	1	0.0000294857
ENSE00001751163_024	g1205	1	0.0008529138
ENSE00001751163_025	g1205	1	0.0000807888
ENSE00001751163_026	g1205	0	0.0003776798
ENSE00001751163_028	g1205	0	0.0080154498
ENSE00001751163_029	g1205	0	0.0008883266
ENSE00001751163_030	g1205	1	0.0144192160
ENSE00001751163_031	g1205	1	0.0057215821
ENSE00001751163_034	g1205	0	0.0029648228
ENSE00001751163_035	g1205	0	0.0001250712
ENSE00001751835_001	g1206	0	0.0001881321
ENSE00001751835_006	g1206	0	0.0004335427
ENSE00001751835_008	g1206	0	0.0002085721
ENSE00001753202_001	g0989	0	0.0000130026
ENSE00001753202_002	g0989	0	0.0002027495
ENSE00001753202_003	g0989	0	0.0000040720
ENSE00001753202_005	g0989	0	0.0000001236
ENSE00001753202_006	g0989	0	0.0000009447
ENSE00001753202_010	g0989	0	0.0000109677
ENSE00001753202_012	g0989	0	0.0000066081
ENSE00001753202_013	g0989	0	0.0000625918
ENSE00001753202_014	g0989	0	0.0000017549
ENSE00001753202_018	g0989	0	0.0000073100
ENSE00001753202_019	g0989	0	0.0000303558
ENSE00001753202_021	g0989	0	0.0000030741
ENSE00001753202_024	g0989	0	0.0000167709
ENSE00001753202_025	g0989	1	0.0000072079
ENSE00001753202_026	g0989	0	0.0000002227
ENSE00001753202_027	g0989	0	0.0000002601
ENSE00001756605_007	g1209	0	0.0000041509
ENSE00001756605_012	g1209	0	0.0002026776
ENSE00001756605_019	g1209	0	0.0003763673
ENSE00001756605_022	g1209	0	0.0001021758
ENSE00001756619_002	g1210	0	0.0010013018
ENSE00001756619_003	g1210	0	0.0285554431
ENSE00001756619_004	g1210	0	0.0230664700
ENSE00001756619_006	g1210	0	0.0001435762
ENSE00001756619_009	g1210	0	0.0007073087
ENSE00001756619_010	g1210	0	0.0788033827
ENSE00001756619_012	g1210	0	0.0002954378
ENSE00001756619_013	g1210	0	0.0000467614
ENSE00001756619_014	g1210	0	0.0001948954
ENSE00001756619_015	g1210	0	0.4360008991
ENSE00001756619_018	g1210	0	0.0028842062
ENSE00001756619_019	g1210	0	0.2239277575
ENSE00001756619_020	g1210	0	0.0008072630
ENSE00001756619_021	g1210	0	0.1809533888
ENSE00001756935_001	g1211	0	0.0318021918
ENSE00001756935_002	g1211	0	0.0527348742
ENSE00001756935_003	g1211	0	0.0386003916
ENSE00001756935_005	g1211	0	0.5592779466
ENSE00001756935_007	g1211	0	0.5226183740
ENSE00001758231_009	g0446	0	0.0000006937
ENSE00001758231_010	g0446	0	0.0000013939
ENSE00001760884_002	g1213	1	0.0000937985
ENSE00001760884_003	g1213	0	0.0049336137
ENSE00001760884_004	g1213	0	0.0037434765
ENSE00001760884_005	g1213	1	0.0131916571
ENSE00001760884_008	g1213	0	0.0000046053
ENSE00001760884_011	g1213	0	0.0124526860
ENSE00001760884_012	g1213	0	0.0011755549
ENSE00001760884_014	g1213	0	0.0036620683
ENSE00001760884_015	g1213	0	0.0026911078
ENSE00001760884_017	g1213	0	0.0001183039
ENSE00001760884_018	g1213	0	0.0335889303
ENSE00001760884_019	g1213	0	0.0030893195
ENSE00001760884_020	g1213	0	0.0027643432
ENSE00001760884_021	g1213	1	0.0012690396
ENSE00001760884_023	g1213	0	0.0000797873
ENSE00001760884_024	g1213	0	0.0000575537
ENSE00001760884_025	g1213	0	0.0009581548
ENSE00001760884_026	g1213	0	0.0091442517
ENSE00001760884_027	g1213	0	0.0056423170
ENSE00001760884_028	g1213	0	0.0018257310
ENSE00001761497_002	g1045	0	0.0000467688
ENSE00001761497_003	g1045	0	0.0000445581
ENSE00001761497_015	g1045	0	0.0052358901
ENSE00001761497_023	g1045	0	0.0011405194
ENSE00001761497_026	g1045	1	0.0002515739
ENSE00001761817_002	g0989	0	0.9307894739
ENSE00001761817_003	g0989	0	0.9789024307
ENSE00001761817_004	g0989	0	0.8541223279
ENSE00001761817_005	g0989	0	0.9947597579
ENSE00001761817_006	g0989	1	0.9970248830
ENSE00001761817_007	g0989	0	0.7146026034
ENSE00001761817_008	g0989	0	0.9354756526
ENSE00001761817_009	g0989	0	0.9422764883
ENSE00001761817_010	g0989	1	0.9902720720
ENSE00001761817_011	g0989	0	0.8957090370
ENSE00001761817_013	g0989	0	0.2170389648
ENSE00001761817_014	g0989	1	0.3070182986
ENSE00001761817_015	g0989	0	0.6068201064
ENSE00001761817_017	g0989	0	0.8773482445
ENSE00001761817_019	g0989	0	0.3874354119
ENSE00001761817_020	g0989	0	0.9958637190
ENSE00001761817_021	g0989	0	0.9943504612
ENSE00001761817_022	g0989	0	0.9394736973
ENSE00001765217_003	g1218	0	0.0036571709
ENSE00001765217_005	g1218	0	0.0006891996
ENSE00001767172_012	g1219	0	0.0002213909
ENSE00001767172_013	g1219	0	0.0003448909
ENSE00001767172_015	g1219	0	0.0004191585
ENSE00001768118_001	g1221	0	0.0000507169
ENSE00001768118_002	g1221	0	0.0000228021
ENSE00001768118_003	g1221	0	0.0000520185
ENSE00001768118_006	g1221	0	0.0000725599
ENSE00001768118_009	g1221	0	0.0009037115
ENSE00001768118_012	g1221	0	0.0007173620
ENSE00001768118_014	g1221	1	0.0038873120
ENSE00001768118_016	g1221	0	0.0000248631
ENSE00001768118_017	g1221	0	0.0002070883
ENSE00001768118_018	g1221	1	0.0022555410
ENSE00001768118_019	g1221	1	0.0000695991
ENSE00001768118_021	g1221	0	0.0015327248
ENSE00001768118_022	g1221	0	0.0064256532
ENSE00001768118_023	g1221	0	0.0000528055
ENSE00001768118_025	g1221	0	0.0050635913
ENSE00001768118_027	g1221	0	0.0032570059
ENSE00001774521_013	g0477	0	0.2052720346
ENSE00001774521_019	g0477	0	0.2465199055
ENSE00001775517_003	g1230	0	0.0270536984
ENSE00001775517_005	g1230	0	0.1459812091
ENSE00001775517_008	g1230	0	0.0465857085
ENSE00001775517_009	g1230	0	0.0036781156
ENSE00001775517_016	g1230	0	0.0451880105
ENSE00001775517_020	g1230	0	0.0320626562
ENSE00001775517_027	g1230	0	0.0085860194
ENSE00001776272_003	g1233	0	0.2504869025
ENSE00001776272_006	g1233	0	0.9962331468
ENSE00001776272_009	g1233	0	0.9190739334
ENSE00001776272_010	g1233	0	0.4616462006
ENSE00001776272_011	g1233	0	0.7951068487
ENSE00001776272_013	g1233	0	0.9638711845
ENSE00001776272_014	g1233	0	0.9667072527
ENSE00001776272_015	g1233	0	0.9710687310
ENSE00001776272_018	g1233	0	0.9937274744
ENSE00001776272_019	g1233	0	0.9939013674
ENSE00001776272_021	g1233	0	0.1440336134
ENSE00001776970_001	g1235	0	0.0151015017
ENSE00001776970_003	g1235	1	0.0002767885
ENSE00001776970_004	g1235	0	0.0000028810
ENSE00001776970_006	g1235	0	0.0000627634
ENSE00001776970_009	g1235	0	0.0024201083
ENSE00001776970_010	g1235	0	0.0069394746
ENSE00001776970_014	g1235	0	0.0011627620
ENSE00001776970_016	g1235	0	0.0000862924
ENSE00001776970_017	g1235	0	0.0000061328
ENSE00001776970_018	g1235	0	0.0031862030
ENSE00001776970_019	g1235	0	0.0008477760
ENSE00001776970_020	g1235	0	0.0011448025
ENSE00001776970_021	g1235	0	0.0051020778
ENSE00001776970_022	g1235	0	0.0011868226
ENSE00001778245_001	g0989	0	0.0953100369
ENSE00001778245_002	g0989	0	0.0819531877
ENSE00001778245_004	g0989	0	0.0004185860
ENSE00001778245_007	g0989	0	0.0257119950
ENSE00001778245_010	g0989	0	0.0102475633
ENSE00001778245_012	g0989	0	0.6187475648
ENSE00001778245_013	g0989	0	0.0054429361
ENSE00001778245_018	g0989	0	0.0080098485
ENSE00001778245_019	g0989	0	0.0197930850
ENSE00001778245_021	g0989	0	0.0000251837
ENSE00001778387_001	g0786	0	0.0063503637
ENSE00001778387_003	g0786	0	0.3042581237
ENSE00001778387_004	g0786	0	0.9533834669
ENSE00001778387_006	g0786	0	0.9256796360
ENSE00001778387_007	g0786	0	0.0288835791
ENSE00001778387_008	g0786	0	0.0008194388
ENSE00001778387_009	g0786	0	0.4919345857
ENSE00001778387_010	g0786	0	0.0177621207
ENSE00001778387_012	g0786	0	0.6717659779
ENSE00001778387_013	g0786	0	0.0208128039
ENSE00001778387_015	g0786	0	0.2349579430
ENSE00001779638_003	g1239	0	0.0350047930
ENSE00001779638_008	g1239	0	0.0018855783
ENSE00001779638_010	g1239	0	0.0242975887
ENSE00001779638_017	g1239	0	0.0019378026
ENSE00001779638_020	g1239	0	0.2414852764
ENSE00001779638_021	g1239	0	0.0233297035
ENSE00001779638_025	g1239	0	0.3809417210
ENSE00001780748_001	g1240	0	0.4803599156
ENSE00001780748_002	g1240	0	0.1344671938
ENSE00001780748_004	g1240	0	0.5547487886
ENSE00001780748_006	g1240	0	0.0599938529
ENSE00001780748_009	g1240	0	0.0158026585
ENSE00001780748_010	g1240	0	0.0029196503
ENSE00001780748_015	g1240	0	0.0180642648
ENSE00001780748_017	g1240	0	0.1458357586
ENSE00001780748_020	g1240	1	0.9102980317
ENSE00001780748_021	g1240	0	0.1626184591
ENSE00001780748_023	g1240	0	0.0759817808
ENSE00001780748_024	g1240	0	0.6710318161
ENSE00001781541_001	g1242	0	0.0000014106
ENSE00001781541_002	g1242	0	0.0001410396
ENSE00001781541_003	g1242	0	0.0001183993
ENSE00001781541_004	g1242	0	0.0035723516
ENSE00001781541_005	g1242	0	0.0002852851
ENSE00001781541_006	g1242	0	0.0000392986
ENSE00001781541_007	g1242	0	0.0021731848
ENSE00001781541_008	g1242	0	0.0005065925
ENSE00001781541_009	g1242	0	0.0002799855
ENSE00001781541_010	g1242	0	0.0004943184
ENSE00001781541_011	g1242	0	0.0021678912
ENSE00001781541_012	g1242	0	0.0005499527
ENSE00001781541_014	g1242	0	0.0364385269
ENSE00001781541_016	g1242	0	0.0011020292
ENSE00001781541_017	g1242	0	0.0001405252
ENSE00001781541_019	g1242	0	0.0000692690
ENSE00001781541_020	g1242	0	0.0007222483
ENSE00001781541_023	g1242	0	0.0017595187
ENSE00001781541_024	g1242	0	0.0002845207
ENSE00001781541_026	g1242	0	0.0003552159
ENSE00001781541_027	g1242	0	0.0030524319
ENSE00001781541_029	g1242	0	0.0006160166
ENSE00001781541_030	g1242	0	0.0004102817
ENSE00001781541_031	g1242	0	0.0012457661
ENSE00001783324_001	g1243	0	0.7775271680
ENSE00001783324_005	g1243	0	0.0145956255
ENSE00001787987_001	g0477	0	0.0069116714
ENSE00001787987_002	g0477	0	0.0823131898
ENSE00001787987_003	g0477	0	0.0046323389
ENSE00001787987_004	g0477	0	0.2162729973
ENSE00001787987_005	g0477	0	0.1401929064
ENSE00001787987_006	g0477	0	0.7210849612
ENSE00001787987_007	g0477	0	0.2986991626
ENSE00001787987_009	g0477	0	0.0113998829
ENSE00001787987_010	g0477	0	0.0021056068
ENSE00001787987_012	g0477	0	0.0277221536
ENSE00001787987_013	g0477	0	0.0310341133
ENSE00001787987_014	g0477	0	0.2073042529
ENSE00001787987_015	g0477	0	0.3412705271
ENSE00001788956_001	g0989	0	0.0435841252
ENSE00001788956_002	g0989	0	0.0001633158
ENSE00001788956_003	g0989	0	0.0160042602
ENSE00001788956_004	g0989	0	0.0018384584
ENSE00001788956_005	g0989	0	0.2609270631
ENSE00001788956_007	g0989	0	0.6710911355
ENSE00001788956_009	g0989	0	0.1712999647
ENSE00001788956_010	g0989	0	0.1204795162
ENSE00001788956_011	g0989	0	0.0093064733
ENSE00001788956_014	g0989	0	0.7867157109
ENSE00001788956_015	g0989	0	0.2459161883
ENSE00001788956_016	g0989	0	0.6931336093
ENSE00001788956_017	g0989	0	0.8562037989
ENSE00001788956_018	g0989	0	0.0042300833
ENSE00001788956_019	g0989	0	0.0387788493
ENSE00001790785_001	g1247	0	0.0001020882
ENSE00001790785_002	g1247	0	0.0000000337
ENSE00001790785_003	g1247	0	0.0000009565
ENSE00001790785_004	g1247	0	0.0000006015
ENSE00001790785_005	g1247	0	0.0000007594
ENSE00001790785_006	g1247	0	0.0000003247
ENSE00001790785_007	g1247	0	0.0000018226
ENSE00001790785_008	g1247	0	0.0000003672
ENSE00001790785_010	g1247	0	0.0000001307
ENSE00001790785_011	g1247	0	0.0000003301
ENSE00001790785_014	g1247	0	0.0000000766
ENSE00001798716_002	g1251	0	0.9961140334
ENSE00001798716_008	g1251	0	0.9852194362
ENSE00001798716_009	g1251	0	0.9720584048
ENSE00001798716_010	g1251	0	0.9763306569
ENSE00001798716_011	g1251	0	0.9279404809
ENSE00001798716_013	g1251	0	0.2438340095
ENSE00001798716_015	g1251	0	0.9750515656
ENSE00001798716_016	g1251	0	0.9286477634
ENSE00001798716_017	g1251	0	0.9080414484
ENSE00001798716_018	g1251	0	0.9786603433
ENSE00001798716_020	g1251	0	0.9998321520
ENSE00001798716_021	g1251	0	0.9814757454
ENSE00001798716_023	g1251	0	0.9966659109
ENSE00001800310_001	g1252	0	0.0418561200
ENSE00001800310_002	g1252	0	0.0968650970
ENSE00001800310_003	g1252	0	0.0010242728
ENSE00001800310_005	g1252	0	0.0820750209
ENSE00001800310_006	g1252	0	0.0189416266
ENSE00001800310_007	g1252	0	0.0078831380
ENSE00001800310_008	g1252	0	0.0122418104
ENSE00001800310_009	g1252	0	0.1810086922
ENSE00001800310_010	g1252	0	0.0220557123
ENSE00001800310_011	g1252	0	0.0037011846
ENSE00001800310_013	g1252	0	0.1454635350
ENSE00001800310_014	g1252	0	0.0011674403
ENSE00001800310_015	g1252	0	0.0299920999
ENSE00001800310_016	g1252	0	0.0954342778
ENSE00001800310_018	g1252	0	0.1464632519
ENSE00001800310_019	g1252	0	0.0223791632
ENSE00001800310_022	g1252	0	0.0292230397
ENSE00001800310_023	g1252	0	0.0045298599
ENSE00001804656_002	g1256	0	0.1131695259
ENSE00001804656_007	g1256	0	0.4901751238
ENSE00001804656_009	g1256	0	0.0300982439
ENSE00001804656_011	g1256	0	0.6654679526
ENSE00001804656_016	g1256	0	0.2334384646
ENSE00001804656_017	g1256	0	0.0076523029
ENSE00001804656_020	g1256	0	0.3028306035
ENSE00001804656_024	g1256	0	0.9897254011
ENSE00001804656_025	g1256	0	0.9632916607
ENSE00001804656_028	g1256	0	0.0474006602
ENSE00001804656_029	g1256	0	0.0389660953
ENSE00001804656_037	g1256	0	0.5899225843
ENSE00001804977_003	g1257	0	0.0476150219
ENSE00001804977_004	g1257	0	0.9709312767
ENSE00001804977_005	g1257	0	0.9581905291
ENSE00001804977_006	g1257	0	0.5022915460
ENSE00001804977_008	g1257	0	0.5454420040
ENSE00001804977_009	g1257	0	0.2553397093
ENSE00001804977_010	g1257	0	0.0245445053
ENSE00001804977_011	g1257	0	0.3518585261
ENSE00001804977_014	g1257	0	0.8583004336
ENSE00001804977_015	g1257	0	0.3666196628
ENSE00001804977_016	g1257	0	0.9328554046
ENSE00001804977_017	g1257	0	0.2101389032
ENSE00001804977_022	g1257	0	0.9462275198
ENSE00001804977_024	g1257	0	0.9965164852
ENSE00001804977_025	g1257	0	0.9987971520
ENSE00001805855_003	g0747	0	0.0000148316
ENSE00001805855_008	g0747	0	0.0000032256
ENSE00001805855_010	g0747	1	0.0000445762
ENSE00001805855_011	g0747	0	0.0000403719
ENSE00001805855_014	g0747	1	0.0000329431
ENSE00001805855_015	g0747	1	0.0000124158
ENSE00001965627_001	g1258	0	0.3232467891
ENSE00001965627_002	g1258	0	0.0566303872
ENSE00001965627_003	g1258	0	0.9148352017
ENSE00001965627_004	g1258	0	0.3414446094
ENSE00001965627_005	g1258	0	0.9821227628
ENSE00001965627_006	g1258	0	0.1439403695
ENSE00001965627_008	g1258	0	0.2549061928
ENSE00001965627_009	g1258	0	0.0234466708
ENSE00001965627_010	g1258	0	0.3086789046
ENSE00001965627_011	g1258	0	0.0778358813
ENSE00001965627_012	g1258	0	0.0044810943
ENSE00001965627_013	g1258	0	0.0504804517
ENSE00001965627_015	g1258	0	0.4797508069
ENSE00001965627_016	g1258	0	0.2401998559
ENSE00001965627_017	g1258	0	0.5481441302
ENSE00001965627_018	g1258	0	0.1449243894
ENSE00001965627_019	g1258	0	0.0029557090
ENSE00001965627_020	g1258	0	0.2409984166
ENSE00002087838_001	g1265	0	0.8297130150
ENSE00002087838_002	g1265	0	0.9744873401
ENSE00002087838_006	g1265	0	0.8190962715
ENSE00002087838_008	g1265	0	0.9758838411
ENSE00002087838_009	g1265	0	0.9925720625
ENSE00002087838_011	g1265	0	0.9411736899
ENSE00002108329_002	g1266	0	0.0087552275
ENSE00002108329_003	g1266	0	0.1005325391
ENSE00002108329_004	g1266	0	0.0038286070
ENSE00002108329_007	g1266	0	0.5403778131
ENSE00002108329_008	g1266	0	0.1298752848
ENSE00002108329_010	g1266	0	0.0809586877
ENSE00002108329_016	g1266	0	0.2328801415
ENSE00002108329_017	g1266	0	0.1089972101
ENSE00002171872_003	g1268	0	0.0086238542
ENSE00002171872_008	g1268	0	0.7287509551
ENSE00002171872_009	g1268	0	0.2278946050
ENSE00002171872_010	g1268	1	0.9256754419
ENSE00002171872_013	g1268	0	0.5979543158
ENSE00002178626_001	g1270	0	0.0088639079
ENSE00002178626_002	g1270	0	0.0038017305
ENSE00002178626_003	g1270	0	0.0001296670
ENSE00002178626_004	g1270	0	0.0397020537
ENSE00002178626_005	g1270	0	0.0002483096
ENSE00002178626_006	g1270	0	0.0100799033
ENSE00002178626_007	g1270	0	0.0013552917
ENSE00002178626_008	g1270	0	0.0127770976
ENSE00002178626_009	g1270	0	0.0037355739
ENSE00002178626_010	g1270	0	0.0002846073
ENSE00002178626_011	g1270	0	0.0005691758
ENSE00002178626_012	g1270	0	0.0007787871
ENSE00002178626_014	g1270	0	0.0050145724
ENSE00002178626_015	g1270	0	0.0025941995
ENSE00002178626_017	g1270	0	0.0025662222
ENSE00002178626_019	g1270	0	0.0004875535
ENSE00002178626_022	g1270	0	0.0047732500
ENSE00002178626_024	g1270	0	0.0068144897
ENSE00002178626_025	g1270	0	0.0002634822
ENSE00002178626_026	g1270	0	0.0084762605
ENSE00002178626_027	g1270	0	0.0063729774
ENSE00002178626_028	g1270	0	0.0272771786
ENSE00002178626_030	g1270	0	0.0101824164
ENSE00002212809_002	g1277	0	0.0034436487
ENSE00002212809_006	g1277	0	0.0192164538
ENSE00002212809_007	g1277	0	0.0016718983
ENSE00002212809_009	g1277	0	0.0000487264
ENSE00002212809_012	g1277	0	0.5269322800
ENSE00002212809_013	g1277	0	0.0562117419
ENSE00002212809_015	g1277	0	0.0049047697
ENSE00002212809_016	g1277	0	0.0126020514
ENSE00002212809_018	g1277	0	0.0203628212
ENSE00002212809_019	g1277	1	0.0059541938
ENSE00002212809_024	g1277	0	0.0008196354
ENSE00002212809_026	g1277	0	0.0034771691
ENSE00002212809_028	g1277	0	0.0152477921
ENSE00002214498_001	g0167	0	0.5120588846
ENSE00002214498_002	g0167	0	0.9457300964
ENSE00002214498_004	g0167	0	0.0106677327
ENSE00002214498_005	g0167	0	0.9457010208
ENSE00002214498_006	g0167	0	0.0426586097
ENSE00002214498_008	g0167	0	0.9686497827
ENSE00002214498_009	g0167	0	0.7712510852
ENSE00002214498_011	g0167	0	0.9866644083
ENSE00002214498_012	g0167	0	0.8402109573
ENSE00002214498_014	g0167	0	0.7541583647
ENSE00002214498_016	g0167	0	0.8728624758
ENSE00002214498_017	g0167	0	0.9986414676
ENSE00002214498_020	g0167	0	0.9708686809
ENSE00002214498_021	g0167	0	0.9502898705
ENSE00002214498_022	g0167	0	0.9882718562
ENSE00002214498_023	g0167	0	0.9940786058
ENSE00002214621_013	g0798	0	0.8500568109
ENSE00002214621_021	g0798	0	0.1275901366
ENSE00002214621_024	g0798	0	0.6612746540
ENSE00002214621_031	g0798	0	0.2894064154
ENSE00002214621_033	g0798	0	0.7305166976
ENSE00002215495_002	g1279	0	0.0000242563
ENSE00002215495_003	g1279	0	0.0001242041
ENSE00002215495_004	g1279	0	0.0003452768
ENSE00002215495_006	g1279	0	0.0001457040
ENSE00002215495_008	g1279	0	0.0006979929
ENSE00002215495_010	g1279	0	0.0001448924
ENSE00002217270_004	g1280	0	0.3939180454
ENSE00002217270_018	g1280	0	0.0633906568
ENSE00002217270_020	g1280	0	0.0024470927
ENSE00002218022_003	g1281	0	0.0000497851
ENSE00002218022_006	g1281	0	0.0002130439
ENSE00002218022_007	g1281	0	0.0008277357
ENSE00002218022_009	g1281	0	0.0000096991
ENSE00002218022_010	g1281	0	0.0000220095
ENSE00002218022_011	g1281	0	0.0002119823
ENSE00002218022_012	g1281	0	0.0004934778
ENSE00002218022_013	g1281	0	0.0000073378
ENSE00002218022_014	g1281	0	0.0000458120
ENSE00002218022_015	g1281	0	0.0000484042
ENSE00002218022_016	g1281	0	0.0017436448
ENSE00002218022_018	g1281	0	0.0024037360
ENSE00002218022_020	g1281	0	0.0000384043
ENSE00002218022_023	g1281	0	0.0147730057
ENSE00002218022_026	g1281	0	0.0008239881
ENSE00002218022_028	g1281	0	0.0000026114
ENSE00002218022_029	g1281	0	0.0001061496
ENSE00002218022_030	g1281	0	0.0000612343
ENSE00002234720_001	g1287	0	0.0002367882
ENSE00002234720_003	g1287	0	0.0000068494
ENSE00002234720_004	g1287	0	0.0000054849
ENSE00002234720_005	g1287	0	0.0003766196
ENSE00002234720_006	g1287	0	0.0001560742
ENSE00002234720_007	g1287	0	0.0000798292
ENSE00002234720_008	g1287	0	0.0572588480
ENSE00002234720_009	g1287	0	0.0001260114
ENSE00002234720_010	g1287	0	0.0002318933
ENSE00002234720_011	g1287	0	0.0000216634
ENSE00002234720_012	g1287	0	0.0045754057
ENSE00002234720_013	g1287	0	0.0000589653
ENSE00002234720_014	g1287	0	0.0000094879
ENSE00002234720_015	g1287	0	0.0001962179
ENSE00002234720_016	g1287	0	0.0005003622
ENSE00002234720_017	g1287	0	0.0018555040
ENSE00002234720_018	g1287	0	0.0007169819
ENSE00002234720_019	g1287	0	0.0008986891
ENSE00002234720_020	g1287	0	0.0000026576
ENSE00002234720_022	g1287	0	0.0000098499
ENSE00002234720_023	g1287	0	0.0000061744
ENSE00002234720_024	g1287	0	0.0000008942
ENSE00002239615_001	g1279	0	0.0027264253
ENSE00002239615_008	g1279	0	0.0104438349
ENSE00002239615_009	g1279	0	0.0647442417
ENSE00002239615_014	g1279	0	0.0059161875
ENSE00002239615_015	g1279	0	0.2389641362
ENSE00002239615_016	g1279	0	0.0084274964
ENSE00002239615_018	g1279	0	0.0008409447
ENSE00002244455_007	g1290	0	0.0289204743
ENSE00002244455_008	g1290	0	0.2208209511
ENSE00002244455_009	g1290	0	0.1787351353
ENSE00002244455_010	g1290	0	0.9233485708
ENSE00002244455_011	g1290	0	0.0457746193
ENSE00002244455_013	g1290	1	0.1932400534
ENSE00002244455_014	g1290	0	0.6894728335
ENSE00002244455_018	g1290	0	0.1012918430
ENSE00002244455_019	g1290	0	0.4022907657
ENSE00002244455_020	g1290	0	0.2505772164
ENSE00002244455_021	g1290	0	0.0278809847
ENSE00002270312_001	g1292	0	0.0000700396
ENSE00002270312_002	g1292	0	0.0002735910
ENSE00002270312_003	g1292	0	0.3740096419
ENSE00002270312_004	g1292	0	0.0106183020
ENSE00002270312_006	g1292	0	0.0000115509
ENSE00002270312_007	g1292	0	0.0001543342
ENSE00002270312_009	g1292	0	0.0001186356
ENSE00002270312_010	g1292	0	0.0008924468
ENSE00002270312_011	g1292	0	0.0001887393
ENSE00002275313_002	g1294	0	0.0018137952
ENSE00002275313_003	g1294	0	0.0507318723
ENSE00002275313_004	g1294	0	0.2733161227
ENSE00002275313_012	g1294	0	0.3186275305
ENSE00002275313_019	g1294	0	0.0711696156
ENSE00002275313_020	g1294	0	0.0007283743
ENSE00002275313_024	g1294	0	0.0307222389
ENSE00002278274_001	g1298	0	0.2743687787
ENSE00002278274_002	g1298	0	0.6945659525
ENSE00002278274_004	g1298	0	0.8981236740
ENSE00002278274_005	g1298	0	0.6593048271
ENSE00002278274_006	g1298	0	0.8570050528
ENSE00002278274_007	g1298	0	0.8525515991
ENSE00002278274_008	g1298	0	0.7705339771
ENSE00002278274_009	g1298	0	0.5889866384
ENSE00002278274_010	g1298	0	0.6440300205
ENSE00002278274_011	g1298	0	0.7697636735
ENSE00002278274_012	g1298	0	0.9824297888
ENSE00002278274_014	g1298	0	0.9982269971
ENSE00002278274_015	g1298	0	0.9564106170
ENSE00002278274_016	g1298	0	0.9072740701
ENSE00002278274_017	g1298	0	0.9671133585
ENSE00002278274_018	g1298	0	0.5052224687
ENSE00002278274_021	g1298	0	0.9906584722
ENSE00002278274_022	g1298	0	0.9984918440
ENSE00002278274_023	g1298	0	0.8587003184
ENSE00002281957_002	g1300	0	0.9568665431
ENSE00002281957_007	g1300	0	0.0000153549
ENSE00002281957_014	g1300	0	0.0013999653
ENSE00002281957_015	g1300	1	0.0020069935
ENSE00002282659_004	g1302	0	0.9957657272
ENSE00002282659_005	g1302	0	0.4767699378
ENSE00002282659_006	g1302	0	0.9827060772
ENSE00002282659_008	g1302	0	0.9427177928
ENSE00002282659_012	g1302	0	0.9834471408
ENSE00002282659_013	g1302	0	0.9919977984
ENSE00002282659_019	g1302	0	0.7813643011
ENSE00002282659_022	g1302	0	0.6957244363
ENSE00002282659_023	g1302	0	0.9462679091
ENSE00002282659_028	g1302	0	0.8674070850
ENSE00002282659_030	g1302	0	0.9368653483
ENSE00002282659_031	g1302	0	0.8059619110
ENSE00002282659_033	g1302	0	0.5046656922
ENSE00002282659_034	g1302	0	0.8974045827
ENSE00002282659_035	g1302	0	0.9990585475
ENSE00002282659_038	g1302	0	0.9897579166
ENSE00002282659_039	g1302	0	0.9795196982
ENSE00002282659_041	g1302	0	0.9561267405
ENSE00002282659_043	g1302	0	0.9938826798
ENSE00002282659_044	g1302	0	0.8223578971
ENSE00002282659_046	g1302	0	0.1916270473
ENSE00002282659_050	g1302	0	0.9292102225
ENSE00002284279_001	g1304	0	0.0000550166
ENSE00002284279_002	g1304	0	0.0144305609
ENSE00002284279_004	g1304	0	0.0033680638
ENSE00002284279_005	g1304	0	0.0006602239
ENSE00002284279_006	g1304	0	0.0024295394
ENSE00002284279_009	g1304	0	0.0218645603
ENSE00002284279_014	g1304	0	0.0047547043
ENSE00002284279_015	g1304	0	0.0018880849
ENSE00002284279_016	g1304	0	0.0359897752
ENSE00002284279_018	g1304	0	0.0036464105
ENSE00002284279_019	g1304	0	0.0350243092
ENSE00002287176_002	g1305	0	0.4381183531
ENSE00002287176_003	g1305	0	0.4355342172
ENSE00002287176_004	g1305	0	0.3765760603
ENSE00002287176_005	g1305	0	0.0989883805
ENSE00002287176_006	g1305	0	0.0115509018
ENSE00002287176_007	g1305	0	0.0235827662
ENSE00002287176_010	g1305	0	0.2632507699
ENSE00002287176_011	g1305	0	0.3386919131
ENSE00002287176_012	g1305	0	0.8072059638
ENSE00002287176_013	g1305	0	0.6038376357
ENSE00002287176_016	g1305	0	0.8778466413
ENSE00002287176_019	g1305	0	0.0976640576
ENSE00002287176_020	g1305	0	0.6941761332
ENSE00002287176_022	g1305	0	0.9547368012
ENSE00002287176_024	g1305	0	0.5151116028
ENSE00002287176_026	g1305	0	0.8305803299
ENSE00002291630_006	g1300	0	0.2707736655
ENSE00002291630_008	g1300	0	0.0003891690
ENSE00002291630_009	g1300	0	0.0225787383
ENSE00002291630_013	g1300	0	0.0052256380
ENSE00002291630_015	g1300	0	0.0075161893
ENSE00002291630_019	g1300	0	0.0163514236
ENSE00002291630_022	g1300	0	0.0035083806
ENSE00002296409_004	g1307	0	0.0001239451
ENSE00002296409_005	g1307	0	0.0000184798
ENSE00002296409_008	g1307	0	0.0020993511
ENSE00002296409_028	g1307	0	0.0001023826
ENSE00002296409_030	g1307	0	0.0010429218
ENSE00002308659_005	g1314	0	0.2769840267
ENSE00002308659_006	g1314	0	0.0318964559
ENSE00002308659_007	g1314	0	0.0252628163
ENSE00002308659_012	g1314	0	0.0808210558
ENSE00002308659_014	g1314	0	0.0684333527
ENSE00002308659_015	g1314	0	0.0656405328
ENSE00002308659_017	g1314	0	0.0792619370
ENSE00002308659_018	g1314	0	0.2005946708
ENSE00002308659_020	g1314	0	0.0042073213
ENSE00002308659_021	g1314	0	0.0025649619
ENSE00002310311_002	g1315	0	0.0000130246
ENSE00002310311_003	g1315	0	0.0000002617
ENSE00002310311_004	g1315	0	0.0000286745
ENSE00002310311_005	g1315	0	0.0006284010
ENSE00002310311_007	g1315	0	0.0000082455
ENSE00002310311_008	g1315	0	0.0000434457
ENSE00002310311_009	g1315	0	0.0000042284
ENSE00002310311_010	g1315	0	0.0000172380
ENSE00002310311_011	g1315	0	0.0001247642
ENSE00002310311_012	g1315	0	0.0000652272
ENSE00002310311_013	g1315	0	0.0004066215
ENSE00002310311_014	g1315	0	0.0000689242
ENSE00002312953_001	g1279	0	0.9902688502
ENSE00002312953_002	g1279	0	0.7270124940
ENSE00002312953_004	g1279	0	0.9313572910
ENSE00002312953_005	g1279	0	0.4823599076
ENSE00002312953_006	g1279	0	0.6096548562
ENSE00002312953_007	g1279	0	0.0157528288
ENSE00002312953_008	g1279	0	0.2091465193
ENSE00002312953_010	g1279	0	0.5746200190
ENSE00002312953_011	g1279	0	0.9666515902
ENSE00002312953_013	g1279	0	0.9473252252
ENSE00002312953_014	g1279	0	0.0347530543
ENSE00002312953_015	g1279	0	0.6133568933
ENSE00002312953_016	g1279	0	0.8561468912
ENSE00002315097_001	g1287	0	0.9301151689
ENSE00002315097_002	g1287	0	0.0543172970
ENSE00002315097_003	g1287	0	0.5378128481
ENSE00002315097_004	g1287	0	0.9577121106
ENSE00002315097_006	g1287	0	0.1056069832
ENSE00002315097_007	g1287	0	0.9867294236
ENSE00002315097_008	g1287	0	0.8887059679
ENSE00002315097_009	g1287	0	0.9853984908
ENSE00002315097_011	g1287	0	0.7729228725
ENSE00002315097_012	g1287	0	0.9570747862
ENSE00002315097_016	g1287	0	0.7505807603
ENSE00002315097_017	g1287	0	0.9448980000
ENSE00002315097_019	g1287	0	0.2686379744
ENSE00002315097_020	g1287	0	0.9777381198
ENSE00002315097_021	g1287	0	0.2857915538
ENSE00002316035_001	g1319	0	0.3467861034
ENSE00002316035_002	g1319	0	0.0801194522
ENSE00002316035_003	g1319	0	0.0001433371
ENSE00002316035_004	g1319	0	0.6677324114
ENSE00002316035_005	g1319	1	0.0045191942
ENSE00002316035_006	g1319	0	0.0142779819
ENSE00002316035_007	g1319	0	0.0404101647
ENSE00002316035_008	g1319	0	0.2027643201
ENSE00002316035_009	g1319	0	0.2290152466
ENSE00002316035_010	g1319	0	0.3075292269
ENSE00002316035_012	g1319	1	0.1505910177
ENSE00002316035_013	g1319	0	0.1426642236
ENSE00002316035_014	g1319	1	0.1064724558
ENSE00002316035_015	g1319	0	0.0028473401
ENSE00002316035_016	g1319	1	0.0434491258
ENSE00002316035_018	g1319	0	0.0754412805
ENSE00002316035_020	g1319	0	0.0868996590
ENSE00002325120_001	g1323	0	0.0001681920
ENSE00002325120_003	g1323	0	0.0557181782
ENSE00002325120_006	g1323	0	0.0003938922
ENSE00002325120_008	g1323	0	0.0068947965
ENSE00002325120_009	g1323	0	0.0008922727
ENSE00002325120_013	g1323	0	0.0283789425
ENSE00002325120_014	g1323	0	0.0160967722
ENSE00002325120_015	g1323	0	0.0001760373
ENSE00002325120_016	g1323	0	0.0012693481
ENSE00002325120_018	g1323	0	0.0006260659
ENSE00002325120_019	g1323	0	0.0042192180
ENSE00002325120_020	g1323	0	0.0005661352
ENSE00002325120_021	g1323	0	0.0035265112
ENSE00002325120_022	g1323	0	0.0002266129
ENSE00002325517_001	g1265	0	0.0005886953
ENSE00002325517_002	g1265	0	0.0025819397
ENSE00002325517_004	g1265	0	0.0001698993
ENSE00002325517_005	g1265	0	0.0000162679
ENSE00002325517_006	g1265	0	0.0000303548
ENSE00002325517_007	g1265	0	0.0006901263
ENSE00002325517_008	g1265	0	0.0000003948
ENSE00002325517_009	g1265	0	0.0000001189
ENSE00002325517_010	g1265	0	0.0000010534
ENSE00002325517_012	g1265	0	0.0002971654
ENSE00002325517_013	g1265	0	0.0016585238
ENSE00002325517_014	g1265	0	0.0015281497
ENSE00002325517_016	g1265	0	0.0172168211
ENSE00002325517_017	g1265	0	0.0044429511
ENSE00002325517_018	g1265	0	0.0000825382
ENSE00002325517_019	g1265	0	0.0002721992
ENSE00002325517_020	g1265	0	0.0000178177
ENSE00002325517_021	g1265	0	0.0001285129
ENSE00002325517_023	g1265	0	0.0000026642
ENSE00002325517_024	g1265	0	0.0001023240
ENSE00002325517_025	g1265	0	0.0001714140
ENSE00002325517_026	g1265	0	0.0000073663
ENSE00002327016_001	g1327	0	0.0067992239
ENSE00002327016_002	g1327	0	0.1329045497
ENSE00002327016_004	g1327	0	0.0915821872
ENSE00002327016_005	g1327	0	0.0454850333
ENSE00002327016_006	g1327	0	0.1418916839
ENSE00002327016_007	g1327	0	0.0457782729
ENSE00002327016_008	g1327	0	0.1000904618
ENSE00002327016_010	g1327	0	0.0506043813
ENSE00002327016_011	g1327	0	0.0087005905
ENSE00002327016_012	g1327	0	0.1064774689
ENSE00002327016_013	g1327	0	0.3190026795
ENSE00002327016_014	g1327	0	0.0483811340
ENSE00002327016_015	g1327	0	0.2020912086
ENSE00002327016_016	g1327	0	0.1945162208
ENSE00002327016_017	g1327	0	0.1269490310
ENSE00002328082_001	g1328	0	0.1746202228
ENSE00002328082_002	g1328	0	0.9335127987
ENSE00002328082_003	g1328	0	0.0996474294
ENSE00002328082_004	g1328	0	0.0145292379
ENSE00002328082_005	g1328	0	0.9277475411
ENSE00002328082_006	g1328	0	0.2265913877
ENSE00002328082_007	g1328	0	0.2767220390
ENSE00002328082_008	g1328	0	0.1750244327
ENSE00002328082_010	g1328	0	0.6247325908
ENSE00002328082_011	g1328	0	0.8141992026
ENSE00002328107_001	g1329	0	0.0026080895
ENSE00002328107_002	g1329	0	0.0000034160
ENSE00002328107_003	g1329	0	0.0091381147
ENSE00002328107_004	g1329	0	0.0007210499
ENSE00002328107_006	g1329	0	0.0052555265
ENSE00002328107_007	g1329	1	0.0000302260
ENSE00002328107_008	g1329	0	0.0001717004
ENSE00002328107_013	g1329	0	0.0001561791
ENSE00002328107_014	g1329	0	0.0002703015
ENSE00002328107_015	g1329	0	0.0001643918
ENSE00002328107_016	g1329	0	0.0004843317
ENSE00002328107_018	g1329	0	0.0000002218
ENSE00002328107_019	g1329	0	0.0001061872
ENSE00002328107_021	g1329	0	0.0001034463
ENSE00002329164_001	g1332	0	0.1177100611
ENSE00002329164_002	g1332	0	0.1988673880
ENSE00002329164_003	g1332	0	0.4179512984
ENSE00002329164_005	g1332	0	0.1962021077
ENSE00002329164_006	g1332	0	0.9938304751
ENSE00002329164_007	g1332	0	0.9929399823
ENSE00002329164_008	g1332	0	0.8764273274
ENSE00002329164_009	g1332	0	0.0758009365
ENSE00002329164_010	g1332	0	0.0471518601
ENSE00002329164_011	g1332	0	0.1718098572
ENSE00002329164_012	g1332	0	0.4122582462
ENSE00002329164_013	g1332	0	0.1207450880
ENSE00002329164_014	g1332	0	0.0188132869
ENSE00002329164_015	g1332	0	0.9574312605
ENSE00002330674_002	g1339	0	0.0016025639
ENSE00002330674_003	g1339	0	0.0000411493
ENSE00002330674_005	g1339	0	0.0010074371
ENSE00002330674_009	g1339	0	0.0074622815
ENSE00002330674_015	g1339	0	0.0004152461
ENSE00002331924_001	g0773	0	0.9736377922
ENSE00002331924_002	g0773	0	0.6154165217
ENSE00002331924_003	g0773	0	0.1596080149
ENSE00002331924_004	g0773	0	0.2557070975
ENSE00002331924_005	g0773	0	0.9230248998
ENSE00002331924_006	g0773	0	0.9267905072
ENSE00002331924_008	g0773	0	0.3120721531
ENSE00002331924_009	g0773	0	0.6026267250
ENSE00002331924_010	g0773	0	0.9415253299
ENSE00002331924_011	g0773	0	0.9850224175
ENSE00002331924_013	g0773	0	0.8958174583
ENSE00002331924_014	g0773	0	0.9206431653
ENSE00002331924_015	g0773	0	0.7485341537
ENSE00002331924_016	g0773	0	0.6981530351
ENSE00002331924_018	g0773	0	0.9997746270
ENSE00002331924_019	g0773	0	0.5575312490
ENSE00002331924_020	g0773	0	0.9943881086
ENSE00002331924_021	g0773	0	0.5818657297
ENSE00002331924_022	g0773	0	0.8131415843
ENSE00002331924_024	g0773	0	0.9945376954
ENSE00002331924_025	g0773	0	0.7716680257
ENSE00002331924_026	g0773	0	0.6723485872
ENSE00002331924_027	g0773	0	0.4644662861
ENSE00002332792_002	g1346	0	0.0007724353
ENSE00002332792_003	g1346	0	0.0024904719
ENSE00002332792_008	g1346	0	0.0047560097
ENSE00002332792_011	g1346	0	0.0135117359
ENSE00002332792_012	g1346	0	0.0000077534
ENSE00002332792_015	g1346	0	0.0000861068
ENSE00002332792_016	g1346	0	0.0001161445
ENSE00002332792_019	g1346	0	0.0002567205
ENSE00002333772_018	g1350	0	0.0045799132
ENSE00002334398_003	g1351	0	0.6473357451
ENSE00002334398_011	g1351	0	0.7007780245
ENSE00002334398_015	g1351	0	0.9693766374
ENSE00002334398_028	g1351	0	0.9857176563
ENSE00002335404_001	g0272	0	0.0002674055
ENSE00002335404_002	g0272	0	0.0000155398
ENSE00002335404_003	g0272	0	0.0017142699
ENSE00002335404_004	g0272	0	0.0045114696
ENSE00002335404_005	g0272	0	0.0015629943
ENSE00002335404_006	g0272	0	0.0032861569
ENSE00002335404_007	g0272	0	0.0075651350
ENSE00002335404_008	g0272	0	0.0000061777
ENSE00002335404_009	g0272	0	0.0021799651
ENSE00002335404_010	g0272	0	0.0005617822
ENSE00002335404_011	g0272	0	0.0005699151
ENSE00002335404_012	g0272	0	0.0004070493
ENSE00002335404_014	g0272	0	0.0046829849
ENSE00002335404_015	g0272	0	0.0072664277
ENSE00002335404_016	g0272	0	0.0047040446
ENSE00002335404_018	g0272	0	0.0000451509
ENSE00002335404_019	g0272	0	0.0000079665
ENSE00002335404_020	g0272	0	0.0006420930
ENSE00002337228_001	g1354	0	0.0590914086
ENSE00002337228_004	g1354	0	0.0772372379
ENSE00002337228_005	g1354	0	0.0172846946
ENSE00002337228_007	g1354	0	0.0059730187
ENSE00002337228_008	g1354	0	0.0015483161
ENSE00002337228_009	g1354	0	0.0188529965
ENSE00002337228_011	g1354	0	0.9775077893
ENSE00002337228_014	g1354	0	0.2742421408
ENSE00002337228_016	g1354	0	0.0764256055
ENSE00002337228_018	g1354	0	0.0217814556
ENSE00002337228_020	g1354	0	0.0030427535
ENSE00002337228_021	g1354	0	0.0256208768
ENSE00002337228_022	g1354	0	0.0063565286
ENSE00002337228_023	g1354	0	0.0925853121
ENSE00002337228_026	g1354	0	0.0020122064
ENSE00002337228_027	g1354	0	0.0001687001
ENSE00002337841_001	g1357	0	0.0000294200
ENSE00002337841_002	g1357	0	0.0005055886
ENSE00002337841_005	g1357	0	0.0051222648
ENSE00002337841_006	g1357	0	0.0025828426
ENSE00002337841_007	g1357	0	0.0014181703
ENSE00002337841_009	g1357	0	0.0007150434
ENSE00002337841_010	g1357	0	0.0007862091
ENSE00002337841_013	g1357	0	0.0003692792
ENSE00002339454_002	g0272	0	0.0004959271
ENSE00002339454_003	g0272	0	0.0015169224
ENSE00002339454_004	g0272	0	0.0009769843
ENSE00002339454_005	g0272	0	0.0047975257
ENSE00002339454_006	g0272	0	0.0021987498
ENSE00002339454_007	g0272	0	0.0001724563
ENSE00002339454_008	g0272	0	0.0000091585
ENSE00002339454_009	g0272	0	0.0010113200
ENSE00002339454_010	g0272	0	0.0002646049
ENSE00002339454_013	g0272	0	0.0014906369
ENSE00002339454_015	g0272	0	0.0002021756
ENSE00002339454_017	g0272	0	0.0023420989
ENSE00002339454_018	g0272	0	0.0001995681
ENSE00002339454_019	g0272	0	0.0001346045
ENSE00002339454_022	g0272	0	0.0003582137
ENSE00002339454_024	g0272	0	0.0001574294
ENSE00002339454_025	g0272	0	0.0113932624
ENSE00002342710_001	g1368	0	0.0000561399
ENSE00002342710_002	g1368	0	0.0000026183
ENSE00002342710_003	g1368	0	0.0002126972
ENSE00002342710_004	g1368	0	0.0002213336
ENSE00002342710_005	g1368	0	0.0000682165
ENSE00002342710_006	g1368	0	0.0002630575
ENSE00002342710_008	g1368	0	0.0001491622
ENSE00002342710_009	g1368	0	0.0000437607
ENSE00002342710_010	g1368	0	0.0017103984
ENSE00002342710_011	g1368	0	0.0000491078
ENSE00002342710_014	g1368	0	0.1837273681
ENSE00002342710_015	g1368	0	0.0067501218
ENSE00002342710_017	g1368	0	0.0000399829
ENSE00002342710_018	g1368	0	0.0000427242
ENSE00002343629_002	g1371	0	0.0000005117
ENSE00002343629_003	g1371	0	0.0000003901
ENSE00002343629_004	g1371	0	0.0000026243
ENSE00002343629_007	g1371	0	0.0000010893
ENSE00002343629_009	g1371	0	0.0000000033
ENSE00002343629_010	g1371	0	0.0000000038
ENSE00002343629_011	g1371	0	0.0000000013
ENSE00002343629_012	g1371	0	0.0000000008
ENSE00002343629_013	g1371	0	0.0000000425
ENSE00002343629_014	g1371	0	0.0000000948
ENSE00002343629_015	g1371	0	0.0000002139
ENSE00002343629_016	g1371	0	0.0000000026
ENSE00002343629_017	g1371	0	0.0000002161
ENSE00002343629_019	g1371	0	0.0000000012
ENSE00002343629_020	g1371	0	0.0000000057
ENSE00002343629_021	g1371	0	0.0000000085
ENSE00002343629_022	g1371	0	0.0000000172
ENSE00002343974_001	g1374	0	0.0017122020
ENSE00002343974_005	g1374	0	0.0093143371
ENSE00002343974_011	g1374	0	0.0152252557
ENSE00002343974_014	g1374	0	0.0004120947
ENSE00002343974_016	g1374	0	0.0016855145
ENSE00002343974_018	g1374	0	0.0073382513
ENSE00002343974_019	g1374	0	0.0481748829
ENSE00002343974_025	g1374	0	0.0017999985
ENSE00002343974_026	g1374	0	0.0009668435
ENSE00002343974_027	g1374	0	0.0235093356
ENSE00002343974_030	g1374	0	0.0762498393
ENSE00002344191_001	g1375	0	0.3769056328
ENSE00002344191_002	g1375	0	0.0297635518
ENSE00002344191_003	g1375	0	0.0126519791
ENSE00002344191_004	g1375	0	0.0167050599
ENSE00002344191_006	g1375	0	0.0160318626
ENSE00002344191_007	g1375	0	0.0111733962
ENSE00002344191_008	g1375	0	0.0007628937
ENSE00002344191_009	g1375	0	0.0105922704
ENSE00002344191_011	g1375	0	0.8394649428
ENSE00002344191_012	g1375	0	0.0577417732
ENSE00002344191_013	g1375	0	0.0301114729
ENSE00002344191_014	g1375	0	0.1769106242
ENSE00002344191_015	g1375	0	0.0047923794
ENSE00002344191_016	g1375	0	0.0003196022
ENSE00002344191_017	g1375	0	0.0498503733
ENSE00002344191_018	g1375	0	0.0314116866
ENSE00002344191_019	g1375	0	0.1403385387
ENSE00002344191_020	g1375	0	0.8513528115
ENSE00002344191_021	g1375	0	0.0081335400
ENSE00002344191_022	g1375	0	0.0719411185
ENSE00002345132_001	g0272	0	0.1370021976
ENSE00002345132_004	g0272	0	0.0479473891
ENSE00002345132_005	g0272	0	0.0542374808
ENSE00002345132_006	g0272	0	0.0291175466
ENSE00002345132_007	g0272	0	0.0577330519
ENSE00002345132_009	g0272	0	0.0129239139
ENSE00002345132_010	g0272	0	0.0023698461
ENSE00002345132_012	g0272	0	0.0419989682
ENSE00002345498_002	g1379	0	0.9958837396
ENSE00002345498_003	g1379	0	0.6612796448
ENSE00002345498_004	g1379	0	0.3596527690
ENSE00002345498_005	g1379	0	0.1157605583
ENSE00002345498_006	g1379	1	0.6689764987
ENSE00002345498_007	g1379	0	0.9549028104
ENSE00002345498_008	g1379	0	0.4888142385
ENSE00002345498_009	g1379	1	0.9973232035
ENSE00002345498_010	g1379	1	0.4848328487
ENSE00002345498_014	g1379	0	0.0880889004
ENSE00002345498_015	g1379	0	0.8292394462
ENSE00002345498_016	g1379	0	0.1403290577
ENSE00002345498_017	g1379	0	0.4230119770
ENSE00002345498_019	g1379	0	0.6577284027
ENSE00002345498_020	g1379	1	0.9992279672
ENSE00002345498_021	g1379	0	0.5978287122
ENSE00002345498_023	g1379	1	0.2820135909
ENSE00002345498_024	g1379	1	0.9113658719
ENSE00002345498_026	g1379	0	0.2598907643
ENSE00002345498_027	g1379	0	0.9675654911
ENSE00002345498_028	g1379	0	0.9949170420
ENSE00002345498_029	g1379	1	0.9988852890
ENSE00002345936_001	g1381	0	0.0000722875
ENSE00002345936_002	g1381	0	0.0008950354
ENSE00002345936_003	g1381	0	0.0028041840
ENSE00002345936_004	g1381	0	0.0023547443
ENSE00002345936_005	g1381	0	0.0006586414
ENSE00002345936_006	g1381	0	0.0000166291
ENSE00002345936_007	g1381	0	0.0023584477
ENSE00002345936_008	g1381	0	0.0012943159
ENSE00002345936_009	g1381	0	0.0000047020
ENSE00002345936_011	g1381	0	0.0000799568
ENSE00002345936_012	g1381	0	0.0000110314
ENSE00002348862_001	g1389	0	0.9081352372
ENSE00002348862_004	g1389	0	0.5666821065
ENSE00002348862_005	g1389	0	0.8926782958
ENSE00002348862_006	g1389	0	0.5041246813
ENSE00002348862_008	g1389	0	0.0068338946
ENSE00002348862_011	g1389	1	0.6013299907
ENSE00002348862_012	g1389	1	0.9743327915
ENSE00002348862_015	g1389	0	0.8427650211
ENSE00002348862_016	g1389	1	0.8709615110
ENSE00002348862_018	g1389	1	0.0503497092
ENSE00002348862_019	g1389	1	0.8688157017
ENSE00002348862_021	g1389	0	0.0087972273
ENSE00002348862_023	g1389	0	0.6420588720
ENSE00002348862_025	g1389	0	0.6741723597
ENSE00002348862_028	g1389	0	0.8561963764
ENSE00002348862_029	g1389	0	0.1201012942
ENSE00002348862_032	g1389	0	0.5119314557
ENSE00002348862_033	g1389	0	0.7259215650
ENSE00002348862_035	g1389	0	0.6767520230
ENSE00002348862_036	g1389	0	0.0033055002
ENSE00002348862_037	g1389	0	0.0713575153
ENSE00002348862_038	g1389	0	0.9095270602
ENSE00002348862_039	g1389	0	0.0045691439
ENSE00002349453_003	g1391	0	0.0000012036
ENSE00002349453_005	g1391	0	0.0000000073
ENSE00002349453_008	g1391	1	0.0000013476
ENSE00002349453_010	g1391	0	0.0000005234
ENSE00002349453_014	g1391	0	0.0000012909
ENSE00002351279_002	g1397	0	0.0000353860
ENSE00002351279_003	g1397	0	0.0000054312
ENSE00002351279_004	g1397	0	0.0215838454
ENSE00002351279_006	g1397	0	0.0018601025
ENSE00002351279_007	g1397	0	0.0016218014
ENSE00002351279_008	g1397	0	0.0026357069
ENSE00002351279_009	g1397	0	0.0198511257
ENSE00002351279_010	g1397	0	0.0017511398
ENSE00002351279_012	g1397	0	0.0002553769
ENSE00002352652_001	g1403	0	0.0042133360
ENSE00002352652_002	g1403	0	0.0024886650
ENSE00002352652_003	g1403	0	0.0000319109
ENSE00002352652_004	g1403	0	0.0000014206
ENSE00002352652_005	g1403	1	0.0143832127
ENSE00002352652_006	g1403	0	0.0002024122
ENSE00002352652_007	g1403	0	0.0064903651
ENSE00002352652_009	g1403	0	0.0000235762
ENSE00002352652_010	g1403	0	0.0011170434
ENSE00002352652_012	g1403	0	0.0001980063
ENSE00002352652_013	g1403	0	0.0000231433
ENSE00002352652_014	g1403	0	0.0004465140
ENSE00002352652_015	g1403	0	0.0001605392
ENSE00002352652_017	g1403	0	0.0000675612
ENSE00002352652_018	g1403	0	0.0038941454
ENSE00002352652_019	g1403	0	0.0146739428
ENSE00002352652_020	g1403	0	0.1467889519
ENSE00002352652_021	g1403	0	0.0000731297
ENSE00002352652_022	g1403	0	0.0050105875
ENSE00002352652_023	g1403	0	0.0029119887
ENSE00002352652_024	g1403	0	0.0074614350
ENSE00002352652_026	g1403	0	0.0001552031
ENSE00002352760_001	g0167	0	0.0000000058
ENSE00002352760_003	g0167	0	0.0000002399
ENSE00002352760_004	g0167	0	0.0000000526
ENSE00002352760_005	g0167	0	0.0000000264
ENSE00002352760_007	g0167	0	0.0000026733
ENSE00002352760_008	g0167	0	0.0000031528
ENSE00002352760_009	g0167	0	0.0000004526
ENSE00002352760_010	g0167	0	0.0000001951
ENSE00002352760_011	g0167	0	0.0000006457
ENSE00002352760_013	g0167	0	0.0000008142
ENSE00002352760_014	g0167	0	0.0000005720
ENSE00002352760_015	g0167	0	0.0000000551
ENSE00002352760_016	g0167	0	0.0000000976
ENSE00002354222_002	g1410	0	0.0040638658
ENSE00002354222_003	g1410	0	0.0016811508
ENSE00002354222_004	g1410	0	0.0000352576
ENSE00002354222_008	g1410	0	0.0002294161
ENSE00002354222_009	g1410	0	0.0000395789
ENSE00002354222_010	g1410	0	0.0000339899
ENSE00002354222_011	g1410	0	0.0002977006
ENSE00002354222_012	g1410	0	0.0000178341
ENSE00002354222_015	g1410	0	0.0006539382
ENSE00002354222_016	g1410	0	0.0008179534
ENSE00002354222_017	g1410	0	0.0024961609
ENSE00002354222_018	g1410	0	0.1688866681
ENSE00002354222_019	g1410	0	0.0114895342
ENSE00002354222_023	g1410	0	0.0059018614
ENSE00002354222_024	g1410	0	0.0026336155
ENSE00002354222_025	g1410	0	0.0027017920
ENSE00002354222_026	g1410	0	0.0020097177
ENSE00002354222_027	g1410	0	0.0000724459
ENSE00002354222_030	g1410	0	0.0103270038
ENSE00002354222_032	g1410	0	0.0004108977
ENSE00002354222_033	g1410	0	0.0000556155
ENSE00002354222_034	g1410	0	0.0783845987
ENSE00002355689_003	g1265	0	0.0093510305
ENSE00002355689_007	g1265	0	0.2374131086
ENSE00002355689_010	g1265	0	0.0034080640
ENSE00002355689_013	g1265	0	0.1319356945
ENSE00002356095_001	g1413	0	0.0006485849
ENSE00002356095_003	g1413	0	0.0002461759
ENSE00002356095_004	g1413	0	0.0013484332
ENSE00002356095_006	g1413	0	0.0003255063
ENSE00002356095_007	g1413	0	0.0818623556
ENSE00002356095_008	g1413	0	0.0035121012
ENSE00002356095_010	g1413	0	0.0000561548
ENSE00002356095_011	g1413	0	0.0236030281
ENSE00002356095_012	g1413	0	0.0000052685
ENSE00002356095_013	g1413	0	0.0005728760
ENSE00002356095_015	g1413	0	0.0000762779
ENSE00002356095_016	g1413	0	0.0097856385
ENSE00002356125_001	g1414	0	0.0076178588
ENSE00002356125_004	g1414	0	0.9088736061
ENSE00002356125_005	g1414	0	0.1818224453
ENSE00002356125_006	g1414	0	0.2438990425
ENSE00002356125_008	g1414	0	0.0667729440
ENSE00002356125_010	g1414	0	0.0164877359
ENSE00002356125_012	g1414	0	0.1171202707
ENSE00002356125_014	g1414	0	0.0164876610
ENSE00002356125_016	g1414	0	0.1272841006
ENSE00002356125_017	g1414	0	0.0474403470
ENSE00002356125_020	g1414	0	0.5010077933
ENSE00002356125_021	g1414	0	0.1424591636
ENSE00002356125_025	g1414	0	0.0710660569
ENSE00002356125_026	g1414	0	0.8160079904
ENSE00002356125_027	g1414	0	0.0420991824
ENSE00002356780_002	g1416	0	0.0000078931
ENSE00002356780_003	g1416	0	0.0000312428
ENSE00002356780_004	g1416	0	0.0000449381
ENSE00002356780_006	g1416	0	0.0001354775
ENSE00002356780_007	g1416	0	0.0000101748
ENSE00002356780_008	g1416	0	0.0023743129
ENSE00002356780_009	g1416	0	0.0008441511
ENSE00002356780_010	g1416	0	0.0002159507
ENSE00002356780_011	g1416	0	0.0000015310
ENSE00002356780_014	g1416	0	0.0000158301
ENSE00002356780_017	g1416	0	0.0000002235
ENSE00002356780_018	g1416	0	0.0000016621
ENSE00002356780_019	g1416	0	0.0001631098
ENSE00002356780_020	g1416	0	0.0000176198
ENSE00002356780_022	g1416	0	0.0000586497
ENSE00002356780_023	g1416	0	0.0000095723
ENSE00002356780_024	g1416	0	0.0000033016
ENSE00002358672_001	g1323	0	0.0003988296
ENSE00002358672_003	g1323	0	0.0025893353
ENSE00002358672_005	g1323	0	0.0006433279
ENSE00002358672_006	g1323	0	0.0000031887
ENSE00002358672_007	g1323	0	0.0004020850
ENSE00002358672_008	g1323	0	0.0001104152
ENSE00002358672_009	g1323	0	0.0000618755
ENSE00002358672_010	g1323	0	0.0000308798
ENSE00002358672_011	g1323	0	0.0000937434
ENSE00002358672_013	g1323	0	0.0011265346
ENSE00002358672_014	g1323	0	0.0000033377
ENSE00002358672_015	g1323	0	0.0000038586
ENSE00002358672_016	g1323	0	0.0000516953
ENSE00002358672_018	g1323	0	0.0000151981
ENSE00002359074_002	g1422	0	0.7134415255
ENSE00002359074_005	g1422	0	0.4578312812
ENSE00002359074_006	g1422	0	0.9212411743
ENSE00002359074_007	g1422	0	0.9909696706
ENSE00002359074_008	g1422	0	0.9834790357
ENSE00002359074_009	g1422	0	0.9470068740
ENSE00002359074_010	g1422	0	0.9589468666
ENSE00002359074_011	g1422	0	0.8209101435
ENSE00002359074_012	g1422	0	0.1883983732
ENSE00002359074_013	g1422	0	0.9180177847
ENSE00002359074_014	g1422	0	0.7148279971
ENSE00002359074_016	g1422	0	0.9781024592
ENSE00002359074_017	g1422	0	0.8912817919
ENSE00002359074_018	g1422	0	0.6695945594
ENSE00002359074_019	g1422	0	0.5813679962
ENSE00002359074_020	g1422	0	0.8314906889
ENSE00002359074_021	g1422	0	0.9964617975
ENSE00002359074_022	g1422	0	0.7401574961
ENSE00002359074_023	g1422	0	0.9925004124
ENSE00002359074_024	g1422	0	0.9253627856
ENSE00002359127_001	g1350	0	0.7706349105
ENSE00002359127_003	g1350	0	0.2727629905
ENSE00002359127_004	g1350	0	0.9713660560
ENSE00002359127_005	g1350	0	0.9997956325
ENSE00002359127_006	g1350	0	0.9984661353
ENSE00002359127_007	g1350	0	0.4421019390
ENSE00002359127_008	g1350	0	0.7528014811
ENSE00002359127_010	g1350	0	0.9194393191
ENSE00002359127_011	g1350	0	0.9066255220
ENSE00002359127_012	g1350	0	0.7587455071
ENSE00002359127_014	g1350	0	0.2023046188
ENSE00002359127_017	g1350	0	0.9777444190
ENSE00002359127_018	g1350	0	0.9039978325
ENSE00002359127_019	g1350	0	0.9130017080
ENSE00002359127_021	g1350	0	0.9231011329
ENSE00002359127_022	g1350	0	0.9622243975
ENSE00002359554_001	g1423	0	0.0000669809
ENSE00002359554_003	g1423	0	0.0000810508
ENSE00002359554_004	g1423	0	0.0000361378
ENSE00002359554_006	g1423	0	0.0007410799
ENSE00002359554_007	g1423	0	0.0001414933
ENSE00002359554_008	g1423	0	0.0000380188
ENSE00002359554_009	g1423	0	0.0000354905
ENSE00002359554_012	g1423	0	0.0006432131
ENSE00002359554_017	g1423	0	0.0000948610
ENSE00002359554_018	g1423	0	0.0019265174
ENSE00002359554_019	g1423	0	0.0000029954
ENSE00002359554_020	g1423	0	0.0000022126
ENSE00002359554_021	g1423	0	0.0000051102
ENSE00002360468_002	g1424	0	0.8763363101
ENSE00002360468_003	g1424	0	0.9910779488
ENSE00002360468_007	g1424	0	0.9970238274
ENSE00002360468_009	g1424	0	0.9998735455
ENSE00002360468_010	g1424	0	0.9948829761
ENSE00002360468_011	g1424	0	0.9881604899
ENSE00002360468_012	g1424	0	0.8772093803
ENSE00002360468_013	g1424	0	0.9949980529
ENSE00002360468_014	g1424	0	0.9924187491
ENSE00002360468_015	g1424	0	0.9874225890
ENSE00002360468_017	g1424	1	0.9944428524
ENSE00002360468_018	g1424	0	0.9797558629
ENSE00002360468_019	g1424	0	0.9980320215
ENSE00002361318_003	g1427	0	0.0000000012
ENSE00002361318_004	g1427	0	0.0000000020
ENSE00002361318_005	g1427	0	0.0000000083
ENSE00002361318_007	g1427	0	0.0000000443
ENSE00002361318_009	g1427	0	0.0000000019
ENSE00002361318_010	g1427	0	0.0000000002
ENSE00002361318_011	g1427	0	0.0000000093
ENSE00002361318_013	g1427	0	0.0000000008
ENSE00002361318_014	g1427	0	0.0000000075
ENSE00002361318_016	g1427	0	0.0000000000
ENSE00002361318_018	g1427	0	0.0000000079
ENSE00002361318_020	g1427	0	0.0000000408
ENSE00002361318_021	g1427	0	0.0000000000
ENSE00002361772_001	g1430	0	0.1330166586
ENSE00002361772_004	g1430	0	0.0001216821
ENSE00002361772_005	g1430	0	0.0000019825
ENSE00002361772_008	g1430	0	0.0000045764
ENSE00002361855_001	g1431	0	0.0007905738
ENSE00002361855_011	g1431	0	0.0069200034
ENSE00002361855_017	g1431	0	0.0004626849
ENSE00002361855_018	g1431	0	0.0536490678
ENSE00002363723_002	g1439	0	0.0493428089
ENSE00002363723_003	g1439	0	0.0802798053
ENSE00002363723_006	g1439	0	0.0203687206
ENSE00002363723_009	g1439	0	0.0038911658
ENSE00002363723_011	g1439	0	0.0130508278
ENSE00002363723_012	g1439	0	0.1645771235
ENSE00002363723_013	g1439	0	0.0090524897
ENSE00002363723_014	g1439	0	0.0044838837
ENSE00002364112_003	g1440	0	0.0074263476
ENSE00002364112_004	g1440	0	0.0061178395
ENSE00002364112_005	g1440	0	0.0136776163
ENSE00002364112_006	g1440	0	0.0005039235
ENSE00002364112_007	g1440	0	0.0000890052
ENSE00002364112_008	g1440	0	0.0000041065
ENSE00002364112_009	g1440	0	0.0000914774
ENSE00002364112_012	g1440	0	0.0003975946
ENSE00002364112_013	g1440	0	0.0002145740
ENSE00002364112_014	g1440	0	0.0000398201
ENSE00002364112_017	g1440	0	0.0005578963
ENSE00002364112_019	g1440	0	0.0161160632
ENSE00002364112_020	g1440	0	0.0302283444
ENSE00002364112_021	g1440	0	0.0001995137
ENSE00002364245_001	g1441	0	0.0000439640
ENSE00002364245_002	g1441	0	0.0001944585
ENSE00002364245_003	g1441	0	0.0000484378
ENSE00002364245_004	g1441	0	0.0005445059
ENSE00002364245_005	g1441	0	0.0000608478
ENSE00002364245_006	g1441	0	0.0000337882
ENSE00002364245_007	g1441	0	0.0011480853
ENSE00002364245_009	g1441	0	0.0001924370
ENSE00002364245_010	g1441	0	0.0000259782
ENSE00002364245_011	g1441	0	0.0000623957
ENSE00002364245_013	g1441	0	0.0000077046
ENSE00002364245_014	g1441	0	0.0000197083
ENSE00002364245_017	g1441	0	0.0000514429
ENSE00002364245_018	g1441	0	0.0013012145
ENSE00002364245_019	g1441	0	0.0001593802
ENSE00002364245_022	g1441	0	0.0615248872
ENSE00002364245_026	g1441	0	0.0000053624
ENSE00002364245_027	g1441	0	0.0000003713
ENSE00002364667_005	g1443	0	0.5249609165
ENSE00002364667_006	g1443	0	0.0178503895
ENSE00002364667_007	g1443	0	0.1982449329
ENSE00002364667_010	g1443	0	0.0020420189
ENSE00002364667_020	g1443	0	0.0523622121
ENSE00002365239_001	g1424	0	0.0055140605
ENSE00002365239_002	g1424	0	0.0278754349
ENSE00002365239_003	g1424	0	0.0026644962
ENSE00002365239_005	g1424	0	0.1073361414
ENSE00002365239_007	g1424	0	0.0187706482
ENSE00002365239_008	g1424	0	0.0890520360
ENSE00002365239_009	g1424	0	0.0199225132
ENSE00002365239_010	g1424	0	0.1243790409
ENSE00002365239_011	g1424	0	0.0030410492
ENSE00002365239_014	g1424	0	0.0015556868
ENSE00002365239_015	g1424	0	0.0179435919
ENSE00002365239_016	g1424	0	0.0078873204
ENSE00002365239_017	g1424	0	0.1702253442
ENSE00002365239_023	g1424	0	0.0186208023
ENSE00002366740_005	g1448	0	0.6479660803
ENSE00002366740_006	g1448	0	0.0326601330
ENSE00002366740_008	g1448	0	0.7506676907
ENSE00002366740_009	g1448	0	0.9757717381
ENSE00002366740_011	g1448	0	0.2483867903
ENSE00002366740_012	g1448	0	0.0409012429
ENSE00002366740_013	g1448	0	0.2360145017
ENSE00002366740_014	g1448	0	0.2378579696
ENSE00002366740_016	g1448	0	0.2257708452
ENSE00002366740_017	g1448	0	0.3775556104
ENSE00002366740_018	g1448	0	0.7606200314
ENSE00002366740_019	g1448	0	0.5553637334
ENSE00002366740_022	g1448	0	0.0017648966
ENSE00002366740_023	g1448	0	0.0213823827
ENSE00002366740_025	g1448	0	0.9875220178
ENSE00002366740_026	g1448	0	0.1189385293
ENSE00002368364_011	g1455	0	0.5013706387
ENSE00002368364_013	g1455	0	0.8621231592
ENSE00002368364_014	g1455	1	0.6720653212
ENSE00002368364_015	g1455	0	0.9659598188
ENSE00002368364_018	g1455	0	0.3264364361
ENSE00002368364_022	g1455	1	0.7280496093
ENSE00002368364_027	g1455	0	0.4877187289
ENSE00002368364_030	g1455	0	0.8124941826
ENSE00002368515_001	g1456	0	0.8668621857
ENSE00002368515_003	g1456	0	0.3019607842
ENSE00002368515_004	g1456	0	0.9995992926
ENSE00002368515_006	g1456	0	0.6384166612
ENSE00002368515_008	g1456	0	0.4245763556
ENSE00002368515_009	g1456	0	0.9687243099
ENSE00002368515_010	g1456	0	0.9759837426
ENSE00002368515_011	g1456	0	0.9269541280
ENSE00002368515_012	g1456	0	0.2576836396
ENSE00002369644_001	g1460	0	0.0000477700
ENSE00002369644_002	g1460	0	0.1290761807
ENSE00002369644_004	g1460	0	0.1951973823
ENSE00002369644_006	g1460	0	0.0295523191
ENSE00002369644_007	g1460	0	0.0631043493
ENSE00002369644_008	g1460	0	0.1645530674
ENSE00002369644_009	g1460	0	0.5989293034
ENSE00002369644_010	g1460	0	0.4992774685
ENSE00002369644_011	g1460	0	0.0533403238
ENSE00002369644_012	g1460	0	0.0186092085
ENSE00002369644_013	g1460	0	0.0225732088
ENSE00002369644_018	g1460	0	0.0411158675
ENSE00002369644_019	g1460	0	0.2863371218
ENSE00002369644_020	g1460	0	0.0028514267
ENSE00002369644_021	g1460	0	0.0135060045
ENSE00002370008_001	g1448	0	0.0000039743
ENSE00002370008_006	g1448	0	0.0000516350
ENSE00002370008_008	g1448	0	0.0001276352
ENSE00002370008_009	g1448	0	0.0000005346
ENSE00002370008_010	g1448	0	0.0000418369
ENSE00002370008_012	g1448	0	0.0000096410
ENSE00002371235_001	g1463	0	0.0983119430
ENSE00002371235_002	g1463	0	0.4184952274
ENSE00002371235_003	g1463	0	0.0334588336
ENSE00002371235_007	g1463	0	0.3582306614
ENSE00002371235_009	g1463	0	0.9100938250
ENSE00002371235_010	g1463	0	0.3819189917
ENSE00002371235_011	g1463	0	0.6999655169
ENSE00002371235_013	g1463	0	0.6493322716
ENSE00002371235_014	g1463	0	0.7353064259
ENSE00002371235_016	g1463	0	0.5562947395
ENSE00002371235_018	g1463	0	0.0549646438
ENSE00002371235_019	g1463	0	0.0126475949
ENSE00002371235_020	g1463	0	0.0185632322
ENSE00002371235_021	g1463	0	0.1030868068
ENSE00002371235_022	g1463	0	0.4990664669
ENSE00002371235_023	g1463	0	0.0758700040
ENSE00002371235_024	g1463	0	0.0245836015
ENSE00002371248_003	g1464	0	0.0123924515
ENSE00002371248_005	g1464	0	0.0043609843
ENSE00002371248_013	g1464	0	0.0001449907
ENSE00002371248_016	g1464	0	0.0000050828
ENSE00002371248_017	g1464	0	0.0002134292
ENSE00002371985_001	g1467	0	0.0425823786
ENSE00002371985_002	g1467	0	0.0027811007
ENSE00002371985_004	g1467	0	0.0021188307
ENSE00002371985_005	g1467	0	0.0023548785
ENSE00002371985_008	g1467	0	0.0027885322
ENSE00002371985_011	g1467	1	0.0043555089
ENSE00002371985_012	g1467	0	0.0357741348
ENSE00002371985_014	g1467	0	0.0348912747
ENSE00002373097_001	g1468	0	0.0026438556
ENSE00002373097_002	g1468	0	0.0006252249
ENSE00002373097_003	g1468	0	0.0001027605
ENSE00002373097_004	g1468	0	0.0008090613
ENSE00002373097_006	g1468	0	0.0010469540
ENSE00002373097_007	g1468	0	0.0001764717
ENSE00002373097_008	g1468	0	0.0002317523
ENSE00002373097_011	g1468	0	0.0057338451
ENSE00002373097_012	g1468	0	0.0011532057
ENSE00002373097_013	g1468	0	0.0000528455
ENSE00002373097_014	g1468	0	0.0004172155
ENSE00002373097_015	g1468	0	0.0009362041
ENSE00002373097_016	g1468	0	0.0000855204
ENSE00002373097_017	g1468	0	0.0003225204
ENSE00002373097_018	g1468	0	0.0006006492
ENSE00002373097_019	g1468	0	0.0011623030
ENSE00002373097_020	g1468	0	0.0003858086
ENSE00002373097_021	g1468	0	0.0008882745
ENSE00002373097_023	g1468	0	0.0001357919
ENSE00002376718_029	g1478	0	0.1527487964
ENSE00002376872_001	g1397	0	0.0112040014
ENSE00002376872_002	g1397	0	0.4726852781
ENSE00002376872_003	g1397	0	0.3428317745
ENSE00002376872_004	g1397	0	0.1415855907
ENSE00002376872_005	g1397	0	0.0323564614
ENSE00002376872_007	g1397	0	0.0343079535
ENSE00002376872_011	g1397	0	0.4913530013
ENSE00002376872_015	g1397	0	0.0989882871
ENSE00002376872_019	g1397	0	0.0642281352
ENSE00002376872_022	g1397	0	0.9946482541
ENSE00002378369_002	g1448	0	0.3189009049
ENSE00002378369_005	g1448	0	0.0055546413
ENSE00002378369_006	g1448	0	0.1977793212
ENSE00002378369_009	g1448	0	0.0681018077
ENSE00002378369_010	g1448	0	0.2885595463
ENSE00002378369_011	g1448	0	0.2350431355
ENSE00002378369_012	g1448	0	0.0932266434
ENSE00002378369_015	g1448	0	0.0018103712
ENSE00002378702_003	g1483	0	0.0354006089
ENSE00002379912_001	g1486	0	0.2411646728
ENSE00002379912_002	g1486	0	0.0520976198
ENSE00002379912_004	g1486	0	0.0229383269
ENSE00002379912_005	g1486	0	0.5171347181
ENSE00002379912_006	g1486	0	0.9326231761
ENSE00002379912_007	g1486	0	0.5751836261
ENSE00002379912_008	g1486	0	0.6034418002
ENSE00002379912_009	g1486	0	0.6441729712
ENSE00002379912_010	g1486	0	0.4051951062
ENSE00002379912_011	g1486	0	0.2468501081
ENSE00002379912_012	g1486	0	0.0780280520
ENSE00002379912_013	g1486	0	0.1267944691
ENSE00002379912_015	g1486	0	0.0818353815
ENSE00002379912_017	g1486	0	0.9357299547
ENSE00002379912_018	g1486	0	0.7807851641
ENSE00002379912_019	g1486	0	0.9710477664
ENSE00002379912_020	g1486	0	0.9932482486
ENSE00002379912_021	g1486	0	0.9688354175
ENSE00002379912_022	g1486	0	0.4800000898
ENSE00002379912_024	g1486	0	0.8277216371
ENSE00002379912_025	g1486	0	0.0161925197
ENSE00002380807_001	g0167	0	0.0008695784
ENSE00002380807_002	g0167	0	0.0538316222
ENSE00002380807_003	g0167	0	0.0017840758
ENSE00002380807_004	g0167	0	0.0030038040
ENSE00002380807_005	g0167	0	0.0003266093
ENSE00002380807_006	g0167	0	0.0018241105
ENSE00002380807_007	g0167	0	0.0038580980
ENSE00002380807_011	g0167	0	0.0427433027
ENSE00002380807_012	g0167	0	0.0735760927
ENSE00002380807_013	g0167	0	0.0030423343
ENSE00002380807_017	g0167	0	0.0007414835
ENSE00002380807_018	g0167	0	0.0163903799
ENSE00002380807_021	g0167	0	0.0546949561
ENSE00002380807_022	g0167	0	0.0003804620
ENSE00002380807_023	g0167	0	0.0098982736
ENSE00002380807_025	g0167	0	0.0005560188
ENSE00002380807_027	g0167	0	0.0000218709
ENSE00002380807_029	g0167	0	0.0071199573
ENSE00002380807_030	g0167	0	0.0306534988
ENSE00002380807_031	g0167	0	0.0090666112
ENSE00002380807_033	g0167	0	0.0021516795
ENSE00002381640_005	g1350	0	0.1085626568
ENSE00002381640_006	g1350	0	0.9327641890
ENSE00002381640_007	g1350	0	0.9227615988
ENSE00002381640_009	g1350	0	0.9223812759
ENSE00002381640_014	g1350	0	0.5677293481
ENSE00002381640_017	g1350	0	0.9032475269
ENSE00002381640_018	g1350	0	0.9847230386
ENSE00002382210_001	g1490	0	0.4215895968
ENSE00002382210_002	g1490	0	0.2014229143
ENSE00002382210_003	g1490	0	0.5518452683
ENSE00002382210_005	g1490	0	0.1658417252
ENSE00002382210_006	g1490	0	0.0062953026
ENSE00002382210_007	g1490	0	0.0291604463
ENSE00002382210_008	g1490	0	0.0783379873
ENSE00002382210_009	g1490	0	0.1222672731
ENSE00002382210_010	g1490	0	0.0501063559
ENSE00002382210_011	g1490	0	0.5770739419
ENSE00002382210_012	g1490	0	0.0152235203
ENSE00002382210_013	g1490	0	0.0026982103
ENSE00002382210_014	g1490	0	0.0302614352
ENSE00002382210_015	g1490	0	0.0014694112
ENSE00002382210_016	g1490	0	0.0036026317
ENSE00002382210_017	g1490	0	0.4609388425
ENSE00002382210_019	g1490	0	0.0071173296
ENSE00002382210_020	g1490	0	0.9850092908
ENSE00002382210_023	g1490	0	0.8652643221
ENSE00002382210_024	g1490	0	0.0419531723
ENSE00002382210_025	g1490	0	0.0459713296
ENSE00002382210_026	g1490	0	0.2443795734
ENSE00002385110_001	g1494	0	0.0707735784
ENSE00002385110_002	g1494	0	0.0530599225
ENSE00002385110_005	g1494	0	0.1223953506
ENSE00002385110_006	g1494	0	0.0201031104
ENSE00002385110_007	g1494	0	0.2711998422
ENSE00002385110_008	g1494	0	0.1996036539
ENSE00002385110_009	g1494	0	0.8541328760
ENSE00002385110_011	g1494	0	0.1152811118
ENSE00002385110_012	g1494	0	0.0001792752
ENSE00002385110_013	g1494	0	0.0101479138
ENSE00002385110_014	g1494	0	0.0243063201
ENSE00002385110_015	g1494	0	0.0461654362
ENSE00002385110_016	g1494	0	0.0406089568
ENSE00002385110_017	g1494	0	0.0080981828
ENSE00002385110_018	g1494	0	0.0505481980
ENSE00002385110_019	g1494	0	0.1545414610
ENSE00002385110_020	g1494	0	0.0113598244
ENSE00002385110_022	g1494	0	0.1365089530
ENSE00002385110_023	g1494	0	0.3636277730
ENSE00002385110_024	g1494	1	0.0012587524
ENSE00002385110_026	g1494	0	0.0303090684
ENSE00002385110_027	g1494	0	0.1231695224
ENSE00002385110_028	g1494	0	0.0040356324
ENSE00002385110_029	g1494	0	0.0047146323
ENSE00002385110_030	g1494	0	0.0111613196
ENSE00002385110_031	g1494	0	0.0027533062
ENSE00002385110_032	g1494	0	0.0092449121
ENSE00002385110_033	g1494	0	0.7663464856
ENSE00002385110_034	g1494	0	0.0103417390
ENSE00002385110_035	g1494	0	0.0334614580
ENSE00002385110_036	g1494	0	0.0074689189
ENSE00002385110_037	g1494	0	0.0018480819
ENSE00002386005_010	g1350	0	0.0163895691
ENSE00002386005_017	g1350	0	0.0071598699
ENSE00002386150_002	g0167	0	0.0001460530
ENSE00002386150_003	g0167	0	0.0005355555
ENSE00002386150_004	g0167	0	0.0000488404
ENSE00002386150_005	g0167	0	0.0026344399
ENSE00002386150_006	g0167	0	0.0018999457
ENSE00002386150_007	g0167	0	0.0046182196
ENSE00002386150_008	g0167	0	0.0051943279
ENSE00002386150_009	g0167	0	0.0001057555
ENSE00002386150_010	g0167	0	0.0008844808
ENSE00002386150_012	g0167	0	0.0004893781
ENSE00002386150_013	g0167	0	0.0000069674
ENSE00002386150_014	g0167	0	0.0037003408
ENSE00002386150_015	g0167	0	0.0025490605
ENSE00002386150_016	g0167	0	0.0001941023
ENSE00002386150_017	g0167	0	0.0000457250
ENSE00002386150_018	g0167	0	0.0010077725
ENSE00002386196_001	g1498	0	0.9992313994
ENSE00002386196_002	g1498	0	0.9985475464
ENSE00002386196_004	g1498	1	0.9858595625
ENSE00002386196_005	g1498	0	0.4714604389
ENSE00002386196_006	g1498	0	0.9306110211
ENSE00002386196_008	g1498	0	0.9953491318
ENSE00002386196_009	g1498	0	0.9854475995
ENSE00002386196_010	g1498	0	0.9722273504
ENSE00002386196_011	g1498	0	0.9923192547
ENSE00002386196_013	g1498	1	0.9736249892
ENSE00002386196_014	g1498	0	0.1856261041
ENSE00002386196_015	g1498	0	0.1475480676
ENSE00002387405_002	g1350	0	0.0949963567
ENSE00002387405_003	g1350	0	0.2792901156
ENSE00002387405_004	g1350	0	0.0153464903
ENSE00002387405_005	g1350	0	0.3183472062
ENSE00002387405_006	g1350	0	0.0555705874
ENSE00002387405_007	g1350	0	0.6006451820
ENSE00002387405_008	g1350	0	0.7249267059
ENSE00002387405_009	g1350	0	0.1679309481
ENSE00002387405_010	g1350	0	0.0645011702
ENSE00002387405_011	g1350	0	0.0534954816
ENSE00002387405_012	g1350	0	0.0769486820
ENSE00002387405_013	g1350	0	0.1097300169
ENSE00002387405_014	g1350	0	0.4284901000
ENSE00002387405_015	g1350	0	0.2667088128
ENSE00002387405_016	g1350	0	0.9530272312
ENSE00002387405_017	g1350	0	0.2325436034
ENSE00002387405_018	g1350	0	0.7076656390
ENSE00002387405_019	g1350	0	0.3196840438
ENSE00002387405_020	g1350	0	0.3591980674
ENSE00002388554_014	g1504	0	0.2561283850
ENSE00002388554_016	g1504	0	0.6711888420
ENSE00002388554_017	g1504	1	0.2930887960
ENSE00002389183_001	g1505	0	0.0000152288
ENSE00002389183_002	g1505	0	0.0000631975
ENSE00002389183_003	g1505	0	0.0006884175
ENSE00002389183_004	g1505	0	0.0001209872
ENSE00002389183_005	g1505	0	0.0000525610
ENSE00002389183_006	g1505	0	0.0000291477
ENSE00002389183_007	g1505	0	0.0022787027
ENSE00002389183_008	g1505	0	0.0023007959
ENSE00002389183_009	g1505	0	0.0041524714
ENSE00002389183_011	g1505	0	0.0000169916
ENSE00002389183_012	g1505	0	0.0000053770
ENSE00002391389_002	g1512	1	0.0000333901
ENSE00002391389_003	g1512	0	0.0000005982
ENSE00002391389_010	g1512	0	0.0000050455
ENSE00002391389_011	g1512	0	0.0000001137
ENSE00002391389_013	g1512	0	0.0000001326
ENSE00002391389_020	g1512	0	0.0000018872
ENSE00002392171_002	g0756	0	0.0000015980
ENSE00002392171_003	g0756	0	0.0001090336
ENSE00002392171_004	g0756	0	0.0004322774
ENSE00002392171_008	g0756	0	0.0018269749
ENSE00002392171_009	g0756	0	0.0012349105
ENSE00002392171_011	g0756	0	0.0239277531
ENSE00002392171_015	g0756	0	0.0025436571
ENSE00002392171_018	g0756	0	0.0001900481
ENSE00002392171_019	g0756	0	0.0059970638
ENSE00002392171_020	g0756	0	0.0088429961
ENSE00002392171_023	g0756	0	0.0136038583
ENSE00002393630_004	g1514	0	0.0041930437
ENSE00002393630_006	g1514	0	0.0001725499
ENSE00002393630_007	g1514	0	0.0000341378
ENSE00002393630_010	g1514	0	0.0000157096
ENSE00002393630_011	g1514	0	0.0000324560
ENSE00002393630_012	g1514	0	0.0003434188
ENSE00002393630_014	g1514	0	0.0000018098
ENSE00002393630_015	g1514	0	0.0000910059
ENSE00002393630_018	g1514	0	0.0000545079
ENSE00002393630_019	g1514	0	0.0000568434
ENSE00002393630_020	g1514	0	0.0000099357
ENSE00002393630_022	g1514	0	0.0003598716
ENSE00002393630_026	g1514	0	0.0001454804
ENSE00002393630_030	g1514	0	0.0000044985
ENSE00002393630_033	g1514	0	0.0003103544
ENSE00002393630_034	g1514	0	0.0004088494
ENSE00002393708_012	g1515	0	0.0000451119
ENSE00002393708_018	g1515	0	0.0000328424
ENSE00002393708_021	g1515	0	0.0000000255
ENSE00002393708_025	g1515	0	0.0007665545
ENSE00002393945_001	g1516	1	0.9630033388
ENSE00002393945_002	g1516	1	0.9945175602
ENSE00002393945_003	g1516	0	0.7006157642
ENSE00002393945_005	g1516	0	0.9930551006
ENSE00002393945_007	g1516	0	0.6774546255
ENSE00002393945_008	g1516	1	0.9574016969
ENSE00002393945_010	g1516	1	0.8873427872
ENSE00002393945_011	g1516	1	0.9945737048
ENSE00002393945_013	g1516	1	0.9879707509
ENSE00002393945_017	g1516	0	0.9752055583
ENSE00002393945_018	g1516	1	0.9912876625
ENSE00002393945_019	g1516	0	0.3620090618
ENSE00002393945_020	g1516	1	0.9371353623
ENSE00002393945_021	g1516	1	0.8623673145
ENSE00002393945_022	g1516	0	0.9736651610
ENSE00002393945_025	g1516	1	0.7858960538
ENSE00002393945_027	g1516	1	0.7821570321
ENSE00002393945_028	g1516	1	0.9847276036
ENSE00002393945_030	g1516	1	0.9650680389
ENSE00002393945_031	g1516	1	0.9332312575
ENSE00002394108_004	g1517	0	0.7408013020
ENSE00002394108_006	g1517	0	0.7578256530
ENSE00002394108_009	g1517	0	0.5538309860
ENSE00002394108_016	g1517	0	0.9890470536
ENSE00002394108_019	g1517	0	0.8371461064
ENSE00002394108_022	g1517	0	0.9251174585
ENSE00002394124_001	g1518	0	0.0000211372
ENSE00002394124_005	g1518	1	0.0000269128
ENSE00002394124_006	g1518	1	0.0000089544
ENSE00002394124_007	g1518	0	0.0008969913
ENSE00002394124_009	g1518	0	0.0000271493
ENSE00002394124_010	g1518	0	0.0000085388
ENSE00002394124_011	g1518	0	0.0000291883
ENSE00002394124_014	g1518	1	0.0000130246
ENSE00002394124_015	g1518	1	0.0008150802
ENSE00002394124_019	g1518	1	0.0002532182
ENSE00002394124_021	g1518	0	0.0080785669
ENSE00002394124_022	g1518	0	0.0000078359
ENSE00002394124_023	g1518	0	0.0017326379
ENSE00002395855_002	g1522	1	0.0124505219
ENSE00002395855_003	g1522	0	0.0009978934
ENSE00002395855_004	g1522	1	0.0201250062
ENSE00002395855_005	g1522	0	0.0089034488
ENSE00002395855_007	g1522	0	0.0022087117
ENSE00002395855_008	g1522	0	0.0001091819
ENSE00002395855_009	g1522	0	0.0019702353
ENSE00002395855_010	g1522	0	0.0007902869
ENSE00002395855_017	g1522	0	0.0069761479
ENSE00002395855_018	g1522	0	0.0000917623
ENSE00002395855_019	g1522	0	0.0000269892
ENSE00002395941_001	g1525	0	0.9921279826
ENSE00002395941_002	g1525	0	0.9664216539
ENSE00002395941_003	g1525	0	0.9848427670
ENSE00002395941_004	g1525	0	0.1281185104
ENSE00002395941_005	g1525	0	0.8352112791
ENSE00002395941_007	g1525	0	0.9079672888
ENSE00002395941_008	g1525	0	0.5173220526
ENSE00002395941_010	g1525	0	0.5615086975
ENSE00002395941_011	g1525	0	0.5916808329
ENSE00002395941_012	g1525	0	0.9728300924
ENSE00002395941_014	g1525	0	0.9732587792
ENSE00002395941_017	g1525	0	0.5951966622
ENSE00002395941_018	g1525	0	0.9426311867
ENSE00002395941_019	g1525	0	0.9730331477
ENSE00002397014_002	g1529	0	0.0142275128
ENSE00002397014_005	g1529	0	0.0470654822
ENSE00002397014_008	g1529	0	0.0029973833
ENSE00002397014_013	g1529	0	0.0768934246
ENSE00002397014_014	g1529	0	0.0202391883
ENSE00002397014_015	g1529	0	0.2421148966
ENSE00002397014_016	g1529	0	0.0981247844
ENSE00002397014_020	g1529	0	0.0237171422
ENSE00002397014_021	g1529	0	0.0002430284
ENSE00002397014_022	g1529	0	0.0102649691
ENSE00002397014_024	g1529	0	0.0013221487
ENSE00002397014_025	g1529	0	0.2987172406
ENSE00002398572_002	g1532	0	0.0033421611
ENSE00002398572_003	g1532	0	0.0003382299
ENSE00002398572_004	g1532	0	0.0237213707
ENSE00002398572_005	g1532	0	0.0040756077
ENSE00002398572_006	g1532	0	0.0021791959
ENSE00002398572_007	g1532	0	0.0000277703
ENSE00002398572_009	g1532	0	0.0000018019
ENSE00002398572_012	g1532	0	0.0066868599
ENSE00002398572_013	g1532	0	0.0003632847
ENSE00002398572_015	g1532	0	0.0017331702
ENSE00002398572_016	g1532	0	0.0010795455
ENSE00002398572_017	g1532	0	0.0014812812
ENSE00002398572_019	g1532	0	0.0006633729
ENSE00002398572_023	g1532	0	0.3008910158
ENSE00002398572_025	g1532	0	0.0035845308
ENSE00002398572_026	g1532	0	0.0037870914
ENSE00002398934_002	g1413	0	0.0005645126
ENSE00002398934_003	g1413	0	0.0102176557
ENSE00002398934_005	g1413	0	0.3156332488
ENSE00002398934_006	g1413	0	0.0700834169
ENSE00002398934_007	g1413	0	0.1578930564
ENSE00002398934_008	g1413	0	0.2207035905
ENSE00002398934_011	g1413	0	0.0365037002
ENSE00002399206_001	g1440	0	0.4293505784
ENSE00002399206_003	g1440	0	0.0130120671
ENSE00002399206_004	g1440	0	0.0437915572
ENSE00002399206_005	g1440	0	0.0325195536
ENSE00002399206_006	g1440	1	0.0519945334
ENSE00002399206_007	g1440	0	0.0003988162
ENSE00002399206_008	g1440	0	0.0026972208
ENSE00002399206_009	g1440	0	0.0016458389
ENSE00002399206_010	g1440	0	0.0005750046
ENSE00002399206_012	g1440	0	0.0021889648
ENSE00002399206_013	g1440	0	0.0028386137
ENSE00002399206_015	g1440	0	0.0645318636
ENSE00002399206_016	g1440	0	0.0028479380
ENSE00002399206_017	g1440	0	0.0012602298
ENSE00002399206_018	g1440	0	0.0055080422
ENSE00002399206_019	g1440	0	0.0027194995
ENSE00002399206_020	g1440	0	0.0185272849
ENSE00002399206_021	g1440	0	0.0088917084
ENSE00002399206_022	g1440	0	0.0042766696
ENSE00002399206_023	g1440	1	0.0096732586
ENSE00002399206_024	g1440	0	0.0040859055
ENSE00002399361_002	g1448	0	0.3550338725
ENSE00002399361_004	g1448	0	0.9743746107
ENSE00002399361_009	g1448	0	0.5019087313
ENSE00002399361_010	g1448	0	0.8556957069
ENSE00002399361_019	g1448	0	0.4001775137
ENSE00002399361_026	g1448	0	0.3708075943
ENSE00002399430_001	g1397	0	0.0409777806
ENSE00002399430_002	g1397	0	0.3054062535
ENSE00002399430_003	g1397	0	0.0009218982
ENSE00002399430_004	g1397	0	0.0057384849
ENSE00002399430_005	g1397	0	0.0067733919
ENSE00002399430_008	g1397	0	0.1705271594
ENSE00002399430_009	g1397	0	0.0165710031
ENSE00002399430_010	g1397	0	0.0105377796
ENSE00002399430_011	g1397	0	0.0003514030
ENSE00002399430_012	g1397	0	0.0001662828
ENSE00002399430_013	g1397	0	0.0891291365
ENSE00002399430_014	g1397	0	0.0376056579
ENSE00002399430_015	g1397	0	0.0032679632
ENSE00002399430_016	g1397	0	0.0003125306
ENSE00002399430_018	g1397	0	0.1092804718
ENSE00002399430_019	g1397	0	0.0124031650
ENSE00002399430_021	g1397	0	0.0007562433
ENSE00002399430_022	g1397	0	0.0013284986
ENSE00002399430_023	g1397	0	0.0162107762
ENSE00002399430_024	g1397	0	0.0447299695
ENSE00002399430_025	g1397	0	0.0148887614
ENSE00002399430_027	g1397	0	0.0003877606
ENSE00002400069_001	g1534	0	0.0027041835
ENSE00002400069_002	g1534	0	0.0502937033
ENSE00002400069_003	g1534	0	0.0128278207
ENSE00002400069_004	g1534	0	0.0038631482
ENSE00002400069_008	g1534	0	0.4554089369
ENSE00002400069_010	g1534	0	0.0001051974
ENSE00002400069_011	g1534	0	0.0067676881
ENSE00002400069_013	g1534	0	0.0018041193
ENSE00002400069_014	g1534	0	0.0003347216
ENSE00002400069_015	g1534	0	0.0005239946
ENSE00002400069_017	g1534	0	0.0001056114
ENSE00002400069_018	g1534	0	0.0003677460
ENSE00002400069_019	g1534	0	0.0006447283
ENSE00002400069_021	g1534	0	0.3050968954
ENSE00002400069_022	g1534	0	0.7014825911
ENSE00002400069_023	g1534	0	0.0051483422
ENSE00002400069_024	g1534	0	0.0276691521
ENSE00002400069_025	g1534	0	0.1597634853
ENSE00002400069_027	g1534	0	0.0075611490
ENSE00002402310_001	g1539	0	0.0000578420
ENSE00002402310_002	g1539	0	0.0020315478
ENSE00002402310_003	g1539	0	0.0017059802
ENSE00002402310_007	g1539	0	0.0022619284
ENSE00002402310_008	g1539	0	0.0009130595
ENSE00002402310_009	g1539	0	0.0001055439
ENSE00002402310_010	g1539	0	0.0000398381
ENSE00002402310_014	g1539	0	0.2355878314
ENSE00002402310_020	g1539	0	0.0368148114
ENSE00002402310_022	g1539	0	0.0000617120
ENSE00002402310_024	g1539	0	0.0020518138
ENSE00002402310_025	g1539	0	0.0156977973
ENSE00002404026_001	g1416	0	0.0000588636
ENSE00002404026_005	g1416	0	0.0000018968
ENSE00002404026_006	g1416	0	0.0000665293
ENSE00002404026_007	g1416	0	0.0000000806
ENSE00002404026_010	g1416	0	0.0000293602
ENSE00002404026_012	g1416	0	0.0000029808
ENSE00002404026_015	g1416	0	0.0000000243
ENSE00002404026_018	g1416	0	0.0000688965
ENSE00002404026_019	g1416	0	0.0000021930
ENSE00002404026_020	g1416	0	0.0000094930
ENSE00002404026_023	g1416	1	0.0000000027
ENSE00002405732_007	g1410	0	0.0007065398
ENSE00002405732_008	g1410	0	0.0382593136
ENSE00002405732_012	g1410	0	0.1052646616
ENSE00002405732_015	g1410	0	0.7544686322
ENSE00002405732_019	g1410	0	0.0076543600
ENSE00002405732_021	g1410	0	0.0051259283
ENSE00002405732_024	g1410	0	0.0444288313
ENSE00002405732_025	g1410	0	0.0191911842
ENSE00002405759_001	g1542	0	0.0828009125
ENSE00002405759_002	g1542	0	0.7532632367
ENSE00002405759_003	g1542	0	0.0243052341
ENSE00002405759_014	g1542	0	0.0070153062
ENSE00002405759_015	g1542	0	0.0053635380
ENSE00002405759_016	g1542	0	0.0003410217
ENSE00002406575_011	g1546	0	0.0000060198
ENSE00002406575_020	g1546	0	0.0000022619
ENSE00002407617_001	g1547	0	0.4627211472
ENSE00002407617_002	g1547	0	0.9245471708
ENSE00002407617_004	g1547	0	0.8357625832
ENSE00002407617_005	g1547	0	0.7807064607
ENSE00002407617_006	g1547	0	0.9874957663
ENSE00002407617_007	g1547	0	0.8382025076
ENSE00002407617_008	g1547	0	0.9060309573
ENSE00002407617_009	g1547	0	0.9816760621
ENSE00002407617_010	g1547	0	0.4954717722
ENSE00002407617_011	g1547	0	0.8119084180
ENSE00002407617_012	g1547	0	0.9980108606
ENSE00002407617_013	g1547	0	0.9816127943
ENSE00002407617_014	g1547	0	0.9875482467
ENSE00002407617_015	g1547	1	0.9203328997
ENSE00002407617_016	g1547	0	0.9658453373
ENSE00002407617_017	g1547	0	0.8419582458
ENSE00002407617_018	g1547	0	0.4384725492
ENSE00002407617_019	g1547	0	0.6106244289
ENSE00002407617_020	g1547	0	0.7657308183
ENSE00002407617_021	g1547	0	0.6627920697
ENSE00002407617_022	g1547	0	0.9823539413
ENSE00002407617_023	g1547	0	0.9365576368
ENSE00002408722_001	g1551	0	0.0003143643
ENSE00002408722_002	g1551	0	0.0061583779
ENSE00002408722_004	g1551	0	0.0121751098
ENSE00002408722_005	g1551	0	0.0023803037
ENSE00002408722_006	g1551	0	0.0003775097
ENSE00002408722_007	g1551	0	0.0038506795
ENSE00002408722_008	g1551	0	0.0055947026
ENSE00002408722_012	g1551	0	0.0026364311
ENSE00002408722_014	g1551	0	0.0018948208
ENSE00002408722_015	g1551	0	0.0003672782
ENSE00002408722_016	g1551	0	0.0000575443
ENSE00002408722_017	g1551	0	0.0078219628
ENSE00002410436_019	g1554	0	0.0025712889
ENSE00002410582_002	g1371	0	0.0000018019
ENSE00002410582_003	g1371	0	0.0011376681
ENSE00002410582_007	g1371	0	0.0000823796
ENSE00002410582_008	g1371	0	0.0000171760
ENSE00002410582_009	g1371	0	0.0001358325
ENSE00002410582_011	g1371	0	0.0000014163
ENSE00002410582_012	g1371	0	0.0000969258
ENSE00002410582_013	g1371	0	0.0000003397
ENSE00002410582_016	g1371	0	0.0000088657
ENSE00002410582_017	g1371	0	0.0000004919
ENSE00002410582_018	g1371	0	0.0000027397
ENSE00002412190_001	g1556	0	0.0000001194
ENSE00002412190_002	g1556	0	0.0000002767
ENSE00002412190_003	g1556	0	0.0001076612
ENSE00002412190_004	g1556	0	0.0000014556
ENSE00002412190_007	g1556	0	0.0000494232
ENSE00002412190_008	g1556	0	0.0007921487
ENSE00002412190_009	g1556	0	0.0000127894
ENSE00002412190_010	g1556	0	0.0002995796
ENSE00002412190_011	g1556	0	0.0001204633
ENSE00002412190_013	g1556	0	0.0000326083
ENSE00002412190_015	g1556	0	0.0000261477
ENSE00002412190_016	g1556	0	0.0000095356
ENSE00002412190_017	g1556	0	0.0000014273
ENSE00002412190_019	g1556	0	0.0000026482
ENSE00002412190_020	g1556	0	0.0000031087
ENSE00002412190_021	g1556	0	0.0000058244
ENSE00002412190_022	g1556	0	0.0001225752
ENSE00002412190_023	g1556	0	0.0000857736
ENSE00002412190_024	g1556	0	0.0000001223
ENSE00002412190_026	g1556	0	0.0005116848
ENSE00002412190_027	g1556	0	0.0000102881
ENSE00002415750_002	g1565	0	0.0008441008
ENSE00002415750_008	g1565	0	0.0037284025
ENSE00002415750_009	g1565	0	0.0218958009
ENSE00002415750_010	g1565	1	0.2432640870
ENSE00002415750_011	g1565	0	0.2611764034
ENSE00002415750_012	g1565	0	0.3736558571
ENSE00002415921_007	g1566	0	0.0009053647
ENSE00002415921_012	g1566	0	0.0000572377
ENSE00002415921_013	g1566	0	0.0004091145
ENSE00002415921_017	g1566	0	0.0000364218
ENSE00002415921_022	g1566	0	0.3517331320
ENSE00002416064_001	g1567	0	0.7421994468
ENSE00002416064_002	g1567	1	0.9935561623
ENSE00002416064_005	g1567	0	0.9979317247
ENSE00002416064_008	g1567	0	0.7422525655
ENSE00002416064_009	g1567	0	0.7724600344
ENSE00002416064_013	g1567	0	0.1890428099
ENSE00002416064_014	g1567	0	0.9659139782
ENSE00002416064_018	g1567	0	0.3324644525
ENSE00002416064_021	g1567	0	0.9979264327
ENSE00002416141_009	g0167	0	0.0930249112
ENSE00002416141_021	g0167	0	0.9610904436
ENSE00002418231_001	g1571	0	0.3612266473
ENSE00002418231_002	g1571	0	0.1149348810
ENSE00002418231_003	g1571	0	0.0256297056
ENSE00002418231_004	g1571	0	0.0159973181
ENSE00002418231_005	g1571	0	0.6290596554
ENSE00002418231_006	g1571	0	0.6620107859
ENSE00002418231_007	g1571	0	0.3585131466
ENSE00002418231_010	g1571	0	0.0212693568
ENSE00002418231_011	g1571	0	0.1012359886
ENSE00002418231_012	g1571	0	0.1060015155
ENSE00002418231_014	g1571	0	0.2970134055
ENSE00002418231_015	g1571	0	0.0447765682
ENSE00002418231_016	g1571	0	0.6390702798
ENSE00002418231_017	g1571	0	0.0487248332
ENSE00002418231_018	g1571	0	0.4105436314
ENSE00002418231_019	g1571	0	0.0389269846
ENSE00002418231_020	g1571	0	0.1127275398
ENSE00002418231_021	g1571	0	0.3391708849
ENSE00002418231_022	g1571	0	0.0163961897
ENSE00002418231_023	g1571	0	0.3418678090
ENSE00002418231_024	g1571	0	0.2062436670
ENSE00002418231_025	g1571	0	0.9993471614
ENSE00002418231_026	g1571	1	0.8958916272
ENSE00002418231_027	g1571	0	0.0062814630
ENSE00002418231_028	g1571	0	0.0086125373
ENSE00002418231_029	g1571	0	0.0318946317
ENSE00002418231_030	g1571	0	0.4034551312
ENSE00002419170_001	g1281	0	0.0000241082
ENSE00002419170_002	g1281	0	0.0002274533
ENSE00002419170_003	g1281	0	0.0033792917
ENSE00002419170_005	g1281	0	0.0000035796
ENSE00002419170_008	g1281	0	0.0045049495
ENSE00002419170_009	g1281	0	0.0000458206
ENSE00002419170_010	g1281	0	0.0001353496
ENSE00002419170_011	g1281	0	0.0000241184
ENSE00002419170_012	g1281	0	0.0000272324
ENSE00002419170_013	g1281	0	0.0007126817
ENSE00002419170_014	g1281	0	0.0050062277
ENSE00002419170_015	g1281	0	0.0006468908
ENSE00002419170_016	g1281	0	0.0089217019
ENSE00002419170_017	g1281	0	0.0023382662
ENSE00002419170_018	g1281	0	0.0004171166
ENSE00002419170_019	g1281	0	0.0003711858
ENSE00002419170_022	g1281	0	0.0000110823
ENSE00002419170_023	g1281	0	0.0000316132
ENSE00002419170_025	g1281	0	0.0005542803
ENSE00002419170_027	g1281	0	0.0002977363
ENSE00002419170_029	g1281	0	0.0006845788
ENSE00002419170_030	g1281	0	0.0102578622
ENSE00002419457_003	g1573	0	0.0074923008
ENSE00002419457_004	g1573	0	0.0099260698
ENSE00002419457_005	g1573	0	0.0203304896
ENSE00002419457_006	g1573	0	0.0171960569
ENSE00002419457_007	g1573	0	0.0125042256
ENSE00002419457_008	g1573	0	0.0087802038
ENSE00002419457_010	g1573	0	0.0029969087
ENSE00002419457_012	g1573	0	0.1468890846
ENSE00002419784_003	g1448	0	0.0711861043
ENSE00002419784_004	g1448	0	0.0096707020
ENSE00002419784_006	g1448	0	0.2224911439
ENSE00002419784_007	g1448	0	0.1143989498
ENSE00002419784_008	g1448	0	0.0034258561
ENSE00002419784_009	g1448	0	0.0297619458
ENSE00002419784_011	g1448	0	0.0128140056
ENSE00002419784_013	g1448	0	0.0029677405
ENSE00002419784_016	g1448	0	0.0682781152
ENSE00002419784_018	g1448	0	0.0028027467
ENSE00002419784_021	g1448	0	0.3925565118
ENSE00002419784_022	g1448	0	0.0111533535
ENSE00002419784_023	g1448	0	0.0002844492
ENSE00002420931_001	g1576	0	0.0047139909
ENSE00002420931_002	g1576	0	0.0042715776
ENSE00002420931_006	g1576	0	0.0088942873
ENSE00002420931_007	g1576	0	0.0000562071
ENSE00002420931_012	g1576	0	0.4691437784
ENSE00002422133_001	g0773	0	0.9977009902
ENSE00002422133_002	g0773	0	0.9257799563
ENSE00002422133_003	g0773	0	0.9251480987
ENSE00002422133_005	g0773	0	0.9790982430
ENSE00002422133_008	g0773	0	0.9956396899
ENSE00002422133_010	g0773	0	0.6687142806
ENSE00002422133_012	g0773	0	0.5157482574
ENSE00002422133_014	g0773	0	0.4909921086
ENSE00002422133_017	g0773	0	0.9863408340
ENSE00002422133_018	g0773	0	0.5423292908
ENSE00002422133_019	g0773	0	0.7067928470
ENSE00002422133_020	g0773	0	0.8066138535
ENSE00002422133_021	g0773	0	0.9891965801
ENSE00002422133_023	g0773	0	0.9783717178
ENSE00002422133_024	g0773	0	0.9388069215
ENSE00002422605_001	g1579	0	0.0858483251
ENSE00002422605_003	g1579	0	0.0018646806
ENSE00002422605_004	g1579	0	0.0105238102
ENSE00002422605_005	g1579	0	0.0005212694
ENSE00002422605_006	g1579	0	0.0366044993
ENSE00002422605_007	g1579	0	0.0000234599
ENSE00002422605_008	g1579	0	0.0003714281
ENSE00002422605_009	g1579	0	0.0000191776
ENSE00002422605_010	g1579	0	0.0000211554
ENSE00002422605_011	g1579	0	0.0000000208
ENSE00002422605_012	g1579	0	0.0000410755
ENSE00002422605_013	g1579	0	0.0101088940
ENSE00002422605_014	g1579	0	0.0005515023
ENSE00002422605_015	g1579	0	0.0001081300
ENSE00002422605_016	g1579	0	0.0077631908
ENSE00002423541_001	g1582	0	0.9998533035
ENSE00002423541_002	g1582	0	0.9998183036
ENSE00002423541_003	g1582	0	0.9738028854
ENSE00002423541_004	g1582	0	0.9749690328
ENSE00002423541_005	g1582	0	0.9829624130
ENSE00002423541_006	g1582	0	0.9691769490
ENSE00002423541_007	g1582	0	0.9982204709
ENSE00002423541_008	g1582	0	0.9577720022
ENSE00002423541_009	g1582	0	0.9524113316
ENSE00002423541_010	g1582	0	0.9982136669
ENSE00002423541_011	g1582	0	0.9992354722
ENSE00002423541_012	g1582	0	0.9991061728
ENSE00002423541_013	g1582	0	0.9816329842
ENSE00002423541_014	g1582	0	0.9989822466
ENSE00002423541_015	g1582	0	0.9968751557
ENSE00002423541_016	g1582	0	0.9359929877
ENSE00002423541_017	g1582	0	0.9998020354
ENSE00002423541_018	g1582	0	0.9871333573
ENSE00002423541_020	g1582	0	0.9980755369
ENSE00002423541_022	g1582	0	0.9820643090
ENSE00002423541_023	g1582	0	0.9529781660
ENSE00002423541_024	g1582	0	0.9943118868
ENSE00002424628_003	g1583	0	0.7213505124
ENSE00002424628_017	g1583	0	0.7298538797
ENSE00002424628_025	g1583	0	0.5706961782
ENSE00002424628_027	g1583	0	0.5032194511
ENSE00002428804_002	g1589	0	0.0000042517
ENSE00002428804_003	g1589	0	0.0003287034
ENSE00002428804_004	g1589	1	0.0007384331
ENSE00002428804_005	g1589	0	0.0000097311
ENSE00002428804_007	g1589	0	0.0000202874
ENSE00002428804_008	g1589	0	0.0000992237
ENSE00002428804_009	g1589	0	0.0000121721
ENSE00002428804_010	g1589	0	0.0000013080
ENSE00002428804_011	g1589	0	0.0002168153
ENSE00002428804_013	g1589	0	0.0031367917
ENSE00002428804_014	g1589	0	0.0000961476
ENSE00002428804_015	g1589	0	0.0000011621
ENSE00002428804_016	g1589	0	0.0001983600
ENSE00002428804_017	g1589	0	0.0000025020
ENSE00002428804_021	g1589	0	0.0001676998
ENSE00002428804_022	g1589	0	0.0000316436
ENSE00002428804_023	g1589	0	0.0000120811
ENSE00002428956_003	g1467	0	0.0004821686
ENSE00002428956_004	g1467	0	0.0000267476
ENSE00002428956_005	g1467	0	0.0000530806
ENSE00002428956_007	g1467	0	0.0016329305
ENSE00002428956_009	g1467	0	0.0002732019
ENSE00002428956_010	g1467	0	0.0005935828
ENSE00002428956_011	g1467	0	0.0011073673
ENSE00002428956_012	g1467	0	0.1322339216
ENSE00002428956_013	g1467	0	0.0050052443
ENSE00002428956_015	g1467	1	0.0000515978
