id	group	split
ENSE00000332835_007	g0001	train
ENSE00000338771_002	g0002	test
ENSE00000338771_003	g0002	test
ENSE00000338771_006	g0002	test
ENSE00000338771_008	g0002	test
ENSE00000338771_009	g0002	test
ENSE00000338771_010	g0002	test
ENSE00000338771_012	g0002	test
ENSE00000338771_013	g0002	test
ENSE00000338771_014	g0002	test
ENSE00000338771_016	g0002	test
ENSE00000338771_021	g0002	test
ENSE00000338771_022	g0002	test
ENSE00000338771_023	g0002	test
ENSE00000373145_001	g0003	train
ENSE00000373145_002	g0003	train
ENSE00000373145_003	g0003	train
ENSE00000373145_004	g0003	train
ENSE00000373145_005	g0003	train
ENSE00000373145_006	g0003	train
ENSE00000373145_008	g0003	train
ENSE00000373145_009	g0003	train
ENSE00000373145_010	g0003	train
ENSE00000373145_012	g0003	train
ENSE00000373145_013	g0003	train
ENSE00000373145_015	g0003	train
ENSE00000373145_016	g0003	train
ENSE00000373145_018	g0003	train
ENSE00000373145_019	g0003	train
ENSE00000373145_021	g0003	train
ENSE00000377990_001	g0004	train
ENSE00000377990_003	g0004	train
ENSE00000377990_004	g0004	train
ENSE00000377990_005	g0004	train
ENSE00000377990_006	g0004	train
ENSE00000377990_007	g0004	train
ENSE00000377990_010	g0004	train
ENSE00000377990_012	g0004	train
ENSE00000377990_014	g0004	train
ENSE00000377990_015	g0004	train
ENSE00000377990_016	g0004	train
ENSE00000377990_017	g0004	train
ENSE00000377990_018	g0004	train
ENSE00000379229_001	g0005	train
ENSE00000379229_002	g0005	train
ENSE00000379229_003	g0005	train
ENSE00000379229_004	g0005	train
ENSE00000379229_005	g0005	train
ENSE00000379229_006	g0005	train
ENSE00000379229_007	g0005	train
ENSE00000379229_008	g0005	train
ENSE00000379229_009	g0005	train
ENSE00000379229_011	g0005	train
ENSE00000379229_012	g0005	train
ENSE00000379229_014	g0005	train
ENSE00000379234_001	g0005	train
ENSE00000379234_003	g0005	train
ENSE00000379234_005	g0005	train
ENSE00000400053_001	g0006	train
ENSE00000400053_002	g0006	train
ENSE00000400053_003	g0006	train
ENSE00000400053_004	g0006	train
ENSE00000400053_008	g0006	train
ENSE00000400053_011	g0006	train
ENSE00000400053_012	g0006	train
ENSE00000400053_013	g0006	train
ENSE00000400053_014	g0006	train
ENSE00000400053_015	g0006	train
ENSE00000406138_001	g0007	train
ENSE00000406138_003	g0007	train
ENSE00000406138_006	g0007	train
ENSE00000406138_007	g0007	train
ENSE00000406138_010	g0007	train
ENSE00000406138_012	g0007	train
ENSE00000406138_013	g0007	train
ENSE00000406138_014	g0007	train
ENSE00000406871_001	g0008	train
ENSE00000406871_002	g0008	train
ENSE00000406871_003	g0008	train
ENSE00000406871_005	g0008	train
ENSE00000406871_006	g0008	train
ENSE00000406871_007	g0008	train
ENSE00000406871_008	g0008	train
ENSE00000406871_009	g0008	train
ENSE00000406871_010	g0008	train
ENSE00000406871_011	g0008	train
ENSE00000406871_012	g0008	train
ENSE00000406871_013	g0008	train
ENSE00000406871_014	g0008	train
ENSE00000406871_015	g0008	train
ENSE00000406871_016	g0008	train
ENSE00000406871_017	g0008	train
ENSE00000406871_018	g0008	train
ENSE00000406871_019	g0008	train
ENSE00000406871_021	g0008	train
ENSE00000406871_022	g0008	train
ENSE00000406871_024	g0008	train
ENSE00000411843_001	g0009	test
ENSE00000411843_003	g0009	test
ENSE00000411843_006	g0009	test
ENSE00000411843_007	g0009	test
ENSE00000411843_008	g0009	test
ENSE00000411843_009	g0009	test
ENSE00000411843_010	g0009	test
ENSE00000411843_011	g0009	test
ENSE00000411843_012	g0009	test
ENSE00000411843_014	g0009	test
ENSE00000411843_015	g0009	test
ENSE00000411843_016	g0009	test
ENSE00000411843_017	g0009	test
ENSE00000411843_018	g0009	test
ENSE00000411843_021	g0009	test
ENSE00000411843_022	g0009	test
ENSE00000411843_023	g0009	test
ENSE00000411843_024	g0009	test
ENSE00000411843_025	g0009	test
ENSE00000411843_026	g0009	test
ENSE00000411843_027	g0009	test
ENSE00000411843_028	g0009	test
ENSE00000411843_029	g0009	test
ENSE00000411843_031	g0009	test
ENSE00000411843_032	g0009	test
ENSE00000411843_034	g0009	test
ENSE00000412978_001	g0010	test
ENSE00000412978_002	g0010	test
ENSE00000412978_005	g0010	test
ENSE00000412978_006	g0010	test
ENSE00000412978_007	g0010	test
ENSE00000412978_008	g0010	test
ENSE00000412978_009	g0010	test
ENSE00000430832_001	g0011	test
ENSE00000430832_003	g0011	test
ENSE00000430832_005	g0011	test
ENSE00000430832_007	g0011	test
ENSE00000430832_010	g0011	test
ENSE00000430832_018	g0011	test
ENSE00000430832_021	g0011	test
ENSE00000430832_023	g0011	test
ENSE00000430832_024	g0011	test
ENSE00000430832_029	g0011	test
ENSE00000434370_011	g0012	train
ENSE00000434370_017	g0012	train
ENSE00000434370_025	g0012	train
ENSE00000436145_001	g0013	train
ENSE00000436145_003	g0013	train
ENSE00000436145_004	g0013	train
ENSE00000436145_006	g0013	train
ENSE00000436145_007	g0013	train
ENSE00000436145_008	g0013	train
ENSE00000436145_009	g0013	train
ENSE00000436145_011	g0013	train
ENSE00000502777_001	g0014	train
ENSE00000502777_006	g0014	train
ENSE00000502777_007	g0014	train
ENSE00000502777_008	g0014	train
ENSE00000502777_009	g0014	train
ENSE00000502777_010	g0014	train
ENSE00000502777_013	g0014	train
ENSE00000502777_015	g0014	train
ENSE00000502777_016	g0014	train
ENSE00000502777_017	g0014	train
ENSE00000502777_018	g0014	train
ENSE00000502777_022	g0014	train
ENSE00000502777_024	g0014	train
ENSE00000521581_003	g0015	train
ENSE00000522305_012	g0016	test
ENSE00000522305_016	g0016	test
ENSE00000525807_001	g0017	train
ENSE00000525807_003	g0017	train
ENSE00000525807_004	g0017	train
ENSE00000525807_005	g0017	train
ENSE00000525807_006	g0017	train
ENSE00000525807_009	g0017	train
ENSE00000525807_010	g0017	train
ENSE00000525807_012	g0017	train
ENSE00000525807_014	g0017	train
ENSE00000525807_015	g0017	train
ENSE00000525807_016	g0017	train
ENSE00000525807_017	g0017	train
ENSE00000535552_002	g0018	train
ENSE00000535552_004	g0018	train
ENSE00000535552_005	g0018	train
ENSE00000535552_006	g0018	train
ENSE00000535552_009	g0018	train
ENSE00000535552_010	g0018	train
ENSE00000535552_011	g0018	train
ENSE00000535552_012	g0018	train
ENSE00000535552_013	g0018	train
ENSE00000535552_015	g0018	train
ENSE00000535552_017	g0018	train
ENSE00000535552_019	g0018	train
ENSE00000535552_020	g0018	train
ENSE00000535552_021	g0018	train
ENSE00000535552_023	g0018	train
ENSE00000535552_025	g0018	train
ENSE00000535552_026	g0018	train
ENSE00000540397_003	g0019	test
ENSE00000540397_011	g0019	test
ENSE00000540397_012	g0019	test
ENSE00000542500_001	g0020	test
ENSE00000542500_002	g0020	test
ENSE00000542500_003	g0020	test
ENSE00000542500_004	g0020	test
ENSE00000542500_005	g0020	test
ENSE00000542500_006	g0020	test
ENSE00000542500_007	g0020	test
ENSE00000542500_011	g0020	test
ENSE00000542500_012	g0020	test
ENSE00000542500_013	g0020	test
ENSE00000542500_014	g0020	test
ENSE00000542500_015	g0020	test
ENSE00000542500_016	g0020	test
ENSE00000542500_017	g0020	test
ENSE00000542500_018	g0020	test
ENSE00000542500_019	g0020	test
ENSE00000542500_020	g0020	test
ENSE00000542500_022	g0020	test
ENSE00000542500_023	g0020	test
ENSE00000542500_024	g0020	test
ENSE00000542500_025	g0020	test
ENSE00000542500_026	g0020	test
ENSE00000564470_003	g0021	train
ENSE00000564470_008	g0021	train
ENSE00000564470_009	g0021	train
ENSE00000564470_014	g0021	train
ENSE00000564470_015	g0021	train
ENSE00000564470_016	g0021	train
ENSE00000564470_017	g0021	train
ENSE00000564470_022	g0021	train
ENSE00000564470_024	g0021	train
ENSE00000564470_025	g0021	train
ENSE00000564470_026	g0021	train
ENSE00000576053_004	g0022	train
ENSE00000576053_005	g0022	train
ENSE00000576053_006	g0022	train
ENSE00000576053_010	g0022	train
ENSE00000576053_011	g0022	train
ENSE00000576053_012	g0022	train
ENSE00000576053_013	g0022	train
ENSE00000576053_017	g0022	train
ENSE00000576053_018	g0022	train
ENSE00000576053_019	g0022	train
ENSE00000576053_020	g0022	train
ENSE00000576053_021	g0022	train
ENSE00000576053_022	g0022	train
ENSE00000576053_023	g0022	train
ENSE00000576053_025	g0022	train
ENSE00000576053_026	g0022	train
ENSE00000583150_003	g0023	test
ENSE00000583150_004	g0023	test
ENSE00000583150_005	g0023	test
ENSE00000583150_006	g0023	test
ENSE00000583150_007	g0023	test
ENSE00000583150_008	g0023	test
ENSE00000583150_009	g0023	test
ENSE00000583150_010	g0023	test
ENSE00000583150_011	g0023	test
ENSE00000583150_012	g0023	test
ENSE00000583150_013	g0023	test
ENSE00000648350_003	g0024	train
ENSE00000648350_004	g0024	train
ENSE00000648350_010	g0024	train
ENSE00000648350_015	g0024	train
ENSE00000648350_018	g0024	train
ENSE00000650335_001	g0025	train
ENSE00000650335_002	g0025	train
ENSE00000650335_003	g0025	train
ENSE00000650335_006	g0025	train
ENSE00000650335_007	g0025	train
ENSE00000650335_008	g0025	train
ENSE00000650335_009	g0025	train
ENSE00000650335_010	g0025	train
ENSE00000650335_012	g0025	train
ENSE00000650335_013	g0025	train
ENSE00000650335_014	g0025	train
ENSE00000650335_015	g0025	train
ENSE00000650335_018	g0025	train
ENSE00000650335_019	g0025	train
ENSE00000650335_020	g0025	train
ENSE00000650335_021	g0025	train
ENSE00000650335_022	g0025	train
ENSE00000650335_023	g0025	train
ENSE00000650335_024	g0025	train
ENSE00000650335_025	g0025	train
ENSE00000650337_003	g0025	train
ENSE00000650337_005	g0025	train
ENSE00000650337_008	g0025	train
ENSE00000650337_009	g0025	train
ENSE00000650769_009	g0026	test
ENSE00000650769_012	g0026	test
ENSE00000650769_019	g0026	test
ENSE00000650771_002	g0026	test
ENSE00000650771_003	g0026	test
ENSE00000651221_001	g0027	train
ENSE00000651221_002	g0027	train
ENSE00000651221_004	g0027	train
ENSE00000651221_007	g0027	train
ENSE00000651221_008	g0027	train
ENSE00000651221_010	g0027	train
ENSE00000651221_011	g0027	train
ENSE00000651221_012	g0027	train
ENSE00000651221_013	g0027	train
ENSE00000651221_014	g0027	train
ENSE00000651221_015	g0027	train
ENSE00000651221_017	g0027	train
ENSE00000651221_018	g0027	train
ENSE00000651221_019	g0027	train
ENSE00000651221_021	g0027	train
ENSE00000651221_022	g0027	train
ENSE00000651221_023	g0027	train
ENSE00000651221_027	g0027	train
ENSE00000651221_028	g0027	train
ENSE00000651221_029	g0027	train
ENSE00000651221_030	g0027	train
ENSE00000651221_032	g0027	train
ENSE00000651893_001	g0028	train
ENSE00000651893_004	g0028	train
ENSE00000651893_005	g0028	train
ENSE00000651893_006	g0028	train
ENSE00000651893_008	g0028	train
ENSE00000651893_009	g0028	train
ENSE00000651893_010	g0028	train
ENSE00000651893_011	g0028	train
ENSE00000651893_012	g0028	train
ENSE00000651893_013	g0028	train
ENSE00000651893_014	g0028	train
ENSE00000651893_015	g0028	train
ENSE00000651893_017	g0028	train
ENSE00000651893_018	g0028	train
ENSE00000652099_001	g0029	train
ENSE00000652099_003	g0029	train
ENSE00000652099_004	g0029	train
ENSE00000652099_007	g0029	train
ENSE00000652099_008	g0029	train
ENSE00000652099_009	g0029	train
ENSE00000652099_011	g0029	train
ENSE00000652099_012	g0029	train
ENSE00000652508_001	g0030	train
ENSE00000652508_002	g0030	train
ENSE00000652508_003	g0030	train
ENSE00000654359_001	g0031	test
ENSE00000654359_002	g0031	test
ENSE00000654359_003	g0031	test
ENSE00000654359_004	g0031	test
ENSE00000654359_005	g0031	test
ENSE00000654359_006	g0031	test
ENSE00000654359_007	g0031	test
ENSE00000654359_008	g0031	test
ENSE00000654359_009	g0031	test
ENSE00000654359_010	g0031	test
ENSE00000654359_011	g0031	test
ENSE00000654359_013	g0031	test
ENSE00000654359_014	g0031	test
ENSE00000654359_015	g0031	test
ENSE00000654359_016	g0031	test
ENSE00000654359_017	g0031	test
ENSE00000654726_001	g0032	train
ENSE00000654726_002	g0032	train
ENSE00000654726_003	g0032	train
ENSE00000654726_004	g0032	train
ENSE00000654726_005	g0032	train
ENSE00000654726_006	g0032	train
ENSE00000654726_007	g0032	train
ENSE00000654726_008	g0032	train
ENSE00000654726_009	g0032	train
ENSE00000654726_010	g0032	train
ENSE00000654726_011	g0032	train
ENSE00000654726_012	g0032	train
ENSE00000654726_013	g0032	train
ENSE00000654726_014	g0032	train
ENSE00000654726_015	g0032	train
ENSE00000654726_016	g0032	train
ENSE00000654726_017	g0032	train
ENSE00000654726_018	g0032	train
ENSE00000654726_020	g0032	train
ENSE00000654726_021	g0032	train
ENSE00000654726_022	g0032	train
ENSE00000654726_023	g0032	train
ENSE00000654726_024	g0032	train
ENSE00000654726_025	g0032	train
ENSE00000654726_026	g0032	train
ENSE00000654726_027	g0032	train
ENSE00000654757_001	g0033	train
ENSE00000654757_002	g0033	train
ENSE00000654757_006	g0033	train
ENSE00000654757_007	g0033	train
ENSE00000654757_009	g0033	train
ENSE00000654757_011	g0033	train
ENSE00000654757_013	g0033	train
ENSE00000654757_014	g0033	train
ENSE00000654866_002	g0034	train
ENSE00000654866_013	g0034	train
ENSE00000654866_018	g0034	train
ENSE00000654866_021	g0034	train
ENSE00000654866_024	g0034	train
ENSE00000654866_027	g0034	train
ENSE00000654866_028	g0034	train
ENSE00000654866_034	g0034	train
ENSE00000654866_035	g0034	train
ENSE00000655095_001	g0035	test
ENSE00000655095_002	g0035	test
ENSE00000655095_003	g0035	test
ENSE00000655095_004	g0035	test
ENSE00000655095_010	g0035	test
ENSE00000655095_011	g0035	test
ENSE00000655095_012	g0035	test
ENSE00000655095_013	g0035	test
ENSE00000655414_001	g0036	test
ENSE00000655414_002	g0036	test
ENSE00000655414_003	g0036	test
ENSE00000655414_005	g0036	test
ENSE00000655414_007	g0036	test
ENSE00000655414_008	g0036	test
ENSE00000655414_009	g0036	test
ENSE00000655414_010	g0036	test
ENSE00000655414_011	g0036	test
ENSE00000655414_014	g0036	test
ENSE00000655414_015	g0036	test
ENSE00000655414_018	g0036	test
ENSE00000655414_019	g0036	test
ENSE00000655414_020	g0036	test
ENSE00000655414_022	g0036	test
ENSE00000655414_024	g0036	test
ENSE00000656890_005	g0037	train
ENSE00000656890_009	g0037	train
ENSE00000656890_013	g0037	train
ENSE00000656890_018	g0037	train
ENSE00000657431_001	g0038	train
ENSE00000657431_002	g0038	train
ENSE00000657431_004	g0038	train
ENSE00000657431_005	g0038	train
ENSE00000657431_008	g0038	train
ENSE00000657431_010	g0038	train
ENSE00000657431_011	g0038	train
ENSE00000657431_012	g0038	train
ENSE00000657431_013	g0038	train
ENSE00000657431_014	g0038	train
ENSE00000657431_015	g0038	train
ENSE00000657431_016	g0038	train
ENSE00000658029_002	g0039	test
ENSE00000658029_005	g0039	test
ENSE00000658029_006	g0039	test
ENSE00000658029_008	g0039	test
ENSE00000658029_009	g0039	test
ENSE00000658029_011	g0039	test
ENSE00000658029_012	g0039	test
ENSE00000658029_015	g0039	test
ENSE00000658029_016	g0039	test
ENSE00000658029_018	g0039	test
ENSE00000658029_024	g0039	test
ENSE00000658029_025	g0039	test
ENSE00000658029_026	g0039	test
ENSE00000658402_006	g0040	test
ENSE00000658402_008	g0040	test
ENSE00000658402_011	g0040	test
ENSE00000658402_020	g0040	test
ENSE00000658419_001	g0041	train
ENSE00000658419_002	g0041	train
ENSE00000658419_003	g0041	train
ENSE00000658419_005	g0041	train
ENSE00000658419_006	g0041	train
ENSE00000658419_008	g0041	train
ENSE00000658419_009	g0041	train
ENSE00000658419_010	g0041	train
ENSE00000658419_011	g0041	train
ENSE00000658419_012	g0041	train
ENSE00000658419_013	g0041	train
ENSE00000658419_014	g0041	train
ENSE00000658419_015	g0041	train
ENSE00000658419_016	g0041	train
ENSE00000658419_017	g0041	train
ENSE00000658419_018	g0041	train
ENSE00000658419_019	g0041	train
ENSE00000658419_020	g0041	train
ENSE00000658419_022	g0041	train
ENSE00000658419_023	g0041	train
ENSE00000658419_025	g0041	train
ENSE00000658419_027	g0041	train
ENSE00000658636_001	g0042	train
ENSE00000658636_002	g0042	train
ENSE00000658636_003	g0042	train
ENSE00000658636_004	g0042	train
ENSE00000658636_006	g0042	train
ENSE00000658636_007	g0042	train
ENSE00000658636_008	g0042	train
ENSE00000658636_009	g0042	train
ENSE00000658636_010	g0042	train
ENSE00000658636_012	g0042	train
ENSE00000658636_013	g0042	train
ENSE00000658636_015	g0042	train
ENSE00000658639_003	g0042	train
ENSE00000658639_007	g0042	train
ENSE00000658639_010	g0042	train
ENSE00000658639_017	g0042	train
ENSE00000658639_020	g0042	train
ENSE00000658639_024	g0042	train
ENSE00000658753_004	g0043	test
ENSE00000658753_005	g0043	test
ENSE00000658753_006	g0043	test
ENSE00000658753_008	g0043	test
ENSE00000658753_009	g0043	test
ENSE00000658753_013	g0043	test
ENSE00000658753_024	g0043	test
ENSE00000658753_027	g0043	test
ENSE00000658753_029	g0043	test
ENSE00000658850_001	g0044	train
ENSE00000658850_002	g0044	train
ENSE00000658850_003	g0044	train
ENSE00000658850_004	g0044	train
ENSE00000658850_005	g0044	train
ENSE00000658850_006	g0044	train
ENSE00000658850_008	g0044	train
ENSE00000658850_009	g0044	train
ENSE00000658850_010	g0044	train
ENSE00000658850_011	g0044	train
ENSE00000658850_012	g0044	train
ENSE00000658850_013	g0044	train
ENSE00000658850_014	g0044	train
ENSE00000658850_015	g0044	train
ENSE00000658850_016	g0044	train
ENSE00000658850_017	g0044	train
ENSE00000658850_018	g0044	train
ENSE00000659433_002	g0045	train
ENSE00000659433_004	g0045	train
ENSE00000659433_006	g0045	train
ENSE00000659433_008	g0045	train
ENSE00000659433_009	g0045	train
ENSE00000659433_010	g0045	train
ENSE00000659433_011	g0045	train
ENSE00000659433_012	g0045	train
ENSE00000659433_013	g0045	train
ENSE00000659433_014	g0045	train
ENSE00000659433_017	g0045	train
ENSE00000659433_018	g0045	train
ENSE00000660106_001	g0046	train
ENSE00000660106_002	g0046	train
ENSE00000660106_003	g0046	train
ENSE00000660106_004	g0046	train
ENSE00000660106_005	g0046	train
ENSE00000660106_006	g0046	train
ENSE00000660106_007	g0046	train
ENSE00000660106_008	g0046	train
ENSE00000660106_009	g0046	train
ENSE00000660106_010	g0046	train
ENSE00000660106_011	g0046	train
ENSE00000660106_013	g0046	train
ENSE00000660106_014	g0046	train
ENSE00000660106_015	g0046	train
ENSE00000660106_016	g0046	train
ENSE00000660106_017	g0046	train
ENSE00000660106_018	g0046	train
ENSE00000660106_019	g0046	train
ENSE00000660106_020	g0046	train
ENSE00000660106_021	g0046	train
ENSE00000660106_023	g0046	train
ENSE00000660106_024	g0046	train
ENSE00000660106_025	g0046	train
ENSE00000660106_026	g0046	train
ENSE00000660106_027	g0046	train
ENSE00000660106_028	g0046	train
ENSE00000660167_001	g0047	train
ENSE00000660167_002	g0047	train
ENSE00000660167_003	g0047	train
ENSE00000660167_005	g0047	train
ENSE00000660167_006	g0047	train
ENSE00000660167_007	g0047	train
ENSE00000660167_008	g0047	train
ENSE00000660167_009	g0047	train
ENSE00000660167_010	g0047	train
ENSE00000660167_011	g0047	train
ENSE00000660167_012	g0047	train
ENSE00000660167_013	g0047	train
ENSE00000660167_014	g0047	train
ENSE00000660167_016	g0047	train
ENSE00000660167_017	g0047	train
ENSE00000660167_018	g0047	train
ENSE00000660167_019	g0047	train
ENSE00000660516_001	g0048	test
ENSE00000660516_002	g0048	test
ENSE00000660516_003	g0048	test
ENSE00000660516_004	g0048	test
ENSE00000660516_005	g0048	test
ENSE00000660516_006	g0048	test
ENSE00000660516_007	g0048	test
ENSE00000660516_008	g0048	test
ENSE00000660516_009	g0048	test
ENSE00000660516_010	g0048	test
ENSE00000660516_011	g0048	test
ENSE00000660516_012	g0048	test
ENSE00000660516_014	g0048	test
ENSE00000660516_015	g0048	test
ENSE00000660516_016	g0048	test
ENSE00000660516_017	g0048	test
ENSE00000660516_018	g0048	test
ENSE00000660516_019	g0048	test
ENSE00000660516_020	g0048	test
ENSE00000660516_021	g0048	test
ENSE00000660516_022	g0048	test
ENSE00000660516_024	g0048	test
ENSE00000660516_025	g0048	test
ENSE00000660516_026	g0048	test
ENSE00000660516_027	g0048	test
ENSE00000660516_028	g0048	test
ENSE00000660516_029	g0048	test
ENSE00000660516_030	g0048	test
ENSE00000660516_032	g0048	test
ENSE00000660516_033	g0048	test
ENSE00000660516_034	g0048	test
ENSE00000660516_035	g0048	test
ENSE00000660516_036	g0048	test
ENSE00000660516_037	g0048	test
ENSE00000660516_038	g0048	test
ENSE00000660516_039	g0048	test
ENSE00000660516_041	g0048	test
ENSE00000660518_001	g0048	test
ENSE00000660518_002	g0048	test
ENSE00000660518_003	g0048	test
ENSE00000660518_005	g0048	test
ENSE00000660518_009	g0048	test
ENSE00000660518_010	g0048	test
ENSE00000660518_012	g0048	test
ENSE00000660518_013	g0048	test
ENSE00000660518_016	g0048	test
ENSE00000660518_018	g0048	test
ENSE00000660518_019	g0048	test
ENSE00000660518_020	g0048	test
ENSE00000660518_021	g0048	test
ENSE00000660518_023	g0048	test
ENSE00000660518_024	g0048	test
ENSE00000660518_025	g0048	test
ENSE00000660518_027	g0048	test
ENSE00000660559_007	g0049	train
ENSE00000660559_009	g0049	train
ENSE00000660559_010	g0049	train
ENSE00000660559_011	g0049	train
ENSE00000660559_012	g0049	train
ENSE00000660559_013	g0049	train
ENSE00000660559_014	g0049	train
ENSE00000660559_016	g0049	train
ENSE00000660559_017	g0049	train
ENSE00000660559_018	g0049	train
ENSE00000660559_019	g0049	train
ENSE00000660559_020	g0049	train
ENSE00000660559_021	g0049	train
ENSE00000660559_022	g0049	train
ENSE00000660560_005	g0049	train
ENSE00000660560_007	g0049	train
ENSE00000660560_008	g0049	train
ENSE00000660560_009	g0049	train
ENSE00000660560_012	g0049	train
ENSE00000660560_013	g0049	train
ENSE00000660560_014	g0049	train
ENSE00000660560_016	g0049	train
ENSE00000661764_007	g0050	train
ENSE00000661764_009	g0050	train
ENSE00000661764_010	g0050	train
ENSE00000661764_011	g0050	train
ENSE00000661764_012	g0050	train
ENSE00000661764_013	g0050	train
ENSE00000661764_014	g0050	train
ENSE00000661764_016	g0050	train
ENSE00000661764_017	g0050	train
ENSE00000661764_018	g0050	train
ENSE00000661764_019	g0050	train
ENSE00000661950_001	g0051	test
ENSE00000661950_002	g0051	test
ENSE00000661950_003	g0051	test
ENSE00000661950_004	g0051	test
ENSE00000661950_005	g0051	test
ENSE00000661950_007	g0051	test
ENSE00000661950_008	g0051	test
ENSE00000661950_009	g0051	test
ENSE00000661950_010	g0051	test
ENSE00000661950_012	g0051	test
ENSE00000661950_013	g0051	test
ENSE00000661950_014	g0051	test
ENSE00000661950_017	g0051	test
ENSE00000661950_018	g0051	test
ENSE00000661950_019	g0051	test
ENSE00000661950_020	g0051	test
ENSE00000661950_021	g0051	test
ENSE00000661950_023	g0051	test
ENSE00000661950_024	g0051	test
ENSE00000661950_025	g0051	test
ENSE00000661950_026	g0051	test
ENSE00000661950_027	g0051	test
ENSE00000661950_030	g0051	test
ENSE00000661950_032	g0051	test
ENSE00000661950_035	g0051	test
ENSE00000661950_037	g0051	test
ENSE00000661950_039	g0051	test
ENSE00000661950_041	g0051	test
ENSE00000662205_005	g0052	train
ENSE00000662205_006	g0052	train
ENSE00000662205_007	g0052	train
ENSE00000662205_009	g0052	train
ENSE00000662205_010	g0052	train
ENSE00000662795_001	g0053	train
ENSE00000662795_002	g0053	train
ENSE00000662795_003	g0053	train
ENSE00000662795_004	g0053	train
ENSE00000662795_005	g0053	train
ENSE00000662795_007	g0053	train
ENSE00000662795_008	g0053	train
ENSE00000662795_009	g0053	train
ENSE00000662795_010	g0053	train
ENSE00000662795_011	g0053	train
ENSE00000662795_012	g0053	train
ENSE00000662795_013	g0053	train
ENSE00000662795_014	g0053	train
ENSE00000662795_016	g0053	train
ENSE00000662795_018	g0053	train
ENSE00000662795_022	g0053	train
ENSE00000662887_007	g0054	test
ENSE00000662887_008	g0054	test
ENSE00000662887_013	g0054	test
ENSE00000662887_018	g0054	test
ENSE00000664260_003	g0055	test
ENSE00000664260_004	g0055	test
ENSE00000664260_005	g0055	test
ENSE00000664260_009	g0055	test
ENSE00000664260_011	g0055	test
ENSE00000664260_014	g0055	test
ENSE00000664260_015	g0055	test
ENSE00000664260_019	g0055	test
ENSE00000664260_020	g0055	test
ENSE00000664260_021	g0055	test
ENSE00000664260_024	g0055	test
ENSE00000664260_025	g0055	test
ENSE00000664260_026	g0055	test
ENSE00000664260_027	g0055	test
ENSE00000664260_028	g0055	test
ENSE00000664260_030	g0055	test
ENSE00000664344_004	g0056	train
ENSE00000664344_012	g0056	train
ENSE00000664344_024	g0056	train
ENSE00000664344_025	g0056	train
ENSE00000664344_026	g0056	train
ENSE00000664939_001	g0057	train
ENSE00000664939_003	g0057	train
ENSE00000664939_004	g0057	train
ENSE00000664939_005	g0057	train
ENSE00000664939_006	g0057	train
ENSE00000664939_007	g0057	train
ENSE00000664939_008	g0057	train
ENSE00000664939_009	g0057	train
ENSE00000664939_010	g0057	train
ENSE00000664939_011	g0057	train
ENSE00000664939_012	g0057	train
ENSE00000664939_013	g0057	train
ENSE00000664939_014	g0057	train
ENSE00000665751_002	g0058	train
ENSE00000665751_003	g0058	train
ENSE00000665751_004	g0058	train
ENSE00000665751_006	g0058	train
ENSE00000665751_007	g0058	train
ENSE00000665751_009	g0058	train
ENSE00000665751_010	g0058	train
ENSE00000665751_011	g0058	train
ENSE00000665751_012	g0058	train
ENSE00000665751_013	g0058	train
ENSE00000665751_015	g0058	train
ENSE00000665751_016	g0058	train
ENSE00000665751_017	g0058	train
ENSE00000665751_018	g0058	train
ENSE00000665751_019	g0058	train
ENSE00000665751_020	g0058	train
ENSE00000665751_021	g0058	train
ENSE00000665751_022	g0058	train
ENSE00000665751_023	g0058	train
ENSE00000665751_024	g0058	train
ENSE00000665751_026	g0058	train
ENSE00000666326_005	g0059	test
ENSE00000666326_014	g0059	test
ENSE00000666326_018	g0059	test
ENSE00000666326_019	g0059	test
ENSE00000666508_001	g0060	train
ENSE00000666508_022	g0060	train
ENSE00000666750_004	g0061	train
ENSE00000666750_008	g0061	train
ENSE00000666750_012	g0061	train
ENSE00000666750_013	g0061	train
ENSE00000666750_018	g0061	train
ENSE00000667042_002	g0062	test
ENSE00000667042_003	g0062	test
ENSE00000667042_005	g0062	test
ENSE00000667042_007	g0062	test
ENSE00000667042_008	g0062	test
ENSE00000667042_010	g0062	test
ENSE00000667042_011	g0062	test
ENSE00000667042_013	g0062	test
ENSE00000667042_015	g0062	test
ENSE00000667042_018	g0062	test
ENSE00000667042_019	g0062	test
ENSE00000667042_021	g0062	test
ENSE00000667042_022	g0062	test
ENSE00000667042_025	g0062	test
ENSE00000667042_026	g0062	test
ENSE00000667042_027	g0062	test
ENSE00000667042_028	g0062	test
ENSE00000667042_029	g0062	test
ENSE00000667042_033	g0062	test
ENSE00000667042_034	g0062	test
ENSE00000667042_038	g0062	test
ENSE00000667260_001	g0063	train
ENSE00000667260_003	g0063	train
ENSE00000667260_005	g0063	train
ENSE00000667260_007	g0063	train
ENSE00000667260_010	g0063	train
ENSE00000667260_011	g0063	train
ENSE00000667260_014	g0063	train
ENSE00000667260_017	g0063	train
ENSE00000667260_019	g0063	train
ENSE00000667504_002	g0064	train
ENSE00000667504_009	g0064	train
ENSE00000667504_012	g0064	train
ENSE00000667504_022	g0064	train
ENSE00000667504_027	g0064	train
ENSE00000667504_028	g0064	train
ENSE00000667504_029	g0064	train
ENSE00000667504_031	g0064	train
ENSE00000667504_036	g0064	train
ENSE00000667504_041	g0064	train
ENSE00000667504_046	g0064	train
ENSE00000667504_047	g0064	train
ENSE00000668103_001	g0065	train
ENSE00000668103_003	g0065	train
ENSE00000668103_004	g0065	train
ENSE00000668103_005	g0065	train
ENSE00000668103_008	g0065	train
ENSE00000668103_009	g0065	train
ENSE00000668103_010	g0065	train
ENSE00000668103_011	g0065	train
ENSE00000668103_012	g0065	train
ENSE00000668103_013	g0065	train
ENSE00000668103_014	g0065	train
ENSE00000668103_015	g0065	train
ENSE00000668103_016	g0065	train
ENSE00000668103_017	g0065	train
ENSE00000668103_018	g0065	train
ENSE00000668103_019	g0065	train
ENSE00000668103_021	g0065	train
ENSE00000668103_025	g0065	train
ENSE00000668103_027	g0065	train
ENSE00000668103_028	g0065	train
ENSE00000668103_029	g0065	train
ENSE00000668103_030	g0065	train
ENSE00000668406_001	g0066	test
ENSE00000668406_003	g0066	test
ENSE00000668406_008	g0066	test
ENSE00000668406_015	g0066	test
ENSE00000668406_017	g0066	test
ENSE00000668406_019	g0066	test
ENSE00000668406_020	g0066	test
ENSE00000668638_001	g0067	test
ENSE00000668638_002	g0067	test
ENSE00000668638_003	g0067	test
ENSE00000668638_004	g0067	test
ENSE00000668638_005	g0067	test
ENSE00000668638_006	g0067	test
ENSE00000668638_008	g0067	test
ENSE00000668750_001	g0068	train
ENSE00000668750_002	g0068	train
ENSE00000668750_003	g0068	train
ENSE00000668750_004	g0068	train
ENSE00000668750_005	g0068	train
ENSE00000668750_006	g0068	train
ENSE00000668750_007	g0068	train
ENSE00000668750_008	g0068	train
ENSE00000668750_009	g0068	train
ENSE00000668750_010	g0068	train
ENSE00000668750_011	g0068	train
ENSE00000668750_012	g0068	train
ENSE00000668750_013	g0068	train
ENSE00000668750_014	g0068	train
ENSE00000668750_016	g0068	train
ENSE00000668750_017	g0068	train
ENSE00000668750_020	g0068	train
ENSE00000668750_021	g0068	train
ENSE00000668750_022	g0068	train
ENSE00000668750_023	g0068	train
ENSE00000670231_001	g0069	train
ENSE00000670231_003	g0069	train
ENSE00000670231_004	g0069	train
ENSE00000670231_007	g0069	train
ENSE00000670231_008	g0069	train
ENSE00000670231_010	g0069	train
ENSE00000670231_011	g0069	train
ENSE00000670231_012	g0069	train
ENSE00000670231_013	g0069	train
ENSE00000670231_014	g0069	train
ENSE00000670231_015	g0069	train
ENSE00000670231_016	g0069	train
ENSE00000670231_017	g0069	train
ENSE00000670231_018	g0069	train
ENSE00000670231_019	g0069	train
ENSE00000670231_020	g0069	train
ENSE00000670231_021	g0069	train
ENSE00000670418_002	g0070	train
ENSE00000670418_004	g0070	train
ENSE00000670418_005	g0070	train
ENSE00000670418_008	g0070	train
ENSE00000670418_009	g0070	train
ENSE00000670418_011	g0070	train
ENSE00000670418_016	g0070	train
ENSE00000670418_018	g0070	train
ENSE00000670418_020	g0070	train
ENSE00000670418_021	g0070	train
ENSE00000670418_024	g0070	train
ENSE00000670418_025	g0070	train
ENSE00000670418_026	g0070	train
ENSE00000670418_027	g0070	train
ENSE00000670581_001	g0001	train
ENSE00000670581_002	g0001	train
ENSE00000670581_004	g0001	train
ENSE00000670581_010	g0001	train
ENSE00000670581_011	g0001	train
ENSE00000670581_012	g0001	train
ENSE00000670691_001	g0001	train
ENSE00000670691_002	g0001	train
ENSE00000670691_003	g0001	train
ENSE00000670691_004	g0001	train
ENSE00000670691_006	g0001	train
ENSE00000670691_007	g0001	train
ENSE00000670691_008	g0001	train
ENSE00000670691_010	g0001	train
ENSE00000670691_011	g0001	train
ENSE00000670691_014	g0001	train
ENSE00000670691_016	g0001	train
ENSE00000670691_017	g0001	train
ENSE00000670691_018	g0001	train
ENSE00000670691_019	g0001	train
ENSE00000670691_020	g0001	train
ENSE00000670691_021	g0001	train
ENSE00000670821_001	g0071	train
ENSE00000670821_005	g0071	train
ENSE00000670821_007	g0071	train
ENSE00000670821_008	g0071	train
ENSE00000671647_001	g0072	train
ENSE00000671647_002	g0072	train
ENSE00000671647_003	g0072	train
ENSE00000671647_013	g0072	train
ENSE00000671647_018	g0072	train
ENSE00000671647_019	g0072	train
ENSE00000671647_020	g0072	train
ENSE00000671647_025	g0072	train
ENSE00000671647_033	g0072	train
ENSE00000671647_035	g0072	train
ENSE00000671647_038	g0072	train
ENSE00000671647_039	g0072	train
ENSE00000671647_042	g0072	train
ENSE00000671647_044	g0072	train
ENSE00000671682_004	g0073	train
ENSE00000671682_005	g0073	train
ENSE00000671682_006	g0073	train
ENSE00000671682_007	g0073	train
ENSE00000671682_008	g0073	train
ENSE00000671682_009	g0073	train
ENSE00000671682_017	g0073	train
ENSE00000671682_020	g0073	train
ENSE00000671682_021	g0073	train
ENSE00000671682_022	g0073	train
ENSE00000671682_023	g0073	train
ENSE00000671682_024	g0073	train
ENSE00000671682_025	g0073	train
ENSE00000671682_026	g0073	train
ENSE00000672183_002	g0074	train
ENSE00000672183_009	g0074	train
ENSE00000672288_001	g0075	train
ENSE00000672288_002	g0075	train
ENSE00000672288_005	g0075	train
ENSE00000672290_001	g0075	train
ENSE00000672290_003	g0075	train
ENSE00000672290_004	g0075	train
ENSE00000672290_005	g0075	train
ENSE00000672290_006	g0075	train
ENSE00000672290_008	g0075	train
ENSE00000672290_009	g0075	train
ENSE00000672290_010	g0075	train
ENSE00000672290_012	g0075	train
ENSE00000672290_013	g0075	train
ENSE00000672309_008	g0076	train
ENSE00000672309_011	g0076	train
ENSE00000672309_016	g0076	train
ENSE00000672753_001	g0005	train
ENSE00000672753_002	g0005	train
ENSE00000672753_003	g0005	train
ENSE00000672753_005	g0005	train
ENSE00000672753_007	g0005	train
ENSE00000672753_009	g0005	train
ENSE00000672753_010	g0005	train
ENSE00000672753_011	g0005	train
ENSE00000672778_006	g0077	train
ENSE00000672839_002	g0078	train
ENSE00000672839_003	g0078	train
ENSE00000672839_006	g0078	train
ENSE00000672839_007	g0078	train
ENSE00000672839_009	g0078	train
ENSE00000672839_010	g0078	train
ENSE00000672839_013	g0078	train
ENSE00000672839_014	g0078	train
ENSE00000672839_016	g0078	train
ENSE00000672839_017	g0078	train
ENSE00000672839_018	g0078	train
ENSE00000672839_021	g0078	train
ENSE00000672839_022	g0078	train
ENSE00000672839_025	g0078	train
ENSE00000672839_026	g0078	train
ENSE00000672839_027	g0078	train
ENSE00000672839_028	g0078	train
ENSE00000673409_001	g0079	train
ENSE00000673409_003	g0079	train
ENSE00000673409_005	g0079	train
ENSE00000673409_006	g0079	train
ENSE00000673409_007	g0079	train
ENSE00000673409_008	g0079	train
ENSE00000673409_009	g0079	train
ENSE00000673409_010	g0079	train
ENSE00000673409_011	g0079	train
ENSE00000673409_012	g0079	train
ENSE00000673409_013	g0079	train
ENSE00000673409_014	g0079	train
ENSE00000673517_001	g0080	train
ENSE00000673517_002	g0080	train
ENSE00000673517_003	g0080	train
ENSE00000673517_004	g0080	train
ENSE00000673517_005	g0080	train
ENSE00000673517_008	g0080	train
ENSE00000673517_009	g0080	train
ENSE00000673517_010	g0080	train
ENSE00000673517_011	g0080	train
ENSE00000673517_012	g0080	train
ENSE00000673517_013	g0080	train
ENSE00000673517_014	g0080	train
ENSE00000673517_016	g0080	train
ENSE00000673517_017	g0080	train
ENSE00000673517_018	g0080	train
ENSE00000673517_019	g0080	train
ENSE00000673517_020	g0080	train
ENSE00000673517_021	g0080	train
ENSE00000673517_022	g0080	train
ENSE00000673517_023	g0080	train
ENSE00000673517_024	g0080	train
ENSE00000673517_025	g0080	train
ENSE00000673517_027	g0080	train
ENSE00000673517_028	g0080	train
ENSE00000673517_029	g0080	train
ENSE00000673517_030	g0080	train
ENSE00000674110_001	g0081	train
ENSE00000674110_005	g0081	train
ENSE00000674110_007	g0081	train
ENSE00000674110_009	g0081	train
ENSE00000674110_011	g0081	train
ENSE00000674110_012	g0081	train
ENSE00000674110_013	g0081	train
ENSE00000674110_015	g0081	train
ENSE00000674110_017	g0081	train
ENSE00000674110_019	g0081	train
ENSE00000674110_020	g0081	train
ENSE00000674110_021	g0081	train
ENSE00000674110_022	g0081	train
ENSE00000674110_023	g0081	train
ENSE00000674110_024	g0081	train
ENSE00000674110_028	g0081	train
ENSE00000674110_029	g0081	train
ENSE00000674110_033	g0081	train
ENSE00000675516_020	g0022	train
ENSE00000675516_021	g0022	train
ENSE00000675594_001	g0002	test
ENSE00000675594_002	g0002	test
ENSE00000675594_003	g0002	test
ENSE00000675594_004	g0002	test
ENSE00000675594_005	g0002	test
ENSE00000675594_006	g0002	test
ENSE00000675594_007	g0002	test
ENSE00000675594_008	g0002	test
ENSE00000675594_009	g0002	test
ENSE00000675594_010	g0002	test
ENSE00000675594_011	g0002	test
ENSE00000675594_012	g0002	test
ENSE00000675594_013	g0002	test
ENSE00000675594_014	g0002	test
ENSE00000675594_015	g0002	test
ENSE00000675594_016	g0002	test
ENSE00000675594_017	g0002	test
ENSE00000675594_018	g0002	test
ENSE00000675594_019	g0002	test
ENSE00000675594_022	g0002	test
ENSE00000675594_023	g0002	test
ENSE00000675594_026	g0002	test
ENSE00000675594_027	g0002	test
ENSE00000675594_028	g0002	test
ENSE00000676004_001	g0082	test
ENSE00000676004_003	g0082	test
ENSE00000676004_004	g0082	test
ENSE00000676004_020	g0082	test
ENSE00000676004_027	g0082	test
ENSE00000676004_028	g0082	test
ENSE00000676414_002	g0083	train
ENSE00000676414_003	g0083	train
ENSE00000676414_008	g0083	train
ENSE00000676414_011	g0083	train
ENSE00000676414_012	g0083	train
ENSE00000676414_013	g0083	train
ENSE00000676414_015	g0083	train
ENSE00000676414_016	g0083	train
ENSE00000676414_020	g0083	train
ENSE00000676414_022	g0083	train
ENSE00000676414_023	g0083	train
ENSE00000676718_002	g0084	train
ENSE00000676718_016	g0084	train
ENSE00000677429_002	g0085	test
ENSE00000677429_004	g0085	test
ENSE00000677429_005	g0085	test
ENSE00000677429_007	g0085	test
ENSE00000677429_010	g0085	test
ENSE00000677429_012	g0085	test
ENSE00000677429_013	g0085	test
ENSE00000677429_017	g0085	test
ENSE00000677429_018	g0085	test
ENSE00000677429_025	g0085	test
ENSE00000677429_026	g0085	test
ENSE00000677429_027	g0085	test
ENSE00000677429_028	g0085	test
ENSE00000677429_029	g0085	test
ENSE00000677429_033	g0085	test
ENSE00000677429_035	g0085	test
ENSE00000677436_001	g0086	train
ENSE00000677436_004	g0086	train
ENSE00000677436_006	g0086	train
ENSE00000677436_007	g0086	train
ENSE00000677436_010	g0086	train
ENSE00000677436_012	g0086	train
ENSE00000677436_016	g0086	train
ENSE00000677436_022	g0086	train
ENSE00000677436_023	g0086	train
ENSE00000677436_024	g0086	train
ENSE00000678432_001	g0087	train
ENSE00000678432_003	g0087	train
ENSE00000678432_006	g0087	train
ENSE00000678432_010	g0087	train
ENSE00000678432_011	g0087	train
ENSE00000678432_013	g0087	train
ENSE00000678432_016	g0087	train
ENSE00000678432_017	g0087	train
ENSE00000678432_018	g0087	train
ENSE00000678432_019	g0087	train
ENSE00000678432_021	g0087	train
ENSE00000678432_022	g0087	train
ENSE00000678432_023	g0087	train
ENSE00000678432_025	g0087	train
ENSE00000678432_027	g0087	train
ENSE00000678652_002	g0088	train
ENSE00000678652_004	g0088	train
ENSE00000678652_005	g0088	train
ENSE00000678652_006	g0088	train
ENSE00000678652_007	g0088	train
ENSE00000678652_008	g0088	train
ENSE00000678652_009	g0088	train
ENSE00000678652_010	g0088	train
ENSE00000678652_012	g0088	train
ENSE00000678652_013	g0088	train
ENSE00000678652_015	g0088	train
ENSE00000678652_016	g0088	train
ENSE00000678652_017	g0088	train
ENSE00000678652_018	g0088	train
ENSE00000678652_021	g0088	train
ENSE00000678652_022	g0088	train
ENSE00000678652_023	g0088	train
ENSE00000679011_001	g0089	train
ENSE00000679011_002	g0089	train
ENSE00000679011_003	g0089	train
ENSE00000679011_004	g0089	train
ENSE00000679011_005	g0089	train
ENSE00000679011_006	g0089	train
ENSE00000679011_007	g0089	train
ENSE00000679011_009	g0089	train
ENSE00000679011_010	g0089	train
ENSE00000679011_011	g0089	train
ENSE00000679011_013	g0089	train
ENSE00000679011_015	g0089	train
ENSE00000679011_016	g0089	train
ENSE00000679048_001	g0090	train
ENSE00000679048_002	g0090	train
ENSE00000679048_003	g0090	train
ENSE00000679048_004	g0090	train
ENSE00000679048_006	g0090	train
ENSE00000679048_009	g0090	train
ENSE00000679048_010	g0090	train
ENSE00000679048_011	g0090	train
ENSE00000679048_012	g0090	train
ENSE00000679048_013	g0090	train
ENSE00000679048_014	g0090	train
ENSE00000679048_016	g0090	train
ENSE00000679136_001	g0089	train
ENSE00000679136_003	g0089	train
ENSE00000679136_004	g0089	train
ENSE00000679136_005	g0089	train
ENSE00000679136_006	g0089	train
ENSE00000679136_007	g0089	train
ENSE00000679136_008	g0089	train
ENSE00000679136_009	g0089	train
ENSE00000679136_010	g0089	train
ENSE00000679136_011	g0089	train
ENSE00000679136_013	g0089	train
ENSE00000679136_014	g0089	train
ENSE00000679136_017	g0089	train
ENSE00000679136_018	g0089	train
ENSE00000679136_019	g0089	train
ENSE00000679136_020	g0089	train
ENSE00000679136_021	g0089	train
ENSE00000680657_002	g0091	train
ENSE00000680657_005	g0091	train
ENSE00000680657_006	g0091	train
ENSE00000680657_008	g0091	train
ENSE00000680657_009	g0091	train
ENSE00000680657_010	g0091	train
ENSE00000680657_012	g0091	train
ENSE00000680657_014	g0091	train
ENSE00000680657_017	g0091	train
ENSE00000680817_003	g0092	test
ENSE00000680817_011	g0092	test
ENSE00000681287_001	g0093	test
ENSE00000681287_002	g0093	test
ENSE00000681287_005	g0093	test
ENSE00000681287_007	g0093	test
ENSE00000681287_011	g0093	test
ENSE00000681287_012	g0093	test
ENSE00000681287_015	g0093	test
ENSE00000681287_018	g0093	test
ENSE00000681287_025	g0093	test
ENSE00000681287_027	g0093	test
ENSE00000682885_001	g0094	train
ENSE00000682885_002	g0094	train
ENSE00000682885_004	g0094	train
ENSE00000682885_006	g0094	train
ENSE00000682885_007	g0094	train
ENSE00000682885_009	g0094	train
ENSE00000682885_010	g0094	train
ENSE00000682885_011	g0094	train
ENSE00000682885_012	g0094	train
ENSE00000682885_013	g0094	train
ENSE00000682885_014	g0094	train
ENSE00000682885_015	g0094	train
ENSE00000682885_016	g0094	train
ENSE00000682885_017	g0094	train
ENSE00000682885_018	g0094	train
ENSE00000682885_019	g0094	train
ENSE00000682885_020	g0094	train
ENSE00000682885_021	g0094	train
ENSE00000682885_022	g0094	train
ENSE00000683971_001	g0095	train
ENSE00000683971_002	g0095	train
ENSE00000683971_003	g0095	train
ENSE00000683971_004	g0095	train
ENSE00000683971_005	g0095	train
ENSE00000683971_006	g0095	train
ENSE00000683971_007	g0095	train
ENSE00000683971_008	g0095	train
ENSE00000683971_009	g0095	train
ENSE00000683971_010	g0095	train
ENSE00000683971_011	g0095	train
ENSE00000683971_012	g0095	train
ENSE00000683971_013	g0095	train
ENSE00000683971_014	g0095	train
ENSE00000683971_015	g0095	train
ENSE00000683971_016	g0095	train
ENSE00000683971_017	g0095	train
ENSE00000683971_018	g0095	train
ENSE00000683971_019	g0095	train
ENSE00000683971_020	g0095	train
ENSE00000683971_021	g0095	train
ENSE00000683971_022	g0095	train
ENSE00000683971_023	g0095	train
ENSE00000684677_001	g0096	train
ENSE00000684677_002	g0096	train
ENSE00000684677_004	g0096	train
ENSE00000684677_005	g0096	train
ENSE00000684677_006	g0096	train
ENSE00000684677_008	g0096	train
ENSE00000684677_009	g0096	train
ENSE00000684677_010	g0096	train
ENSE00000684677_011	g0096	train
ENSE00000684677_012	g0096	train
ENSE00000684677_014	g0096	train
ENSE00000684677_015	g0096	train
ENSE00000684677_016	g0096	train
ENSE00000684677_017	g0096	train
ENSE00000684677_019	g0096	train
ENSE00000684677_020	g0096	train
ENSE00000684677_021	g0096	train
ENSE00000684677_022	g0096	train
ENSE00000684677_023	g0096	train
ENSE00000684677_024	g0096	train
ENSE00000684677_025	g0096	train
ENSE00000684678_001	g0096	train
ENSE00000684678_002	g0096	train
ENSE00000684678_003	g0096	train
ENSE00000684678_004	g0096	train
ENSE00000684678_005	g0096	train
ENSE00000684678_006	g0096	train
ENSE00000684678_007	g0096	train
ENSE00000684678_008	g0096	train
ENSE00000684678_009	g0096	train
ENSE00000684678_010	g0096	train
ENSE00000684678_011	g0096	train
ENSE00000684678_012	g0096	train
ENSE00000684678_013	g0096	train
ENSE00000684678_014	g0096	train
ENSE00000684678_015	g0096	train
ENSE00000684678_017	g0096	train
ENSE00000684678_018	g0096	train
ENSE00000684678_020	g0096	train
ENSE00000684678_021	g0096	train
ENSE00000684678_022	g0096	train
ENSE00000684695_001	g0096	train
ENSE00000684695_002	g0096	train
ENSE00000684695_004	g0096	train
ENSE00000684695_005	g0096	train
ENSE00000684695_007	g0096	train
ENSE00000684695_015	g0096	train
ENSE00000684695_016	g0096	train
ENSE00000684695_017	g0096	train
ENSE00000684876_001	g0097	train
ENSE00000684876_002	g0097	train
ENSE00000684876_003	g0097	train
ENSE00000684876_004	g0097	train
ENSE00000684876_005	g0097	train
ENSE00000684876_008	g0097	train
ENSE00000684876_009	g0097	train
ENSE00000684876_010	g0097	train
ENSE00000684876_011	g0097	train
ENSE00000684876_012	g0097	train
ENSE00000684876_016	g0097	train
ENSE00000684876_017	g0097	train
ENSE00000684876_018	g0097	train
ENSE00000684876_019	g0097	train
ENSE00000684876_020	g0097	train
ENSE00000684876_021	g0097	train
ENSE00000684876_023	g0097	train
ENSE00000684876_024	g0097	train
ENSE00000684876_026	g0097	train
ENSE00000685611_001	g0098	train
ENSE00000685611_003	g0098	train
ENSE00000685611_004	g0098	train
ENSE00000685611_011	g0098	train
ENSE00000685611_013	g0098	train
ENSE00000685611_016	g0098	train
ENSE00000685611_019	g0098	train
ENSE00000685611_020	g0098	train
ENSE00000686544_008	g0099	train
ENSE00000686544_009	g0099	train
ENSE00000686544_011	g0099	train
ENSE00000686544_024	g0099	train
ENSE00000686544_027	g0099	train
ENSE00000686544_028	g0099	train
ENSE00000686671_001	g0099	train
ENSE00000686671_002	g0099	train
ENSE00000686671_003	g0099	train
ENSE00000686671_004	g0099	train
ENSE00000686671_005	g0099	train
ENSE00000686671_006	g0099	train
ENSE00000686671_007	g0099	train
ENSE00000686671_008	g0099	train
ENSE00000686671_009	g0099	train
ENSE00000686671_011	g0099	train
ENSE00000686671_012	g0099	train
ENSE00000686671_013	g0099	train
ENSE00000686671_014	g0099	train
ENSE00000686671_015	g0099	train
ENSE00000686671_017	g0099	train
ENSE00000686671_018	g0099	train
ENSE00000686671_019	g0099	train
ENSE00000686671_020	g0099	train
ENSE00000686671_021	g0099	train
ENSE00000686671_022	g0099	train
ENSE00000686671_023	g0099	train
ENSE00000686671_024	g0099	train
ENSE00000686671_025	g0099	train
ENSE00000686671_026	g0099	train
ENSE00000686671_028	g0099	train
ENSE00000686701_001	g0100	train
ENSE00000686701_003	g0100	train
ENSE00000686701_005	g0100	train
ENSE00000686701_006	g0100	train
ENSE00000686701_007	g0100	train
ENSE00000686701_008	g0100	train
ENSE00000686701_009	g0100	train
ENSE00000686701_011	g0100	train
ENSE00000686701_014	g0100	train
ENSE00000686701_015	g0100	train
ENSE00000686701_017	g0100	train
ENSE00000686701_018	g0100	train
ENSE00000686701_019	g0100	train
ENSE00000686701_020	g0100	train
ENSE00000687295_001	g0101	train
ENSE00000687295_002	g0101	train
ENSE00000687295_004	g0101	train
ENSE00000687295_005	g0101	train
ENSE00000687295_006	g0101	train
ENSE00000687295_007	g0101	train
ENSE00000687295_008	g0101	train
ENSE00000687295_009	g0101	train
ENSE00000687295_010	g0101	train
ENSE00000687295_011	g0101	train
ENSE00000687295_012	g0101	train
ENSE00000687295_014	g0101	train
ENSE00000687295_015	g0101	train
ENSE00000687295_016	g0101	train
ENSE00000687295_018	g0101	train
ENSE00000687295_019	g0101	train
ENSE00000687295_020	g0101	train
ENSE00000687295_021	g0101	train
ENSE00000687910_001	g0102	test
ENSE00000687910_002	g0102	test
ENSE00000687910_006	g0102	test
ENSE00000687910_009	g0102	test
ENSE00000687910_012	g0102	test
ENSE00000687910_014	g0102	test
ENSE00000687910_016	g0102	test
ENSE00000687910_019	g0102	test
ENSE00000687910_027	g0102	test
ENSE00000688607_003	g0103	train
ENSE00000688607_004	g0103	train
ENSE00000688607_006	g0103	train
ENSE00000688607_007	g0103	train
ENSE00000688607_008	g0103	train
ENSE00000688607_009	g0103	train
ENSE00000688607_010	g0103	train
ENSE00000689886_005	g0104	train
ENSE00000689886_008	g0104	train
ENSE00000689886_011	g0104	train
ENSE00000689886_016	g0104	train
ENSE00000689886_020	g0104	train
ENSE00000689886_022	g0104	train
ENSE00000689886_023	g0104	train
ENSE00000690276_002	g0105	train
ENSE00000690276_006	g0105	train
ENSE00000690276_009	g0105	train
ENSE00000690276_010	g0105	train
ENSE00000690276_012	g0105	train
ENSE00000690276_013	g0105	train
ENSE00000690276_018	g0105	train
ENSE00000691736_001	g0106	train
ENSE00000691736_002	g0106	train
ENSE00000691736_003	g0106	train
ENSE00000691736_004	g0106	train
ENSE00000691736_007	g0106	train
ENSE00000691736_008	g0106	train
ENSE00000691736_009	g0106	train
ENSE00000691736_010	g0106	train
ENSE00000691736_011	g0106	train
ENSE00000691736_012	g0106	train
ENSE00000691736_013	g0106	train
ENSE00000691736_014	g0106	train
ENSE00000691736_016	g0106	train
ENSE00000691736_018	g0106	train
ENSE00000691736_019	g0106	train
ENSE00000691736_020	g0106	train
ENSE00000691736_021	g0106	train
ENSE00000692050_001	g0107	train
ENSE00000692050_002	g0107	train
ENSE00000692050_005	g0107	train
ENSE00000692050_011	g0107	train
ENSE00000692050_013	g0107	train
ENSE00000692050_014	g0107	train
ENSE00000692050_017	g0107	train
ENSE00000692050_018	g0107	train
ENSE00000692050_019	g0107	train
ENSE00000692050_020	g0107	train
ENSE00000692050_021	g0107	train
ENSE00000692050_022	g0107	train
ENSE00000692050_024	g0107	train
ENSE00000692050_027	g0107	train
ENSE00000692813_004	g0108	train
ENSE00000692813_005	g0108	train
ENSE00000692813_008	g0108	train
ENSE00000692813_009	g0108	train
ENSE00000692813_011	g0108	train
ENSE00000692813_013	g0108	train
ENSE00000692813_015	g0108	train
ENSE00000692813_016	g0108	train
ENSE00000692813_019	g0108	train
ENSE00000692813_021	g0108	train
ENSE00000694349_001	g0109	test
ENSE00000694349_002	g0109	test
ENSE00000694349_003	g0109	test
ENSE00000694349_004	g0109	test
ENSE00000694349_005	g0109	test
ENSE00000694349_006	g0109	test
ENSE00000694349_007	g0109	test
ENSE00000694349_008	g0109	test
ENSE00000694349_009	g0109	test
ENSE00000694349_010	g0109	test
ENSE00000694349_011	g0109	test
ENSE00000694349_013	g0109	test
ENSE00000694349_014	g0109	test
ENSE00000694349_015	g0109	test
ENSE00000694349_016	g0109	test
ENSE00000694349_017	g0109	test
ENSE00000694349_019	g0109	test
ENSE00000694349_020	g0109	test
ENSE00000694349_021	g0109	test
ENSE00000694349_023	g0109	test
ENSE00000694349_025	g0109	test
ENSE00000694349_026	g0109	test
ENSE00000694349_027	g0109	test
ENSE00000694538_001	g0110	train
ENSE00000694538_002	g0110	train
ENSE00000694538_003	g0110	train
ENSE00000694538_005	g0110	train
ENSE00000694538_006	g0110	train
ENSE00000694538_007	g0110	train
ENSE00000694538_009	g0110	train
ENSE00000694538_010	g0110	train
ENSE00000694538_012	g0110	train
ENSE00000694538_013	g0110	train
ENSE00000694538_014	g0110	train
ENSE00000694538_015	g0110	train
ENSE00000694538_016	g0110	train
ENSE00000694538_017	g0110	train
ENSE00000695929_001	g0111	train
ENSE00000695929_002	g0111	train
ENSE00000695929_003	g0111	train
ENSE00000695929_004	g0111	train
ENSE00000695929_006	g0111	train
ENSE00000695929_007	g0111	train
ENSE00000695929_009	g0111	train
ENSE00000695929_011	g0111	train
ENSE00000695929_012	g0111	train
ENSE00000695929_013	g0111	train
ENSE00000695929_015	g0111	train
ENSE00000695929_019	g0111	train
ENSE00000695929_020	g0111	train
ENSE00000697469_002	g0112	train
ENSE00000697469_003	g0112	train
ENSE00000697469_004	g0112	train
ENSE00000697469_005	g0112	train
ENSE00000697469_006	g0112	train
ENSE00000697469_007	g0112	train
ENSE00000697469_008	g0112	train
ENSE00000697469_009	g0112	train
ENSE00000697469_010	g0112	train
ENSE00000697469_011	g0112	train
ENSE00000697469_012	g0112	train
ENSE00000697469_013	g0112	train
ENSE00000697469_016	g0112	train
ENSE00000697469_017	g0112	train
ENSE00000697469_018	g0112	train
ENSE00000697469_019	g0112	train
ENSE00000697469_020	g0112	train
ENSE00000697469_021	g0112	train
ENSE00000697469_022	g0112	train
ENSE00000697469_023	g0112	train
ENSE00000697469_024	g0112	train
ENSE00000697469_025	g0112	train
ENSE00000698372_001	g0113	train
ENSE00000698372_003	g0113	train
ENSE00000698372_006	g0113	train
ENSE00000698372_007	g0113	train
ENSE00000698372_008	g0113	train
ENSE00000698372_010	g0113	train
ENSE00000698372_012	g0113	train
ENSE00000698372_013	g0113	train
ENSE00000698372_015	g0113	train
ENSE00000698372_016	g0113	train
ENSE00000698372_017	g0113	train
ENSE00000698372_018	g0113	train
ENSE00000698372_022	g0113	train
ENSE00000698372_023	g0113	train
ENSE00000698398_001	g0114	train
ENSE00000698398_003	g0114	train
ENSE00000698398_010	g0114	train
ENSE00000698398_011	g0114	train
ENSE00000698398_013	g0114	train
ENSE00000698398_016	g0114	train
ENSE00000698398_021	g0114	train
ENSE00000698398_025	g0114	train
ENSE00000698398_027	g0114	train
ENSE00000698427_001	g0115	train
ENSE00000698427_002	g0115	train
ENSE00000698427_003	g0115	train
ENSE00000698427_004	g0115	train
ENSE00000698427_005	g0115	train
ENSE00000698427_006	g0115	train
ENSE00000698427_007	g0115	train
ENSE00000698427_008	g0115	train
ENSE00000698427_009	g0115	train
ENSE00000698427_011	g0115	train
ENSE00000698427_012	g0115	train
ENSE00000698427_013	g0115	train
ENSE00000698427_015	g0115	train
ENSE00000698427_017	g0115	train
ENSE00000698427_019	g0115	train
ENSE00000698427_020	g0115	train
ENSE00000698427_021	g0115	train
ENSE00000698427_022	g0115	train
ENSE00000698427_023	g0115	train
ENSE00000698427_024	g0115	train
ENSE00000698427_025	g0115	train
ENSE00000698496_003	g0116	train
ENSE00000698496_004	g0116	train
ENSE00000698496_007	g0116	train
ENSE00000698496_008	g0116	train
ENSE00000698496_009	g0116	train
ENSE00000698496_011	g0116	train
ENSE00000698496_014	g0116	train
ENSE00000698496_018	g0116	train
ENSE00000698496_021	g0116	train
ENSE00000698734_002	g0007	train
ENSE00000698734_008	g0007	train
ENSE00000698734_014	g0007	train
ENSE00000698734_018	g0007	train
ENSE00000698734_019	g0007	train
ENSE00000698734_020	g0007	train
ENSE00000699206_001	g0117	test
ENSE00000699206_002	g0117	test
ENSE00000699206_003	g0117	test
ENSE00000699206_004	g0117	test
ENSE00000699206_005	g0117	test
ENSE00000699206_006	g0117	test
ENSE00000699206_007	g0117	test
ENSE00000699206_008	g0117	test
ENSE00000699206_011	g0117	test
ENSE00000699206_013	g0117	test
ENSE00000699206_014	g0117	test
ENSE00000699206_015	g0117	test
ENSE00000699242_001	g0117	test
ENSE00000699242_002	g0117	test
ENSE00000699242_003	g0117	test
ENSE00000699242_004	g0117	test
ENSE00000699242_005	g0117	test
ENSE00000699242_006	g0117	test
ENSE00000699242_007	g0117	test
ENSE00000699242_008	g0117	test
ENSE00000699242_009	g0117	test
ENSE00000699242_010	g0117	test
ENSE00000699242_011	g0117	test
ENSE00000699242_012	g0117	test
ENSE00000699242_013	g0117	test
ENSE00000699242_014	g0117	test
ENSE00000699242_017	g0117	test
ENSE00000699242_018	g0117	test
ENSE00000699242_019	g0117	test
ENSE00000699242_020	g0117	test
ENSE00000699695_008	g0118	train
ENSE00000699695_009	g0118	train
ENSE00000699695_011	g0118	train
ENSE00000699780_001	g0119	train
ENSE00000699780_004	g0119	train
ENSE00000699780_005	g0119	train
ENSE00000699780_006	g0119	train
ENSE00000699780_008	g0119	train
ENSE00000699780_013	g0119	train
ENSE00000699780_014	g0119	train
ENSE00000699780_016	g0119	train
ENSE00000699780_017	g0119	train
ENSE00000699780_018	g0119	train
ENSE00000699780_019	g0119	train
ENSE00000699780_022	g0119	train
ENSE00000699780_023	g0119	train
ENSE00000699780_028	g0119	train
ENSE00000699780_033	g0119	train
ENSE00000699780_038	g0119	train
ENSE00000699780_039	g0119	train
ENSE00000700481_001	g0120	test
ENSE00000700481_002	g0120	test
ENSE00000700481_004	g0120	test
ENSE00000700481_005	g0120	test
ENSE00000700481_008	g0120	test
ENSE00000700481_011	g0120	test
ENSE00000700481_015	g0120	test
ENSE00000700481_017	g0120	test
ENSE00000700625_001	g0121	test
ENSE00000700625_002	g0121	test
ENSE00000700625_003	g0121	test
ENSE00000700625_007	g0121	test
ENSE00000700625_008	g0121	test
ENSE00000700625_009	g0121	test
ENSE00000700625_011	g0121	test
ENSE00000700625_013	g0121	test
ENSE00000700625_014	g0121	test
ENSE00000700625_015	g0121	test
ENSE00000700625_016	g0121	test
ENSE00000700625_017	g0121	test
ENSE00000700625_019	g0121	test
ENSE00000700625_020	g0121	test
ENSE00000700625_021	g0121	test
ENSE00000700625_022	g0121	test
ENSE00000700625_023	g0121	test
ENSE00000700625_024	g0121	test
ENSE00000700625_025	g0121	test
ENSE00000700625_026	g0121	test
ENSE00000700625_027	g0121	test
ENSE00000702907_001	g0122	train
ENSE00000702907_003	g0122	train
ENSE00000702907_004	g0122	train
ENSE00000702907_005	g0122	train
ENSE00000702907_006	g0122	train
ENSE00000702907_007	g0122	train
ENSE00000702907_008	g0122	train
ENSE00000702907_009	g0122	train
ENSE00000702907_010	g0122	train
ENSE00000702907_011	g0122	train
ENSE00000702907_013	g0122	train
ENSE00000702907_014	g0122	train
ENSE00000702907_015	g0122	train
ENSE00000702907_016	g0122	train
ENSE00000702907_017	g0122	train
ENSE00000702907_018	g0122	train
ENSE00000702907_019	g0122	train
ENSE00000702907_021	g0122	train
ENSE00000702907_022	g0122	train
ENSE00000702914_002	g0122	train
ENSE00000702914_003	g0122	train
ENSE00000702914_004	g0122	train
ENSE00000702914_006	g0122	train
ENSE00000702914_007	g0122	train
ENSE00000702914_008	g0122	train
ENSE00000702914_009	g0122	train
ENSE00000702914_010	g0122	train
ENSE00000702914_011	g0122	train
ENSE00000702914_012	g0122	train
ENSE00000702914_013	g0122	train
ENSE00000702914_014	g0122	train
ENSE00000702914_015	g0122	train
ENSE00000702914_016	g0122	train
ENSE00000702914_017	g0122	train
ENSE00000702914_018	g0122	train
ENSE00000702914_019	g0122	train
ENSE00000702914_020	g0122	train
ENSE00000702914_021	g0122	train
ENSE00000702914_022	g0122	train
ENSE00000702914_023	g0122	train
ENSE00000702914_024	g0122	train
ENSE00000702916_001	g0122	train
ENSE00000702916_002	g0122	train
ENSE00000702916_003	g0122	train
ENSE00000702916_004	g0122	train
ENSE00000702916_005	g0122	train
ENSE00000702916_006	g0122	train
ENSE00000702916_007	g0122	train
ENSE00000702916_009	g0122	train
ENSE00000702916_010	g0122	train
ENSE00000702916_011	g0122	train
ENSE00000702916_013	g0122	train
ENSE00000702916_014	g0122	train
ENSE00000702916_015	g0122	train
ENSE00000702916_016	g0122	train
ENSE00000702917_001	g0122	train
ENSE00000702917_002	g0122	train
ENSE00000702917_003	g0122	train
ENSE00000702917_006	g0122	train
ENSE00000702917_007	g0122	train
ENSE00000702917_008	g0122	train
ENSE00000702917_009	g0122	train
ENSE00000702917_011	g0122	train
ENSE00000702917_012	g0122	train
ENSE00000702917_015	g0122	train
ENSE00000702917_016	g0122	train
ENSE00000702917_017	g0122	train
ENSE00000702917_018	g0122	train
ENSE00000702917_019	g0122	train
ENSE00000702917_021	g0122	train
ENSE00000702917_022	g0122	train
ENSE00000702917_024	g0122	train
ENSE00000702917_025	g0122	train
ENSE00000702919_002	g0122	train
ENSE00000702919_003	g0122	train
ENSE00000702919_006	g0122	train
ENSE00000702919_007	g0122	train
ENSE00000702919_010	g0122	train
ENSE00000702919_011	g0122	train
ENSE00000702919_015	g0122	train
ENSE00000702919_016	g0122	train
ENSE00000703542_001	g0123	train
ENSE00000703542_004	g0123	train
ENSE00000703542_008	g0123	train
ENSE00000703542_009	g0123	train
ENSE00000703542_010	g0123	train
ENSE00000703542_011	g0123	train
ENSE00000703542_013	g0123	train
ENSE00000703542_016	g0123	train
ENSE00000703542_017	g0123	train
ENSE00000703542_018	g0123	train
ENSE00000703542_022	g0123	train
ENSE00000704071_001	g0124	test
ENSE00000704071_002	g0124	test
ENSE00000704071_003	g0124	test
ENSE00000704071_004	g0124	test
ENSE00000704071_005	g0124	test
ENSE00000704071_006	g0124	test
ENSE00000704071_007	g0124	test
ENSE00000704071_008	g0124	test
ENSE00000704071_009	g0124	test
ENSE00000704071_010	g0124	test
ENSE00000704071_011	g0124	test
ENSE00000704071_012	g0124	test
ENSE00000704071_013	g0124	test
ENSE00000704071_014	g0124	test
ENSE00000704071_016	g0124	test
ENSE00000704071_018	g0124	test
ENSE00000704071_020	g0124	test
ENSE00000704071_021	g0124	test
ENSE00000704071_022	g0124	test
ENSE00000704071_023	g0124	test
ENSE00000704071_025	g0124	test
ENSE00000704071_026	g0124	test
ENSE00000704071_027	g0124	test
ENSE00000704071_028	g0124	test
ENSE00000704071_029	g0124	test
ENSE00000704071_030	g0124	test
ENSE00000704071_031	g0124	test
ENSE00000705858_009	g0125	train
ENSE00000705858_019	g0125	train
ENSE00000705858_020	g0125	train
ENSE00000706055_001	g0126	test
ENSE00000706055_002	g0126	test
ENSE00000706055_004	g0126	test
ENSE00000706055_006	g0126	test
ENSE00000706055_008	g0126	test
ENSE00000706055_009	g0126	test
ENSE00000706055_012	g0126	test
ENSE00000706055_013	g0126	test
ENSE00000706055_016	g0126	test
ENSE00000706055_019	g0126	test
ENSE00000706055_021	g0126	test
ENSE00000706064_029	g0126	test
ENSE00000706991_005	g0127	test
ENSE00000706991_007	g0127	test
ENSE00000706991_011	g0127	test
ENSE00000706991_016	g0127	test
ENSE00000706991_018	g0127	test
ENSE00000706991_021	g0127	test
ENSE00000707529_002	g0128	train
ENSE00000707529_003	g0128	train
ENSE00000707529_004	g0128	train
ENSE00000707529_005	g0128	train
ENSE00000707529_006	g0128	train
ENSE00000707529_007	g0128	train
ENSE00000707529_008	g0128	train
ENSE00000707529_009	g0128	train
ENSE00000707529_010	g0128	train
ENSE00000707529_011	g0128	train
ENSE00000707529_012	g0128	train
ENSE00000707529_013	g0128	train
ENSE00000707529_014	g0128	train
ENSE00000707642_001	g0129	test
ENSE00000707642_002	g0129	test
ENSE00000707642_004	g0129	test
ENSE00000707642_005	g0129	test
ENSE00000707642_007	g0129	test
ENSE00000707642_008	g0129	test
ENSE00000707642_010	g0129	test
ENSE00000707642_013	g0129	test
ENSE00000707642_015	g0129	test
ENSE00000707642_016	g0129	test
ENSE00000707642_017	g0129	test
ENSE00000707642_018	g0129	test
ENSE00000707642_019	g0129	test
ENSE00000707642_020	g0129	test
ENSE00000707650_001	g0129	test
ENSE00000707650_030	g0129	test
ENSE00000708419_006	g0130	test
ENSE00000708419_011	g0130	test
ENSE00000708419_012	g0130	test
ENSE00000708419_013	g0130	test
ENSE00000708419_014	g0130	test
ENSE00000708419_016	g0130	test
ENSE00000708419_017	g0130	test
ENSE00000708419_019	g0130	test
ENSE00000708419_021	g0130	test
ENSE00000708419_022	g0130	test
ENSE00000708419_024	g0130	test
ENSE00000708419_026	g0130	test
ENSE00000708419_027	g0130	test
ENSE00000708963_001	g0131	train
ENSE00000708963_003	g0131	train
ENSE00000708963_004	g0131	train
ENSE00000708963_008	g0131	train
ENSE00000708963_009	g0131	train
ENSE00000708963_010	g0131	train
ENSE00000708963_011	g0131	train
ENSE00000708963_012	g0131	train
ENSE00000708963_013	g0131	train
ENSE00000708963_016	g0131	train
ENSE00000708963_017	g0131	train
ENSE00000708963_018	g0131	train
ENSE00000708967_002	g0131	train
ENSE00000708967_003	g0131	train
ENSE00000708967_005	g0131	train
ENSE00000708967_006	g0131	train
ENSE00000708967_007	g0131	train
ENSE00000708967_008	g0131	train
ENSE00000708967_010	g0131	train
ENSE00000708967_014	g0131	train
ENSE00000708967_015	g0131	train
ENSE00000708967_016	g0131	train
ENSE00000709778_009	g0132	test
ENSE00000709778_010	g0132	test
ENSE00000709778_013	g0132	test
ENSE00000709778_014	g0132	test
ENSE00000709778_015	g0132	test
ENSE00000709838_001	g0133	train
ENSE00000709838_002	g0133	train
ENSE00000709838_003	g0133	train
ENSE00000709838_005	g0133	train
ENSE00000709838_006	g0133	train
ENSE00000709838_007	g0133	train
ENSE00000709838_008	g0133	train
ENSE00000709838_009	g0133	train
ENSE00000709838_011	g0133	train
ENSE00000709838_012	g0133	train
ENSE00000709838_013	g0133	train
ENSE00000709838_014	g0133	train
ENSE00000709838_015	g0133	train
ENSE00000709838_016	g0133	train
ENSE00000709838_017	g0133	train
ENSE00000709838_018	g0133	train
ENSE00000709838_019	g0133	train
ENSE00000709838_020	g0133	train
ENSE00000709838_021	g0133	train
ENSE00000709838_022	g0133	train
ENSE00000709838_023	g0133	train
ENSE00000709838_025	g0133	train
ENSE00000712020_003	g0134	train
ENSE00000712020_011	g0134	train
ENSE00000712020_013	g0134	train
ENSE00000712020_014	g0134	train
ENSE00000712020_015	g0134	train
ENSE00000712020_016	g0134	train
ENSE00000712020_017	g0134	train
ENSE00000712020_018	g0134	train
ENSE00000712020_020	g0134	train
ENSE00000712020_025	g0134	train
ENSE00000712808_001	g0135	test
ENSE00000712808_002	g0135	test
ENSE00000712808_003	g0135	test
ENSE00000712808_005	g0135	test
ENSE00000712808_006	g0135	test
ENSE00000712808_007	g0135	test
ENSE00000712808_008	g0135	test
ENSE00000712808_009	g0135	test
ENSE00000712808_010	g0135	test
ENSE00000712808_011	g0135	test
ENSE00000712808_012	g0135	test
ENSE00000712808_013	g0135	test
ENSE00000712808_014	g0135	test
ENSE00000712808_015	g0135	test
ENSE00000712808_016	g0135	test
ENSE00000712808_018	g0135	test
ENSE00000712808_019	g0135	test
ENSE00000713116_007	g0136	train
ENSE00000713116_010	g0136	train
ENSE00000713116_019	g0136	train
ENSE00000713116_020	g0136	train
ENSE00000713546_005	g0137	train
ENSE00000713546_006	g0137	train
ENSE00000713546_022	g0137	train
ENSE00000713546_025	g0137	train
ENSE00000713546_026	g0137	train
ENSE00000713546_027	g0137	train
ENSE00000713546_029	g0137	train
ENSE00000713546_030	g0137	train
ENSE00000713716_003	g0138	test
ENSE00000713716_006	g0138	test
ENSE00000713716_008	g0138	test
ENSE00000713716_010	g0138	test
ENSE00000713716_011	g0138	test
ENSE00000713716_012	g0138	test
ENSE00000713716_014	g0138	test
ENSE00000713716_016	g0138	test
ENSE00000713716_017	g0138	test
ENSE00000713716_026	g0138	test
ENSE00000714213_002	g0139	train
ENSE00000714213_003	g0139	train
ENSE00000714213_004	g0139	train
ENSE00000714213_006	g0139	train
ENSE00000714213_007	g0139	train
ENSE00000714213_008	g0139	train
ENSE00000714213_009	g0139	train
ENSE00000714213_010	g0139	train
ENSE00000714213_011	g0139	train
ENSE00000714213_013	g0139	train
ENSE00000714213_015	g0139	train
ENSE00000714213_016	g0139	train
ENSE00000714319_001	g0140	test
ENSE00000714319_002	g0140	test
ENSE00000714319_003	g0140	test
ENSE00000714319_005	g0140	test
ENSE00000714319_006	g0140	test
ENSE00000714319_007	g0140	test
ENSE00000714319_008	g0140	test
ENSE00000714319_009	g0140	test
ENSE00000714319_010	g0140	test
ENSE00000714319_011	g0140	test
ENSE00000714319_012	g0140	test
ENSE00000714319_014	g0140	test
ENSE00000714319_015	g0140	test
ENSE00000714319_016	g0140	test
ENSE00000714319_017	g0140	test
ENSE00000714319_018	g0140	test
ENSE00000714319_019	g0140	test
ENSE00000714319_020	g0140	test
ENSE00000714319_021	g0140	test
ENSE00000714319_022	g0140	test
ENSE00000714319_023	g0140	test
ENSE00000714319_025	g0140	test
ENSE00000714319_026	g0140	test
ENSE00000714319_027	g0140	test
ENSE00000714319_028	g0140	test
ENSE00000714454_001	g0141	train
ENSE00000714454_002	g0141	train
ENSE00000714454_003	g0141	train
ENSE00000714454_005	g0141	train
ENSE00000714454_008	g0141	train
ENSE00000714454_010	g0141	train
ENSE00000714454_013	g0141	train
ENSE00000714454_015	g0141	train
ENSE00000714454_018	g0141	train
ENSE00000714454_019	g0141	train
ENSE00000714454_025	g0141	train
ENSE00000714454_028	g0141	train
ENSE00000714454_030	g0141	train
ENSE00000714454_032	g0141	train
ENSE00000714454_035	g0141	train
ENSE00000714454_037	g0141	train
ENSE00000714848_001	g0142	test
ENSE00000714848_002	g0142	test
ENSE00000714848_003	g0142	test
ENSE00000714848_004	g0142	test
ENSE00000714848_006	g0142	test
ENSE00000714848_007	g0142	test
ENSE00000714848_008	g0142	test
ENSE00000714848_009	g0142	test
ENSE00000714848_010	g0142	test
ENSE00000714848_011	g0142	test
ENSE00000714848_012	g0142	test
ENSE00000714848_016	g0142	test
ENSE00000714848_017	g0142	test
ENSE00000714848_018	g0142	test
ENSE00000714848_019	g0142	test
ENSE00000714848_023	g0142	test
ENSE00000714848_025	g0142	test
ENSE00000715273_002	g0143	train
ENSE00000715273_003	g0143	train
ENSE00000715273_004	g0143	train
ENSE00000715273_007	g0143	train
ENSE00000715273_009	g0143	train
ENSE00000715273_010	g0143	train
ENSE00000715273_012	g0143	train
ENSE00000715273_014	g0143	train
ENSE00000715273_015	g0143	train
ENSE00000715273_016	g0143	train
ENSE00000715273_019	g0143	train
ENSE00000715273_020	g0143	train
ENSE00000715278_004	g0143	train
ENSE00000715278_012	g0143	train
ENSE00000715278_016	g0143	train
ENSE00000715278_018	g0143	train
ENSE00000715278_020	g0143	train
ENSE00000715350_002	g0144	train
ENSE00000715350_005	g0144	train
ENSE00000715350_006	g0144	train
ENSE00000715350_009	g0144	train
ENSE00000715350_011	g0144	train
ENSE00000715350_012	g0144	train
ENSE00000715350_013	g0144	train
ENSE00000715350_015	g0144	train
ENSE00000716257_002	g0145	train
ENSE00000716257_003	g0145	train
ENSE00000716257_006	g0145	train
ENSE00000716257_007	g0145	train
ENSE00000716257_008	g0145	train
ENSE00000716257_010	g0145	train
ENSE00000716257_011	g0145	train
ENSE00000716257_012	g0145	train
ENSE00000716257_015	g0145	train
ENSE00000716257_019	g0145	train
ENSE00000716257_021	g0145	train
ENSE00000716257_022	g0145	train
ENSE00000716257_027	g0145	train
ENSE00000716285_002	g0146	train
ENSE00000716285_006	g0146	train
ENSE00000716285_009	g0146	train
ENSE00000716285_010	g0146	train
ENSE00000716285_012	g0146	train
ENSE00000716285_015	g0146	train
ENSE00000716285_016	g0146	train
ENSE00000716908_007	g0147	train
ENSE00000716908_011	g0147	train
ENSE00000716908_017	g0147	train
ENSE00000716908_020	g0147	train
ENSE00000716949_002	g0147	train
ENSE00000716949_006	g0147	train
ENSE00000716949_007	g0147	train
ENSE00000716949_008	g0147	train
ENSE00000716949_014	g0147	train
ENSE00000716949_015	g0147	train
ENSE00000716949_016	g0147	train
ENSE00000716949_018	g0147	train
ENSE00000716949_021	g0147	train
ENSE00000716949_024	g0147	train
ENSE00000717749_004	g0148	train
ENSE00000717749_006	g0148	train
ENSE00000717749_016	g0148	train
ENSE00000717749_017	g0148	train
ENSE00000717749_022	g0148	train
ENSE00000717749_033	g0148	train
ENSE00000717749_034	g0148	train
ENSE00000717749_037	g0148	train
ENSE00000717752_005	g0148	train
ENSE00000717752_008	g0148	train
ENSE00000717752_009	g0148	train
ENSE00000717752_010	g0148	train
ENSE00000717752_011	g0148	train
ENSE00000717752_012	g0148	train
ENSE00000717752_013	g0148	train
ENSE00000717752_015	g0148	train
ENSE00000717752_019	g0148	train
ENSE00000718333_001	g0149	test
ENSE00000718333_002	g0149	test
ENSE00000718333_003	g0149	test
ENSE00000718333_005	g0149	test
ENSE00000718333_006	g0149	test
ENSE00000718333_008	g0149	test
ENSE00000718333_009	g0149	test
ENSE00000718333_010	g0149	test
ENSE00000718333_012	g0149	test
ENSE00000718333_013	g0149	test
ENSE00000718333_014	g0149	test
ENSE00000718333_015	g0149	test
ENSE00000718333_016	g0149	test
ENSE00000718333_017	g0149	test
ENSE00000718333_018	g0149	test
ENSE00000718333_019	g0149	test
ENSE00000718333_020	g0149	test
ENSE00000718333_022	g0149	test
ENSE00000718333_023	g0149	test
ENSE00000718333_024	g0149	test
ENSE00000718733_001	g0150	test
ENSE00000718733_003	g0150	test
ENSE00000718733_004	g0150	test
ENSE00000718733_009	g0150	test
ENSE00000718733_011	g0150	test
ENSE00000718733_014	g0150	test
ENSE00000718733_015	g0150	test
ENSE00000719768_001	g0151	train
ENSE00000719768_002	g0151	train
ENSE00000719768_003	g0151	train
ENSE00000719768_005	g0151	train
ENSE00000719768_015	g0151	train
ENSE00000719768_020	g0151	train
ENSE00000719768_022	g0151	train
ENSE00000719768_024	g0151	train
ENSE00000719992_002	g0152	train
ENSE00000719992_003	g0152	train
ENSE00000719992_004	g0152	train
ENSE00000719992_005	g0152	train
ENSE00000719992_006	g0152	train
ENSE00000719992_007	g0152	train
ENSE00000719992_008	g0152	train
ENSE00000719992_009	g0152	train
ENSE00000719992_010	g0152	train
ENSE00000719992_011	g0152	train
ENSE00000719992_012	g0152	train
ENSE00000719992_013	g0152	train
ENSE00000719992_015	g0152	train
ENSE00000719992_016	g0152	train
ENSE00000719992_017	g0152	train
ENSE00000721401_007	g0153	train
ENSE00000721401_009	g0153	train
ENSE00000721401_012	g0153	train
ENSE00000721401_013	g0153	train
ENSE00000721401_014	g0153	train
ENSE00000721401_015	g0153	train
ENSE00000722103_001	g0154	train
ENSE00000722103_012	g0154	train
ENSE00000722103_018	g0154	train
ENSE00000722103_025	g0154	train
ENSE00000722103_033	g0154	train
ENSE00000722103_034	g0154	train
ENSE00000723153_004	g0155	train
ENSE00000723153_005	g0155	train
ENSE00000723153_009	g0155	train
ENSE00000723153_012	g0155	train
ENSE00000723153_013	g0155	train
ENSE00000723157_001	g0155	train
ENSE00000723157_002	g0155	train
ENSE00000723157_003	g0155	train
ENSE00000723157_004	g0155	train
ENSE00000723157_005	g0155	train
ENSE00000723157_006	g0155	train
ENSE00000723157_007	g0155	train
ENSE00000723157_008	g0155	train
ENSE00000723157_009	g0155	train
ENSE00000723157_010	g0155	train
ENSE00000723157_011	g0155	train
ENSE00000723157_012	g0155	train
ENSE00000723157_013	g0155	train
ENSE00000723157_014	g0155	train
ENSE00000723157_015	g0155	train
ENSE00000723157_016	g0155	train
ENSE00000723157_017	g0155	train
ENSE00000723701_003	g0156	test
ENSE00000723701_004	g0156	test
ENSE00000723701_005	g0156	test
ENSE00000723701_006	g0156	test
ENSE00000723701_007	g0156	test
ENSE00000723701_008	g0156	test
ENSE00000723701_011	g0156	test
ENSE00000723701_012	g0156	test
ENSE00000723701_013	g0156	test
ENSE00000723701_014	g0156	test
ENSE00000723701_015	g0156	test
ENSE00000723701_019	g0156	test
ENSE00000723701_020	g0156	test
ENSE00000723701_022	g0156	test
ENSE00000723701_023	g0156	test
ENSE00000723701_024	g0156	test
ENSE00000724298_001	g0157	train
ENSE00000724298_004	g0157	train
ENSE00000724298_005	g0157	train
ENSE00000724298_006	g0157	train
ENSE00000724298_007	g0157	train
ENSE00000724298_008	g0157	train
ENSE00000724298_010	g0157	train
ENSE00000724298_013	g0157	train
ENSE00000724298_014	g0157	train
ENSE00000724298_016	g0157	train
ENSE00000724298_017	g0157	train
ENSE00000724308_007	g0157	train
ENSE00000724315_001	g0157	train
ENSE00000724315_002	g0157	train
ENSE00000724315_003	g0157	train
ENSE00000724315_004	g0157	train
ENSE00000724315_006	g0157	train
ENSE00000724315_007	g0157	train
ENSE00000724315_008	g0157	train
ENSE00000724315_010	g0157	train
ENSE00000724315_011	g0157	train
ENSE00000724315_012	g0157	train
ENSE00000724315_013	g0157	train
ENSE00000724315_014	g0157	train
ENSE00000724315_015	g0157	train
ENSE00000724315_017	g0157	train
ENSE00000725077_002	g0158	train
ENSE00000725077_004	g0158	train
ENSE00000725077_012	g0158	train
ENSE00000725077_013	g0158	train
ENSE00000725077_014	g0158	train
ENSE00000725077_015	g0158	train
ENSE00000725077_017	g0158	train
ENSE00000725077_018	g0158	train
ENSE00000725077_019	g0158	train
ENSE00000725077_020	g0158	train
ENSE00000725077_022	g0158	train
ENSE00000725380_001	g0159	train
ENSE00000725380_003	g0159	train
ENSE00000725380_005	g0159	train
ENSE00000725380_008	g0159	train
ENSE00000725380_009	g0159	train
ENSE00000725380_010	g0159	train
ENSE00000725380_011	g0159	train
ENSE00000725380_012	g0159	train
ENSE00000725380_013	g0159	train
ENSE00000725380_014	g0159	train
ENSE00000725380_015	g0159	train
ENSE00000725380_018	g0159	train
ENSE00000725380_019	g0159	train
ENSE00000725380_020	g0159	train
ENSE00000726280_001	g0160	train
ENSE00000726280_003	g0160	train
ENSE00000726280_004	g0160	train
ENSE00000726280_005	g0160	train
ENSE00000726280_009	g0160	train
ENSE00000726280_010	g0160	train
ENSE00000726280_012	g0160	train
ENSE00000726280_015	g0160	train
ENSE00000726280_018	g0160	train
ENSE00000726280_020	g0160	train
ENSE00000726280_022	g0160	train
ENSE00000726280_028	g0160	train
ENSE00000726404_001	g0161	train
ENSE00000726404_004	g0161	train
ENSE00000726404_005	g0161	train
ENSE00000726404_006	g0161	train
ENSE00000726404_014	g0161	train
ENSE00000726404_016	g0161	train
ENSE00000726404_019	g0161	train
ENSE00000726404_021	g0161	train
ENSE00000726404_022	g0161	train
ENSE00000726899_001	g0162	train
ENSE00000726899_002	g0162	train
ENSE00000726899_003	g0162	train
ENSE00000726899_004	g0162	train
ENSE00000726899_008	g0162	train
ENSE00000726899_009	g0162	train
ENSE00000726899_010	g0162	train
ENSE00000726899_012	g0162	train
ENSE00000726899_015	g0162	train
ENSE00000726899_016	g0162	train
ENSE00000726899_017	g0162	train
ENSE00000726899_018	g0162	train
ENSE00000726899_019	g0162	train
ENSE00000726899_020	g0162	train
ENSE00000726899_022	g0162	train
ENSE00000726899_023	g0162	train
ENSE00000726899_024	g0162	train
ENSE00000726899_025	g0162	train
ENSE00000726899_026	g0162	train
ENSE00000729864_001	g0163	train
ENSE00000729864_002	g0163	train
ENSE00000729864_005	g0163	train
ENSE00000729864_006	g0163	train
ENSE00000729864_007	g0163	train
ENSE00000729864_009	g0163	train
ENSE00000729864_010	g0163	train
ENSE00000729864_012	g0163	train
ENSE00000729864_013	g0163	train
ENSE00000729864_014	g0163	train
ENSE00000729864_015	g0163	train
ENSE00000729864_017	g0163	train
ENSE00000729864_019	g0163	train
ENSE00000729864_020	g0163	train
ENSE00000729864_022	g0163	train
ENSE00000729864_025	g0163	train
ENSE00000731706_001	g0164	train
ENSE00000731706_003	g0164	train
ENSE00000731706_004	g0164	train
ENSE00000731706_006	g0164	train
ENSE00000731706_007	g0164	train
ENSE00000731706_008	g0164	train
ENSE00000731706_010	g0164	train
ENSE00000731706_011	g0164	train
ENSE00000731706_013	g0164	train
ENSE00000731706_014	g0164	train
ENSE00000731706_015	g0164	train
ENSE00000731706_016	g0164	train
ENSE00000731706_017	g0164	train
ENSE00000731706_018	g0164	train
ENSE00000732109_002	g0165	test
ENSE00000732109_003	g0165	test
ENSE00000732109_004	g0165	test
ENSE00000732109_005	g0165	test
ENSE00000732109_006	g0165	test
ENSE00000732109_007	g0165	test
ENSE00000732109_008	g0165	test
ENSE00000732109_009	g0165	test
ENSE00000732109_012	g0165	test
ENSE00000732109_013	g0165	test
ENSE00000732109_015	g0165	test
ENSE00000732109_016	g0165	test
ENSE00000732109_017	g0165	test
ENSE00000732112_002	g0165	test
ENSE00000732112_005	g0165	test
ENSE00000732112_008	g0165	test
ENSE00000732112_009	g0165	test
ENSE00000732112_010	g0165	test
ENSE00000734603_002	g0166	train
ENSE00000734603_003	g0166	train
ENSE00000734603_005	g0166	train
ENSE00000734603_006	g0166	train
ENSE00000734603_007	g0166	train
ENSE00000734603_008	g0166	train
ENSE00000734603_011	g0166	train
ENSE00000734603_013	g0166	train
ENSE00000734603_014	g0166	train
ENSE00000734603_015	g0166	train
ENSE00000734603_016	g0166	train
ENSE00000736713_004	g0167	test
ENSE00000736713_006	g0167	test
ENSE00000736713_007	g0167	test
ENSE00000736713_010	g0167	test
ENSE00000736713_012	g0167	test
ENSE00000736713_014	g0167	test
ENSE00000736713_015	g0167	test
ENSE00000736713_016	g0167	test
ENSE00000736713_017	g0167	test
ENSE00000736713_018	g0167	test
ENSE00000736847_001	g0167	test
ENSE00000736847_002	g0167	test
ENSE00000736847_003	g0167	test
ENSE00000736847_004	g0167	test
ENSE00000736847_007	g0167	test
ENSE00000736847_010	g0167	test
ENSE00000736847_011	g0167	test
ENSE00000736847_012	g0167	test
ENSE00000736847_014	g0167	test
ENSE00000737913_001	g0168	train
ENSE00000737913_002	g0168	train
ENSE00000737913_005	g0168	train
ENSE00000737913_007	g0168	train
ENSE00000737913_010	g0168	train
ENSE00000737913_013	g0168	train
ENSE00000737913_015	g0168	train
ENSE00000737913_016	g0168	train
ENSE00000737913_017	g0168	train
ENSE00000737913_018	g0168	train
ENSE00000737913_019	g0168	train
ENSE00000737913_020	g0168	train
ENSE00000737913_021	g0168	train
ENSE00000739252_001	g0169	train
ENSE00000739252_003	g0169	train
ENSE00000739252_004	g0169	train
ENSE00000739252_005	g0169	train
ENSE00000739252_006	g0169	train
ENSE00000739252_007	g0169	train
ENSE00000739252_009	g0169	train
ENSE00000739252_011	g0169	train
ENSE00000739252_014	g0169	train
ENSE00000739252_015	g0169	train
ENSE00000739252_019	g0169	train
ENSE00000739891_002	g0170	train
ENSE00000739891_003	g0170	train
ENSE00000739891_004	g0170	train
ENSE00000739891_006	g0170	train
ENSE00000739891_009	g0170	train
ENSE00000739891_011	g0170	train
ENSE00000739891_012	g0170	train
ENSE00000739891_013	g0170	train
ENSE00000739891_016	g0170	train
ENSE00000739891_020	g0170	train
ENSE00000739891_021	g0170	train
ENSE00000741171_001	g0171	train
ENSE00000741171_002	g0171	train
ENSE00000741171_003	g0171	train
ENSE00000741171_004	g0171	train
ENSE00000741171_005	g0171	train
ENSE00000741171_006	g0171	train
ENSE00000741171_009	g0171	train
ENSE00000741171_011	g0171	train
ENSE00000741171_013	g0171	train
ENSE00000741171_014	g0171	train
ENSE00000741171_015	g0171	train
ENSE00000741171_017	g0171	train
ENSE00000741171_018	g0171	train
ENSE00000741171_019	g0171	train
ENSE00000741171_020	g0171	train
ENSE00000742045_001	g0172	train
ENSE00000742045_002	g0172	train
ENSE00000742045_003	g0172	train
ENSE00000742045_004	g0172	train
ENSE00000742045_005	g0172	train
ENSE00000742045_006	g0172	train
ENSE00000742045_007	g0172	train
ENSE00000742045_008	g0172	train
ENSE00000742045_009	g0172	train
ENSE00000742045_010	g0172	train
ENSE00000742045_011	g0172	train
ENSE00000742045_012	g0172	train
ENSE00000742045_013	g0172	train
ENSE00000742045_016	g0172	train
ENSE00000742045_017	g0172	train
ENSE00000742045_018	g0172	train
ENSE00000742045_019	g0172	train
ENSE00000742045_021	g0172	train
ENSE00000742045_022	g0172	train
ENSE00000742937_002	g0173	train
ENSE00000742937_003	g0173	train
ENSE00000742937_008	g0173	train
ENSE00000742937_013	g0173	train
ENSE00000742937_017	g0173	train
ENSE00000742937_023	g0173	train
ENSE00000743792_003	g0174	train
ENSE00000743792_004	g0174	train
ENSE00000743792_005	g0174	train
ENSE00000743792_006	g0174	train
ENSE00000743792_007	g0174	train
ENSE00000743792_008	g0174	train
ENSE00000743792_009	g0174	train
ENSE00000743792_010	g0174	train
ENSE00000743792_011	g0174	train
ENSE00000743792_012	g0174	train
ENSE00000743792_013	g0174	train
ENSE00000743792_014	g0174	train
ENSE00000743792_015	g0174	train
ENSE00000743792_016	g0174	train
ENSE00000743792_017	g0174	train
ENSE00000743841_003	g0175	train
ENSE00000743841_005	g0175	train
ENSE00000743841_009	g0175	train
ENSE00000743841_012	g0175	train
ENSE00000743841_014	g0175	train
ENSE00000743841_021	g0175	train
ENSE00000744547_006	g0176	test
ENSE00000744547_009	g0176	test
ENSE00000744547_011	g0176	test
ENSE00000744547_013	g0176	test
ENSE00000744547_014	g0176	test
ENSE00000744547_018	g0176	test
ENSE00000744547_020	g0176	test
ENSE00000744861_001	g0177	train
ENSE00000744861_002	g0177	train
ENSE00000744861_003	g0177	train
ENSE00000744861_005	g0177	train
ENSE00000744861_006	g0177	train
ENSE00000744861_007	g0177	train
ENSE00000744861_010	g0177	train
ENSE00000744861_011	g0177	train
ENSE00000744861_012	g0177	train
ENSE00000744861_013	g0177	train
ENSE00000744861_014	g0177	train
ENSE00000744861_015	g0177	train
ENSE00000744861_016	g0177	train
ENSE00000744861_017	g0177	train
ENSE00000744861_018	g0177	train
ENSE00000744861_019	g0177	train
ENSE00000744861_020	g0177	train
ENSE00000747541_011	g0178	train
ENSE00000747541_016	g0178	train
ENSE00000747541_018	g0178	train
ENSE00000747541_019	g0178	train
ENSE00000747541_025	g0178	train
ENSE00000747541_027	g0178	train
ENSE00000747548_002	g0178	train
ENSE00000747548_005	g0178	train
ENSE00000747548_006	g0178	train
ENSE00000747548_009	g0178	train
ENSE00000747548_011	g0178	train
ENSE00000747548_013	g0178	train
ENSE00000747548_014	g0178	train
ENSE00000747548_016	g0178	train
ENSE00000747548_017	g0178	train
ENSE00000747548_018	g0178	train
ENSE00000747548_019	g0178	train
ENSE00000747548_020	g0178	train
ENSE00000747548_021	g0178	train
ENSE00000747548_022	g0178	train
ENSE00000747548_023	g0178	train
ENSE00000747548_026	g0178	train
ENSE00000751004_003	g0179	train
ENSE00000751004_005	g0179	train
ENSE00000751004_006	g0179	train
ENSE00000751004_007	g0179	train
ENSE00000751004_008	g0179	train
ENSE00000751004_013	g0179	train
ENSE00000751004_014	g0179	train
ENSE00000751004_016	g0179	train
ENSE00000751004_017	g0179	train
ENSE00000751004_019	g0179	train
ENSE00000751004_020	g0179	train
ENSE00000751004_021	g0179	train
ENSE00000751004_023	g0179	train
ENSE00000751004_027	g0179	train
ENSE00000751004_028	g0179	train
ENSE00000752986_001	g0180	test
ENSE00000752986_002	g0180	test
ENSE00000752986_005	g0180	test
ENSE00000752986_006	g0180	test
ENSE00000752986_008	g0180	test
ENSE00000752986_009	g0180	test
ENSE00000752986_011	g0180	test
ENSE00000752986_012	g0180	test
ENSE00000752986_013	g0180	test
ENSE00000752986_014	g0180	test
ENSE00000752986_015	g0180	test
ENSE00000752986_018	g0180	test
ENSE00000752986_019	g0180	test
ENSE00000752986_020	g0180	test
ENSE00000752986_021	g0180	test
ENSE00000752986_022	g0180	test
ENSE00000752986_023	g0180	test
ENSE00000752986_025	g0180	test
ENSE00000753621_002	g0181	train
ENSE00000753621_003	g0181	train
ENSE00000753621_010	g0181	train
ENSE00000753621_011	g0181	train
ENSE00000753621_012	g0181	train
ENSE00000753621_014	g0181	train
ENSE00000753970_001	g0182	train
ENSE00000753970_002	g0182	train
ENSE00000753970_003	g0182	train
ENSE00000753970_004	g0182	train
ENSE00000753970_005	g0182	train
ENSE00000753970_007	g0182	train
ENSE00000753970_008	g0182	train
ENSE00000753970_009	g0182	train
ENSE00000753970_010	g0182	train
ENSE00000753970_011	g0182	train
ENSE00000753970_012	g0182	train
ENSE00000753970_013	g0182	train
ENSE00000753970_014	g0182	train
ENSE00000753970_015	g0182	train
ENSE00000753970_016	g0182	train
ENSE00000753970_017	g0182	train
ENSE00000753970_018	g0182	train
ENSE00000753970_019	g0182	train
ENSE00000753970_020	g0182	train
ENSE00000753970_021	g0182	train
ENSE00000756033_013	g0021	train
ENSE00000756033_021	g0021	train
ENSE00000756104_001	g0021	train
ENSE00000756104_003	g0021	train
ENSE00000756104_005	g0021	train
ENSE00000756104_006	g0021	train
ENSE00000756104_009	g0021	train
ENSE00000756104_010	g0021	train
ENSE00000756104_011	g0021	train
ENSE00000756104_013	g0021	train
ENSE00000756104_014	g0021	train
ENSE00000756104_019	g0021	train
ENSE00000756104_021	g0021	train
ENSE00000756104_023	g0021	train
ENSE00000756107_003	g0021	train
ENSE00000756107_008	g0021	train
ENSE00000756107_009	g0021	train
ENSE00000756107_010	g0021	train
ENSE00000756107_011	g0021	train
ENSE00000756107_012	g0021	train
ENSE00000756107_013	g0021	train
ENSE00000756107_017	g0021	train
ENSE00000756107_020	g0021	train
ENSE00000756107_021	g0021	train
ENSE00000757610_003	g0183	train
ENSE00000757610_004	g0183	train
ENSE00000757610_006	g0183	train
ENSE00000757610_008	g0183	train
ENSE00000757610_009	g0183	train
ENSE00000757610_010	g0183	train
ENSE00000757610_011	g0183	train
ENSE00000757610_012	g0183	train
ENSE00000757610_017	g0183	train
ENSE00000757610_019	g0183	train
ENSE00000757610_021	g0183	train
ENSE00000761652_001	g0184	train
ENSE00000761652_002	g0184	train
ENSE00000761652_003	g0184	train
ENSE00000761652_004	g0184	train
ENSE00000761652_005	g0184	train
ENSE00000761652_006	g0184	train
ENSE00000761652_007	g0184	train
ENSE00000761652_008	g0184	train
ENSE00000761652_010	g0184	train
ENSE00000761652_012	g0184	train
ENSE00000761652_014	g0184	train
ENSE00000761652_015	g0184	train
ENSE00000761652_016	g0184	train
ENSE00000761652_017	g0184	train
ENSE00000761652_018	g0184	train
ENSE00000761652_020	g0184	train
ENSE00000761652_021	g0184	train
ENSE00000763518_001	g0185	test
ENSE00000763518_004	g0185	test
ENSE00000763518_008	g0185	test
ENSE00000763518_014	g0185	test
ENSE00000763518_015	g0185	test
ENSE00000765171_001	g0186	train
ENSE00000765171_002	g0186	train
ENSE00000765171_004	g0186	train
ENSE00000765171_005	g0186	train
ENSE00000765171_006	g0186	train
ENSE00000765171_007	g0186	train
ENSE00000765171_008	g0186	train
ENSE00000765171_009	g0186	train
ENSE00000765171_010	g0186	train
ENSE00000765171_011	g0186	train
ENSE00000765171_012	g0186	train
ENSE00000765171_013	g0186	train
ENSE00000765171_014	g0186	train
ENSE00000765171_015	g0186	train
ENSE00000765171_016	g0186	train
ENSE00000765171_017	g0186	train
ENSE00000765171_019	g0186	train
ENSE00000765171_020	g0186	train
ENSE00000765171_021	g0186	train
ENSE00000765171_023	g0186	train
ENSE00000765171_024	g0186	train
ENSE00000765171_025	g0186	train
ENSE00000765171_027	g0186	train
ENSE00000765171_029	g0186	train
ENSE00000766013_001	g0187	train
ENSE00000766013_002	g0187	train
ENSE00000766013_003	g0187	train
ENSE00000766013_004	g0187	train
ENSE00000766013_005	g0187	train
ENSE00000766013_006	g0187	train
ENSE00000766013_008	g0187	train
ENSE00000766013_011	g0187	train
ENSE00000766013_012	g0187	train
ENSE00000766013_013	g0187	train
ENSE00000766013_014	g0187	train
ENSE00000766013_015	g0187	train
ENSE00000766013_016	g0187	train
ENSE00000766013_018	g0187	train
ENSE00000766013_021	g0187	train
ENSE00000766013_023	g0187	train
ENSE00000766013_024	g0187	train
ENSE00000766013_025	g0187	train
ENSE00000766013_026	g0187	train
ENSE00000766013_027	g0187	train
ENSE00000766013_028	g0187	train
ENSE00000766013_029	g0187	train
ENSE00000766013_030	g0187	train
ENSE00000766855_005	g0188	train
ENSE00000766855_007	g0188	train
ENSE00000766855_009	g0188	train
ENSE00000766855_011	g0188	train
ENSE00000766855_012	g0188	train
ENSE00000766855_014	g0188	train
ENSE00000767839_002	g0189	test
ENSE00000767839_003	g0189	test
ENSE00000767839_005	g0189	test
ENSE00000767839_006	g0189	test
ENSE00000767839_007	g0189	test
ENSE00000767839_008	g0189	test
ENSE00000767839_009	g0189	test
ENSE00000767839_010	g0189	test
ENSE00000767839_011	g0189	test
ENSE00000767839_012	g0189	test
ENSE00000767839_015	g0189	test
ENSE00000768107_001	g0190	train
ENSE00000768107_006	g0190	train
ENSE00000768107_008	g0190	train
ENSE00000768107_009	g0190	train
ENSE00000768107_010	g0190	train
ENSE00000768107_011	g0190	train
ENSE00000768107_013	g0190	train
ENSE00000768107_014	g0190	train
ENSE00000768107_015	g0190	train
ENSE00000768107_016	g0190	train
ENSE00000768107_017	g0190	train
ENSE00000768107_018	g0190	train
ENSE00000768107_020	g0190	train
ENSE00000768290_005	g0191	train
ENSE00000768706_001	g0192	train
ENSE00000768706_003	g0192	train
ENSE00000768706_004	g0192	train
ENSE00000768706_005	g0192	train
ENSE00000768706_006	g0192	train
ENSE00000768706_007	g0192	train
ENSE00000768706_008	g0192	train
ENSE00000768706_009	g0192	train
ENSE00000768706_010	g0192	train
ENSE00000768706_011	g0192	train
ENSE00000768706_012	g0192	train
ENSE00000768706_016	g0192	train
ENSE00000768706_017	g0192	train
ENSE00000768706_018	g0192	train
ENSE00000768706_019	g0192	train
ENSE00000768706_020	g0192	train
ENSE00000768706_022	g0192	train
ENSE00000768706_023	g0192	train
ENSE00000768863_001	g0193	train
ENSE00000768863_003	g0193	train
ENSE00000768863_006	g0193	train
ENSE00000768863_007	g0193	train
ENSE00000768863_008	g0193	train
ENSE00000768863_009	g0193	train
ENSE00000768863_012	g0193	train
ENSE00000768863_013	g0193	train
ENSE00000768863_014	g0193	train
ENSE00000768863_015	g0193	train
ENSE00000768863_016	g0193	train
ENSE00000768863_019	g0193	train
ENSE00000768863_020	g0193	train
ENSE00000768863_022	g0193	train
ENSE00000768863_023	g0193	train
ENSE00000768863_025	g0193	train
ENSE00000768863_027	g0193	train
ENSE00000768863_028	g0193	train
ENSE00000768863_029	g0193	train
ENSE00000768863_030	g0193	train
ENSE00000768863_031	g0193	train
ENSE00000769319_013	g0194	train
ENSE00000769319_016	g0194	train
ENSE00000769319_030	g0194	train
ENSE00000769333_001	g0194	train
ENSE00000769333_002	g0194	train
ENSE00000769333_003	g0194	train
ENSE00000769333_005	g0194	train
ENSE00000769333_006	g0194	train
ENSE00000769333_007	g0194	train
ENSE00000769333_008	g0194	train
ENSE00000769333_010	g0194	train
ENSE00000769333_011	g0194	train
ENSE00000769333_013	g0194	train
ENSE00000769333_014	g0194	train
ENSE00000769333_015	g0194	train
ENSE00000769333_017	g0194	train
ENSE00000769333_018	g0194	train
ENSE00000769333_019	g0194	train
ENSE00000769333_020	g0194	train
ENSE00000769333_021	g0194	train
ENSE00000769333_022	g0194	train
ENSE00000769333_023	g0194	train
ENSE00000769333_024	g0194	train
ENSE00000769333_025	g0194	train
ENSE00000769333_026	g0194	train
ENSE00000769333_027	g0194	train
ENSE00000769333_028	g0194	train
ENSE00000769333_029	g0194	train
ENSE00000769333_030	g0194	train
ENSE00000769333_031	g0194	train
ENSE00000769333_032	g0194	train
ENSE00000769333_033	g0194	train
ENSE00000770788_001	g0195	train
ENSE00000770788_002	g0195	train
ENSE00000770788_003	g0195	train
ENSE00000770788_004	g0195	train
ENSE00000770788_005	g0195	train
ENSE00000770788_006	g0195	train
ENSE00000770788_008	g0195	train
ENSE00000770788_009	g0195	train
ENSE00000770788_011	g0195	train
ENSE00000770788_013	g0195	train
ENSE00000770788_014	g0195	train
ENSE00000770788_017	g0195	train
ENSE00000770788_018	g0195	train
ENSE00000770788_019	g0195	train
ENSE00000770788_020	g0195	train
ENSE00000770788_024	g0195	train
ENSE00000770788_025	g0195	train
ENSE00000771126_001	g0196	train
ENSE00000771126_002	g0196	train
ENSE00000771126_003	g0196	train
ENSE00000771126_004	g0196	train
ENSE00000771126_005	g0196	train
ENSE00000771126_007	g0196	train
ENSE00000771126_008	g0196	train
ENSE00000771126_009	g0196	train
ENSE00000771126_010	g0196	train
ENSE00000771126_012	g0196	train
ENSE00000771126_013	g0196	train
ENSE00000771126_014	g0196	train
ENSE00000771126_015	g0196	train
ENSE00000771126_016	g0196	train
ENSE00000771126_017	g0196	train
ENSE00000771126_019	g0196	train
ENSE00000771126_021	g0196	train
ENSE00000771126_022	g0196	train
ENSE00000771126_023	g0196	train
ENSE00000771126_024	g0196	train
ENSE00000771330_001	g0197	test
ENSE00000771330_002	g0197	test
ENSE00000771330_003	g0197	test
ENSE00000771330_004	g0197	test
ENSE00000771330_005	g0197	test
ENSE00000771330_007	g0197	test
ENSE00000771330_010	g0197	test
ENSE00000771330_011	g0197	test
ENSE00000771330_012	g0197	test
ENSE00000771330_015	g0197	test
ENSE00000771330_017	g0197	test
ENSE00000771330_018	g0197	test
ENSE00000771330_019	g0197	test
ENSE00000771330_022	g0197	test
ENSE00000771330_023	g0197	test
ENSE00000773526_002	g0198	test
ENSE00000773526_003	g0198	test
ENSE00000773526_004	g0198	test
ENSE00000773526_005	g0198	test
ENSE00000773526_006	g0198	test
ENSE00000773526_007	g0198	test
ENSE00000773526_009	g0198	test
ENSE00000773526_011	g0198	test
ENSE00000773526_012	g0198	test
ENSE00000773526_013	g0198	test
ENSE00000773526_014	g0198	test
ENSE00000773526_015	g0198	test
ENSE00000773526_016	g0198	test
ENSE00000773526_017	g0198	test
ENSE00000773526_020	g0198	test
ENSE00000773526_022	g0198	test
ENSE00000773526_023	g0198	test
ENSE00000773526_024	g0198	test
ENSE00000773526_025	g0198	test
ENSE00000774268_001	g0199	train
ENSE00000774268_002	g0199	train
ENSE00000774268_003	g0199	train
ENSE00000774268_004	g0199	train
ENSE00000774268_006	g0199	train
ENSE00000774268_008	g0199	train
ENSE00000774268_009	g0199	train
ENSE00000774268_012	g0199	train
ENSE00000774268_013	g0199	train
ENSE00000774268_015	g0199	train
ENSE00000774268_017	g0199	train
ENSE00000774268_018	g0199	train
ENSE00000774268_019	g0199	train
ENSE00000774268_020	g0199	train
ENSE00000774268_021	g0199	train
ENSE00000774268_022	g0199	train
ENSE00000774268_023	g0199	train
ENSE00000774268_024	g0199	train
ENSE00000774268_025	g0199	train
ENSE00000774268_026	g0199	train
ENSE00000774268_027	g0199	train
ENSE00000774268_028	g0199	train
ENSE00000775134_005	g0200	train
ENSE00000775134_007	g0200	train
ENSE00000775134_009	g0200	train
ENSE00000775134_010	g0200	train
ENSE00000775134_012	g0200	train
ENSE00000775134_016	g0200	train
ENSE00000775134_019	g0200	train
ENSE00000777964_001	g0201	train
ENSE00000777964_002	g0201	train
ENSE00000777964_003	g0201	train
ENSE00000777964_004	g0201	train
ENSE00000777964_005	g0201	train
ENSE00000777964_006	g0201	train
ENSE00000777964_007	g0201	train
ENSE00000777964_010	g0201	train
ENSE00000777964_011	g0201	train
ENSE00000777964_012	g0201	train
ENSE00000777964_013	g0201	train
ENSE00000780466_010	g0202	train
ENSE00000780555_001	g0203	train
ENSE00000780555_003	g0203	train
ENSE00000780555_005	g0203	train
ENSE00000780555_010	g0203	train
ENSE00000780765_001	g0204	train
ENSE00000780765_002	g0204	train
ENSE00000780765_003	g0204	train
ENSE00000780765_005	g0204	train
ENSE00000780765_006	g0204	train
ENSE00000780765_007	g0204	train
ENSE00000780765_008	g0204	train
ENSE00000780765_009	g0204	train
ENSE00000780765_011	g0204	train
ENSE00000780765_012	g0204	train
ENSE00000780765_013	g0204	train
ENSE00000780765_014	g0204	train
ENSE00000780765_015	g0204	train
ENSE00000780765_016	g0204	train
ENSE00000780765_017	g0204	train
ENSE00000780765_018	g0204	train
ENSE00000780765_019	g0204	train
ENSE00000780765_020	g0204	train
ENSE00000780765_021	g0204	train
ENSE00000781177_001	g0205	train
ENSE00000781177_005	g0205	train
ENSE00000781177_006	g0205	train
ENSE00000781177_007	g0205	train
ENSE00000781177_015	g0205	train
ENSE00000781177_016	g0205	train
ENSE00000781177_019	g0205	train
ENSE00000781177_020	g0205	train
ENSE00000781177_021	g0205	train
ENSE00000781177_022	g0205	train
ENSE00000781704_001	g0206	train
ENSE00000781704_002	g0206	train
ENSE00000781704_006	g0206	train
ENSE00000781704_007	g0206	train
ENSE00000781704_008	g0206	train
ENSE00000781704_009	g0206	train
ENSE00000781704_012	g0206	train
ENSE00000781704_013	g0206	train
ENSE00000781704_015	g0206	train
ENSE00000781704_017	g0206	train
ENSE00000781704_018	g0206	train
ENSE00000784987_001	g0207	train
ENSE00000784987_002	g0207	train
ENSE00000784987_004	g0207	train
ENSE00000784987_007	g0207	train
ENSE00000784987_008	g0207	train
ENSE00000784987_010	g0207	train
ENSE00000784987_011	g0207	train
ENSE00000784987_012	g0207	train
ENSE00000784987_015	g0207	train
ENSE00000784987_016	g0207	train
ENSE00000784987_017	g0207	train
ENSE00000785388_001	g0009	test
ENSE00000785388_002	g0009	test
ENSE00000785388_003	g0009	test
ENSE00000785388_004	g0009	test
ENSE00000785388_006	g0009	test
ENSE00000785388_007	g0009	test
ENSE00000785388_008	g0009	test
ENSE00000785388_009	g0009	test
ENSE00000785388_011	g0009	test
ENSE00000785388_012	g0009	test
ENSE00000785388_013	g0009	test
ENSE00000785388_014	g0009	test
ENSE00000785388_015	g0009	test
ENSE00000785388_016	g0009	test
ENSE00000785388_017	g0009	test
ENSE00000785388_018	g0009	test
ENSE00000785388_019	g0009	test
ENSE00000785388_020	g0009	test
ENSE00000785388_022	g0009	test
ENSE00000785770_003	g0208	train
ENSE00000785770_005	g0208	train
ENSE00000785770_019	g0208	train
ENSE00000790042_001	g0209	train
ENSE00000790042_002	g0209	train
ENSE00000790042_005	g0209	train
ENSE00000790042_007	g0209	train
ENSE00000790042_016	g0209	train
ENSE00000790042_018	g0209	train
ENSE00000790042_019	g0209	train
ENSE00000796206_001	g0210	test
ENSE00000796206_006	g0210	test
ENSE00000796206_007	g0210	test
ENSE00000796206_008	g0210	test
ENSE00000796206_009	g0210	test
ENSE00000796206_010	g0210	test
ENSE00000796206_011	g0210	test
ENSE00000796206_015	g0210	test
ENSE00000796206_017	g0210	test
ENSE00000796206_019	g0210	test
ENSE00000796206_021	g0210	test
ENSE00000796206_023	g0210	test
ENSE00000796206_024	g0210	test
ENSE00000798457_001	g0211	train
ENSE00000798457_002	g0211	train
ENSE00000798457_003	g0211	train
ENSE00000798457_005	g0211	train
ENSE00000798457_006	g0211	train
ENSE00000798457_007	g0211	train
ENSE00000798457_009	g0211	train
ENSE00000798457_011	g0211	train
ENSE00000798457_012	g0211	train
ENSE00000798457_013	g0211	train
ENSE00000798457_014	g0211	train
ENSE00000798457_015	g0211	train
ENSE00000798457_016	g0211	train
ENSE00000799436_002	g0212	train
ENSE00000799436_003	g0212	train
ENSE00000799436_007	g0212	train
ENSE00000800090_001	g0213	train
ENSE00000800090_003	g0213	train
ENSE00000800090_004	g0213	train
ENSE00000800090_005	g0213	train
ENSE00000800090_006	g0213	train
ENSE00000800090_007	g0213	train
ENSE00000800090_008	g0213	train
ENSE00000800090_009	g0213	train
ENSE00000800090_010	g0213	train
ENSE00000800090_011	g0213	train
ENSE00000800090_013	g0213	train
ENSE00000800090_014	g0213	train
ENSE00000800090_015	g0213	train
ENSE00000800090_016	g0213	train
ENSE00000800090_017	g0213	train
ENSE00000800090_018	g0213	train
ENSE00000801180_001	g0214	test
ENSE00000801180_003	g0214	test
ENSE00000801180_010	g0214	test
ENSE00000801180_014	g0214	test
ENSE00000801180_015	g0214	test
ENSE00000801180_016	g0214	test
ENSE00000801180_017	g0214	test
ENSE00000801180_018	g0214	test
ENSE00000801180_019	g0214	test
ENSE00000801180_020	g0214	test
ENSE00000801180_021	g0214	test
ENSE00000801180_022	g0214	test
ENSE00000801180_023	g0214	test
ENSE00000801437_001	g0215	test
ENSE00000801437_002	g0215	test
ENSE00000801437_003	g0215	test
ENSE00000801437_004	g0215	test
ENSE00000801437_006	g0215	test
ENSE00000801437_007	g0215	test
ENSE00000801437_008	g0215	test
ENSE00000801676_001	g0216	train
ENSE00000801676_002	g0216	train
ENSE00000801676_004	g0216	train
ENSE00000801676_005	g0216	train
ENSE00000801676_007	g0216	train
ENSE00000801676_008	g0216	train
ENSE00000801676_009	g0216	train
ENSE00000801676_010	g0216	train
ENSE00000801676_011	g0216	train
ENSE00000801676_012	g0216	train
ENSE00000801676_013	g0216	train
ENSE00000801676_016	g0216	train
ENSE00000802182_002	g0217	test
ENSE00000802182_018	g0217	test
ENSE00000802182_020	g0217	test
ENSE00000802182_022	g0217	test
ENSE00000802182_033	g0217	test
ENSE00000802193_002	g0217	test
ENSE00000802193_003	g0217	test
ENSE00000802193_004	g0217	test
ENSE00000802193_005	g0217	test
ENSE00000802193_007	g0217	test
ENSE00000802193_013	g0217	test
ENSE00000802193_014	g0217	test
ENSE00000802193_015	g0217	test
ENSE00000802193_018	g0217	test
ENSE00000802193_019	g0217	test
ENSE00000802193_022	g0217	test
ENSE00000802193_023	g0217	test
ENSE00000802193_024	g0217	test
ENSE00000802193_026	g0217	test
ENSE00000803947_003	g0218	train
ENSE00000803947_004	g0218	train
ENSE00000803947_005	g0218	train
ENSE00000803947_006	g0218	train
ENSE00000803947_007	g0218	train
ENSE00000803947_008	g0218	train
ENSE00000803947_010	g0218	train
ENSE00000803947_011	g0218	train
ENSE00000803947_013	g0218	train
ENSE00000803947_016	g0218	train
ENSE00000803947_017	g0218	train
ENSE00000803947_018	g0218	train
ENSE00000803947_019	g0218	train
ENSE00000803947_020	g0218	train
ENSE00000804061_004	g0219	test
ENSE00000804061_008	g0219	test
ENSE00000804061_009	g0219	test
ENSE00000804061_011	g0219	test
ENSE00000804061_013	g0219	test
ENSE00000804061_015	g0219	test
ENSE00000804941_014	g0220	train
ENSE00000804941_015	g0220	train
ENSE00000806005_008	g0221	test
ENSE00000806005_009	g0221	test
ENSE00000806005_016	g0221	test
ENSE00000806005_017	g0221	test
ENSE00000806005_018	g0221	test
ENSE00000806215_001	g0222	test
ENSE00000806215_002	g0222	test
ENSE00000806215_003	g0222	test
ENSE00000806215_004	g0222	test
ENSE00000806215_006	g0222	test
ENSE00000806215_007	g0222	test
ENSE00000806215_009	g0222	test
ENSE00000806215_010	g0222	test
ENSE00000806215_011	g0222	test
ENSE00000806215_014	g0222	test
ENSE00000806215_015	g0222	test
ENSE00000806215_017	g0222	test
ENSE00000806215_019	g0222	test
ENSE00000806215_020	g0222	test
ENSE00000806215_022	g0222	test
ENSE00000806630_001	g0223	train
ENSE00000806630_002	g0223	train
ENSE00000806630_003	g0223	train
ENSE00000806630_005	g0223	train
ENSE00000806630_006	g0223	train
ENSE00000806645_002	g0224	train
ENSE00000806645_004	g0224	train
ENSE00000806645_006	g0224	train
ENSE00000806645_011	g0224	train
ENSE00000806645_013	g0224	train
ENSE00000806645_016	g0224	train
ENSE00000806645_018	g0224	train
ENSE00000806645_022	g0224	train
ENSE00000806645_024	g0224	train
ENSE00000806645_026	g0224	train
ENSE00000807561_001	g0225	test
ENSE00000807561_002	g0225	test
ENSE00000807561_003	g0225	test
ENSE00000807561_004	g0225	test
ENSE00000807561_005	g0225	test
ENSE00000807561_006	g0225	test
ENSE00000807561_007	g0225	test
ENSE00000807561_008	g0225	test
ENSE00000807561_011	g0225	test
ENSE00000807561_012	g0225	test
ENSE00000807561_014	g0225	test
ENSE00000807561_016	g0225	test
ENSE00000807561_018	g0225	test
ENSE00000807561_019	g0225	test
ENSE00000808094_001	g0226	train
ENSE00000808094_004	g0226	train
ENSE00000808094_005	g0226	train
ENSE00000808094_006	g0226	train
ENSE00000808094_007	g0226	train
ENSE00000808094_008	g0226	train
ENSE00000808094_009	g0226	train
ENSE00000808094_010	g0226	train
ENSE00000808094_011	g0226	train
ENSE00000808094_012	g0226	train
ENSE00000808094_013	g0226	train
ENSE00000808094_014	g0226	train
ENSE00000808094_017	g0226	train
ENSE00000808094_018	g0226	train
ENSE00000808094_019	g0226	train
ENSE00000808094_021	g0226	train
ENSE00000808094_022	g0226	train
ENSE00000808103_001	g0226	train
ENSE00000808103_011	g0226	train
ENSE00000808103_012	g0226	train
ENSE00000808103_014	g0226	train
ENSE00000808103_018	g0226	train
ENSE00000808103_020	g0226	train
ENSE00000808103_023	g0226	train
ENSE00000808103_024	g0226	train
ENSE00000808103_025	g0226	train
ENSE00000808156_002	g0227	train
ENSE00000808156_004	g0227	train
ENSE00000808156_006	g0227	train
ENSE00000808156_011	g0227	train
ENSE00000808156_015	g0227	train
ENSE00000808156_017	g0227	train
ENSE00000808156_018	g0227	train
ENSE00000808156_019	g0227	train
ENSE00000808156_020	g0227	train
ENSE00000808156_022	g0227	train
ENSE00000808204_001	g0228	test
ENSE00000808204_003	g0228	test
ENSE00000808204_004	g0228	test
ENSE00000808204_007	g0228	test
ENSE00000808204_008	g0228	test
ENSE00000808204_009	g0228	test
ENSE00000808204_010	g0228	test
ENSE00000808204_012	g0228	test
ENSE00000808204_013	g0228	test
ENSE00000808204_014	g0228	test
ENSE00000808204_015	g0228	test
ENSE00000808204_016	g0228	test
ENSE00000808204_020	g0228	test
ENSE00000808204_021	g0228	test
ENSE00000808300_001	g0229	train
ENSE00000808300_002	g0229	train
ENSE00000808300_003	g0229	train
ENSE00000808300_004	g0229	train
ENSE00000808300_005	g0229	train
ENSE00000808300_006	g0229	train
ENSE00000808300_007	g0229	train
ENSE00000808300_009	g0229	train
ENSE00000808300_010	g0229	train
ENSE00000808300_012	g0229	train
ENSE00000808300_013	g0229	train
ENSE00000808300_014	g0229	train
ENSE00000808300_015	g0229	train
ENSE00000808300_016	g0229	train
ENSE00000808300_017	g0229	train
ENSE00000808440_003	g0230	train
ENSE00000808440_004	g0230	train
ENSE00000808440_008	g0230	train
ENSE00000808440_010	g0230	train
ENSE00000808440_018	g0230	train
ENSE00000808440_021	g0230	train
ENSE00000808440_030	g0230	train
ENSE00000808440_035	g0230	train
ENSE00000808502_003	g0231	train
ENSE00000808502_004	g0231	train
ENSE00000808502_006	g0231	train
ENSE00000808502_008	g0231	train
ENSE00000808502_011	g0231	train
ENSE00000808502_014	g0231	train
ENSE00000808502_015	g0231	train
ENSE00000808502_018	g0231	train
ENSE00000808502_022	g0231	train
ENSE00000808502_023	g0231	train
ENSE00000808502_024	g0231	train
ENSE00000808502_025	g0231	train
ENSE00000808502_026	g0231	train
ENSE00000808615_002	g0232	train
ENSE00000808615_003	g0232	train
ENSE00000808615_004	g0232	train
ENSE00000808615_005	g0232	train
ENSE00000808615_006	g0232	train
ENSE00000808615_008	g0232	train
ENSE00000808615_009	g0232	train
ENSE00000808615_010	g0232	train
ENSE00000808615_011	g0232	train
ENSE00000808615_012	g0232	train
ENSE00000808618_002	g0233	train
ENSE00000808618_005	g0233	train
ENSE00000808618_006	g0233	train
ENSE00000808618_007	g0233	train
ENSE00000808618_009	g0233	train
ENSE00000808618_010	g0233	train
ENSE00000808618_011	g0233	train
ENSE00000808618_012	g0233	train
ENSE00000808618_013	g0233	train
ENSE00000808618_016	g0233	train
ENSE00000808618_017	g0233	train
ENSE00000808618_018	g0233	train
ENSE00000808725_017	g0234	train
ENSE00000811044_001	g0235	test
ENSE00000811044_002	g0235	test
ENSE00000811044_004	g0235	test
ENSE00000811044_006	g0235	test
ENSE00000811044_008	g0235	test
ENSE00000811044_009	g0235	test
ENSE00000811044_010	g0235	test
ENSE00000811044_012	g0235	test
ENSE00000811044_013	g0235	test
ENSE00000811044_014	g0235	test
ENSE00000811044_017	g0235	test
ENSE00000811044_018	g0235	test
ENSE00000811044_025	g0235	test
ENSE00000811580_001	g0236	train
ENSE00000811580_004	g0236	train
ENSE00000811580_005	g0236	train
ENSE00000811580_007	g0236	train
ENSE00000811580_012	g0236	train
ENSE00000811580_014	g0236	train
ENSE00000811580_015	g0236	train
ENSE00000811580_016	g0236	train
ENSE00000811580_018	g0236	train
ENSE00000811580_019	g0236	train
ENSE00000811580_020	g0236	train
ENSE00000811580_021	g0236	train
ENSE00000811580_022	g0236	train
ENSE00000811969_001	g0237	train
ENSE00000811969_002	g0237	train
ENSE00000811969_003	g0237	train
ENSE00000811969_004	g0237	train
ENSE00000811969_005	g0237	train
ENSE00000811969_006	g0237	train
ENSE00000811969_007	g0237	train
ENSE00000811969_008	g0237	train
ENSE00000811969_009	g0237	train
ENSE00000811969_010	g0237	train
ENSE00000811969_011	g0237	train
ENSE00000811969_012	g0237	train
ENSE00000811969_013	g0237	train
ENSE00000811969_014	g0237	train
ENSE00000811969_016	g0237	train
ENSE00000812955_005	g0238	train
ENSE00000812955_006	g0238	train
ENSE00000812955_009	g0238	train
ENSE00000812955_011	g0238	train
ENSE00000812955_012	g0238	train
ENSE00000812955_013	g0238	train
ENSE00000812955_014	g0238	train
ENSE00000812955_017	g0238	train
ENSE00000812955_019	g0238	train
ENSE00000812955_020	g0238	train
ENSE00000812955_021	g0238	train
ENSE00000812955_023	g0238	train
ENSE00000812955_027	g0238	train
ENSE00000812955_030	g0238	train
ENSE00000812955_031	g0238	train
ENSE00000812955_032	g0238	train
ENSE00000812955_038	g0238	train
ENSE00000812955_039	g0238	train
ENSE00000814752_001	g0239	train
ENSE00000814752_003	g0239	train
ENSE00000814752_004	g0239	train
ENSE00000814752_005	g0239	train
ENSE00000814752_007	g0239	train
ENSE00000814752_008	g0239	train
ENSE00000814752_009	g0239	train
ENSE00000814752_010	g0239	train
ENSE00000814752_012	g0239	train
ENSE00000814752_013	g0239	train
ENSE00000814752_015	g0239	train
ENSE00000814752_016	g0239	train
ENSE00000814752_018	g0239	train
ENSE00000814752_020	g0239	train
ENSE00000814752_021	g0239	train
ENSE00000814752_022	g0239	train
ENSE00000814752_023	g0239	train
ENSE00000814752_024	g0239	train
ENSE00000815598_001	g0240	train
ENSE00000815598_002	g0240	train
ENSE00000815598_003	g0240	train
ENSE00000815598_004	g0240	train
ENSE00000815598_005	g0240	train
ENSE00000815598_006	g0240	train
ENSE00000815598_007	g0240	train
ENSE00000815598_008	g0240	train
ENSE00000815598_009	g0240	train
ENSE00000815598_010	g0240	train
ENSE00000815598_011	g0240	train
ENSE00000815598_012	g0240	train
ENSE00000815598_013	g0240	train
ENSE00000815598_014	g0240	train
ENSE00000815598_015	g0240	train
ENSE00000815598_016	g0240	train
ENSE00000815598_017	g0240	train
ENSE00000815598_019	g0240	train
ENSE00000815598_020	g0240	train
ENSE00000815598_021	g0240	train
ENSE00000815598_023	g0240	train
ENSE00000815598_024	g0240	train
ENSE00000815598_025	g0240	train
ENSE00000815598_026	g0240	train
ENSE00000815598_030	g0240	train
ENSE00000816181_019	g0241	test
ENSE00000816181_021	g0241	test
ENSE00000816181_023	g0241	test
ENSE00000817062_001	g0242	test
ENSE00000817062_002	g0242	test
ENSE00000817062_005	g0242	test
ENSE00000817062_006	g0242	test
ENSE00000817062_007	g0242	test
ENSE00000817062_008	g0242	test
ENSE00000817062_009	g0242	test
ENSE00000817062_011	g0242	test
ENSE00000817062_013	g0242	test
ENSE00000817062_014	g0242	test
ENSE00000817062_015	g0242	test
ENSE00000817062_016	g0242	test
ENSE00000817062_019	g0242	test
ENSE00000817062_020	g0242	test
ENSE00000817062_021	g0242	test
ENSE00000817062_022	g0242	test
ENSE00000818267_003	g0243	train
ENSE00000818267_007	g0243	train
ENSE00000818267_008	g0243	train
ENSE00000818267_015	g0243	train
ENSE00000818267_016	g0243	train
ENSE00000818267_018	g0243	train
ENSE00000818267_020	g0243	train
ENSE00000818633_001	g0244	train
ENSE00000818633_002	g0244	train
ENSE00000818633_003	g0244	train
ENSE00000818633_004	g0244	train
ENSE00000818633_005	g0244	train
ENSE00000818633_006	g0244	train
ENSE00000818633_007	g0244	train
ENSE00000818633_008	g0244	train
ENSE00000818633_009	g0244	train
ENSE00000818633_013	g0244	train
ENSE00000818633_014	g0244	train
ENSE00000818633_015	g0244	train
ENSE00000818633_016	g0244	train
ENSE00000818633_019	g0244	train
ENSE00000818633_020	g0244	train
ENSE00000818633_022	g0244	train
ENSE00000818633_023	g0244	train
ENSE00000818633_024	g0244	train
ENSE00000818633_026	g0244	train
ENSE00000818633_027	g0244	train
ENSE00000818633_028	g0244	train
ENSE00000818633_029	g0244	train
ENSE00000818633_030	g0244	train
ENSE00000818633_031	g0244	train
ENSE00000818633_032	g0244	train
ENSE00000818633_035	g0244	train
ENSE00000818633_037	g0244	train
ENSE00000818633_039	g0244	train
ENSE00000818633_042	g0244	train
ENSE00000818633_043	g0244	train
ENSE00000818633_044	g0244	train
ENSE00000818636_003	g0244	train
ENSE00000818636_004	g0244	train
ENSE00000818636_005	g0244	train
ENSE00000818636_006	g0244	train
ENSE00000818636_007	g0244	train
ENSE00000818636_009	g0244	train
ENSE00000818636_010	g0244	train
ENSE00000818636_011	g0244	train
ENSE00000818636_013	g0244	train
ENSE00000818636_015	g0244	train
ENSE00000818636_018	g0244	train
ENSE00000818636_019	g0244	train
ENSE00000818636_020	g0244	train
ENSE00000818636_024	g0244	train
ENSE00000828162_001	g0245	test
ENSE00000828162_002	g0245	test
ENSE00000828162_005	g0245	test
ENSE00000828162_008	g0245	test
ENSE00000828162_013	g0245	test
ENSE00000828162_014	g0245	test
ENSE00000828162_016	g0245	test
ENSE00000828264_002	g0246	train
ENSE00000828264_004	g0246	train
ENSE00000828264_006	g0246	train
ENSE00000828264_008	g0246	train
ENSE00000828264_011	g0246	train
ENSE00000828264_016	g0246	train
ENSE00000828264_018	g0246	train
ENSE00000828264_022	g0246	train
ENSE00000828264_024	g0246	train
ENSE00000828264_030	g0246	train
ENSE00000828264_031	g0246	train
ENSE00000828264_032	g0246	train
ENSE00000828264_034	g0246	train
ENSE00000828264_035	g0246	train
ENSE00000828264_036	g0246	train
ENSE00000829191_001	g0247	train
ENSE00000829191_002	g0247	train
ENSE00000829191_003	g0247	train
ENSE00000829191_004	g0247	train
ENSE00000829191_005	g0247	train
ENSE00000829191_006	g0247	train
ENSE00000829191_007	g0247	train
ENSE00000829191_008	g0247	train
ENSE00000829191_009	g0247	train
ENSE00000829191_010	g0247	train
ENSE00000829191_011	g0247	train
ENSE00000829191_012	g0247	train
ENSE00000829191_013	g0247	train
ENSE00000829191_014	g0247	train
ENSE00000829191_015	g0247	train
ENSE00000829191_017	g0247	train
ENSE00000829191_018	g0247	train
ENSE00000829191_019	g0247	train
ENSE00000829191_020	g0247	train
ENSE00000829191_021	g0247	train
ENSE00000829191_022	g0247	train
ENSE00000829191_023	g0247	train
ENSE00000829191_025	g0247	train
ENSE00000829191_027	g0247	train
ENSE00000829191_028	g0247	train
ENSE00000829191_030	g0247	train
ENSE00000829191_032	g0247	train
ENSE00000829191_034	g0247	train
ENSE00000829191_035	g0247	train
ENSE00000829191_036	g0247	train
ENSE00000829191_037	g0247	train
ENSE00000829191_038	g0247	train
ENSE00000829191_039	g0247	train
ENSE00000829191_040	g0247	train
ENSE00000831428_001	g0248	train
ENSE00000831428_003	g0248	train
ENSE00000831428_005	g0248	train
ENSE00000831428_007	g0248	train
ENSE00000831428_008	g0248	train
ENSE00000831428_010	g0248	train
ENSE00000831428_011	g0248	train
ENSE00000831428_012	g0248	train
ENSE00000831428_013	g0248	train
ENSE00000831428_014	g0248	train
ENSE00000831428_015	g0248	train
ENSE00000831428_017	g0248	train
ENSE00000831428_023	g0248	train
ENSE00000831428_024	g0248	train
ENSE00000831428_026	g0248	train
ENSE00000831428_028	g0248	train
ENSE00000831428_029	g0248	train
ENSE00000831428_031	g0248	train
ENSE00000831428_032	g0248	train
ENSE00000831538_003	g0249	test
ENSE00000831538_006	g0249	test
ENSE00000831538_007	g0249	test
ENSE00000831538_008	g0249	test
ENSE00000831538_009	g0249	test
ENSE00000831538_011	g0249	test
ENSE00000831538_012	g0249	test
ENSE00000831538_013	g0249	test
ENSE00000831538_014	g0249	test
ENSE00000831538_015	g0249	test
ENSE00000831538_016	g0249	test
ENSE00000831538_017	g0249	test
ENSE00000831538_018	g0249	test
ENSE00000831538_020	g0249	test
ENSE00000831538_021	g0249	test
ENSE00000831538_022	g0249	test
ENSE00000833109_002	g0250	train
ENSE00000833109_005	g0250	train
ENSE00000833109_006	g0250	train
ENSE00000833109_007	g0250	train
ENSE00000833109_009	g0250	train
ENSE00000833109_011	g0250	train
ENSE00000833109_012	g0250	train
ENSE00000833109_015	g0250	train
ENSE00000833109_016	g0250	train
ENSE00000833109_019	g0250	train
ENSE00000833109_020	g0250	train
ENSE00000835661_001	g0251	test
ENSE00000835661_005	g0251	test
ENSE00000835661_006	g0251	test
ENSE00000835661_008	g0251	test
ENSE00000835661_011	g0251	test
ENSE00000835661_012	g0251	test
ENSE00000835661_013	g0251	test
ENSE00000835958_002	g0252	train
ENSE00000835958_003	g0252	train
ENSE00000835958_006	g0252	train
ENSE00000835958_009	g0252	train
ENSE00000835958_010	g0252	train
ENSE00000835958_011	g0252	train
ENSE00000835958_012	g0252	train
ENSE00000835958_017	g0252	train
ENSE00000835958_020	g0252	train
ENSE00000836474_001	g0253	train
ENSE00000836474_003	g0253	train
ENSE00000836474_004	g0253	train
ENSE00000836474_005	g0253	train
ENSE00000836474_007	g0253	train
ENSE00000836474_010	g0253	train
ENSE00000836474_011	g0253	train
ENSE00000836474_012	g0253	train
ENSE00000836474_013	g0253	train
ENSE00000836474_015	g0253	train
ENSE00000836474_017	g0253	train
ENSE00000836474_018	g0253	train
ENSE00000836564_001	g0254	train
ENSE00000836564_002	g0254	train
ENSE00000836564_008	g0254	train
ENSE00000836564_011	g0254	train
ENSE00000836564_014	g0254	train
ENSE00000836564_016	g0254	train
ENSE00000841252_020	g0255	train
ENSE00000841262_003	g0256	test
ENSE00000841262_008	g0256	test
ENSE00000841262_011	g0256	test
ENSE00000843141_001	g0059	test
ENSE00000843141_002	g0059	test
ENSE00000843141_003	g0059	test
ENSE00000843141_004	g0059	test
ENSE00000843141_005	g0059	test
ENSE00000843142_001	g0059	test
ENSE00000843142_003	g0059	test
ENSE00000843142_004	g0059	test
ENSE00000843142_005	g0059	test
ENSE00000843142_006	g0059	test
ENSE00000843142_007	g0059	test
ENSE00000843142_008	g0059	test
ENSE00000843142_009	g0059	test
ENSE00000843142_010	g0059	test
ENSE00000844578_002	g0257	train
ENSE00000844578_003	g0257	train
ENSE00000844578_004	g0257	train
ENSE00000844578_005	g0257	train
ENSE00000844578_006	g0257	train
ENSE00000844578_007	g0257	train
ENSE00000844578_009	g0257	train
ENSE00000844578_011	g0257	train
ENSE00000844578_012	g0257	train
ENSE00000844578_013	g0257	train
ENSE00000844578_014	g0257	train
ENSE00000844578_015	g0257	train
ENSE00000844578_016	g0257	train
ENSE00000844578_017	g0257	train
ENSE00000844578_018	g0257	train
ENSE00000844578_020	g0257	train
ENSE00000844578_022	g0257	train
ENSE00000844578_023	g0257	train
ENSE00000844578_027	g0257	train
ENSE00000844578_029	g0257	train
ENSE00000844578_030	g0257	train
ENSE00000844578_031	g0257	train
ENSE00000844578_032	g0257	train
ENSE00000844578_034	g0257	train
ENSE00000844578_036	g0257	train
ENSE00000844578_037	g0257	train
ENSE00000844578_038	g0257	train
ENSE00000844578_039	g0257	train
ENSE00000844578_040	g0257	train
ENSE00000844578_041	g0257	train
ENSE00000844578_042	g0257	train
ENSE00000844578_043	g0257	train
ENSE00000844709_008	g0258	test
ENSE00000844709_015	g0258	test
ENSE00000844809_002	g0259	train
ENSE00000844809_003	g0259	train
ENSE00000844809_004	g0259	train
ENSE00000844809_005	g0259	train
ENSE00000844809_006	g0259	train
ENSE00000844809_009	g0259	train
ENSE00000844809_010	g0259	train
ENSE00000844809_012	g0259	train
ENSE00000844809_013	g0259	train
ENSE00000844983_004	g0260	test
ENSE00000844983_010	g0260	test
ENSE00000844983_011	g0260	test
ENSE00000844983_017	g0260	test
ENSE00000844983_025	g0260	test
ENSE00000844983_030	g0260	test
ENSE00000844983_031	g0260	test
ENSE00000845336_003	g0261	test
ENSE00000845336_008	g0261	test
ENSE00000845336_010	g0261	test
ENSE00000845336_012	g0261	test
ENSE00000845336_014	g0261	test
ENSE00000845336_015	g0261	test
ENSE00000845336_021	g0261	test
ENSE00000845336_025	g0261	test
ENSE00000845336_027	g0261	test
ENSE00000845547_001	g0262	train
ENSE00000845547_002	g0262	train
ENSE00000845547_003	g0262	train
ENSE00000845547_004	g0262	train
ENSE00000845547_005	g0262	train
ENSE00000845547_007	g0262	train
ENSE00000845547_008	g0262	train
ENSE00000845547_009	g0262	train
ENSE00000845547_010	g0262	train
ENSE00000845547_011	g0262	train
ENSE00000845547_012	g0262	train
ENSE00000845547_013	g0262	train
ENSE00000845547_014	g0262	train
ENSE00000845547_015	g0262	train
ENSE00000845547_016	g0262	train
ENSE00000845547_017	g0262	train
ENSE00000845547_018	g0262	train
ENSE00000845547_019	g0262	train
ENSE00000845547_020	g0262	train
ENSE00000845744_001	g0263	train
ENSE00000845744_003	g0263	train
ENSE00000845744_004	g0263	train
ENSE00000845744_005	g0263	train
ENSE00000845744_006	g0263	train
ENSE00000845744_007	g0263	train
ENSE00000845744_008	g0263	train
ENSE00000845744_009	g0263	train
ENSE00000845744_010	g0263	train
ENSE00000845744_011	g0263	train
ENSE00000845744_013	g0263	train
ENSE00000845744_014	g0263	train
ENSE00000845744_015	g0263	train
ENSE00000845744_016	g0263	train
ENSE00000845770_002	g0264	train
ENSE00000845770_005	g0264	train
ENSE00000845770_006	g0264	train
ENSE00000845770_007	g0264	train
ENSE00000845770_008	g0264	train
ENSE00000845770_010	g0264	train
ENSE00000845770_014	g0264	train
ENSE00000845957_001	g0265	train
ENSE00000845957_002	g0265	train
ENSE00000845957_003	g0265	train
ENSE00000845957_004	g0265	train
ENSE00000845957_005	g0265	train
ENSE00000845957_006	g0265	train
ENSE00000845957_007	g0265	train
ENSE00000845957_009	g0265	train
ENSE00000845957_010	g0265	train
ENSE00000845957_011	g0265	train
ENSE00000845957_013	g0265	train
ENSE00000845957_014	g0265	train
ENSE00000845957_015	g0265	train
ENSE00000845957_016	g0265	train
ENSE00000845957_017	g0265	train
ENSE00000845957_018	g0265	train
ENSE00000845957_019	g0265	train
ENSE00000845957_020	g0265	train
ENSE00000845957_021	g0265	train
ENSE00000845957_023	g0265	train
ENSE00000845957_024	g0265	train
ENSE00000845957_025	g0265	train
ENSE00000845957_026	g0265	train
ENSE00000845957_027	g0265	train
ENSE00000846524_001	g0266	test
ENSE00000846524_002	g0266	test
ENSE00000846524_003	g0266	test
ENSE00000846524_004	g0266	test
ENSE00000846524_005	g0266	test
ENSE00000846524_006	g0266	test
ENSE00000846524_008	g0266	test
ENSE00000846524_010	g0266	test
ENSE00000846524_012	g0266	test
ENSE00000846524_015	g0266	test
ENSE00000846524_016	g0266	test
ENSE00000846889_001	g0267	test
ENSE00000846889_003	g0267	test
ENSE00000846889_004	g0267	test
ENSE00000846889_006	g0267	test
ENSE00000846889_007	g0267	test
ENSE00000846889_008	g0267	test
ENSE00000846889_009	g0267	test
ENSE00000846889_010	g0267	test
ENSE00000846889_013	g0267	test
ENSE00000846889_014	g0267	test
ENSE00000846889_015	g0267	test
ENSE00000846889_016	g0267	test
ENSE00000846889_018	g0267	test
ENSE00000846889_019	g0267	test
ENSE00000846889_021	g0267	test
ENSE00000846889_022	g0267	test
ENSE00000846889_023	g0267	test
ENSE00000846889_024	g0267	test
ENSE00000846889_025	g0267	test
ENSE00000850031_001	g0268	test
ENSE00000850031_003	g0268	test
ENSE00000850031_006	g0268	test
ENSE00000850031_012	g0268	test
ENSE00000850031_021	g0268	test
ENSE00000852784_001	g0269	test
ENSE00000852784_003	g0269	test
ENSE00000852784_005	g0269	test
ENSE00000852784_006	g0269	test
ENSE00000852784_007	g0269	test
ENSE00000852784_008	g0269	test
ENSE00000852784_009	g0269	test
ENSE00000852784_010	g0269	test
ENSE00000852784_011	g0269	test
ENSE00000852784_012	g0269	test
ENSE00000852784_013	g0269	test
ENSE00000852784_014	g0269	test
ENSE00000852784_015	g0269	test
ENSE00000852784_016	g0269	test
ENSE00000852784_017	g0269	test
ENSE00000852784_018	g0269	test
ENSE00000852784_019	g0269	test
ENSE00000852784_020	g0269	test
ENSE00000852784_021	g0269	test
ENSE00000852784_023	g0269	test
ENSE00000852784_024	g0269	test
ENSE00000852784_025	g0269	test
ENSE00000852784_026	g0269	test
ENSE00000852784_027	g0269	test
ENSE00000852784_028	g0269	test
ENSE00000853736_002	g0270	train
ENSE00000853736_006	g0270	train
ENSE00000853736_008	g0270	train
ENSE00000853736_009	g0270	train
ENSE00000853736_012	g0270	train
ENSE00000853736_013	g0270	train
ENSE00000853736_018	g0270	train
ENSE00000853736_020	g0270	train
ENSE00000853736_021	g0270	train
ENSE00000853736_022	g0270	train
ENSE00000853751_001	g0271	train
ENSE00000853751_002	g0271	train
ENSE00000853751_003	g0271	train
ENSE00000853751_004	g0271	train
ENSE00000853751_006	g0271	train
ENSE00000853751_007	g0271	train
ENSE00000853751_011	g0271	train
ENSE00000853751_012	g0271	train
ENSE00000853751_013	g0271	train
ENSE00000853751_014	g0271	train
ENSE00000853751_015	g0271	train
ENSE00000853751_016	g0271	train
ENSE00000853751_017	g0271	train
ENSE00000853751_019	g0271	train
ENSE00000857044_001	g0272	test
ENSE00000857044_002	g0272	test
ENSE00000857044_003	g0272	test
ENSE00000857044_005	g0272	test
ENSE00000857044_008	g0272	test
ENSE00000857044_009	g0272	test
ENSE00000857044_010	g0272	test
ENSE00000857044_012	g0272	test
ENSE00000857044_014	g0272	test
ENSE00000857044_015	g0272	test
ENSE00000857479_009	g0273	test
ENSE00000857479_012	g0273	test
ENSE00000857479_016	g0273	test
ENSE00000857479_017	g0273	test
ENSE00000857743_001	g0150	test
ENSE00000857743_002	g0150	test
ENSE00000857743_003	g0150	test
ENSE00000857743_005	g0150	test
ENSE00000857743_010	g0150	test
ENSE00000857743_011	g0150	test
ENSE00000857743_012	g0150	test
ENSE00000857743_013	g0150	test
ENSE00000857743_014	g0150	test
ENSE00000857743_015	g0150	test
ENSE00000857743_017	g0150	test
ENSE00000857743_018	g0150	test
ENSE00000857743_019	g0150	test
ENSE00000857743_020	g0150	test
ENSE00000857743_021	g0150	test
ENSE00000858111_001	g0274	test
ENSE00000858111_002	g0274	test
ENSE00000858111_003	g0274	test
ENSE00000858111_004	g0274	test
ENSE00000858111_005	g0274	test
ENSE00000858111_007	g0274	test
ENSE00000858111_010	g0274	test
ENSE00000858111_013	g0274	test
ENSE00000858111_014	g0274	test
ENSE00000858111_015	g0274	test
ENSE00000858111_016	g0274	test
ENSE00000858111_018	g0274	test
ENSE00000858111_020	g0274	test
ENSE00000858111_022	g0274	test
ENSE00000858111_023	g0274	test
ENSE00000858111_024	g0274	test
ENSE00000858245_002	g0275	train
ENSE00000858245_008	g0275	train
ENSE00000858245_023	g0275	train
ENSE00000859129_001	g0276	test
ENSE00000859129_002	g0276	test
ENSE00000859210_004	g0277	train
ENSE00000859210_005	g0277	train
ENSE00000859210_006	g0277	train
ENSE00000859210_007	g0277	train
ENSE00000859210_010	g0277	train
ENSE00000859210_011	g0277	train
ENSE00000859210_013	g0277	train
ENSE00000859210_015	g0277	train
ENSE00000859210_018	g0277	train
ENSE00000859210_019	g0277	train
ENSE00000859210_020	g0277	train
ENSE00000859225_001	g0278	train
ENSE00000859225_004	g0278	train
ENSE00000859225_005	g0278	train
ENSE00000859225_006	g0278	train
ENSE00000859225_007	g0278	train
ENSE00000859225_009	g0278	train
ENSE00000859225_010	g0278	train
ENSE00000859225_011	g0278	train
ENSE00000859225_012	g0278	train
ENSE00000859225_013	g0278	train
ENSE00000859225_014	g0278	train
ENSE00000859225_016	g0278	train
ENSE00000859225_017	g0278	train
ENSE00000859225_018	g0278	train
ENSE00000859225_019	g0278	train
ENSE00000859225_020	g0278	train
ENSE00000859225_021	g0278	train
ENSE00000859225_022	g0278	train
ENSE00000859225_023	g0278	train
ENSE00000859225_024	g0278	train
ENSE00000859225_026	g0278	train
ENSE00000859225_027	g0278	train
ENSE00000859225_028	g0278	train
ENSE00000859225_029	g0278	train
ENSE00000859225_030	g0278	train
ENSE00000859225_031	g0278	train
ENSE00000859225_032	g0278	train
ENSE00000859225_033	g0278	train
ENSE00000859225_034	g0278	train
ENSE00000859225_035	g0278	train
ENSE00000859225_036	g0278	train
ENSE00000859225_037	g0278	train
ENSE00000859228_018	g0278	train
ENSE00000859228_025	g0278	train
ENSE00000859228_026	g0278	train
ENSE00000859325_003	g0047	train
ENSE00000859325_004	g0047	train
ENSE00000859325_005	g0047	train
ENSE00000859325_006	g0047	train
ENSE00000859325_007	g0047	train
ENSE00000859325_008	g0047	train
ENSE00000859325_010	g0047	train
ENSE00000859325_011	g0047	train
ENSE00000859325_012	g0047	train
ENSE00000859325_013	g0047	train
ENSE00000859325_015	g0047	train
ENSE00000859325_016	g0047	train
ENSE00000859325_017	g0047	train
ENSE00000859325_018	g0047	train
ENSE00000859325_019	g0047	train
ENSE00000859325_020	g0047	train
ENSE00000859325_022	g0047	train
ENSE00000859325_023	g0047	train
ENSE00000859325_025	g0047	train
ENSE00000859325_026	g0047	train
ENSE00000859325_027	g0047	train
ENSE00000859844_001	g0279	train
ENSE00000859844_002	g0279	train
ENSE00000859844_003	g0279	train
ENSE00000859844_004	g0279	train
ENSE00000859844_005	g0279	train
ENSE00000859844_006	g0279	train
ENSE00000859844_007	g0279	train
ENSE00000859844_009	g0279	train
ENSE00000859844_010	g0279	train
ENSE00000859844_011	g0279	train
ENSE00000859844_012	g0279	train
ENSE00000859844_013	g0279	train
ENSE00000859844_014	g0279	train
ENSE00000859844_015	g0279	train
ENSE00000859844_017	g0279	train
ENSE00000859844_018	g0279	train
ENSE00000859844_019	g0279	train
ENSE00000859844_020	g0279	train
ENSE00000860014_005	g0280	test
ENSE00000860014_010	g0280	test
ENSE00000860014_011	g0280	test
ENSE00000860130_009	g0281	train
ENSE00000860247_001	g0282	test
ENSE00000860247_004	g0282	test
ENSE00000860247_007	g0282	test
ENSE00000860247_013	g0282	test
ENSE00000860247_014	g0282	test
ENSE00000860247_015	g0282	test
ENSE00000860247_016	g0282	test
ENSE00000860247_018	g0282	test
ENSE00000862428_024	g0283	test
ENSE00000862428_033	g0283	test
ENSE00000863724_014	g0284	train
ENSE00000863724_015	g0284	train
ENSE00000863750_001	g0285	test
ENSE00000863750_004	g0285	test
ENSE00000863750_005	g0285	test
ENSE00000863750_007	g0285	test
ENSE00000863750_008	g0285	test
ENSE00000863750_009	g0285	test
ENSE00000863750_010	g0285	test
ENSE00000863750_011	g0285	test
ENSE00000863750_012	g0285	test
ENSE00000863750_013	g0285	test
ENSE00000863750_014	g0285	test
ENSE00000863750_016	g0285	test
ENSE00000863750_017	g0285	test
ENSE00000864527_001	g0286	train
ENSE00000864527_002	g0286	train
ENSE00000864527_010	g0286	train
ENSE00000864527_013	g0286	train
ENSE00000864527_020	g0286	train
ENSE00000864528_002	g0286	train
ENSE00000864528_003	g0286	train
ENSE00000864528_004	g0286	train
ENSE00000864528_005	g0286	train
ENSE00000864528_007	g0286	train
ENSE00000864528_009	g0286	train
ENSE00000864528_010	g0286	train
ENSE00000864528_012	g0286	train
ENSE00000864528_013	g0286	train
ENSE00000864528_014	g0286	train
ENSE00000864528_015	g0286	train
ENSE00000864528_016	g0286	train
ENSE00000864528_017	g0286	train
ENSE00000864528_018	g0286	train
ENSE00000864528_019	g0286	train
ENSE00000864528_021	g0286	train
ENSE00000864528_022	g0286	train
ENSE00000864528_023	g0286	train
ENSE00000864528_024	g0286	train
ENSE00000864528_025	g0286	train
ENSE00000864528_026	g0286	train
ENSE00000865703_003	g0287	test
ENSE00000865703_004	g0287	test
ENSE00000865703_005	g0287	test
ENSE00000865703_007	g0287	test
ENSE00000865703_010	g0287	test
ENSE00000865703_011	g0287	test
ENSE00000865703_012	g0287	test
ENSE00000865703_013	g0287	test
ENSE00000865703_014	g0287	test
ENSE00000865703_016	g0287	test
ENSE00000865703_017	g0287	test
ENSE00000865703_018	g0287	test
ENSE00000865703_023	g0287	test
ENSE00000865703_025	g0287	test
ENSE00000865703_026	g0287	test
ENSE00000865703_029	g0287	test
ENSE00000865703_033	g0287	test
ENSE00000865703_035	g0287	test
ENSE00000865703_037	g0287	test
ENSE00000865703_040	g0287	test
ENSE00000866318_002	g0008	train
ENSE00000866318_014	g0008	train
ENSE00000866318_018	g0008	train
ENSE00000866318_020	g0008	train
ENSE00000867338_003	g0288	train
ENSE00000867338_005	g0288	train
ENSE00000867338_006	g0288	train
ENSE00000867338_007	g0288	train
ENSE00000867338_008	g0288	train
ENSE00000867338_009	g0288	train
ENSE00000867338_012	g0288	train
ENSE00000867338_013	g0288	train
ENSE00000867338_014	g0288	train
ENSE00000867338_016	g0288	train
ENSE00000867338_017	g0288	train
ENSE00000867338_018	g0288	train
ENSE00000867338_021	g0288	train
ENSE00000867338_022	g0288	train
ENSE00000867542_016	g0289	train
ENSE00000867542_020	g0289	train
ENSE00000867542_023	g0289	train
ENSE00000868110_001	g0290	test
ENSE00000868110_003	g0290	test
ENSE00000868110_004	g0290	test
ENSE00000868110_005	g0290	test
ENSE00000868110_006	g0290	test
ENSE00000868110_007	g0290	test
ENSE00000868110_008	g0290	test
ENSE00000868110_009	g0290	test
ENSE00000868110_011	g0290	test
ENSE00000868110_014	g0290	test
ENSE00000868110_015	g0290	test
ENSE00000869761_001	g0291	train
ENSE00000869761_005	g0291	train
ENSE00000869761_007	g0291	train
ENSE00000869761_008	g0291	train
ENSE00000869761_009	g0291	train
ENSE00000869761_010	g0291	train
ENSE00000869761_012	g0291	train
ENSE00000869761_013	g0291	train
ENSE00000869761_014	g0291	train
ENSE00000869761_015	g0291	train
ENSE00000869761_016	g0291	train
ENSE00000869761_018	g0291	train
ENSE00000869761_019	g0291	train
ENSE00000869761_021	g0291	train
ENSE00000869761_023	g0291	train
ENSE00000869761_025	g0291	train
ENSE00000869761_026	g0291	train
ENSE00000869889_001	g0292	train
ENSE00000869889_002	g0292	train
ENSE00000869889_004	g0292	train
ENSE00000869889_009	g0292	train
ENSE00000869889_012	g0292	train
ENSE00000869889_013	g0292	train
ENSE00000869889_014	g0292	train
ENSE00000869889_019	g0292	train
ENSE00000869889_020	g0292	train
ENSE00000869889_022	g0292	train
ENSE00000869889_023	g0292	train
ENSE00000869889_025	g0292	train
ENSE00000869889_026	g0292	train
ENSE00000869889_031	g0292	train
ENSE00000869889_032	g0292	train
ENSE00000869889_036	g0292	train
ENSE00000869889_037	g0292	train
ENSE00000869889_039	g0292	train
ENSE00000869920_001	g0293	test
ENSE00000869920_003	g0293	test
ENSE00000869920_004	g0293	test
ENSE00000869920_005	g0293	test
ENSE00000869920_006	g0293	test
ENSE00000869920_007	g0293	test
ENSE00000869920_008	g0293	test
ENSE00000869920_009	g0293	test
ENSE00000869920_010	g0293	test
ENSE00000869920_011	g0293	test
ENSE00000869920_012	g0293	test
ENSE00000869920_013	g0293	test
ENSE00000869920_014	g0293	test
ENSE00000869920_015	g0293	test
ENSE00000869920_017	g0293	test
ENSE00000869920_018	g0293	test
ENSE00000869920_019	g0293	test
ENSE00000869920_020	g0293	test
ENSE00000869920_021	g0293	test
ENSE00000869920_023	g0293	test
ENSE00000869920_024	g0293	test
ENSE00000869920_026	g0293	test
ENSE00000869924_001	g0293	test
ENSE00000869924_003	g0293	test
ENSE00000869924_004	g0293	test
ENSE00000869924_005	g0293	test
ENSE00000869924_006	g0293	test
ENSE00000869924_009	g0293	test
ENSE00000869924_012	g0293	test
ENSE00000869924_013	g0293	test
ENSE00000869924_014	g0293	test
ENSE00000869924_015	g0293	test
ENSE00000869924_016	g0293	test
ENSE00000869924_017	g0293	test
ENSE00000869924_018	g0293	test
ENSE00000869924_019	g0293	test
ENSE00000869924_020	g0293	test
ENSE00000869924_021	g0293	test
ENSE00000869924_022	g0293	test
ENSE00000873488_004	g0294	test
ENSE00000873488_005	g0294	test
ENSE00000873488_006	g0294	test
ENSE00000873488_010	g0294	test
ENSE00000874520_001	g0295	test
ENSE00000874520_002	g0295	test
ENSE00000874520_003	g0295	test
ENSE00000874520_005	g0295	test
ENSE00000874520_007	g0295	test
ENSE00000874520_008	g0295	test
ENSE00000874520_009	g0295	test
ENSE00000874520_010	g0295	test
ENSE00000874520_012	g0295	test
ENSE00000874520_013	g0295	test
ENSE00000874520_014	g0295	test
ENSE00000874520_015	g0295	test
ENSE00000874520_016	g0295	test
ENSE00000874520_017	g0295	test
ENSE00000874520_018	g0295	test
ENSE00000874520_019	g0295	test
ENSE00000874520_020	g0295	test
ENSE00000874520_021	g0295	test
ENSE00000874520_022	g0295	test
ENSE00000874520_023	g0295	test
ENSE00000874677_004	g0073	train
ENSE00000874677_005	g0073	train
ENSE00000874677_006	g0073	train
ENSE00000874677_007	g0073	train
ENSE00000874677_009	g0073	train
ENSE00000874677_012	g0073	train
ENSE00000874677_013	g0073	train
ENSE00000874677_014	g0073	train
ENSE00000874677_015	g0073	train
ENSE00000874677_018	g0073	train
ENSE00000874677_019	g0073	train
ENSE00000874677_022	g0073	train
ENSE00000874677_025	g0073	train
ENSE00000874677_027	g0073	train
ENSE00000880492_003	g0296	train
ENSE00000880492_004	g0296	train
ENSE00000880492_005	g0296	train
ENSE00000880492_006	g0296	train
ENSE00000880492_009	g0296	train
ENSE00000880492_011	g0296	train
ENSE00000880492_012	g0296	train
ENSE00000880492_013	g0296	train
ENSE00000880492_014	g0296	train
ENSE00000880492_015	g0296	train
ENSE00000880492_017	g0296	train
ENSE00000880492_018	g0296	train
ENSE00000880492_020	g0296	train
ENSE00000880492_021	g0296	train
ENSE00000880492_022	g0296	train
ENSE00000880492_024	g0296	train
ENSE00000880492_025	g0296	train
ENSE00000880492_026	g0296	train
ENSE00000880492_027	g0296	train
ENSE00000880492_028	g0296	train
ENSE00000880492_030	g0296	train
ENSE00000883832_001	g0297	test
ENSE00000883832_002	g0297	test
ENSE00000883832_003	g0297	test
ENSE00000883832_005	g0297	test
ENSE00000883832_013	g0297	test
ENSE00000883832_015	g0297	test
ENSE00000883832_016	g0297	test
ENSE00000883832_018	g0297	test
ENSE00000883832_020	g0297	test
ENSE00000883832_025	g0297	test
ENSE00000883832_026	g0297	test
ENSE00000883832_029	g0297	test
ENSE00000885350_001	g0298	train
ENSE00000885350_002	g0298	train
ENSE00000885350_003	g0298	train
ENSE00000885350_004	g0298	train
ENSE00000885350_007	g0298	train
ENSE00000885350_008	g0298	train
ENSE00000885350_009	g0298	train
ENSE00000885350_010	g0298	train
ENSE00000885350_011	g0298	train
ENSE00000885350_012	g0298	train
ENSE00000885350_013	g0298	train
ENSE00000885350_014	g0298	train
ENSE00000885350_018	g0298	train
ENSE00000887366_001	g0299	train
ENSE00000887366_002	g0299	train
ENSE00000887366_004	g0299	train
ENSE00000887366_005	g0299	train
ENSE00000887366_006	g0299	train
ENSE00000887366_007	g0299	train
ENSE00000887775_004	g0300	train
ENSE00000887775_005	g0300	train
ENSE00000887775_006	g0300	train
ENSE00000887775_008	g0300	train
ENSE00000887775_009	g0300	train
ENSE00000888285_003	g0301	train
ENSE00000888285_004	g0301	train
ENSE00000888285_006	g0301	train
ENSE00000888285_007	g0301	train
ENSE00000888285_009	g0301	train
ENSE00000888285_010	g0301	train
ENSE00000888285_011	g0301	train
ENSE00000888285_013	g0301	train
ENSE00000888285_014	g0301	train
ENSE00000888285_015	g0301	train
ENSE00000888285_019	g0301	train
ENSE00000888285_021	g0301	train
ENSE00000888285_022	g0301	train
ENSE00000888285_023	g0301	train
ENSE00000888285_024	g0301	train
ENSE00000888285_025	g0301	train
ENSE00000888285_027	g0301	train
ENSE00000888983_001	g0302	train
ENSE00000888983_002	g0302	train
ENSE00000888983_003	g0302	train
ENSE00000888983_004	g0302	train
ENSE00000888983_006	g0302	train
ENSE00000888983_007	g0302	train
ENSE00000888983_009	g0302	train
ENSE00000888983_010	g0302	train
ENSE00000888983_011	g0302	train
ENSE00000888983_012	g0302	train
ENSE00000888983_013	g0302	train
ENSE00000888983_014	g0302	train
ENSE00000888983_015	g0302	train
ENSE00000888983_016	g0302	train
ENSE00000888983_017	g0302	train
ENSE00000888983_018	g0302	train
ENSE00000888983_020	g0302	train
ENSE00000888983_021	g0302	train
ENSE00000888983_022	g0302	train
ENSE00000888983_024	g0302	train
ENSE00000888983_025	g0302	train
ENSE00000888983_026	g0302	train
ENSE00000888983_027	g0302	train
ENSE00000889327_002	g0303	test
ENSE00000889327_005	g0303	test
ENSE00000889327_008	g0303	test
ENSE00000889327_013	g0303	test
ENSE00000890757_003	g0304	train
ENSE00000890757_004	g0304	train
ENSE00000890757_005	g0304	train
ENSE00000890757_007	g0304	train
ENSE00000890757_009	g0304	train
ENSE00000890757_011	g0304	train
ENSE00000890757_012	g0304	train
ENSE00000890757_013	g0304	train
ENSE00000890757_015	g0304	train
ENSE00000890757_016	g0304	train
ENSE00000890757_018	g0304	train
ENSE00000890757_019	g0304	train
ENSE00000890757_020	g0304	train
ENSE00000890958_001	g0305	test
ENSE00000890958_003	g0305	test
ENSE00000890958_004	g0305	test
ENSE00000890958_006	g0305	test
ENSE00000890958_007	g0305	test
ENSE00000890958_008	g0305	test
ENSE00000890958_009	g0305	test
ENSE00000890958_014	g0305	test
ENSE00000890958_016	g0305	test
ENSE00000890958_019	g0305	test
ENSE00000890958_020	g0305	test
ENSE00000890958_021	g0305	test
ENSE00000890958_022	g0305	test
ENSE00000890958_023	g0305	test
ENSE00000890958_024	g0305	test
ENSE00000890958_025	g0305	test
ENSE00000890958_028	g0305	test
ENSE00000890958_030	g0305	test
ENSE00000890958_031	g0305	test
ENSE00000890969_002	g0305	test
ENSE00000890969_003	g0305	test
ENSE00000890969_005	g0305	test
ENSE00000890969_007	g0305	test
ENSE00000890969_009	g0305	test
ENSE00000890969_010	g0305	test
ENSE00000890969_011	g0305	test
ENSE00000890969_012	g0305	test
ENSE00000890969_013	g0305	test
ENSE00000890969_014	g0305	test
ENSE00000890969_017	g0305	test
ENSE00000892383_001	g0036	test
ENSE00000892383_005	g0036	test
ENSE00000892383_007	g0036	test
ENSE00000892383_008	g0036	test
ENSE00000892383_009	g0036	test
ENSE00000892383_012	g0036	test
ENSE00000892383_014	g0036	test
ENSE00000892383_015	g0036	test
ENSE00000892383_018	g0036	test
ENSE00000892383_020	g0036	test
ENSE00000892383_021	g0036	test
ENSE00000892383_023	g0036	test
ENSE00000892383_025	g0036	test
ENSE00000892383_026	g0036	test
ENSE00000893115_007	g0306	test
ENSE00000893115_009	g0306	test
ENSE00000893115_011	g0306	test
ENSE00000893115_018	g0306	test
ENSE00000894027_001	g0307	train
ENSE00000894027_002	g0307	train
ENSE00000894027_003	g0307	train
ENSE00000894027_005	g0307	train
ENSE00000894027_007	g0307	train
ENSE00000894027_010	g0307	train
ENSE00000894027_011	g0307	train
ENSE00000894027_013	g0307	train
ENSE00000894027_017	g0307	train
ENSE00000894187_001	g0308	train
ENSE00000894187_002	g0308	train
ENSE00000894187_004	g0308	train
ENSE00000894187_007	g0308	train
ENSE00000894187_008	g0308	train
ENSE00000894187_009	g0308	train
ENSE00000894187_010	g0308	train
ENSE00000894187_011	g0308	train
ENSE00000894187_013	g0308	train
ENSE00000894187_015	g0308	train
ENSE00000894187_016	g0308	train
ENSE00000894187_017	g0308	train
ENSE00000894187_018	g0308	train
ENSE00000894187_019	g0308	train
ENSE00000894187_020	g0308	train
ENSE00000894187_021	g0308	train
ENSE00000894187_022	g0308	train
ENSE00000894187_023	g0308	train
ENSE00000894187_024	g0308	train
ENSE00000894187_025	g0308	train
ENSE00000894187_026	g0308	train
ENSE00000894187_027	g0308	train
ENSE00000894187_030	g0308	train
ENSE00000894187_031	g0308	train
ENSE00000895235_006	g0309	train
ENSE00000895235_010	g0309	train
ENSE00000895692_006	g0310	train
ENSE00000895692_014	g0310	train
ENSE00000896636_006	g0311	train
ENSE00000896636_011	g0311	train
ENSE00000896636_016	g0311	train
ENSE00000896636_018	g0311	train
ENSE00000896636_020	g0311	train
ENSE00000896941_002	g0312	test
ENSE00000896941_003	g0312	test
ENSE00000896941_004	g0312	test
ENSE00000896941_005	g0312	test
ENSE00000896941_006	g0312	test
ENSE00000896941_007	g0312	test
ENSE00000896941_008	g0312	test
ENSE00000896941_009	g0312	test
ENSE00000896941_010	g0312	test
ENSE00000896941_011	g0312	test
ENSE00000896941_012	g0312	test
ENSE00000896941_013	g0312	test
ENSE00000896941_014	g0312	test
ENSE00000896941_015	g0312	test
ENSE00000896941_016	g0312	test
ENSE00000896941_017	g0312	test
ENSE00000896941_020	g0312	test
ENSE00000897653_002	g0313	train
ENSE00000897653_006	g0313	train
ENSE00000897653_008	g0313	train
ENSE00000897653_009	g0313	train
ENSE00000897653_011	g0313	train
ENSE00000897653_012	g0313	train
ENSE00000897653_014	g0313	train
ENSE00000897653_015	g0313	train
ENSE00000897653_016	g0313	train
ENSE00000897653_018	g0313	train
ENSE00000897653_019	g0313	train
ENSE00000897653_020	g0313	train
ENSE00000897653_021	g0313	train
ENSE00000897653_022	g0313	train
ENSE00000897653_023	g0313	train
ENSE00000897653_024	g0313	train
ENSE00000897653_025	g0313	train
ENSE00000897653_026	g0313	train
ENSE00000901180_002	g0314	train
ENSE00000901180_003	g0314	train
ENSE00000901180_004	g0314	train
ENSE00000901180_005	g0314	train
ENSE00000901180_006	g0314	train
ENSE00000901180_007	g0314	train
ENSE00000901180_008	g0314	train
ENSE00000901180_009	g0314	train
ENSE00000901180_010	g0314	train
ENSE00000901180_011	g0314	train
ENSE00000901180_012	g0314	train
ENSE00000901180_013	g0314	train
ENSE00000901180_014	g0314	train
ENSE00000901180_015	g0314	train
ENSE00000901180_016	g0314	train
ENSE00000901180_017	g0314	train
ENSE00000901180_019	g0314	train
ENSE00000901180_020	g0314	train
ENSE00000901180_021	g0314	train
ENSE00000901180_022	g0314	train
ENSE00000901180_023	g0314	train
ENSE00000901180_024	g0314	train
ENSE00000901180_025	g0314	train
ENSE00000901180_026	g0314	train
ENSE00000901180_027	g0314	train
ENSE00000901181_004	g0314	train
ENSE00000901181_005	g0314	train
ENSE00000901181_006	g0314	train
ENSE00000901181_007	g0314	train
ENSE00000901181_008	g0314	train
ENSE00000901181_009	g0314	train
ENSE00000901181_014	g0314	train
ENSE00000901181_016	g0314	train
ENSE00000901181_017	g0314	train
ENSE00000901181_021	g0314	train
ENSE00000901181_023	g0314	train
ENSE00000902497_002	g0315	train
ENSE00000902497_006	g0315	train
ENSE00000902497_007	g0315	train
ENSE00000902497_008	g0315	train
ENSE00000902497_010	g0315	train
ENSE00000902497_015	g0315	train
ENSE00000902497_016	g0315	train
ENSE00000902497_020	g0315	train
ENSE00000902497_021	g0315	train
ENSE00000902497_022	g0315	train
ENSE00000902497_023	g0315	train
ENSE00000902497_024	g0315	train
ENSE00000902497_025	g0315	train
ENSE00000903568_001	g0316	test
ENSE00000903568_004	g0316	test
ENSE00000903568_006	g0316	test
ENSE00000903568_008	g0316	test
ENSE00000903568_012	g0316	test
ENSE00000903568_019	g0316	test
ENSE00000903568_021	g0316	test
ENSE00000903568_022	g0316	test
ENSE00000903568_023	g0316	test
ENSE00000903568_025	g0316	test
ENSE00000903568_026	g0316	test
ENSE00000903568_030	g0316	test
ENSE00000904134_001	g0317	train
ENSE00000904134_002	g0317	train
ENSE00000904134_003	g0317	train
ENSE00000904134_004	g0317	train
ENSE00000904134_006	g0317	train
ENSE00000904134_007	g0317	train
ENSE00000904134_009	g0317	train
ENSE00000904134_012	g0317	train
ENSE00000904134_013	g0317	train
ENSE00000904134_014	g0317	train
ENSE00000904134_016	g0317	train
ENSE00000904134_017	g0317	train
ENSE00000904386_001	g0318	train
ENSE00000904386_003	g0318	train
ENSE00000904386_005	g0318	train
ENSE00000904386_006	g0318	train
ENSE00000904386_009	g0318	train
ENSE00000904386_010	g0318	train
ENSE00000904386_011	g0318	train
ENSE00000904386_012	g0318	train
ENSE00000904386_014	g0318	train
ENSE00000904386_017	g0318	train
ENSE00000904386_020	g0318	train
ENSE00000904386_021	g0318	train
ENSE00000906751_001	g0319	train
ENSE00000906751_002	g0319	train
ENSE00000906751_003	g0319	train
ENSE00000906751_004	g0319	train
ENSE00000906751_005	g0319	train
ENSE00000906751_006	g0319	train
ENSE00000906751_007	g0319	train
ENSE00000906751_008	g0319	train
ENSE00000906751_010	g0319	train
ENSE00000906751_011	g0319	train
ENSE00000906751_012	g0319	train
ENSE00000906751_014	g0319	train
ENSE00000906751_016	g0319	train
ENSE00000906751_017	g0319	train
ENSE00000906751_018	g0319	train
ENSE00000906751_020	g0319	train
ENSE00000906751_021	g0319	train
ENSE00000906751_022	g0319	train
ENSE00000906751_023	g0319	train
ENSE00000906751_024	g0319	train
ENSE00000906751_025	g0319	train
ENSE00000906751_026	g0319	train
ENSE00000906751_027	g0319	train
ENSE00000906751_028	g0319	train
ENSE00000906770_001	g0320	test
ENSE00000906770_003	g0320	test
ENSE00000906770_004	g0320	test
ENSE00000906770_005	g0320	test
ENSE00000906770_006	g0320	test
ENSE00000906770_007	g0320	test
ENSE00000906770_008	g0320	test
ENSE00000906770_010	g0320	test
ENSE00000906770_011	g0320	test
ENSE00000906770_012	g0320	test
ENSE00000906770_013	g0320	test
ENSE00000906770_014	g0320	test
ENSE00000906770_015	g0320	test
ENSE00000906770_016	g0320	test
ENSE00000906770_017	g0320	test
ENSE00000906770_018	g0320	test
ENSE00000906770_020	g0320	test
ENSE00000906770_021	g0320	test
ENSE00000906770_022	g0320	test
ENSE00000906770_023	g0320	test
ENSE00000906770_024	g0320	test
ENSE00000906770_025	g0320	test
ENSE00000906770_026	g0320	test
ENSE00000906770_027	g0320	test
ENSE00000906856_009	g0321	test
ENSE00000906856_020	g0321	test
ENSE00000906856_025	g0321	test
ENSE00000906993_001	g0322	train
ENSE00000906993_006	g0322	train
ENSE00000906993_007	g0322	train
ENSE00000906993_008	g0322	train
ENSE00000906993_009	g0322	train
ENSE00000906993_010	g0322	train
ENSE00000906993_011	g0322	train
ENSE00000906993_014	g0322	train
ENSE00000906993_018	g0322	train
ENSE00000906993_019	g0322	train
ENSE00000906993_020	g0322	train
ENSE00000906993_022	g0322	train
ENSE00000906993_024	g0322	train
ENSE00000906996_001	g0322	train
ENSE00000906996_002	g0322	train
ENSE00000906996_003	g0322	train
ENSE00000906996_004	g0322	train
ENSE00000906996_006	g0322	train
ENSE00000906996_008	g0322	train
ENSE00000906996_009	g0322	train
ENSE00000906996_010	g0322	train
ENSE00000906996_011	g0322	train
ENSE00000906996_013	g0322	train
ENSE00000906996_014	g0322	train
ENSE00000906996_015	g0322	train
ENSE00000906996_016	g0322	train
ENSE00000906996_019	g0322	train
ENSE00000906996_020	g0322	train
ENSE00000906996_021	g0322	train
ENSE00000906996_022	g0322	train
ENSE00000906996_023	g0322	train
ENSE00000906996_024	g0322	train
ENSE00000906996_025	g0322	train
ENSE00000906996_026	g0322	train
ENSE00000907050_005	g0263	train
ENSE00000907050_006	g0263	train
ENSE00000907050_008	g0263	train
ENSE00000907050_009	g0263	train
ENSE00000907050_010	g0263	train
ENSE00000907050_013	g0263	train
ENSE00000907050_016	g0263	train
ENSE00000907050_017	g0263	train
ENSE00000907050_018	g0263	train
ENSE00000907705_004	g0323	test
ENSE00000907705_005	g0323	test
ENSE00000907705_009	g0323	test
ENSE00000907705_011	g0323	test
ENSE00000907705_012	g0323	test
ENSE00000907705_013	g0323	test
ENSE00000907705_017	g0323	test
ENSE00000907705_019	g0323	test
ENSE00000907705_028	g0323	test
ENSE00000907705_031	g0323	test
ENSE00000907705_032	g0323	test
ENSE00000909084_002	g0324	train
ENSE00000909084_003	g0324	train
ENSE00000909084_004	g0324	train
ENSE00000909084_005	g0324	train
ENSE00000909084_006	g0324	train
ENSE00000909084_008	g0324	train
ENSE00000909084_010	g0324	train
ENSE00000909084_011	g0324	train
ENSE00000909084_012	g0324	train
ENSE00000909084_014	g0324	train
ENSE00000909084_015	g0324	train
ENSE00000909084_017	g0324	train
ENSE00000909084_018	g0324	train
ENSE00000909084_019	g0324	train
ENSE00000909084_020	g0324	train
ENSE00000909084_021	g0324	train
ENSE00000909084_022	g0324	train
ENSE00000909084_023	g0324	train
ENSE00000909084_024	g0324	train
ENSE00000909084_025	g0324	train
ENSE00000909084_026	g0324	train
ENSE00000909084_027	g0324	train
ENSE00000909084_028	g0324	train
ENSE00000909084_029	g0324	train
ENSE00000909084_030	g0324	train
ENSE00000909084_031	g0324	train
ENSE00000909084_032	g0324	train
ENSE00000909084_035	g0324	train
ENSE00000909474_001	g0325	train
ENSE00000909474_002	g0325	train
ENSE00000909474_003	g0325	train
ENSE00000909474_006	g0325	train
ENSE00000909474_007	g0325	train
ENSE00000909474_009	g0325	train
ENSE00000909474_010	g0325	train
ENSE00000909474_011	g0325	train
ENSE00000909474_012	g0325	train
ENSE00000909474_013	g0325	train
ENSE00000909474_014	g0325	train
ENSE00000909474_016	g0325	train
ENSE00000909474_017	g0325	train
ENSE00000909474_020	g0325	train
ENSE00000909474_024	g0325	train
ENSE00000909705_005	g0326	train
ENSE00000909705_006	g0326	train
ENSE00000909705_009	g0326	train
ENSE00000909705_010	g0326	train
ENSE00000909705_012	g0326	train
ENSE00000909705_017	g0326	train
ENSE00000909705_019	g0326	train
ENSE00000911292_002	g0327	train
ENSE00000911292_003	g0327	train
ENSE00000911292_005	g0327	train
ENSE00000911292_006	g0327	train
ENSE00000911292_007	g0327	train
ENSE00000911292_009	g0327	train
ENSE00000911292_014	g0327	train
ENSE00000911292_020	g0327	train
ENSE00000911292_021	g0327	train
ENSE00000911610_001	g0328	train
ENSE00000911610_002	g0328	train
ENSE00000911610_003	g0328	train
ENSE00000911610_006	g0328	train
ENSE00000911610_007	g0328	train
ENSE00000911610_008	g0328	train
ENSE00000911610_010	g0328	train
ENSE00000911610_012	g0328	train
ENSE00000911610_013	g0328	train
ENSE00000911610_014	g0328	train
ENSE00000911610_016	g0328	train
ENSE00000911610_017	g0328	train
ENSE00000911610_018	g0328	train
ENSE00000911610_021	g0328	train
ENSE00000911610_022	g0328	train
ENSE00000911610_023	g0328	train
ENSE00000911610_024	g0328	train
ENSE00000912116_003	g0329	train
ENSE00000912116_005	g0329	train
ENSE00000912116_006	g0329	train
ENSE00000912116_007	g0329	train
ENSE00000912116_009	g0329	train
ENSE00000912116_010	g0329	train
ENSE00000912116_011	g0329	train
ENSE00000912116_013	g0329	train
ENSE00000912116_014	g0329	train
ENSE00000912116_016	g0329	train
ENSE00000912116_019	g0329	train
ENSE00000912116_020	g0329	train
ENSE00000912116_022	g0329	train
ENSE00000912116_024	g0329	train
ENSE00000912116_027	g0329	train
ENSE00000912116_032	g0329	train
ENSE00000912116_034	g0329	train
ENSE00000912116_038	g0329	train
ENSE00000912116_039	g0329	train
ENSE00000912116_040	g0329	train
ENSE00000912116_042	g0329	train
ENSE00000912116_043	g0329	train
ENSE00000912116_044	g0329	train
ENSE00000912116_045	g0329	train
ENSE00000912116_046	g0329	train
ENSE00000912116_047	g0329	train
ENSE00000912116_049	g0329	train
ENSE00000912795_001	g0330	train
ENSE00000912795_002	g0330	train
ENSE00000912795_004	g0330	train
ENSE00000912795_005	g0330	train
ENSE00000912795_006	g0330	train
ENSE00000912795_008	g0330	train
ENSE00000912795_009	g0330	train
ENSE00000912795_010	g0330	train
ENSE00000912795_012	g0330	train
ENSE00000912795_015	g0330	train
ENSE00000912795_016	g0330	train
ENSE00000912795_017	g0330	train
ENSE00000912795_018	g0330	train
ENSE00000912795_021	g0330	train
ENSE00000912795_024	g0330	train
ENSE00000914615_001	g0331	train
ENSE00000914615_003	g0331	train
ENSE00000914615_004	g0331	train
ENSE00000914615_005	g0331	train
ENSE00000914615_006	g0331	train
ENSE00000914615_008	g0331	train
ENSE00000914615_009	g0331	train
ENSE00000914615_010	g0331	train
ENSE00000914615_012	g0331	train
ENSE00000914615_014	g0331	train
ENSE00000914615_017	g0331	train
ENSE00000914615_018	g0331	train
ENSE00000914615_020	g0331	train
ENSE00000914615_021	g0331	train
ENSE00000914615_022	g0331	train
ENSE00000914923_006	g0332	train
ENSE00000914923_014	g0332	train
ENSE00000914923_017	g0332	train
ENSE00000914923_018	g0332	train
ENSE00000914923_019	g0332	train
ENSE00000914923_028	g0332	train
ENSE00000915557_001	g0333	train
ENSE00000915557_004	g0333	train
ENSE00000915557_005	g0333	train
ENSE00000915557_006	g0333	train
ENSE00000915557_007	g0333	train
ENSE00000915557_008	g0333	train
ENSE00000915557_010	g0333	train
ENSE00000915557_011	g0333	train
ENSE00000915557_013	g0333	train
ENSE00000915557_014	g0333	train
ENSE00000915557_020	g0333	train
ENSE00000916830_001	g0334	train
ENSE00000918197_009	g0335	train
ENSE00000918197_012	g0335	train
ENSE00000918197_017	g0335	train
ENSE00000918197_020	g0335	train
ENSE00000918197_023	g0335	train
ENSE00000918197_024	g0335	train
ENSE00000918198_002	g0335	train
ENSE00000918198_004	g0335	train
ENSE00000918198_005	g0335	train
ENSE00000918198_006	g0335	train
ENSE00000918198_008	g0335	train
ENSE00000918198_009	g0335	train
ENSE00000918198_010	g0335	train
ENSE00000918198_012	g0335	train
ENSE00000918198_015	g0335	train
ENSE00000918198_016	g0335	train
ENSE00000918198_020	g0335	train
ENSE00000918198_022	g0335	train
ENSE00000918198_023	g0335	train
ENSE00000918473_002	g0336	train
ENSE00000918473_003	g0336	train
ENSE00000918473_004	g0336	train
ENSE00000918473_005	g0336	train
ENSE00000918473_007	g0336	train
ENSE00000918473_008	g0336	train
ENSE00000918473_009	g0336	train
ENSE00000918473_011	g0336	train
ENSE00000918473_012	g0336	train
ENSE00000918473_013	g0336	train
ENSE00000918473_015	g0336	train
ENSE00000918473_016	g0336	train
ENSE00000918473_017	g0336	train
ENSE00000918473_019	g0336	train
ENSE00000918473_020	g0336	train
ENSE00000918473_021	g0336	train
ENSE00000918473_022	g0336	train
ENSE00000919127_001	g0337	test
ENSE00000919127_002	g0337	test
ENSE00000919127_004	g0337	test
ENSE00000919127_005	g0337	test
ENSE00000919127_006	g0337	test
ENSE00000919127_008	g0337	test
ENSE00000919127_009	g0337	test
ENSE00000919127_010	g0337	test
ENSE00000919127_011	g0337	test
ENSE00000919127_013	g0337	test
ENSE00000919127_014	g0337	test
ENSE00000919127_015	g0337	test
ENSE00000919127_017	g0337	test
ENSE00000919127_018	g0337	test
ENSE00000919890_001	g0338	train
ENSE00000919890_002	g0338	train
ENSE00000919890_004	g0338	train
ENSE00000919890_005	g0338	train
ENSE00000919890_006	g0338	train
ENSE00000919890_008	g0338	train
ENSE00000919890_011	g0338	train
ENSE00000919890_012	g0338	train
ENSE00000919890_013	g0338	train
ENSE00000919890_014	g0338	train
ENSE00000919890_016	g0338	train
ENSE00000919890_017	g0338	train
ENSE00000919890_018	g0338	train
ENSE00000919890_019	g0338	train
ENSE00000919890_021	g0338	train
ENSE00000919890_022	g0338	train
ENSE00000919890_023	g0338	train
ENSE00000919890_024	g0338	train
ENSE00000919890_025	g0338	train
ENSE00000919890_026	g0338	train
ENSE00000919890_028	g0338	train
ENSE00000919890_029	g0338	train
ENSE00000919890_031	g0338	train
ENSE00000919890_032	g0338	train
ENSE00000919890_034	g0338	train
ENSE00000919890_035	g0338	train
ENSE00000919890_036	g0338	train
ENSE00000919890_037	g0338	train
ENSE00000919890_038	g0338	train
ENSE00000919890_040	g0338	train
ENSE00000919890_041	g0338	train
ENSE00000919890_043	g0338	train
ENSE00000920428_016	g0339	train
ENSE00000920428_018	g0339	train
ENSE00000920428_019	g0339	train
ENSE00000920428_022	g0339	train
ENSE00000920428_025	g0339	train
ENSE00000920428_028	g0339	train
ENSE00000920428_029	g0339	train
ENSE00000920482_003	g0340	train
ENSE00000920482_006	g0340	train
ENSE00000920482_007	g0340	train
ENSE00000920482_008	g0340	train
ENSE00000920482_015	g0340	train
ENSE00000920482_017	g0340	train
ENSE00000920482_018	g0340	train
ENSE00000920482_019	g0340	train
ENSE00000920482_020	g0340	train
ENSE00000920482_021	g0340	train
ENSE00000920482_022	g0340	train
ENSE00000920482_025	g0340	train
ENSE00000920482_027	g0340	train
ENSE00000921242_002	g0341	test
ENSE00000921242_004	g0341	test
ENSE00000921242_007	g0341	test
ENSE00000921242_013	g0341	test
ENSE00000921242_027	g0341	test
ENSE00000921242_031	g0341	test
ENSE00000921723_005	g0342	train
ENSE00000921723_006	g0342	train
ENSE00000921723_021	g0342	train
ENSE00000922632_001	g0343	train
ENSE00000922632_002	g0343	train
ENSE00000922632_003	g0343	train
ENSE00000922632_004	g0343	train
ENSE00000922632_005	g0343	train
ENSE00000922632_006	g0343	train
ENSE00000922632_007	g0343	train
ENSE00000922632_008	g0343	train
ENSE00000922632_009	g0343	train
ENSE00000922632_011	g0343	train
ENSE00000922632_012	g0343	train
ENSE00000922632_013	g0343	train
ENSE00000922632_014	g0343	train
ENSE00000922632_017	g0343	train
ENSE00000922632_019	g0343	train
ENSE00000922632_020	g0343	train
ENSE00000922632_021	g0343	train
ENSE00000922632_022	g0343	train
ENSE00000922632_023	g0343	train
ENSE00000922632_024	g0343	train
ENSE00000922632_026	g0343	train
ENSE00000922632_027	g0343	train
ENSE00000923145_001	g0344	test
ENSE00000923145_002	g0344	test
ENSE00000923145_003	g0344	test
ENSE00000923145_005	g0344	test
ENSE00000923145_006	g0344	test
ENSE00000923145_008	g0344	test
ENSE00000923145_009	g0344	test
ENSE00000923145_010	g0344	test
ENSE00000923145_011	g0344	test
ENSE00000923145_014	g0344	test
ENSE00000923145_016	g0344	test
ENSE00000923145_017	g0344	test
ENSE00000923145_018	g0344	test
ENSE00000923145_019	g0344	test
ENSE00000923145_021	g0344	test
ENSE00000923841_001	g0345	train
ENSE00000923841_002	g0345	train
ENSE00000923841_003	g0345	train
ENSE00000923841_004	g0345	train
ENSE00000923841_005	g0345	train
ENSE00000923841_006	g0345	train
ENSE00000923841_007	g0345	train
ENSE00000923841_008	g0345	train
ENSE00000923841_010	g0345	train
ENSE00000923841_011	g0345	train
ENSE00000923841_012	g0345	train
ENSE00000923841_013	g0345	train
ENSE00000923841_014	g0345	train
ENSE00000923841_015	g0345	train
ENSE00000923841_016	g0345	train
ENSE00000923841_017	g0345	train
ENSE00000923841_019	g0345	train
ENSE00000923841_020	g0345	train
ENSE00000923841_023	g0345	train
ENSE00000924227_001	g0346	train
ENSE00000924227_003	g0346	train
ENSE00000924227_004	g0346	train
ENSE00000924227_005	g0346	train
ENSE00000924227_006	g0346	train
ENSE00000924227_007	g0346	train
ENSE00000924227_010	g0346	train
ENSE00000924227_011	g0346	train
ENSE00000924227_012	g0346	train
ENSE00000924227_014	g0346	train
ENSE00000924227_019	g0346	train
ENSE00000924492_001	g0347	train
ENSE00000924492_004	g0347	train
ENSE00000924492_005	g0347	train
ENSE00000924492_006	g0347	train
ENSE00000924492_008	g0347	train
ENSE00000924492_009	g0347	train
ENSE00000924492_010	g0347	train
ENSE00000924492_012	g0347	train
ENSE00000924492_013	g0347	train
ENSE00000924492_014	g0347	train
ENSE00000924492_015	g0347	train
ENSE00000924492_016	g0347	train
ENSE00000924492_017	g0347	train
ENSE00000924492_018	g0347	train
ENSE00000924918_002	g0348	test
ENSE00000924918_003	g0348	test
ENSE00000924918_004	g0348	test
ENSE00000924918_005	g0348	test
ENSE00000924918_006	g0348	test
ENSE00000924918_007	g0348	test
ENSE00000924918_009	g0348	test
ENSE00000924918_010	g0348	test
ENSE00000924918_011	g0348	test
ENSE00000924918_013	g0348	test
ENSE00000924918_014	g0348	test
ENSE00000924918_015	g0348	test
ENSE00000924918_016	g0348	test
ENSE00000924918_017	g0348	test
ENSE00000924918_018	g0348	test
ENSE00000924918_019	g0348	test
ENSE00000924918_020	g0348	test
ENSE00000924918_021	g0348	test
ENSE00000924918_022	g0348	test
ENSE00000924918_023	g0348	test
ENSE00000924918_024	g0348	test
ENSE00000924918_025	g0348	test
ENSE00000925071_003	g0349	train
ENSE00000925071_004	g0349	train
ENSE00000925071_005	g0349	train
ENSE00000925071_010	g0349	train
ENSE00000925071_016	g0349	train
ENSE00000925595_001	g0350	train
ENSE00000925595_002	g0350	train
ENSE00000925595_003	g0350	train
ENSE00000925595_005	g0350	train
ENSE00000925595_007	g0350	train
ENSE00000925595_008	g0350	train
ENSE00000925595_010	g0350	train
ENSE00000925595_013	g0350	train
ENSE00000925595_014	g0350	train
ENSE00000925595_015	g0350	train
ENSE00000925595_017	g0350	train
ENSE00000925595_020	g0350	train
ENSE00000925595_021	g0350	train
ENSE00000925595_022	g0350	train
ENSE00000925595_024	g0350	train
ENSE00000925595_025	g0350	train
ENSE00000926455_002	g0351	test
ENSE00000926455_004	g0351	test
ENSE00000926455_006	g0351	test
ENSE00000926455_008	g0351	test
ENSE00000926455_012	g0351	test
ENSE00000926455_016	g0351	test
ENSE00000926455_017	g0351	test
ENSE00000926455_019	g0351	test
ENSE00000926455_020	g0351	test
ENSE00000926455_025	g0351	test
ENSE00000926455_026	g0351	test
ENSE00000926455_028	g0351	test
ENSE00000926455_029	g0351	test
ENSE00000926455_030	g0351	test
ENSE00000926784_001	g0352	train
ENSE00000926784_003	g0352	train
ENSE00000926784_004	g0352	train
ENSE00000926784_005	g0352	train
ENSE00000926784_010	g0352	train
ENSE00000926784_011	g0352	train
ENSE00000926784_017	g0352	train
ENSE00000926808_001	g0353	train
ENSE00000926808_003	g0353	train
ENSE00000926808_005	g0353	train
ENSE00000926808_006	g0353	train
ENSE00000926808_007	g0353	train
ENSE00000926808_008	g0353	train
ENSE00000926808_009	g0353	train
ENSE00000926808_011	g0353	train
ENSE00000926808_014	g0353	train
ENSE00000926808_015	g0353	train
ENSE00000926808_016	g0353	train
ENSE00000926808_017	g0353	train
ENSE00000926808_019	g0353	train
ENSE00000926808_020	g0353	train
ENSE00000926808_021	g0353	train
ENSE00000926808_024	g0353	train
ENSE00000927120_001	g0354	train
ENSE00000927120_002	g0354	train
ENSE00000927120_003	g0354	train
ENSE00000927120_004	g0354	train
ENSE00000927120_005	g0354	train
ENSE00000927120_006	g0354	train
ENSE00000927120_009	g0354	train
ENSE00000927120_010	g0354	train
ENSE00000927120_013	g0354	train
ENSE00000927120_014	g0354	train
ENSE00000927120_018	g0354	train
ENSE00000927120_019	g0354	train
ENSE00000927120_020	g0354	train
ENSE00000927179_001	g0355	train
ENSE00000927179_002	g0355	train
ENSE00000927179_003	g0355	train
ENSE00000927179_004	g0355	train
ENSE00000927179_006	g0355	train
ENSE00000927179_007	g0355	train
ENSE00000927179_008	g0355	train
ENSE00000927179_010	g0355	train
ENSE00000927179_012	g0355	train
ENSE00000927179_013	g0355	train
ENSE00000927180_003	g0355	train
ENSE00000927296_001	g0356	train
ENSE00000927296_004	g0356	train
ENSE00000927296_005	g0356	train
ENSE00000927296_007	g0356	train
ENSE00000927296_009	g0356	train
ENSE00000927296_011	g0356	train
ENSE00000927296_012	g0356	train
ENSE00000927296_013	g0356	train
ENSE00000927296_014	g0356	train
ENSE00000927296_015	g0356	train
ENSE00000927296_016	g0356	train
ENSE00000927296_018	g0356	train
ENSE00000927296_019	g0356	train
ENSE00000927296_020	g0356	train
ENSE00000927296_021	g0356	train
ENSE00000927296_022	g0356	train
ENSE00000927296_023	g0356	train
ENSE00000927296_024	g0356	train
ENSE00000927296_025	g0356	train
ENSE00000927329_001	g0357	train
ENSE00000927329_002	g0357	train
ENSE00000927329_003	g0357	train
ENSE00000927329_004	g0357	train
ENSE00000927329_005	g0357	train
ENSE00000927329_006	g0357	train
ENSE00000927329_007	g0357	train
ENSE00000927329_008	g0357	train
ENSE00000927329_009	g0357	train
ENSE00000927329_010	g0357	train
ENSE00000927329_011	g0357	train
ENSE00000927329_012	g0357	train
ENSE00000927329_013	g0357	train
ENSE00000927329_014	g0357	train
ENSE00000927329_015	g0357	train
ENSE00000927329_016	g0357	train
ENSE00000928239_004	g0358	test
ENSE00000928239_009	g0358	test
ENSE00000928239_010	g0358	test
ENSE00000928239_015	g0358	test
ENSE00000928743_001	g0359	test
ENSE00000928743_003	g0359	test
ENSE00000928743_004	g0359	test
ENSE00000928743_005	g0359	test
ENSE00000928743_006	g0359	test
ENSE00000928743_007	g0359	test
ENSE00000928743_008	g0359	test
ENSE00000928743_009	g0359	test
ENSE00000928743_010	g0359	test
ENSE00000928743_011	g0359	test
ENSE00000928743_012	g0359	test
ENSE00000928743_013	g0359	test
ENSE00000928743_014	g0359	test
ENSE00000928743_016	g0359	test
ENSE00000928743_017	g0359	test
ENSE00000928743_018	g0359	test
ENSE00000928743_021	g0359	test
ENSE00000928743_022	g0359	test
ENSE00000928743_023	g0359	test
ENSE00000928743_024	g0359	test
ENSE00000928765_002	g0360	train
ENSE00000928765_004	g0360	train
ENSE00000928765_005	g0360	train
ENSE00000928765_006	g0360	train
ENSE00000928765_007	g0360	train
ENSE00000928765_008	g0360	train
ENSE00000928765_009	g0360	train
ENSE00000928765_010	g0360	train
ENSE00000928765_012	g0360	train
ENSE00000928765_015	g0360	train
ENSE00000928765_016	g0360	train
ENSE00000928765_017	g0360	train
ENSE00000928765_018	g0360	train
ENSE00000928765_019	g0360	train
ENSE00000930467_004	g0361	train
ENSE00000930467_005	g0361	train
ENSE00000930467_008	g0361	train
ENSE00000930467_013	g0361	train
ENSE00000930467_015	g0361	train
ENSE00000930467_017	g0361	train
ENSE00000930467_018	g0361	train
ENSE00000930467_021	g0361	train
ENSE00000930467_022	g0361	train
ENSE00000930467_024	g0361	train
ENSE00000930979_001	g0362	train
ENSE00000930979_002	g0362	train
ENSE00000930979_003	g0362	train
ENSE00000930979_004	g0362	train
ENSE00000930979_005	g0362	train
ENSE00000930979_006	g0362	train
ENSE00000930979_007	g0362	train
ENSE00000930979_008	g0362	train
ENSE00000930979_009	g0362	train
ENSE00000930979_010	g0362	train
ENSE00000930979_011	g0362	train
ENSE00000930979_012	g0362	train
ENSE00000930979_013	g0362	train
ENSE00000930979_015	g0362	train
ENSE00000930979_016	g0362	train
ENSE00000930979_017	g0362	train
ENSE00000930979_018	g0362	train
ENSE00000930979_019	g0362	train
ENSE00000930979_020	g0362	train
ENSE00000930979_024	g0362	train
ENSE00000931020_001	g0363	train
ENSE00000931020_002	g0363	train
ENSE00000931020_003	g0363	train
ENSE00000931020_004	g0363	train
ENSE00000931020_007	g0363	train
ENSE00000931020_008	g0363	train
ENSE00000931020_010	g0363	train
ENSE00000931020_011	g0363	train
ENSE00000931020_013	g0363	train
ENSE00000931020_014	g0363	train
ENSE00000931377_001	g0364	train
ENSE00000931377_002	g0364	train
ENSE00000931377_003	g0364	train
ENSE00000931377_004	g0364	train
ENSE00000931377_005	g0364	train
ENSE00000931377_008	g0364	train
ENSE00000931377_009	g0364	train
ENSE00000931377_012	g0364	train
ENSE00000931377_013	g0364	train
ENSE00000931377_015	g0364	train
ENSE00000931377_016	g0364	train
ENSE00000931377_017	g0364	train
ENSE00000931377_018	g0364	train
ENSE00000931377_019	g0364	train
ENSE00000931377_020	g0364	train
ENSE00000931465_001	g0365	train
ENSE00000931465_002	g0365	train
ENSE00000931465_003	g0365	train
ENSE00000931465_004	g0365	train
ENSE00000931465_005	g0365	train
ENSE00000931465_006	g0365	train
ENSE00000931465_008	g0365	train
ENSE00000931465_009	g0365	train
ENSE00000931465_012	g0365	train
ENSE00000931465_013	g0365	train
ENSE00000931465_014	g0365	train
ENSE00000931465_016	g0365	train
ENSE00000931465_017	g0365	train
ENSE00000931465_018	g0365	train
ENSE00000931465_022	g0365	train
ENSE00000931465_023	g0365	train
ENSE00000931465_031	g0365	train
ENSE00000931465_033	g0365	train
ENSE00000931465_034	g0365	train
ENSE00000931465_036	g0365	train
ENSE00000931465_037	g0365	train
ENSE00000931465_038	g0365	train
ENSE00000931773_003	g0366	train
ENSE00000931773_006	g0366	train
ENSE00000931773_007	g0366	train
ENSE00000931773_008	g0366	train
ENSE00000931773_011	g0366	train
ENSE00000931773_013	g0366	train
ENSE00000931773_018	g0366	train
ENSE00000932422_001	g0367	train
ENSE00000932422_003	g0367	train
ENSE00000932422_004	g0367	train
ENSE00000932422_005	g0367	train
ENSE00000932422_006	g0367	train
ENSE00000932422_008	g0367	train
ENSE00000932422_009	g0367	train
ENSE00000932422_010	g0367	train
ENSE00000932422_011	g0367	train
ENSE00000932422_013	g0367	train
ENSE00000932422_014	g0367	train
ENSE00000932422_016	g0367	train
ENSE00000932422_017	g0367	train
ENSE00000932422_018	g0367	train
ENSE00000932422_019	g0367	train
ENSE00000932422_021	g0367	train
ENSE00000932422_022	g0367	train
ENSE00000932422_023	g0367	train
ENSE00000932422_024	g0367	train
ENSE00000932422_025	g0367	train
ENSE00000932422_026	g0367	train
ENSE00000932422_029	g0367	train
ENSE00000932513_001	g0368	train
ENSE00000932513_002	g0368	train
ENSE00000932513_003	g0368	train
ENSE00000932513_004	g0368	train
ENSE00000932513_005	g0368	train
ENSE00000932513_007	g0368	train
ENSE00000932513_008	g0368	train
ENSE00000932513_009	g0368	train
ENSE00000932513_010	g0368	train
ENSE00000932513_012	g0368	train
ENSE00000932513_013	g0368	train
ENSE00000932513_014	g0368	train
ENSE00000932513_016	g0368	train
ENSE00000932513_018	g0368	train
ENSE00000932513_020	g0368	train
ENSE00000932513_022	g0368	train
ENSE00000932513_023	g0368	train
ENSE00000932513_024	g0368	train
ENSE00000932513_026	g0368	train
ENSE00000932985_003	g0369	train
ENSE00000932985_004	g0369	train
ENSE00000932985_007	g0369	train
ENSE00000932985_008	g0369	train
ENSE00000932985_011	g0369	train
ENSE00000933325_001	g0237	train
ENSE00000933325_002	g0237	train
ENSE00000933325_003	g0237	train
ENSE00000933325_004	g0237	train
ENSE00000933325_006	g0237	train
ENSE00000933325_008	g0237	train
ENSE00000933325_009	g0237	train
ENSE00000933325_011	g0237	train
ENSE00000933325_012	g0237	train
ENSE00000933325_013	g0237	train
ENSE00000933325_014	g0237	train
ENSE00000933325_015	g0237	train
ENSE00000933325_017	g0237	train
ENSE00000933325_019	g0237	train
ENSE00000933325_020	g0237	train
ENSE00000933530_001	g0370	train
ENSE00000933530_002	g0370	train
ENSE00000933530_003	g0370	train
ENSE00000933530_004	g0370	train
ENSE00000933530_005	g0370	train
ENSE00000933530_006	g0370	train
ENSE00000933530_008	g0370	train
ENSE00000933530_009	g0370	train
ENSE00000933530_010	g0370	train
ENSE00000933530_011	g0370	train
ENSE00000933530_012	g0370	train
ENSE00000933530_013	g0370	train
ENSE00000933530_014	g0370	train
ENSE00000933530_015	g0370	train
ENSE00000933530_016	g0370	train
ENSE00000933530_017	g0370	train
ENSE00000933530_018	g0370	train
ENSE00000933530_019	g0370	train
ENSE00000933530_020	g0370	train
ENSE00000933530_022	g0370	train
ENSE00000933530_023	g0370	train
ENSE00000933530_024	g0370	train
ENSE00000933530_025	g0370	train
ENSE00000933530_026	g0370	train
ENSE00000933713_004	g0371	train
ENSE00000933713_008	g0371	train
ENSE00000933713_012	g0371	train
ENSE00000933713_013	g0371	train
ENSE00000933713_014	g0371	train
ENSE00000933713_015	g0371	train
ENSE00000933714_002	g0371	train
ENSE00000933714_008	g0371	train
ENSE00000933714_011	g0371	train
ENSE00000933714_014	g0371	train
ENSE00000933714_015	g0371	train
ENSE00000933717_001	g0371	train
ENSE00000933718_002	g0371	train
ENSE00000933718_003	g0371	train
ENSE00000933718_004	g0371	train
ENSE00000933718_005	g0371	train
ENSE00000933718_006	g0371	train
ENSE00000933718_008	g0371	train
ENSE00000933718_010	g0371	train
ENSE00000933718_011	g0371	train
ENSE00000933718_013	g0371	train
ENSE00000933718_014	g0371	train
ENSE00000933718_015	g0371	train
ENSE00000933718_016	g0371	train
ENSE00000933718_017	g0371	train
ENSE00000933718_018	g0371	train
ENSE00000933718_019	g0371	train
ENSE00000933718_020	g0371	train
ENSE00000933718_022	g0371	train
ENSE00000933718_023	g0371	train
ENSE00000933718_025	g0371	train
ENSE00000933724_002	g0371	train
ENSE00000933724_003	g0371	train
ENSE00000933724_004	g0371	train
ENSE00000933724_005	g0371	train
ENSE00000933724_006	g0371	train
ENSE00000933724_007	g0371	train
ENSE00000933724_009	g0371	train
ENSE00000933724_011	g0371	train
ENSE00000933724_013	g0371	train
ENSE00000933724_014	g0371	train
ENSE00000933724_017	g0371	train
ENSE00000933724_019	g0371	train
ENSE00000933724_020	g0371	train
ENSE00000933724_024	g0371	train
ENSE00000933724_026	g0371	train
ENSE00000933729_002	g0372	train
ENSE00000933729_005	g0372	train
ENSE00000933729_007	g0372	train
ENSE00000933729_010	g0372	train
ENSE00000933729_014	g0372	train
ENSE00000933729_016	g0372	train
ENSE00000933729_017	g0372	train
ENSE00000933729_021	g0372	train
ENSE00000933729_024	g0372	train
ENSE00000933729_027	g0372	train
ENSE00000933729_028	g0372	train
ENSE00000933900_001	g0373	test
ENSE00000933900_002	g0373	test
ENSE00000933900_003	g0373	test
ENSE00000933900_004	g0373	test
ENSE00000933900_006	g0373	test
ENSE00000933900_008	g0373	test
ENSE00000933900_009	g0373	test
ENSE00000933900_011	g0373	test
ENSE00000933900_012	g0373	test
ENSE00000933900_013	g0373	test
ENSE00000933900_016	g0373	test
ENSE00000933900_017	g0373	test
ENSE00000933900_018	g0373	test
ENSE00000933900_019	g0373	test
ENSE00000933900_021	g0373	test
ENSE00000933949_001	g0374	train
ENSE00000933949_003	g0374	train
ENSE00000933949_005	g0374	train
ENSE00000933949_006	g0374	train
ENSE00000933949_007	g0374	train
ENSE00000933949_008	g0374	train
ENSE00000933949_009	g0374	train
ENSE00000933949_010	g0374	train
ENSE00000933949_011	g0374	train
ENSE00000933949_012	g0374	train
ENSE00000934028_002	g0375	train
ENSE00000934028_008	g0375	train
ENSE00000934028_009	g0375	train
ENSE00000934028_011	g0375	train
ENSE00000934028_013	g0375	train
ENSE00000934028_016	g0375	train
ENSE00000934028_017	g0375	train
ENSE00000934028_024	g0375	train
ENSE00000934028_025	g0375	train
ENSE00000934028_026	g0375	train
ENSE00000934029_002	g0375	train
ENSE00000934029_006	g0375	train
ENSE00000934029_008	g0375	train
ENSE00000934029_010	g0375	train
ENSE00000934029_011	g0375	train
ENSE00000934029_012	g0375	train
ENSE00000934029_016	g0375	train
ENSE00000934029_017	g0375	train
ENSE00000934029_018	g0375	train
ENSE00000934029_020	g0375	train
ENSE00000934029_021	g0375	train
ENSE00000934029_023	g0375	train
ENSE00000934494_001	g0376	test
ENSE00000934494_003	g0376	test
ENSE00000934494_004	g0376	test
ENSE00000934494_005	g0376	test
ENSE00000934494_006	g0376	test
ENSE00000934494_007	g0376	test
ENSE00000934494_008	g0376	test
ENSE00000934494_009	g0376	test
ENSE00000934494_010	g0376	test
ENSE00000934494_011	g0376	test
ENSE00000934494_012	g0376	test
ENSE00000934494_014	g0376	test
ENSE00000934494_015	g0376	test
ENSE00000934494_016	g0376	test
ENSE00000934494_017	g0376	test
ENSE00000934494_018	g0376	test
ENSE00000934494_019	g0376	test
ENSE00000934494_020	g0376	test
ENSE00000934494_021	g0376	test
ENSE00000934494_022	g0376	test
ENSE00000934494_023	g0376	test
ENSE00000934494_025	g0376	test
ENSE00000934494_026	g0376	test
ENSE00000934494_027	g0376	test
ENSE00000934494_028	g0376	test
ENSE00000934494_029	g0376	test
ENSE00000934494_030	g0376	test
ENSE00000934494_031	g0376	test
ENSE00000935555_004	g0377	train
ENSE00000935555_006	g0377	train
ENSE00000935555_007	g0377	train
ENSE00000935555_008	g0377	train
ENSE00000935555_009	g0377	train
ENSE00000935555_010	g0377	train
ENSE00000935555_011	g0377	train
ENSE00000935555_012	g0377	train
ENSE00000935555_015	g0377	train
ENSE00000935555_017	g0377	train
ENSE00000935675_001	g0378	train
ENSE00000935675_002	g0378	train
ENSE00000935675_003	g0378	train
ENSE00000935675_004	g0378	train
ENSE00000935675_005	g0378	train
ENSE00000935675_006	g0378	train
ENSE00000935675_008	g0378	train
ENSE00000935675_009	g0378	train
ENSE00000935675_010	g0378	train
ENSE00000935675_011	g0378	train
ENSE00000935675_012	g0378	train
ENSE00000935675_013	g0378	train
ENSE00000935675_014	g0378	train
ENSE00000935675_015	g0378	train
ENSE00000935675_016	g0378	train
ENSE00000935675_018	g0378	train
ENSE00000935675_019	g0378	train
ENSE00000935675_020	g0378	train
ENSE00000935675_022	g0378	train
ENSE00000935675_023	g0378	train
ENSE00000935675_024	g0378	train
ENSE00000935675_025	g0378	train
ENSE00000935675_026	g0378	train
ENSE00000935675_027	g0378	train
ENSE00000935675_028	g0378	train
ENSE00000935675_029	g0378	train
ENSE00000935675_030	g0378	train
ENSE00000935675_031	g0378	train
ENSE00000935675_032	g0378	train
ENSE00000935675_033	g0378	train
ENSE00000937024_002	g0379	train
ENSE00000937024_004	g0379	train
ENSE00000937024_005	g0379	train
ENSE00000937024_006	g0379	train
ENSE00000937024_008	g0379	train
ENSE00000937024_014	g0379	train
ENSE00000937024_017	g0379	train
ENSE00000937024_019	g0379	train
ENSE00000937024_021	g0379	train
ENSE00000937024_022	g0379	train
ENSE00000937024_023	g0379	train
ENSE00000938793_001	g0380	train
ENSE00000938793_002	g0380	train
ENSE00000938793_003	g0380	train
ENSE00000938793_004	g0380	train
ENSE00000938793_005	g0380	train
ENSE00000938793_006	g0380	train
ENSE00000938793_007	g0380	train
ENSE00000938793_008	g0380	train
ENSE00000938793_009	g0380	train
ENSE00000938793_010	g0380	train
ENSE00000938793_011	g0380	train
ENSE00000938793_012	g0380	train
ENSE00000938793_013	g0380	train
ENSE00000938793_014	g0380	train
ENSE00000938793_015	g0380	train
ENSE00000938793_016	g0380	train
ENSE00000938793_017	g0380	train
ENSE00000938793_018	g0380	train
ENSE00000938793_021	g0380	train
ENSE00000938793_023	g0380	train
ENSE00000938793_025	g0380	train
ENSE00000938793_027	g0380	train
ENSE00000938793_028	g0380	train
ENSE00000939335_001	g0381	train
ENSE00000939335_005	g0381	train
ENSE00000939335_009	g0381	train
ENSE00000939335_011	g0381	train
ENSE00000939335_012	g0381	train
ENSE00000939335_013	g0381	train
ENSE00000939335_014	g0381	train
ENSE00000939335_016	g0381	train
ENSE00000939335_018	g0381	train
ENSE00000939452_013	g0382	train
ENSE00000939455_001	g0382	train
ENSE00000939455_004	g0382	train
ENSE00000939455_005	g0382	train
ENSE00000939455_006	g0382	train
ENSE00000939455_007	g0382	train
ENSE00000939455_008	g0382	train
ENSE00000939455_009	g0382	train
ENSE00000939455_012	g0382	train
ENSE00000939455_014	g0382	train
ENSE00000939455_017	g0382	train
ENSE00000939455_018	g0382	train
ENSE00000940404_003	g0383	test
ENSE00000940404_005	g0383	test
ENSE00000940404_006	g0383	test
ENSE00000940404_008	g0383	test
ENSE00000940404_010	g0383	test
ENSE00000940404_011	g0383	test
ENSE00000940447_005	g0384	train
ENSE00000940447_006	g0384	train
ENSE00000940447_008	g0384	train
ENSE00000940447_013	g0384	train
ENSE00000940447_015	g0384	train
ENSE00000941153_001	g0385	train
ENSE00000941153_002	g0385	train
ENSE00000941153_003	g0385	train
ENSE00000941153_005	g0385	train
ENSE00000941153_006	g0385	train
ENSE00000941153_007	g0385	train
ENSE00000941153_008	g0385	train
ENSE00000941153_009	g0385	train
ENSE00000941153_010	g0385	train
ENSE00000941153_011	g0385	train
ENSE00000941153_012	g0385	train
ENSE00000941153_013	g0385	train
ENSE00000941153_014	g0385	train
ENSE00000941153_015	g0385	train
ENSE00000941153_016	g0385	train
ENSE00000941153_017	g0385	train
ENSE00000941296_002	g0386	train
ENSE00000941296_003	g0386	train
ENSE00000941296_004	g0386	train
ENSE00000941296_005	g0386	train
ENSE00000941296_006	g0386	train
ENSE00000941296_007	g0386	train
ENSE00000941296_008	g0386	train
ENSE00000941296_009	g0386	train
ENSE00000941296_010	g0386	train
ENSE00000941296_011	g0386	train
ENSE00000941296_013	g0386	train
ENSE00000941296_014	g0386	train
ENSE00000941296_015	g0386	train
ENSE00000941296_016	g0386	train
ENSE00000941296_017	g0386	train
ENSE00000941296_019	g0386	train
ENSE00000941296_021	g0386	train
ENSE00000941296_022	g0386	train
ENSE00000941296_023	g0386	train
ENSE00000941296_024	g0386	train
ENSE00000941296_025	g0386	train
ENSE00000941296_026	g0386	train
ENSE00000941296_027	g0386	train
ENSE00000941296_028	g0386	train
ENSE00000942056_002	g0387	test
ENSE00000942056_003	g0387	test
ENSE00000942056_004	g0387	test
ENSE00000942056_005	g0387	test
ENSE00000942056_009	g0387	test
ENSE00000942056_010	g0387	test
ENSE00000942056_012	g0387	test
ENSE00000942056_014	g0387	test
ENSE00000942056_015	g0387	test
ENSE00000942056_016	g0387	test
ENSE00000942056_017	g0387	test
ENSE00000942456_013	g0388	train
ENSE00000942477_003	g0389	train
ENSE00000942477_004	g0389	train
ENSE00000942477_005	g0389	train
ENSE00000942477_006	g0389	train
ENSE00000942477_007	g0389	train
ENSE00000942477_008	g0389	train
ENSE00000942477_009	g0389	train
ENSE00000942477_011	g0389	train
ENSE00000942477_012	g0389	train
ENSE00000942477_013	g0389	train
ENSE00000942477_014	g0389	train
ENSE00000942477_016	g0389	train
ENSE00000942477_017	g0389	train
ENSE00000942477_018	g0389	train
ENSE00000942477_019	g0389	train
ENSE00000942477_020	g0389	train
ENSE00000942477_021	g0389	train
ENSE00000942477_023	g0389	train
ENSE00000942477_027	g0389	train
ENSE00000942477_030	g0389	train
ENSE00000942477_031	g0389	train
ENSE00000942477_032	g0389	train
ENSE00000942477_033	g0389	train
ENSE00000942477_034	g0389	train
ENSE00000942574_001	g0390	test
ENSE00000942574_002	g0390	test
ENSE00000942574_003	g0390	test
ENSE00000942574_004	g0390	test
ENSE00000942574_005	g0390	test
ENSE00000942574_006	g0390	test
ENSE00000942574_007	g0390	test
ENSE00000942574_008	g0390	test
ENSE00000942574_009	g0390	test
ENSE00000942574_010	g0390	test
ENSE00000942574_011	g0390	test
ENSE00000942574_012	g0390	test
ENSE00000942574_015	g0390	test
ENSE00000942574_016	g0390	test
ENSE00000942574_017	g0390	test
ENSE00000942574_018	g0390	test
ENSE00000942574_019	g0390	test
ENSE00000942574_021	g0390	test
ENSE00000942574_022	g0390	test
ENSE00000942574_023	g0390	test
ENSE00000942578_001	g0390	test
ENSE00000942578_002	g0390	test
ENSE00000942578_003	g0390	test
ENSE00000942578_004	g0390	test
ENSE00000942578_005	g0390	test
ENSE00000942578_006	g0390	test
ENSE00000942578_007	g0390	test
ENSE00000942578_008	g0390	test
ENSE00000942578_009	g0390	test
ENSE00000942578_010	g0390	test
ENSE00000942578_011	g0390	test
ENSE00000942578_012	g0390	test
ENSE00000942578_013	g0390	test
ENSE00000942578_014	g0390	test
ENSE00000942578_015	g0390	test
ENSE00000942578_016	g0390	test
ENSE00000942578_017	g0390	test
ENSE00000942578_018	g0390	test
ENSE00000942578_019	g0390	test
ENSE00000942578_020	g0390	test
ENSE00000942578_021	g0390	test
ENSE00000942578_022	g0390	test
ENSE00000942843_001	g0391	test
ENSE00000942843_002	g0391	test
ENSE00000942843_004	g0391	test
ENSE00000942843_005	g0391	test
ENSE00000942843_007	g0391	test
ENSE00000942843_010	g0391	test
ENSE00000942843_014	g0391	test
ENSE00000942843_016	g0391	test
ENSE00000942843_018	g0391	test
ENSE00000942843_021	g0391	test
ENSE00000942843_022	g0391	test
ENSE00000942843_023	g0391	test
ENSE00000942843_024	g0391	test
ENSE00000942887_001	g0392	train
ENSE00000942887_002	g0392	train
ENSE00000942887_004	g0392	train
ENSE00000942887_006	g0392	train
ENSE00000942887_007	g0392	train
ENSE00000942887_010	g0392	train
ENSE00000942887_011	g0392	train
ENSE00000942887_012	g0392	train
ENSE00000942887_013	g0392	train
ENSE00000942887_014	g0392	train
ENSE00000942887_015	g0392	train
ENSE00000942887_016	g0392	train
ENSE00000942887_017	g0392	train
ENSE00000942887_019	g0392	train
ENSE00000942887_021	g0392	train
ENSE00000943447_001	g0393	test
ENSE00000943447_003	g0393	test
ENSE00000943447_005	g0393	test
ENSE00000943447_006	g0393	test
ENSE00000943447_007	g0393	test
ENSE00000943447_009	g0393	test
ENSE00000943447_011	g0393	test
ENSE00000943447_013	g0393	test
ENSE00000943447_016	g0393	test
ENSE00000943447_017	g0393	test
ENSE00000943447_018	g0393	test
ENSE00000943447_019	g0393	test
ENSE00000943447_020	g0393	test
ENSE00000943447_021	g0393	test
ENSE00000943447_024	g0393	test
ENSE00000943447_026	g0393	test
ENSE00000943886_001	g0394	test
ENSE00000943886_006	g0394	test
ENSE00000944209_004	g0395	train
ENSE00000944209_005	g0395	train
ENSE00000944209_006	g0395	train
ENSE00000944209_007	g0395	train
ENSE00000944209_008	g0395	train
ENSE00000944209_009	g0395	train
ENSE00000944209_010	g0395	train
ENSE00000944209_011	g0395	train
ENSE00000944209_013	g0395	train
ENSE00000944209_014	g0395	train
ENSE00000944209_015	g0395	train
ENSE00000944209_018	g0395	train
ENSE00000944209_021	g0395	train
ENSE00000944209_022	g0395	train
ENSE00000944209_023	g0395	train
ENSE00000944209_024	g0395	train
ENSE00000944209_025	g0395	train
ENSE00000944209_026	g0395	train
ENSE00000944209_027	g0395	train
ENSE00000944209_030	g0395	train
ENSE00000944209_031	g0395	train
ENSE00000944209_032	g0395	train
ENSE00000944495_001	g0396	test
ENSE00000944495_002	g0396	test
ENSE00000944495_003	g0396	test
ENSE00000944495_004	g0396	test
ENSE00000944495_005	g0396	test
ENSE00000944495_006	g0396	test
ENSE00000944495_007	g0396	test
ENSE00000944495_008	g0396	test
ENSE00000944495_009	g0396	test
ENSE00000944495_010	g0396	test
ENSE00000944495_011	g0396	test
ENSE00000944495_012	g0396	test
ENSE00000944495_015	g0396	test
ENSE00000944495_016	g0396	test
ENSE00000944495_017	g0396	test
ENSE00000944495_018	g0396	test
ENSE00000944495_019	g0396	test
ENSE00000944495_020	g0396	test
ENSE00000944495_021	g0396	test
ENSE00000944495_022	g0396	test
ENSE00000944772_002	g0397	test
ENSE00000944772_005	g0397	test
ENSE00000944772_009	g0397	test
ENSE00000944772_010	g0397	test
ENSE00000944772_012	g0397	test
ENSE00000945091_001	g0398	train
ENSE00000945091_002	g0398	train
ENSE00000945091_014	g0398	train
ENSE00000945143_002	g0094	train
ENSE00000945143_006	g0094	train
ENSE00000945143_007	g0094	train
ENSE00000945143_008	g0094	train
ENSE00000945143_009	g0094	train
ENSE00000945143_010	g0094	train
ENSE00000945143_011	g0094	train
ENSE00000945143_012	g0094	train
ENSE00000945143_013	g0094	train
ENSE00000945143_014	g0094	train
ENSE00000945143_015	g0094	train
ENSE00000945143_018	g0094	train
ENSE00000945143_019	g0094	train
ENSE00000945143_020	g0094	train
ENSE00000945204_001	g0399	train
ENSE00000945204_003	g0399	train
ENSE00000945204_004	g0399	train
ENSE00000945204_006	g0399	train
ENSE00000945204_008	g0399	train
ENSE00000945204_009	g0399	train
ENSE00000945204_011	g0399	train
ENSE00000945204_012	g0399	train
ENSE00000945204_013	g0399	train
ENSE00000945204_014	g0399	train
ENSE00000945204_016	g0399	train
ENSE00000945204_019	g0399	train
ENSE00000945204_020	g0399	train
ENSE00000945204_022	g0399	train
ENSE00000945204_024	g0399	train
ENSE00000945204_025	g0399	train
ENSE00000945204_026	g0399	train
ENSE00000945298_005	g0400	train
ENSE00000945298_013	g0400	train
ENSE00000945301_001	g0400	train
ENSE00000945301_003	g0400	train
ENSE00000945301_005	g0400	train
ENSE00000945301_006	g0400	train
ENSE00000945301_007	g0400	train
ENSE00000945301_009	g0400	train
ENSE00000945301_011	g0400	train
ENSE00000945301_012	g0400	train
ENSE00000945301_013	g0400	train
ENSE00000945301_014	g0400	train
ENSE00000945301_016	g0400	train
ENSE00000945301_018	g0400	train
ENSE00000945301_019	g0400	train
ENSE00000945301_020	g0400	train
ENSE00000945301_021	g0400	train
ENSE00000945301_022	g0400	train
ENSE00000945301_023	g0400	train
ENSE00000945301_024	g0400	train
ENSE00000945724_002	g0401	train
ENSE00000945724_003	g0401	train
ENSE00000945724_006	g0401	train
ENSE00000945724_009	g0401	train
ENSE00000945724_012	g0401	train
ENSE00000945724_013	g0401	train
ENSE00000945724_014	g0401	train
ENSE00000945724_015	g0401	train
ENSE00000945724_016	g0401	train
ENSE00000945724_017	g0401	train
ENSE00000945724_018	g0401	train
ENSE00000945724_020	g0401	train
ENSE00000945724_021	g0401	train
ENSE00000945724_022	g0401	train
ENSE00000945724_023	g0401	train
ENSE00000945724_024	g0401	train
ENSE00000945724_025	g0401	train
ENSE00000945724_031	g0401	train
ENSE00000945724_033	g0401	train
ENSE00000945724_034	g0401	train
ENSE00000945724_036	g0401	train
ENSE00000945724_041	g0401	train
ENSE00000945724_042	g0401	train
ENSE00000945724_043	g0401	train
ENSE00000945724_045	g0401	train
ENSE00000945724_046	g0401	train
ENSE00000945724_047	g0401	train
ENSE00000946068_001	g0402	train
ENSE00000946068_003	g0402	train
ENSE00000946068_004	g0402	train
ENSE00000946068_006	g0402	train
ENSE00000946068_007	g0402	train
ENSE00000946068_009	g0402	train
ENSE00000946068_010	g0402	train
ENSE00000946068_011	g0402	train
ENSE00000946068_012	g0402	train
ENSE00000946068_013	g0402	train
ENSE00000946068_014	g0402	train
ENSE00000946068_015	g0402	train
ENSE00000946068_016	g0402	train
ENSE00000946068_017	g0402	train
ENSE00000946068_018	g0402	train
ENSE00000946068_020	g0402	train
ENSE00000946068_021	g0402	train
ENSE00000946068_022	g0402	train
ENSE00000946068_023	g0402	train
ENSE00000946068_024	g0402	train
ENSE00000946068_025	g0402	train
ENSE00000946068_026	g0402	train
ENSE00000946068_027	g0402	train
ENSE00000946068_028	g0402	train
ENSE00000946068_029	g0402	train
ENSE00000946068_030	g0402	train
ENSE00000946068_031	g0402	train
ENSE00000946068_032	g0402	train
ENSE00000946068_033	g0402	train
ENSE00000946068_035	g0402	train
ENSE00000946246_001	g0403	train
ENSE00000946246_003	g0403	train
ENSE00000946246_004	g0403	train
ENSE00000946246_005	g0403	train
ENSE00000946246_006	g0403	train
ENSE00000946246_007	g0403	train
ENSE00000946246_008	g0403	train
ENSE00000946246_010	g0403	train
ENSE00000946246_016	g0403	train
ENSE00000946246_017	g0403	train
ENSE00000946246_018	g0403	train
ENSE00000946246_020	g0403	train
ENSE00000946246_022	g0403	train
ENSE00000946366_002	g0404	train
ENSE00000946366_005	g0404	train
ENSE00000946366_006	g0404	train
ENSE00000946366_007	g0404	train
ENSE00000946366_008	g0404	train
ENSE00000946366_009	g0404	train
ENSE00000946366_010	g0404	train
ENSE00000946366_012	g0404	train
ENSE00000946366_013	g0404	train
ENSE00000946366_014	g0404	train
ENSE00000946366_015	g0404	train
ENSE00000946366_016	g0404	train
ENSE00000946366_018	g0404	train
ENSE00000946366_021	g0404	train
ENSE00000946366_022	g0404	train
ENSE00000946643_004	g0405	train
ENSE00000946643_006	g0405	train
ENSE00000946643_015	g0405	train
ENSE00000946643_016	g0405	train
ENSE00000946643_019	g0405	train
ENSE00000946643_020	g0405	train
ENSE00000946643_022	g0405	train
ENSE00000946643_026	g0405	train
ENSE00000946643_027	g0405	train
ENSE00000946908_002	g0406	train
ENSE00000946908_004	g0406	train
ENSE00000946908_007	g0406	train
ENSE00000946908_010	g0406	train
ENSE00000946908_011	g0406	train
ENSE00000946908_012	g0406	train
ENSE00000946908_013	g0406	train
ENSE00000946908_015	g0406	train
ENSE00000946908_017	g0406	train
ENSE00000946908_018	g0406	train
ENSE00000946908_019	g0406	train
ENSE00000946908_020	g0406	train
ENSE00000947490_002	g0407	train
ENSE00000947490_005	g0407	train
ENSE00000947490_007	g0407	train
ENSE00000947490_009	g0407	train
ENSE00000947490_010	g0407	train
ENSE00000947490_011	g0407	train
ENSE00000947490_012	g0407	train
ENSE00000947490_013	g0407	train
ENSE00000947490_014	g0407	train
ENSE00000947490_015	g0407	train
ENSE00000947490_016	g0407	train
ENSE00000947608_002	g0408	train
ENSE00000947608_003	g0408	train
ENSE00000947608_004	g0408	train
ENSE00000947608_005	g0408	train
ENSE00000947608_006	g0408	train
ENSE00000947608_007	g0408	train
ENSE00000947608_008	g0408	train
ENSE00000947608_009	g0408	train
ENSE00000947608_010	g0408	train
ENSE00000947608_011	g0408	train
ENSE00000947608_012	g0408	train
ENSE00000947608_013	g0408	train
ENSE00000947608_014	g0408	train
ENSE00000947608_015	g0408	train
ENSE00000947608_016	g0408	train
ENSE00000947608_019	g0408	train
ENSE00000947608_020	g0408	train
ENSE00000947608_021	g0408	train
ENSE00000947608_022	g0408	train
ENSE00000947608_023	g0408	train
ENSE00000947608_024	g0408	train
ENSE00000948659_001	g0409	train
ENSE00000948659_002	g0409	train
ENSE00000948659_003	g0409	train
ENSE00000948659_004	g0409	train
ENSE00000948659_007	g0409	train
ENSE00000948659_008	g0409	train
ENSE00000948659_009	g0409	train
ENSE00000948659_010	g0409	train
ENSE00000948659_011	g0409	train
ENSE00000948659_012	g0409	train
ENSE00000948659_013	g0409	train
ENSE00000948659_014	g0409	train
ENSE00000948659_015	g0409	train
ENSE00000948659_017	g0409	train
ENSE00000948659_018	g0409	train
ENSE00000948659_019	g0409	train
ENSE00000948659_020	g0409	train
ENSE00000948659_021	g0409	train
ENSE00000948659_022	g0409	train
ENSE00000948659_023	g0409	train
ENSE00000948659_024	g0409	train
ENSE00000948659_025	g0409	train
ENSE00000948659_026	g0409	train
ENSE00000948659_029	g0409	train
ENSE00000948659_031	g0409	train
ENSE00000949859_001	g0410	train
ENSE00000949859_002	g0410	train
ENSE00000949859_003	g0410	train
ENSE00000949859_004	g0410	train
ENSE00000949859_005	g0410	train
ENSE00000949859_006	g0410	train
ENSE00000949859_007	g0410	train
ENSE00000949859_008	g0410	train
ENSE00000949859_009	g0410	train
ENSE00000949859_010	g0410	train
ENSE00000949859_011	g0410	train
ENSE00000949859_012	g0410	train
ENSE00000949859_014	g0410	train
ENSE00000949859_015	g0410	train
ENSE00000949859_016	g0410	train
ENSE00000949859_017	g0410	train
ENSE00000949859_018	g0410	train
ENSE00000949859_019	g0410	train
ENSE00000949859_020	g0410	train
ENSE00000949859_022	g0410	train
ENSE00000950552_001	g0411	test
ENSE00000950552_002	g0411	test
ENSE00000950552_003	g0411	test
ENSE00000950552_004	g0411	test
ENSE00000950552_009	g0411	test
ENSE00000950552_010	g0411	test
ENSE00000950552_011	g0411	test
ENSE00000950552_012	g0411	test
ENSE00000950552_013	g0411	test
ENSE00000950552_014	g0411	test
ENSE00000950552_015	g0411	test
ENSE00000950552_018	g0411	test
ENSE00000950552_019	g0411	test
ENSE00000950552_021	g0411	test
ENSE00000950643_003	g0412	test
ENSE00000950643_004	g0412	test
ENSE00000950643_007	g0412	test
ENSE00000950643_009	g0412	test
ENSE00000950643_010	g0412	test
ENSE00000950643_014	g0412	test
ENSE00000950643_016	g0412	test
ENSE00000950643_017	g0412	test
ENSE00000950643_019	g0412	test
ENSE00000950643_021	g0412	test
ENSE00000950643_022	g0412	test
ENSE00000950643_024	g0412	test
ENSE00000950643_025	g0412	test
ENSE00000951542_001	g0413	train
ENSE00000951542_006	g0413	train
ENSE00000951542_007	g0413	train
ENSE00000951542_008	g0413	train
ENSE00000951542_010	g0413	train
ENSE00000951542_013	g0413	train
ENSE00000951542_014	g0413	train
ENSE00000951542_023	g0413	train
ENSE00000951542_024	g0413	train
ENSE00000951542_026	g0413	train
ENSE00000951542_029	g0413	train
ENSE00000951548_002	g0413	train
ENSE00000951548_003	g0413	train
ENSE00000951548_004	g0413	train
ENSE00000951548_005	g0413	train
ENSE00000951548_006	g0413	train
ENSE00000951548_009	g0413	train
ENSE00000951548_014	g0413	train
ENSE00000951548_016	g0413	train
ENSE00000951548_017	g0413	train
ENSE00000951548_018	g0413	train
ENSE00000951548_019	g0413	train
ENSE00000951548_021	g0413	train
ENSE00000951548_022	g0413	train
ENSE00000951617_001	g0414	train
ENSE00000951617_002	g0414	train
ENSE00000951617_003	g0414	train
ENSE00000951617_004	g0414	train
ENSE00000951617_005	g0414	train
ENSE00000951617_006	g0414	train
ENSE00000951617_007	g0414	train
ENSE00000951617_009	g0414	train
ENSE00000951617_011	g0414	train
ENSE00000951617_012	g0414	train
ENSE00000951617_013	g0414	train
ENSE00000951617_015	g0414	train
ENSE00000951617_016	g0414	train
ENSE00000951617_017	g0414	train
ENSE00000951617_018	g0414	train
ENSE00000951617_019	g0414	train
ENSE00000951617_021	g0414	train
ENSE00000951617_022	g0414	train
ENSE00000951617_023	g0414	train
ENSE00000951617_024	g0414	train
ENSE00000952268_005	g0415	train
ENSE00000952268_009	g0415	train
ENSE00000952268_010	g0415	train
ENSE00000952268_014	g0415	train
ENSE00000952268_016	g0415	train
ENSE00000952268_019	g0415	train
ENSE00000954358_004	g0072	train
ENSE00000954358_005	g0072	train
ENSE00000954358_006	g0072	train
ENSE00000954358_008	g0072	train
ENSE00000954358_009	g0072	train
ENSE00000954358_011	g0072	train
ENSE00000954358_012	g0072	train
ENSE00000954674_003	g0416	train
ENSE00000954674_004	g0416	train
ENSE00000954674_007	g0416	train
ENSE00000954674_008	g0416	train
ENSE00000954674_009	g0416	train
ENSE00000954674_010	g0416	train
ENSE00000954674_012	g0416	train
ENSE00000954674_013	g0416	train
ENSE00000954674_014	g0416	train
ENSE00000954674_015	g0416	train
ENSE00000954674_018	g0416	train
ENSE00000954674_020	g0416	train
ENSE00000954674_021	g0416	train
ENSE00000954674_023	g0416	train
ENSE00000954674_024	g0416	train
ENSE00000954674_025	g0416	train
ENSE00000954674_026	g0416	train
ENSE00000954674_029	g0416	train
ENSE00000954674_030	g0416	train
ENSE00000954674_031	g0416	train
ENSE00000955288_003	g0311	train
ENSE00000955288_004	g0311	train
ENSE00000955288_005	g0311	train
ENSE00000955288_008	g0311	train
ENSE00000955288_009	g0311	train
ENSE00000955288_010	g0311	train
ENSE00000955288_012	g0311	train
ENSE00000955288_013	g0311	train
ENSE00000955288_015	g0311	train
ENSE00000955288_017	g0311	train
ENSE00000955288_019	g0311	train
ENSE00000956392_003	g0417	test
ENSE00000956392_007	g0417	test
ENSE00000956392_008	g0417	test
ENSE00000956392_010	g0417	test
ENSE00000956392_012	g0417	test
ENSE00000956392_014	g0417	test
ENSE00000956392_018	g0417	test
ENSE00000956392_019	g0417	test
ENSE00000956392_022	g0417	test
ENSE00000956392_023	g0417	test
ENSE00000956392_025	g0417	test
ENSE00000956392_026	g0417	test
ENSE00000956392_027	g0417	test
ENSE00000956392_028	g0417	test
ENSE00000956392_030	g0417	test
ENSE00000956392_031	g0417	test
ENSE00000957235_001	g0418	train
ENSE00000957235_002	g0418	train
ENSE00000957235_005	g0418	train
ENSE00000957235_006	g0418	train
ENSE00000957235_007	g0418	train
ENSE00000957235_009	g0418	train
ENSE00000957235_010	g0418	train
ENSE00000957235_011	g0418	train
ENSE00000957235_012	g0418	train
ENSE00000957235_013	g0418	train
ENSE00000957235_014	g0418	train
ENSE00000957235_015	g0418	train
ENSE00000957235_016	g0418	train
ENSE00000957235_018	g0418	train
ENSE00000957325_001	g0419	train
ENSE00000957325_002	g0419	train
ENSE00000957325_003	g0419	train
ENSE00000957325_004	g0419	train
ENSE00000957325_005	g0419	train
ENSE00000957325_006	g0419	train
ENSE00000957325_007	g0419	train
ENSE00000957325_008	g0419	train
ENSE00000957325_009	g0419	train
ENSE00000957325_010	g0419	train
ENSE00000957325_013	g0419	train
ENSE00000957325_014	g0419	train
ENSE00000957325_015	g0419	train
ENSE00000957325_016	g0419	train
ENSE00000957325_017	g0419	train
ENSE00000957325_019	g0419	train
ENSE00000957489_001	g0420	test
ENSE00000957489_002	g0420	test
ENSE00000957489_003	g0420	test
ENSE00000957489_004	g0420	test
ENSE00000957489_005	g0420	test
ENSE00000957489_007	g0420	test
ENSE00000957489_008	g0420	test
ENSE00000957489_010	g0420	test
ENSE00000957489_011	g0420	test
ENSE00000957489_012	g0420	test
ENSE00000957489_013	g0420	test
ENSE00000957489_014	g0420	test
ENSE00000957489_015	g0420	test
ENSE00000957489_016	g0420	test
ENSE00000957489_017	g0420	test
ENSE00000957489_018	g0420	test
ENSE00000957489_019	g0420	test
ENSE00000957489_020	g0420	test
ENSE00000957489_021	g0420	test
ENSE00000957489_023	g0420	test
ENSE00000957489_025	g0420	test
ENSE00000957784_004	g0421	train
ENSE00000957784_012	g0421	train
ENSE00000957784_019	g0421	train
ENSE00000957945_003	g0422	test
ENSE00000957945_004	g0422	test
ENSE00000957945_010	g0422	test
ENSE00000957945_012	g0422	test
ENSE00000957945_022	g0422	test
ENSE00000958445_002	g0423	train
ENSE00000958445_007	g0423	train
ENSE00000958445_008	g0423	train
ENSE00000958445_009	g0423	train
ENSE00000958445_011	g0423	train
ENSE00000958445_012	g0423	train
ENSE00000958445_021	g0423	train
ENSE00000958445_023	g0423	train
ENSE00000958445_025	g0423	train
ENSE00000958989_002	g0424	train
ENSE00000958989_003	g0424	train
ENSE00000958989_004	g0424	train
ENSE00000958989_005	g0424	train
ENSE00000958989_007	g0424	train
ENSE00000958989_010	g0424	train
ENSE00000958989_011	g0424	train
ENSE00000958989_012	g0424	train
ENSE00000958989_013	g0424	train
ENSE00000958989_014	g0424	train
ENSE00000958989_015	g0424	train
ENSE00000958989_016	g0424	train
ENSE00000958989_017	g0424	train
ENSE00000958989_018	g0424	train
ENSE00000958989_019	g0424	train
ENSE00000958989_020	g0424	train
ENSE00000958989_021	g0424	train
ENSE00000959081_001	g0425	train
ENSE00000959081_002	g0425	train
ENSE00000959081_003	g0425	train
ENSE00000959081_004	g0425	train
ENSE00000959081_005	g0425	train
ENSE00000959081_006	g0425	train
ENSE00000959081_008	g0425	train
ENSE00000959081_010	g0425	train
ENSE00000959081_011	g0425	train
ENSE00000959081_014	g0425	train
ENSE00000959231_003	g0426	test
ENSE00000959231_005	g0426	test
ENSE00000959231_006	g0426	test
ENSE00000959231_009	g0426	test
ENSE00000959231_010	g0426	test
ENSE00000959231_011	g0426	test
ENSE00000959231_013	g0426	test
ENSE00000959231_014	g0426	test
ENSE00000959231_015	g0426	test
ENSE00000959231_019	g0426	test
ENSE00000959231_020	g0426	test
ENSE00000959231_024	g0426	test
ENSE00000959231_025	g0426	test
ENSE00000959231_026	g0426	test
ENSE00000959231_028	g0426	test
ENSE00000959601_003	g0427	train
ENSE00000959601_004	g0427	train
ENSE00000959601_005	g0427	train
ENSE00000959601_007	g0427	train
ENSE00000959601_008	g0427	train
ENSE00000959601_009	g0427	train
ENSE00000959601_010	g0427	train
ENSE00000959601_012	g0427	train
ENSE00000959601_013	g0427	train
ENSE00000959601_014	g0427	train
ENSE00000959602_001	g0427	train
ENSE00000959602_002	g0427	train
ENSE00000959602_003	g0427	train
ENSE00000959602_005	g0427	train
ENSE00000959602_006	g0427	train
ENSE00000959602_007	g0427	train
ENSE00000959602_008	g0427	train
ENSE00000959602_010	g0427	train
ENSE00000959602_012	g0427	train
ENSE00000959602_014	g0427	train
ENSE00000959602_015	g0427	train
ENSE00000959602_016	g0427	train
ENSE00000959602_017	g0427	train
ENSE00000959602_019	g0427	train
ENSE00000959602_020	g0427	train
ENSE00000959602_023	g0427	train
ENSE00000959602_024	g0427	train
ENSE00000959672_001	g0428	test
ENSE00000959672_013	g0428	test
ENSE00000959672_015	g0428	test
ENSE00000959672_026	g0428	test
ENSE00000959672_027	g0428	test
ENSE00000959672_028	g0428	test
ENSE00000961221_002	g0429	train
ENSE00000961221_004	g0429	train
ENSE00000961384_002	g0430	train
ENSE00000961384_003	g0430	train
ENSE00000961384_004	g0430	train
ENSE00000961384_005	g0430	train
ENSE00000961384_007	g0430	train
ENSE00000961384_008	g0430	train
ENSE00000961384_010	g0430	train
ENSE00000961384_011	g0430	train
ENSE00000961384_012	g0430	train
ENSE00000961384_014	g0430	train
ENSE00000961384_015	g0430	train
ENSE00000961384_016	g0430	train
ENSE00000961384_018	g0430	train
ENSE00000961384_020	g0430	train
ENSE00000963279_001	g0431	train
ENSE00000963279_002	g0431	train
ENSE00000963279_003	g0431	train
ENSE00000963279_004	g0431	train
ENSE00000963279_006	g0431	train
ENSE00000963279_008	g0431	train
ENSE00000963279_009	g0431	train
ENSE00000963279_010	g0431	train
ENSE00000963279_011	g0431	train
ENSE00000963279_012	g0431	train
ENSE00000963279_013	g0431	train
ENSE00000963279_014	g0431	train
ENSE00000963279_015	g0431	train
ENSE00000963279_019	g0431	train
ENSE00000963279_021	g0431	train
ENSE00000963279_022	g0431	train
ENSE00000963279_023	g0431	train
ENSE00000963279_024	g0431	train
ENSE00000963940_001	g0432	train
ENSE00000963940_002	g0432	train
ENSE00000963940_003	g0432	train
ENSE00000963940_004	g0432	train
ENSE00000963940_005	g0432	train
ENSE00000963940_006	g0432	train
ENSE00000963940_007	g0432	train
ENSE00000963940_008	g0432	train
ENSE00000963940_009	g0432	train
ENSE00000963940_010	g0432	train
ENSE00000963940_011	g0432	train
ENSE00000963940_013	g0432	train
ENSE00000963940_014	g0432	train
ENSE00000963940_015	g0432	train
ENSE00000963940_016	g0432	train
ENSE00000963940_017	g0432	train
ENSE00000963940_018	g0432	train
ENSE00000963940_019	g0432	train
ENSE00000963940_020	g0432	train
ENSE00000963940_021	g0432	train
ENSE00000963940_022	g0432	train
ENSE00000963940_023	g0432	train
ENSE00000963940_024	g0432	train
ENSE00000963940_025	g0432	train
ENSE00000964036_001	g0433	test
ENSE00000964036_002	g0433	test
ENSE00000964036_009	g0433	test
ENSE00000964036_011	g0433	test
ENSE00000964036_012	g0433	test
ENSE00000964036_015	g0433	test
ENSE00000964036_018	g0433	test
ENSE00000964068_001	g0434	train
ENSE00000964068_002	g0434	train
ENSE00000964068_004	g0434	train
ENSE00000964068_006	g0434	train
ENSE00000964068_007	g0434	train
ENSE00000964068_009	g0434	train
ENSE00000964068_010	g0434	train
ENSE00000964068_013	g0434	train
ENSE00000964068_017	g0434	train
ENSE00000965047_001	g0435	train
ENSE00000965047_002	g0435	train
ENSE00000965047_003	g0435	train
ENSE00000965047_004	g0435	train
ENSE00000965047_006	g0435	train
ENSE00000965047_007	g0435	train
ENSE00000965047_008	g0435	train
ENSE00000965047_009	g0435	train
ENSE00000965047_013	g0435	train
ENSE00000965047_015	g0435	train
ENSE00000965048_002	g0435	train
ENSE00000965048_003	g0435	train
ENSE00000965048_004	g0435	train
ENSE00000965048_005	g0435	train
ENSE00000965048_006	g0435	train
ENSE00000965048_007	g0435	train
ENSE00000965048_009	g0435	train
ENSE00000965048_012	g0435	train
ENSE00000965048_014	g0435	train
ENSE00000965048_015	g0435	train
ENSE00000965048_018	g0435	train
ENSE00000965048_019	g0435	train
ENSE00000965351_001	g0436	train
ENSE00000965351_002	g0436	train
ENSE00000965351_003	g0436	train
ENSE00000965351_004	g0436	train
ENSE00000965351_005	g0436	train
ENSE00000965351_006	g0436	train
ENSE00000965351_008	g0436	train
ENSE00000965351_009	g0436	train
ENSE00000965351_010	g0436	train
ENSE00000965351_011	g0436	train
ENSE00000965351_012	g0436	train
ENSE00000965351_013	g0436	train
ENSE00000965351_014	g0436	train
ENSE00000965351_017	g0436	train
ENSE00000965351_018	g0436	train
ENSE00000965351_020	g0436	train
ENSE00000965351_021	g0436	train
ENSE00000965351_022	g0436	train
ENSE00000965351_023	g0436	train
ENSE00000965351_024	g0436	train
ENSE00000965903_003	g0437	train
ENSE00000965903_005	g0437	train
ENSE00000965903_006	g0437	train
ENSE00000965903_007	g0437	train
ENSE00000965903_009	g0437	train
ENSE00000965903_010	g0437	train
ENSE00000965903_012	g0437	train
ENSE00000965903_014	g0437	train
ENSE00000965903_016	g0437	train
ENSE00000965903_020	g0437	train
ENSE00000965903_023	g0437	train
ENSE00000965903_024	g0437	train
ENSE00000965903_025	g0437	train
ENSE00000965903_026	g0437	train
ENSE00000967342_005	g0438	train
ENSE00000967369_003	g0439	train
ENSE00000967369_005	g0439	train
ENSE00000967767_001	g0440	train
ENSE00000967767_002	g0440	train
ENSE00000967767_003	g0440	train
ENSE00000967767_004	g0440	train
ENSE00000967767_007	g0440	train
ENSE00000967767_008	g0440	train
ENSE00000967767_010	g0440	train
ENSE00000967767_011	g0440	train
ENSE00000967767_013	g0440	train
ENSE00000967767_014	g0440	train
ENSE00000967767_015	g0440	train
ENSE00000967767_017	g0440	train
ENSE00000967767_018	g0440	train
ENSE00000967767_019	g0440	train
ENSE00000967767_020	g0440	train
ENSE00000967767_021	g0440	train
ENSE00000967767_024	g0440	train
ENSE00000967767_025	g0440	train
ENSE00000967767_026	g0440	train
ENSE00000967767_027	g0440	train
ENSE00000968373_001	g0441	test
ENSE00000968373_002	g0441	test
ENSE00000968373_006	g0441	test
ENSE00000968373_009	g0441	test
ENSE00000968373_014	g0441	test
ENSE00000968373_017	g0441	test
ENSE00000968373_020	g0441	test
ENSE00000968683_001	g0442	test
ENSE00000968683_008	g0442	test
ENSE00000968683_010	g0442	test
ENSE00000968683_011	g0442	test
ENSE00000968683_013	g0442	test
ENSE00000968683_014	g0442	test
ENSE00000968683_016	g0442	test
ENSE00000970780_001	g0443	test
ENSE00000970780_002	g0443	test
ENSE00000970780_003	g0443	test
ENSE00000970780_004	g0443	test
ENSE00000970780_006	g0443	test
ENSE00000970780_007	g0443	test
ENSE00000970780_008	g0443	test
ENSE00000970780_010	g0443	test
ENSE00000970780_013	g0443	test
ENSE00000970780_014	g0443	test
ENSE00000970780_015	g0443	test
ENSE00000970780_017	g0443	test
ENSE00000970780_019	g0443	test
ENSE00000971294_002	g0246	train
ENSE00000971294_003	g0246	train
ENSE00000971294_004	g0246	train
ENSE00000971294_005	g0246	train
ENSE00000971294_006	g0246	train
ENSE00000971294_008	g0246	train
ENSE00000971294_012	g0246	train
ENSE00000971294_014	g0246	train
ENSE00000971294_015	g0246	train
ENSE00000971294_016	g0246	train
ENSE00000971294_017	g0246	train
ENSE00000971294_018	g0246	train
ENSE00000971294_020	g0246	train
ENSE00000971294_021	g0246	train
ENSE00000971855_001	g0444	train
ENSE00000971855_002	g0444	train
ENSE00000971855_004	g0444	train
ENSE00000971855_005	g0444	train
ENSE00000971855_006	g0444	train
ENSE00000971855_007	g0444	train
ENSE00000971855_008	g0444	train
ENSE00000971855_009	g0444	train
ENSE00000971855_012	g0444	train
ENSE00000971855_013	g0444	train
ENSE00000971855_014	g0444	train
ENSE00000971855_015	g0444	train
ENSE00000971855_016	g0444	train
ENSE00000971855_017	g0444	train
ENSE00000972915_002	g0445	train
ENSE00000972915_003	g0445	train
ENSE00000972915_004	g0445	train
ENSE00000972915_006	g0445	train
ENSE00000972915_010	g0445	train
ENSE00000972915_011	g0445	train
ENSE00000972915_012	g0445	train
ENSE00000972915_013	g0445	train
ENSE00000972915_014	g0445	train
ENSE00000972915_015	g0445	train
ENSE00000972915_018	g0445	train
ENSE00000972915_021	g0445	train
ENSE00000972915_022	g0445	train
ENSE00000972915_025	g0445	train
ENSE00000972915_027	g0445	train
ENSE00000972919_006	g0445	train
ENSE00000972919_007	g0445	train
ENSE00000972919_009	g0445	train
ENSE00000972919_010	g0445	train
ENSE00000972919_011	g0445	train
ENSE00000972919_014	g0445	train
ENSE00000972919_015	g0445	train
ENSE00000972919_019	g0445	train
ENSE00000972919_021	g0445	train
ENSE00000972919_022	g0445	train
ENSE00000972919_023	g0445	train
ENSE00000972919_025	g0445	train
ENSE00000972919_027	g0445	train
ENSE00000972919_028	g0445	train
ENSE00000972920_001	g0445	train
ENSE00000972920_002	g0445	train
ENSE00000972920_003	g0445	train
ENSE00000972920_004	g0445	train
ENSE00000972920_005	g0445	train
ENSE00000972920_007	g0445	train
ENSE00000972920_009	g0445	train
ENSE00000972920_011	g0445	train
ENSE00000972920_013	g0445	train
ENSE00000972920_014	g0445	train
ENSE00000972920_015	g0445	train
ENSE00000972920_018	g0445	train
ENSE00000972920_019	g0445	train
ENSE00000972920_020	g0445	train
ENSE00000972920_021	g0445	train
ENSE00000972920_022	g0445	train
ENSE00000972920_023	g0445	train
ENSE00000972920_024	g0445	train
ENSE00000978542_001	g0446	test
ENSE00000978542_002	g0446	test
ENSE00000978542_006	g0446	test
ENSE00000978542_011	g0446	test
ENSE00000979338_001	g0447	test
ENSE00000979338_002	g0447	test
ENSE00000979338_003	g0447	test
ENSE00000979338_004	g0447	test
ENSE00000979338_005	g0447	test
ENSE00000979338_006	g0447	test
ENSE00000979338_007	g0447	test
ENSE00000979338_008	g0447	test
ENSE00000979338_009	g0447	test
ENSE00000979338_010	g0447	test
ENSE00000979338_011	g0447	test
ENSE00000979338_012	g0447	test
ENSE00000979338_013	g0447	test
ENSE00000979338_014	g0447	test
ENSE00000979338_015	g0447	test
ENSE00000979338_016	g0447	test
ENSE00000979338_017	g0447	test
ENSE00000979338_020	g0447	test
ENSE00000979338_021	g0447	test
ENSE00000979338_023	g0447	test
ENSE00000979338_024	g0447	test
ENSE00000979338_025	g0447	test
ENSE00000979462_002	g0448	train
ENSE00000979462_003	g0448	train
ENSE00000979462_007	g0448	train
ENSE00000979462_008	g0448	train
ENSE00000979593_002	g0449	train
ENSE00000979593_004	g0449	train
ENSE00000979593_006	g0449	train
ENSE00000979593_009	g0449	train
ENSE00000979593_010	g0449	train
ENSE00000979593_013	g0449	train
ENSE00000979593_015	g0449	train
ENSE00000979593_016	g0449	train
ENSE00000979593_018	g0449	train
ENSE00000979593_019	g0449	train
ENSE00000979593_020	g0449	train
ENSE00000979593_022	g0449	train
ENSE00000979593_024	g0449	train
ENSE00000979593_030	g0449	train
ENSE00000979593_034	g0449	train
ENSE00000979998_001	g0450	train
ENSE00000979998_002	g0450	train
ENSE00000979998_003	g0450	train
ENSE00000979998_004	g0450	train
ENSE00000979998_005	g0450	train
ENSE00000979998_006	g0450	train
ENSE00000979998_007	g0450	train
ENSE00000979998_008	g0450	train
ENSE00000979998_009	g0450	train
ENSE00000979998_010	g0450	train
ENSE00000979998_011	g0450	train
ENSE00000979998_012	g0450	train
ENSE00000979998_013	g0450	train
ENSE00000979998_014	g0450	train
ENSE00000979998_015	g0450	train
ENSE00000979998_016	g0450	train
ENSE00000979998_017	g0450	train
ENSE00000979998_018	g0450	train
ENSE00000979998_019	g0450	train
ENSE00000979998_020	g0450	train
ENSE00000979998_021	g0450	train
ENSE00000979998_025	g0450	train
ENSE00000980091_001	g0451	test
ENSE00000980091_003	g0451	test
ENSE00000980091_005	g0451	test
ENSE00000980091_008	g0451	test
ENSE00000980091_009	g0451	test
ENSE00000980091_010	g0451	test
ENSE00000980091_011	g0451	test
ENSE00000980091_013	g0451	test
ENSE00000980091_014	g0451	test
ENSE00000980091_015	g0451	test
ENSE00000980091_016	g0451	test
ENSE00000980091_017	g0451	test
ENSE00000980091_018	g0451	test
ENSE00000980091_022	g0451	test
ENSE00000980091_024	g0451	test
ENSE00000980091_025	g0451	test
ENSE00000980091_026	g0451	test
ENSE00000980091_027	g0451	test
ENSE00000980091_028	g0451	test
ENSE00000980091_029	g0451	test
ENSE00000980159_002	g0452	train
ENSE00000980159_003	g0452	train
ENSE00000980159_004	g0452	train
ENSE00000980159_005	g0452	train
ENSE00000980159_006	g0452	train
ENSE00000980159_007	g0452	train
ENSE00000980159_008	g0452	train
ENSE00000980159_010	g0452	train
ENSE00000980159_011	g0452	train
ENSE00000980159_013	g0452	train
ENSE00000980159_014	g0452	train
ENSE00000980159_015	g0452	train
ENSE00000980159_016	g0452	train
ENSE00000980222_001	g0453	test
ENSE00000980222_002	g0453	test
ENSE00000980222_004	g0453	test
ENSE00000980222_005	g0453	test
ENSE00000980222_007	g0453	test
ENSE00000980222_008	g0453	test
ENSE00000980222_009	g0453	test
ENSE00000980222_010	g0453	test
ENSE00000980222_011	g0453	test
ENSE00000980222_014	g0453	test
ENSE00000980222_015	g0453	test
ENSE00000980222_016	g0453	test
ENSE00000980222_017	g0453	test
ENSE00000980222_018	g0453	test
ENSE00000980222_019	g0453	test
ENSE00000980222_020	g0453	test
ENSE00000980222_023	g0453	test
ENSE00000980222_024	g0453	test
ENSE00000980222_025	g0453	test
ENSE00000980222_026	g0453	test
ENSE00000980705_003	g0454	train
ENSE00000980705_004	g0454	train
ENSE00000980705_009	g0454	train
ENSE00000980705_010	g0454	train
ENSE00000980705_011	g0454	train
ENSE00000980705_012	g0454	train
ENSE00000980705_014	g0454	train
ENSE00000980705_017	g0454	train
ENSE00000980705_019	g0454	train
ENSE00000980705_020	g0454	train
ENSE00000980705_025	g0454	train
ENSE00000980705_027	g0454	train
ENSE00000980705_028	g0454	train
ENSE00000980705_029	g0454	train
ENSE00000981027_001	g0455	train
ENSE00000981027_002	g0455	train
ENSE00000981027_003	g0455	train
ENSE00000981027_006	g0455	train
ENSE00000981027_008	g0455	train
ENSE00000981027_009	g0455	train
ENSE00000981027_010	g0455	train
ENSE00000981027_012	g0455	train
ENSE00000981027_013	g0455	train
ENSE00000981027_014	g0455	train
ENSE00000981027_015	g0455	train
ENSE00000981027_018	g0455	train
ENSE00000981027_020	g0455	train
ENSE00000981027_025	g0455	train
ENSE00000981027_026	g0455	train
ENSE00000981027_027	g0455	train
ENSE00000981027_028	g0455	train
ENSE00000981027_029	g0455	train
ENSE00000982982_002	g0219	test
ENSE00000982982_003	g0219	test
ENSE00000982982_006	g0219	test
ENSE00000982982_007	g0219	test
ENSE00000982982_008	g0219	test
ENSE00000982982_010	g0219	test
ENSE00000982982_013	g0219	test
ENSE00000982982_015	g0219	test
ENSE00000982982_017	g0219	test
ENSE00000982982_020	g0219	test
ENSE00000982982_022	g0219	test
ENSE00000982982_023	g0219	test
ENSE00000982982_024	g0219	test
ENSE00000983778_002	g0456	test
ENSE00000983778_003	g0456	test
ENSE00000983778_005	g0456	test
ENSE00000983778_007	g0456	test
ENSE00000983778_008	g0456	test
ENSE00000983778_011	g0456	test
ENSE00000983778_012	g0456	test
ENSE00000983778_013	g0456	test
ENSE00000983778_014	g0456	test
ENSE00000983778_015	g0456	test
ENSE00000983778_016	g0456	test
ENSE00000983778_019	g0456	test
ENSE00000983778_021	g0456	test
ENSE00000983778_024	g0456	test
ENSE00000983778_025	g0456	test
ENSE00000983778_026	g0456	test
ENSE00000983778_027	g0456	test
ENSE00000983791_004	g0456	test
ENSE00000983798_001	g0456	test
ENSE00000983798_003	g0456	test
ENSE00000983798_004	g0456	test
ENSE00000983798_006	g0456	test
ENSE00000983798_007	g0456	test
ENSE00000983798_008	g0456	test
ENSE00000983798_009	g0456	test
ENSE00000983798_010	g0456	test
ENSE00000983798_012	g0456	test
ENSE00000983798_013	g0456	test
ENSE00000983798_014	g0456	test
ENSE00000983798_015	g0456	test
ENSE00000983798_016	g0456	test
ENSE00000983798_017	g0456	test
ENSE00000983798_018	g0456	test
ENSE00000983798_020	g0456	test
ENSE00000983798_022	g0456	test
ENSE00000983798_023	g0456	test
ENSE00000983798_025	g0456	test
ENSE00000983798_026	g0456	test
ENSE00000983798_027	g0456	test
ENSE00000983798_028	g0456	test
ENSE00000983798_029	g0456	test
ENSE00000983872_001	g0457	train
ENSE00000983872_002	g0457	train
ENSE00000983872_003	g0457	train
ENSE00000983872_004	g0457	train
ENSE00000983872_006	g0457	train
ENSE00000983872_009	g0457	train
ENSE00000983872_011	g0457	train
ENSE00000983872_014	g0457	train
ENSE00000983872_015	g0457	train
ENSE00000983872_018	g0457	train
ENSE00000983872_019	g0457	train
ENSE00000983872_020	g0457	train
ENSE00000983872_021	g0457	train
ENSE00000983872_022	g0457	train
ENSE00000983872_025	g0457	train
ENSE00000983872_026	g0457	train
ENSE00000983872_028	g0457	train
ENSE00000983872_029	g0457	train
ENSE00000983872_030	g0457	train
ENSE00000984671_001	g0458	train
ENSE00000984671_002	g0458	train
ENSE00000984671_003	g0458	train
ENSE00000984671_004	g0458	train
ENSE00000984671_005	g0458	train
ENSE00000984671_008	g0458	train
ENSE00000984671_009	g0458	train
ENSE00000984671_012	g0458	train
ENSE00000984776_002	g0459	train
ENSE00000984776_003	g0459	train
ENSE00000984776_005	g0459	train
ENSE00000984776_006	g0459	train
ENSE00000984776_007	g0459	train
ENSE00000984776_008	g0459	train
ENSE00000984776_009	g0459	train
ENSE00000984776_011	g0459	train
ENSE00000984776_012	g0459	train
ENSE00000984776_014	g0459	train
ENSE00000985435_001	g0460	train
ENSE00000985435_002	g0460	train
ENSE00000985435_003	g0460	train
ENSE00000985435_004	g0460	train
ENSE00000985435_005	g0460	train
ENSE00000985435_008	g0460	train
ENSE00000985435_010	g0460	train
ENSE00000985435_011	g0460	train
ENSE00000985435_013	g0460	train
ENSE00000985435_014	g0460	train
ENSE00000985435_015	g0460	train
ENSE00000985435_016	g0460	train
ENSE00000985435_019	g0460	train
ENSE00000985435_020	g0460	train
ENSE00000985435_021	g0460	train
ENSE00000985435_022	g0460	train
ENSE00000985435_023	g0460	train
ENSE00000985435_024	g0460	train
ENSE00000986190_001	g0461	train
ENSE00000986190_002	g0461	train
ENSE00000986190_006	g0461	train
ENSE00000986190_007	g0461	train
ENSE00000986190_009	g0461	train
ENSE00000986190_010	g0461	train
ENSE00000986190_012	g0461	train
ENSE00000986190_014	g0461	train
ENSE00000986190_015	g0461	train
ENSE00000986190_017	g0461	train
ENSE00000986190_018	g0461	train
ENSE00000986190_019	g0461	train
ENSE00000986190_020	g0461	train
ENSE00000986190_022	g0461	train
ENSE00000986190_023	g0461	train
ENSE00000986190_024	g0461	train
ENSE00000986190_026	g0461	train
ENSE00000986573_001	g0462	train
ENSE00000986573_002	g0462	train
ENSE00000986573_004	g0462	train
ENSE00000986573_005	g0462	train
ENSE00000986573_006	g0462	train
ENSE00000986573_007	g0462	train
ENSE00000986573_009	g0462	train
ENSE00000986573_010	g0462	train
ENSE00000986573_011	g0462	train
ENSE00000986573_012	g0462	train
ENSE00000986573_013	g0462	train
ENSE00000986573_015	g0462	train
ENSE00000986573_016	g0462	train
ENSE00000986573_017	g0462	train
ENSE00000986573_018	g0462	train
ENSE00000986573_019	g0462	train
ENSE00000986573_020	g0462	train
ENSE00000986573_021	g0462	train
ENSE00000986573_022	g0462	train
ENSE00000986573_023	g0462	train
ENSE00000986573_024	g0462	train
ENSE00000986573_025	g0462	train
ENSE00000987087_002	g0463	train
ENSE00000987087_004	g0463	train
ENSE00000987087_005	g0463	train
ENSE00000987087_006	g0463	train
ENSE00000987087_010	g0463	train
ENSE00000987087_011	g0463	train
ENSE00000987087_012	g0463	train
ENSE00000987087_013	g0463	train
ENSE00000987087_014	g0463	train
ENSE00000987087_015	g0463	train
ENSE00000987087_017	g0463	train
ENSE00000987087_018	g0463	train
ENSE00000987087_023	g0463	train
ENSE00000987087_026	g0463	train
ENSE00000987087_027	g0463	train
ENSE00000987087_028	g0463	train
ENSE00000987093_001	g0463	train
ENSE00000987093_003	g0463	train
ENSE00000987093_004	g0463	train
ENSE00000987093_008	g0463	train
ENSE00000987093_012	g0463	train
ENSE00000987093_013	g0463	train
ENSE00000987093_016	g0463	train
ENSE00000987093_017	g0463	train
ENSE00000987093_018	g0463	train
ENSE00000987093_019	g0463	train
ENSE00000987093_020	g0463	train
ENSE00000987093_021	g0463	train
ENSE00000987093_024	g0463	train
ENSE00000987093_025	g0463	train
ENSE00000987093_026	g0463	train
ENSE00000987603_001	g0464	test
ENSE00000987603_002	g0464	test
ENSE00000987603_003	g0464	test
ENSE00000987603_004	g0464	test
ENSE00000987603_006	g0464	test
ENSE00000987603_007	g0464	test
ENSE00000987603_008	g0464	test
ENSE00000987603_009	g0464	test
ENSE00000987603_010	g0464	test
ENSE00000987603_011	g0464	test
ENSE00000987603_012	g0464	test
ENSE00000987603_013	g0464	test
ENSE00000987603_014	g0464	test
ENSE00000987603_015	g0464	test
ENSE00000987603_016	g0464	test
ENSE00000987603_017	g0464	test
ENSE00000987603_019	g0464	test
ENSE00000987603_021	g0464	test
ENSE00000987603_022	g0464	test
ENSE00000987603_023	g0464	test
ENSE00000987603_024	g0464	test
ENSE00000987603_025	g0464	test
ENSE00000987603_026	g0464	test
ENSE00000987603_027	g0464	test
ENSE00000987787_001	g0465	train
ENSE00000987787_004	g0465	train
ENSE00000987787_007	g0465	train
ENSE00000987787_008	g0465	train
ENSE00000987787_009	g0465	train
ENSE00000987787_010	g0465	train
ENSE00000987787_012	g0465	train
ENSE00000987787_014	g0465	train
ENSE00000987787_015	g0465	train
ENSE00000987787_016	g0465	train
ENSE00000987787_017	g0465	train
ENSE00000987787_019	g0465	train
ENSE00000987787_020	g0465	train
ENSE00000987787_021	g0465	train
ENSE00000988842_001	g0466	train
ENSE00000988842_002	g0466	train
ENSE00000988842_004	g0466	train
ENSE00000988842_005	g0466	train
ENSE00000988842_006	g0466	train
ENSE00000988842_008	g0466	train
ENSE00000988842_009	g0466	train
ENSE00000988842_010	g0466	train
ENSE00000988842_012	g0466	train
ENSE00000988842_013	g0466	train
ENSE00000988842_014	g0466	train
ENSE00000988842_015	g0466	train
ENSE00000988842_016	g0466	train
ENSE00000988842_017	g0466	train
ENSE00000989799_006	g0467	test
ENSE00000989799_007	g0467	test
ENSE00000989799_010	g0467	test
ENSE00000989799_012	g0467	test
ENSE00000989799_013	g0467	test
ENSE00000989799_016	g0467	test
ENSE00000989799_018	g0467	test
ENSE00000989799_020	g0467	test
ENSE00000989809_002	g0467	test
ENSE00000989809_003	g0467	test
ENSE00000989809_004	g0467	test
ENSE00000989809_007	g0467	test
ENSE00000989809_008	g0467	test
ENSE00000989809_011	g0467	test
ENSE00000989809_012	g0467	test
ENSE00000989809_013	g0467	test
ENSE00000989809_014	g0467	test
ENSE00000989809_015	g0467	test
ENSE00000989809_016	g0467	test
ENSE00000989809_017	g0467	test
ENSE00000989809_019	g0467	test
ENSE00000989842_001	g0468	test
ENSE00000989842_002	g0468	test
ENSE00000989842_003	g0468	test
ENSE00000989842_004	g0468	test
ENSE00000989842_005	g0468	test
ENSE00000989842_006	g0468	test
ENSE00000989842_007	g0468	test
ENSE00000989842_009	g0468	test
ENSE00000989842_010	g0468	test
ENSE00000989842_012	g0468	test
ENSE00000989842_013	g0468	test
ENSE00000989842_014	g0468	test
ENSE00000989842_015	g0468	test
ENSE00000989842_016	g0468	test
ENSE00000989842_017	g0468	test
ENSE00000990062_001	g0469	train
ENSE00000990062_002	g0469	train
ENSE00000990062_004	g0469	train
ENSE00000990062_005	g0469	train
ENSE00000990062_006	g0469	train
ENSE00000990062_007	g0469	train
ENSE00000990062_008	g0469	train
ENSE00000990062_009	g0469	train
ENSE00000990062_011	g0469	train
ENSE00000990062_012	g0469	train
ENSE00000990062_014	g0469	train
ENSE00000990062_015	g0469	train
ENSE00000990062_021	g0469	train
ENSE00000990062_022	g0469	train
ENSE00000990062_023	g0469	train
ENSE00000990062_024	g0469	train
ENSE00000990062_025	g0469	train
ENSE00000990062_026	g0469	train
ENSE00000990062_028	g0469	train
ENSE00000990062_029	g0469	train
ENSE00000990062_030	g0469	train
ENSE00000990062_031	g0469	train
ENSE00000990062_032	g0469	train
ENSE00000990062_033	g0469	train
ENSE00000990062_034	g0469	train
ENSE00000990062_035	g0469	train
ENSE00000990368_002	g0470	train
ENSE00000990368_003	g0470	train
ENSE00000990368_004	g0470	train
ENSE00000990368_005	g0470	train
ENSE00000990368_006	g0470	train
ENSE00000990368_007	g0470	train
ENSE00000990368_008	g0470	train
ENSE00000990368_009	g0470	train
ENSE00000990368_010	g0470	train
ENSE00000990368_011	g0470	train
ENSE00000990368_012	g0470	train
ENSE00000990368_013	g0470	train
ENSE00000990368_014	g0470	train
ENSE00000990368_015	g0470	train
ENSE00000990368_016	g0470	train
ENSE00000990368_017	g0470	train
ENSE00000990752_001	g0471	train
ENSE00000990752_002	g0471	train
ENSE00000990752_003	g0471	train
ENSE00000990752_004	g0471	train
ENSE00000990752_005	g0471	train
ENSE00000990752_006	g0471	train
ENSE00000990752_007	g0471	train
ENSE00000990752_008	g0471	train
ENSE00000990752_009	g0471	train
ENSE00000990752_011	g0471	train
ENSE00000991632_003	g0472	train
ENSE00000991632_008	g0472	train
ENSE00000991632_009	g0472	train
ENSE00000991632_010	g0472	train
ENSE00000991632_013	g0472	train
ENSE00000991632_014	g0472	train
ENSE00000991632_016	g0472	train
ENSE00000991632_017	g0472	train
ENSE00000991632_020	g0472	train
ENSE00000991702_025	g0473	train
ENSE00000991771_001	g0474	train
ENSE00000991771_002	g0474	train
ENSE00000991771_003	g0474	train
ENSE00000991771_005	g0474	train
ENSE00000991771_006	g0474	train
ENSE00000991771_007	g0474	train
ENSE00000991771_008	g0474	train
ENSE00000991771_009	g0474	train
ENSE00000991771_010	g0474	train
ENSE00000991771_011	g0474	train
ENSE00000991771_012	g0474	train
ENSE00000991771_013	g0474	train
ENSE00000991771_014	g0474	train
ENSE00000991771_015	g0474	train
ENSE00000991771_017	g0474	train
ENSE00000991771_018	g0474	train
ENSE00000991771_019	g0474	train
ENSE00000991771_020	g0474	train
ENSE00000991771_021	g0474	train
ENSE00000991771_022	g0474	train
ENSE00000991771_023	g0474	train
ENSE00000991771_024	g0474	train
ENSE00000991771_025	g0474	train
ENSE00000991771_026	g0474	train
ENSE00000991771_027	g0474	train
ENSE00000991771_028	g0474	train
ENSE00000991771_029	g0474	train
ENSE00000991771_030	g0474	train
ENSE00000991771_031	g0474	train
ENSE00000996423_001	g0475	train
ENSE00000996423_004	g0475	train
ENSE00000996423_006	g0475	train
ENSE00000996423_007	g0475	train
ENSE00000996423_010	g0475	train
ENSE00000996423_011	g0475	train
ENSE00000996423_012	g0475	train
ENSE00000996423_014	g0475	train
ENSE00000996423_018	g0475	train
ENSE00000996423_019	g0475	train
ENSE00000996872_003	g0476	test
ENSE00000996872_010	g0476	test
ENSE00000996872_011	g0476	test
ENSE00000996872_016	g0476	test
ENSE00000996872_017	g0476	test
ENSE00000997922_001	g0477	test
ENSE00000997922_002	g0477	test
ENSE00000997922_003	g0477	test
ENSE00000997922_004	g0477	test
ENSE00000997922_005	g0477	test
ENSE00000997922_006	g0477	test
ENSE00000997922_008	g0477	test
ENSE00000997922_011	g0477	test
ENSE00000997922_012	g0477	test
ENSE00000997922_013	g0477	test
ENSE00000997922_014	g0477	test
ENSE00000997922_015	g0477	test
ENSE00000997922_016	g0477	test
ENSE00000997922_017	g0477	test
ENSE00000997922_018	g0477	test
ENSE00000997922_020	g0477	test
ENSE00000997922_023	g0477	test
ENSE00000997925_001	g0477	test
ENSE00000997925_004	g0477	test
ENSE00000997925_006	g0477	test
ENSE00000997925_009	g0477	test
ENSE00000997925_010	g0477	test
ENSE00000997925_011	g0477	test
ENSE00000997925_012	g0477	test
ENSE00000997925_013	g0477	test
ENSE00000997925_014	g0477	test
ENSE00000997925_015	g0477	test
ENSE00000997925_016	g0477	test
ENSE00000997925_018	g0477	test
ENSE00000997925_021	g0477	test
ENSE00000997925_025	g0477	test
ENSE00000997925_029	g0477	test
ENSE00000997925_030	g0477	test
ENSE00000997925_032	g0477	test
ENSE00000997938_001	g0477	test
ENSE00000997938_004	g0477	test
ENSE00000997938_005	g0477	test
ENSE00000999243_001	g0478	test
ENSE00000999243_002	g0478	test
ENSE00000999243_003	g0478	test
ENSE00000999243_005	g0478	test
ENSE00000999243_007	g0478	test
ENSE00000999243_008	g0478	test
ENSE00000999243_009	g0478	test
ENSE00000999243_010	g0478	test
ENSE00000999243_012	g0478	test
ENSE00000999243_013	g0478	test
ENSE00000999243_014	g0478	test
ENSE00000999243_015	g0478	test
ENSE00000999243_016	g0478	test
ENSE00000999243_017	g0478	test
ENSE00000999243_018	g0478	test
ENSE00000999243_019	g0478	test
ENSE00000999243_020	g0478	test
ENSE00000999243_021	g0478	test
ENSE00000999243_022	g0478	test
ENSE00000999243_023	g0478	test
ENSE00000999243_024	g0478	test
ENSE00000999243_025	g0478	test
ENSE00000999243_026	g0478	test
ENSE00000999243_027	g0478	test
ENSE00000999243_028	g0478	test
ENSE00000999243_029	g0478	test
ENSE00000999243_030	g0478	test
ENSE00000999243_031	g0478	test
ENSE00000999243_032	g0478	test
ENSE00000999521_001	g0230	train
ENSE00000999521_003	g0230	train
ENSE00000999521_004	g0230	train
ENSE00000999521_005	g0230	train
ENSE00000999521_006	g0230	train
ENSE00000999521_008	g0230	train
ENSE00000999521_010	g0230	train
ENSE00000999521_011	g0230	train
ENSE00000999521_012	g0230	train
ENSE00000999521_013	g0230	train
ENSE00000999521_014	g0230	train
ENSE00000999521_015	g0230	train
ENSE00000999521_016	g0230	train
ENSE00000999521_017	g0230	train
ENSE00000999521_018	g0230	train
ENSE00000999521_020	g0230	train
ENSE00000999521_021	g0230	train
ENSE00000999521_022	g0230	train
ENSE00000999521_023	g0230	train
ENSE00000999521_024	g0230	train
ENSE00000999521_025	g0230	train
ENSE00000999521_026	g0230	train
ENSE00000999521_027	g0230	train
ENSE00000999521_029	g0230	train
ENSE00000999521_031	g0230	train
ENSE00000999521_032	g0230	train
ENSE00000999521_034	g0230	train
ENSE00000999521_035	g0230	train
ENSE00000999521_036	g0230	train
ENSE00000999620_001	g0479	train
ENSE00000999620_002	g0479	train
ENSE00000999620_004	g0479	train
ENSE00000999620_007	g0479	train
ENSE00000999620_010	g0479	train
ENSE00000999620_011	g0479	train
ENSE00000999620_018	g0479	train
ENSE00000999620_019	g0479	train
ENSE00000999620_020	g0479	train
ENSE00000999620_022	g0479	train
ENSE00000999620_023	g0479	train
ENSE00000999635_006	g0479	train
ENSE00000999635_007	g0479	train
ENSE00000999635_014	g0479	train
ENSE00000999635_015	g0479	train
ENSE00000999635_019	g0479	train
ENSE00000999745_004	g0480	train
ENSE00000999745_008	g0480	train
ENSE00000999745_011	g0480	train
ENSE00000999745_013	g0480	train
ENSE00000999745_016	g0480	train
ENSE00000999813_018	g0481	test
ENSE00001000559_001	g0243	train
ENSE00001000559_002	g0243	train
ENSE00001000559_003	g0243	train
ENSE00001000559_007	g0243	train
ENSE00001000559_011	g0243	train
ENSE00001000559_014	g0243	train
ENSE00001000559_016	g0243	train
ENSE00001000559_017	g0243	train
ENSE00001000559_018	g0243	train
ENSE00001000899_003	g0482	train
ENSE00001001090_001	g0483	test
ENSE00001001090_006	g0483	test
ENSE00001001090_009	g0483	test
ENSE00001001090_011	g0483	test
ENSE00001001090_015	g0483	test
ENSE00001001090_016	g0483	test
ENSE00001001090_017	g0483	test
ENSE00001001590_001	g0484	train
ENSE00001002137_001	g0485	train
ENSE00001002137_002	g0485	train
ENSE00001002137_003	g0485	train
ENSE00001002137_004	g0485	train
ENSE00001002137_005	g0485	train
ENSE00001002137_006	g0485	train
ENSE00001002137_007	g0485	train
ENSE00001002137_008	g0485	train
ENSE00001002137_009	g0485	train
ENSE00001002137_010	g0485	train
ENSE00001002137_013	g0485	train
ENSE00001002137_014	g0485	train
ENSE00001002137_015	g0485	train
ENSE00001002137_016	g0485	train
ENSE00001002137_017	g0485	train
ENSE00001002137_018	g0485	train
ENSE00001002137_019	g0485	train
ENSE00001002137_020	g0485	train
ENSE00001002293_001	g0486	train
ENSE00001002293_006	g0486	train
ENSE00001002329_001	g0487	train
ENSE00001002329_004	g0487	train
ENSE00001002329_010	g0487	train
ENSE00001002329_011	g0487	train
ENSE00001002329_013	g0487	train
ENSE00001002329_016	g0487	train
ENSE00001002329_017	g0487	train
ENSE00001002329_022	g0487	train
ENSE00001002968_015	g0488	test
ENSE00001002968_017	g0488	test
ENSE00001003610_001	g0489	train
ENSE00001003610_004	g0489	train
ENSE00001003610_005	g0489	train
ENSE00001003610_007	g0489	train
ENSE00001003610_008	g0489	train
ENSE00001003610_010	g0489	train
ENSE00001003610_012	g0489	train
ENSE00001003610_016	g0489	train
ENSE00001003610_021	g0489	train
ENSE00001003610_024	g0489	train
ENSE00001004127_002	g0490	train
ENSE00001004127_003	g0490	train
ENSE00001004127_004	g0490	train
ENSE00001004127_005	g0490	train
ENSE00001004127_006	g0490	train
ENSE00001004127_007	g0490	train
ENSE00001004127_009	g0490	train
ENSE00001004127_013	g0490	train
ENSE00001004127_015	g0490	train
ENSE00001004127_016	g0490	train
ENSE00001004127_018	g0490	train
ENSE00001004127_019	g0490	train
ENSE00001005869_001	g0491	train
ENSE00001005869_003	g0491	train
ENSE00001005869_004	g0491	train
ENSE00001005869_005	g0491	train
ENSE00001005869_006	g0491	train
ENSE00001005869_007	g0491	train
ENSE00001005869_008	g0491	train
ENSE00001005869_009	g0491	train
ENSE00001005869_010	g0491	train
ENSE00001005869_011	g0491	train
ENSE00001005869_012	g0491	train
ENSE00001005869_013	g0491	train
ENSE00001005869_014	g0491	train
ENSE00001005869_016	g0491	train
ENSE00001005869_017	g0491	train
ENSE00001005869_020	g0491	train
ENSE00001005869_021	g0491	train
ENSE00001005869_022	g0491	train
ENSE00001005869_023	g0491	train
ENSE00001005869_024	g0491	train
ENSE00001006072_006	g0492	train
ENSE00001006072_009	g0492	train
ENSE00001006072_010	g0492	train
ENSE00001006132_001	g0375	train
ENSE00001006132_003	g0375	train
ENSE00001006132_007	g0375	train
ENSE00001006132_014	g0375	train
ENSE00001006190_003	g0493	train
ENSE00001006190_004	g0493	train
ENSE00001006190_009	g0493	train
ENSE00001006190_015	g0493	train
ENSE00001006190_018	g0493	train
ENSE00001006190_020	g0493	train
ENSE00001006190_025	g0493	train
ENSE00001006190_028	g0493	train
ENSE00001007387_003	g0494	test
ENSE00001007387_004	g0494	test
ENSE00001007387_005	g0494	test
ENSE00001007387_006	g0494	test
ENSE00001007387_007	g0494	test
ENSE00001007387_008	g0494	test
ENSE00001007387_009	g0494	test
ENSE00001007387_010	g0494	test
ENSE00001007387_011	g0494	test
ENSE00001007387_012	g0494	test
ENSE00001007387_017	g0494	test
ENSE00001007387_019	g0494	test
ENSE00001007387_020	g0494	test
ENSE00001007387_023	g0494	test
ENSE00001007393_001	g0494	test
ENSE00001007393_002	g0494	test
ENSE00001007393_003	g0494	test
ENSE00001007393_004	g0494	test
ENSE00001007393_005	g0494	test
ENSE00001007393_006	g0494	test
ENSE00001007393_007	g0494	test
ENSE00001007393_011	g0494	test
ENSE00001007393_013	g0494	test
ENSE00001007393_014	g0494	test
ENSE00001007393_015	g0494	test
ENSE00001007393_016	g0494	test
ENSE00001007393_017	g0494	test
ENSE00001007393_018	g0494	test
ENSE00001007393_019	g0494	test
ENSE00001007393_020	g0494	test
ENSE00001007393_022	g0494	test
ENSE00001007393_023	g0494	test
ENSE00001007663_001	g0495	train
ENSE00001007663_003	g0495	train
ENSE00001007663_004	g0495	train
ENSE00001007663_005	g0495	train
ENSE00001007663_006	g0495	train
ENSE00001007663_009	g0495	train
ENSE00001007663_010	g0495	train
ENSE00001007663_012	g0495	train
ENSE00001007663_013	g0495	train
ENSE00001007663_014	g0495	train
ENSE00001007663_015	g0495	train
ENSE00001007663_017	g0495	train
ENSE00001007663_019	g0495	train
ENSE00001007663_020	g0495	train
ENSE00001007663_021	g0495	train
ENSE00001007663_022	g0495	train
ENSE00001008085_001	g0120	test
ENSE00001008085_003	g0120	test
ENSE00001008085_005	g0120	test
ENSE00001008085_007	g0120	test
ENSE00001008085_008	g0120	test
ENSE00001008085_009	g0120	test
ENSE00001008085_010	g0120	test
ENSE00001008085_011	g0120	test
ENSE00001008085_013	g0120	test
ENSE00001008085_018	g0120	test
ENSE00001008085_021	g0120	test
ENSE00001008085_023	g0120	test
ENSE00001008085_024	g0120	test
ENSE00001008085_026	g0120	test
ENSE00001008085_029	g0120	test
ENSE00001008085_030	g0120	test
ENSE00001008594_004	g0496	train
ENSE00001008594_007	g0496	train
ENSE00001008594_008	g0496	train
ENSE00001008594_013	g0496	train
ENSE00001008594_016	g0496	train
ENSE00001008594_018	g0496	train
ENSE00001008594_020	g0496	train
ENSE00001008594_023	g0496	train
ENSE00001008594_026	g0496	train
ENSE00001008594_030	g0496	train
ENSE00001008594_031	g0496	train
ENSE00001008594_032	g0496	train
ENSE00001008594_033	g0496	train
ENSE00001008594_034	g0496	train
ENSE00001008594_036	g0496	train
ENSE00001008594_037	g0496	train
ENSE00001008748_003	g0497	train
ENSE00001008748_004	g0497	train
ENSE00001008748_008	g0497	train
ENSE00001008748_013	g0497	train
ENSE00001008748_021	g0497	train
ENSE00001008748_022	g0497	train
ENSE00001008748_024	g0497	train
ENSE00001008748_025	g0497	train
ENSE00001008748_026	g0497	train
ENSE00001009533_001	g0498	train
ENSE00001009533_004	g0498	train
ENSE00001009533_005	g0498	train
ENSE00001009533_006	g0498	train
ENSE00001009533_007	g0498	train
ENSE00001009533_008	g0498	train
ENSE00001009533_009	g0498	train
ENSE00001009533_011	g0498	train
ENSE00001009533_014	g0498	train
ENSE00001009533_015	g0498	train
ENSE00001009533_017	g0498	train
ENSE00001009533_018	g0498	train
ENSE00001009722_003	g0499	test
ENSE00001009722_012	g0499	test
ENSE00001009722_018	g0499	test
ENSE00001009722_019	g0499	test
ENSE00001009722_021	g0499	test
ENSE00001009722_024	g0499	test
ENSE00001009722_025	g0499	test
ENSE00001009722_028	g0499	test
ENSE00001010742_004	g0500	test
ENSE00001010742_024	g0500	test
ENSE00001011040_002	g0501	test
ENSE00001011040_006	g0501	test
ENSE00001011040_007	g0501	test
ENSE00001011040_012	g0501	test
ENSE00001011040_016	g0501	test
ENSE00001011040_017	g0501	test
ENSE00001011040_018	g0501	test
ENSE00001011040_019	g0501	test
ENSE00001011040_021	g0501	test
ENSE00001011040_023	g0501	test
ENSE00001011370_007	g0502	train
ENSE00001011370_008	g0502	train
ENSE00001011370_009	g0502	train
ENSE00001011370_013	g0502	train
ENSE00001011505_001	g0503	train
ENSE00001011505_002	g0503	train
ENSE00001011505_003	g0503	train
ENSE00001011505_004	g0503	train
ENSE00001011505_006	g0503	train
ENSE00001011505_007	g0503	train
ENSE00001011505_008	g0503	train
ENSE00001011505_009	g0503	train
ENSE00001011505_010	g0503	train
ENSE00001011505_013	g0503	train
ENSE00001011505_015	g0503	train
ENSE00001011505_016	g0503	train
ENSE00001011505_017	g0503	train
ENSE00001011505_018	g0503	train
ENSE00001011505_019	g0503	train
ENSE00001011505_020	g0503	train
ENSE00001011505_021	g0503	train
ENSE00001011505_023	g0503	train
ENSE00001011505_025	g0503	train
ENSE00001011505_026	g0503	train
ENSE00001012081_001	g0504	train
ENSE00001012081_003	g0504	train
ENSE00001012081_007	g0504	train
ENSE00001012081_008	g0504	train
ENSE00001012081_010	g0504	train
ENSE00001012081_012	g0504	train
ENSE00001012081_015	g0504	train
ENSE00001012802_003	g0505	train
ENSE00001012802_004	g0505	train
ENSE00001012802_006	g0505	train
ENSE00001012802_009	g0505	train
ENSE00001012802_010	g0505	train
ENSE00001012802_011	g0505	train
ENSE00001012802_013	g0505	train
ENSE00001012802_014	g0505	train
ENSE00001012802_017	g0505	train
ENSE00001012802_019	g0505	train
ENSE00001012802_020	g0505	train
ENSE00001012802_021	g0505	train
ENSE00001012802_022	g0505	train
ENSE00001012802_023	g0505	train
ENSE00001012802_024	g0505	train
ENSE00001012802_025	g0505	train
ENSE00001012845_001	g0506	train
ENSE00001012845_003	g0506	train
ENSE00001012845_004	g0506	train
ENSE00001012845_006	g0506	train
ENSE00001012845_007	g0506	train
ENSE00001012845_008	g0506	train
ENSE00001012845_010	g0506	train
ENSE00001012845_011	g0506	train
ENSE00001012845_012	g0506	train
ENSE00001012845_013	g0506	train
ENSE00001012845_014	g0506	train
ENSE00001012845_015	g0506	train
ENSE00001012845_016	g0506	train
ENSE00001012845_017	g0506	train
ENSE00001012845_019	g0506	train
ENSE00001012845_020	g0506	train
ENSE00001012845_021	g0506	train
ENSE00001012845_022	g0506	train
ENSE00001012845_023	g0506	train
ENSE00001014143_001	g0507	train
ENSE00001014143_002	g0507	train
ENSE00001014143_004	g0507	train
ENSE00001014143_005	g0507	train
ENSE00001014143_006	g0507	train
ENSE00001014143_008	g0507	train
ENSE00001014143_009	g0507	train
ENSE00001014143_011	g0507	train
ENSE00001014143_012	g0507	train
ENSE00001014143_014	g0507	train
ENSE00001014143_015	g0507	train
ENSE00001014143_016	g0507	train
ENSE00001014143_019	g0507	train
ENSE00001014143_020	g0507	train
ENSE00001014143_021	g0507	train
ENSE00001014143_022	g0507	train
ENSE00001014143_025	g0507	train
ENSE00001014143_026	g0507	train
ENSE00001014143_027	g0507	train
ENSE00001017721_001	g0508	test
ENSE00001017721_002	g0508	test
ENSE00001017721_003	g0508	test
ENSE00001017721_004	g0508	test
ENSE00001017721_005	g0508	test
ENSE00001017721_007	g0508	test
ENSE00001017721_009	g0508	test
ENSE00001017721_010	g0508	test
ENSE00001017721_012	g0508	test
ENSE00001017721_013	g0508	test
ENSE00001017721_014	g0508	test
ENSE00001017721_015	g0508	test
ENSE00001017721_016	g0508	test
ENSE00001017721_017	g0508	test
ENSE00001017721_018	g0508	test
ENSE00001017721_020	g0508	test
ENSE00001017721_022	g0508	test
ENSE00001017721_023	g0508	test
ENSE00001017721_024	g0508	test
ENSE00001017721_025	g0508	test
ENSE00001017721_026	g0508	test
ENSE00001017721_027	g0508	test
ENSE00001017721_028	g0508	test
ENSE00001017736_001	g0508	test
ENSE00001017736_002	g0508	test
ENSE00001017736_004	g0508	test
ENSE00001017736_007	g0508	test
ENSE00001017736_008	g0508	test
ENSE00001017736_009	g0508	test
ENSE00001017736_011	g0508	test
ENSE00001017736_012	g0508	test
ENSE00001017736_013	g0508	test
ENSE00001017736_015	g0508	test
ENSE00001017736_016	g0508	test
ENSE00001017736_017	g0508	test
ENSE00001017736_018	g0508	test
ENSE00001017736_019	g0508	test
ENSE00001017736_020	g0508	test
ENSE00001017736_021	g0508	test
ENSE00001017736_022	g0508	test
ENSE00001017736_023	g0508	test
ENSE00001017736_024	g0508	test
ENSE00001017736_025	g0508	test
ENSE00001017736_027	g0508	test
ENSE00001017736_028	g0508	test
ENSE00001017736_029	g0508	test
ENSE00001017736_030	g0508	test
ENSE00001017736_031	g0508	test
ENSE00001017736_032	g0508	test
ENSE00001017736_033	g0508	test
ENSE00001017830_001	g0329	train
ENSE00001017830_003	g0329	train
ENSE00001017830_004	g0329	train
ENSE00001017830_005	g0329	train
ENSE00001017830_006	g0329	train
ENSE00001017830_007	g0329	train
ENSE00001017830_008	g0329	train
ENSE00001017830_009	g0329	train
ENSE00001017830_012	g0329	train
ENSE00001017830_014	g0329	train
ENSE00001017830_015	g0329	train
ENSE00001017830_017	g0329	train
ENSE00001017830_020	g0329	train
ENSE00001018642_009	g0509	train
ENSE00001018642_010	g0509	train
ENSE00001018642_015	g0509	train
ENSE00001018977_001	g0510	train
ENSE00001018977_002	g0510	train
ENSE00001018977_003	g0510	train
ENSE00001018977_004	g0510	train
ENSE00001018977_005	g0510	train
ENSE00001018977_007	g0510	train
ENSE00001018977_008	g0510	train
ENSE00001018977_011	g0510	train
ENSE00001018977_012	g0510	train
ENSE00001018977_013	g0510	train
ENSE00001018977_014	g0510	train
ENSE00001018977_015	g0510	train
ENSE00001018977_017	g0510	train
ENSE00001018977_018	g0510	train
ENSE00001018977_019	g0510	train
ENSE00001018977_020	g0510	train
ENSE00001019569_003	g0511	train
ENSE00001019569_011	g0511	train
ENSE00001019569_013	g0511	train
ENSE00001019569_014	g0511	train
ENSE00001019569_016	g0511	train
ENSE00001019569_018	g0511	train
ENSE00001019569_019	g0511	train
ENSE00001019569_020	g0511	train
ENSE00001019569_021	g0511	train
ENSE00001019569_023	g0511	train
ENSE00001019569_024	g0511	train
ENSE00001020341_006	g0512	test
ENSE00001020341_008	g0512	test
ENSE00001020341_011	g0512	test
ENSE00001020341_014	g0512	test
ENSE00001020341_018	g0512	test
ENSE00001020341_019	g0512	test
ENSE00001020341_020	g0512	test
ENSE00001020341_021	g0512	test
ENSE00001020902_001	g0513	train
ENSE00001020902_002	g0513	train
ENSE00001020902_003	g0513	train
ENSE00001020902_004	g0513	train
ENSE00001020902_005	g0513	train
ENSE00001020902_007	g0513	train
ENSE00001020902_009	g0513	train
ENSE00001020902_011	g0513	train
ENSE00001020902_012	g0513	train
ENSE00001020902_014	g0513	train
ENSE00001020902_015	g0513	train
ENSE00001020902_016	g0513	train
ENSE00001020902_020	g0513	train
ENSE00001020902_021	g0513	train
ENSE00001020902_022	g0513	train
ENSE00001021572_004	g0514	train
ENSE00001021572_016	g0514	train
ENSE00001023124_001	g0515	train
ENSE00001023124_002	g0515	train
ENSE00001023124_003	g0515	train
ENSE00001023124_004	g0515	train
ENSE00001023124_005	g0515	train
ENSE00001023124_006	g0515	train
ENSE00001023124_007	g0515	train
ENSE00001023124_008	g0515	train
ENSE00001023124_009	g0515	train
ENSE00001023124_010	g0515	train
ENSE00001023124_011	g0515	train
ENSE00001023124_012	g0515	train
ENSE00001023124_013	g0515	train
ENSE00001023124_014	g0515	train
ENSE00001023124_017	g0515	train
ENSE00001023124_018	g0515	train
ENSE00001023124_019	g0515	train
ENSE00001023124_020	g0515	train
ENSE00001023124_021	g0515	train
ENSE00001023460_001	g0516	test
ENSE00001023460_002	g0516	test
ENSE00001023460_004	g0516	test
ENSE00001023460_005	g0516	test
ENSE00001023460_008	g0516	test
ENSE00001023460_009	g0516	test
ENSE00001023460_010	g0516	test
ENSE00001023460_012	g0516	test
ENSE00001023460_013	g0516	test
ENSE00001023460_017	g0516	test
ENSE00001023460_018	g0516	test
ENSE00001023460_019	g0516	test
ENSE00001023460_020	g0516	test
ENSE00001023460_021	g0516	test
ENSE00001023460_023	g0516	test
ENSE00001023460_024	g0516	test
ENSE00001023460_027	g0516	test
ENSE00001023460_028	g0516	test
ENSE00001023460_029	g0516	test
ENSE00001023460_030	g0516	test
ENSE00001023460_031	g0516	test
ENSE00001023460_032	g0516	test
ENSE00001023460_033	g0516	test
ENSE00001023460_034	g0516	test
ENSE00001024045_002	g0517	train
ENSE00001024045_005	g0517	train
ENSE00001024045_016	g0517	train
ENSE00001024045_017	g0517	train
ENSE00001024045_018	g0517	train
ENSE00001024045_020	g0517	train
ENSE00001024045_021	g0517	train
ENSE00001024045_022	g0517	train
ENSE00001024045_025	g0517	train
ENSE00001025746_001	g0518	test
ENSE00001025746_002	g0518	test
ENSE00001025746_004	g0518	test
ENSE00001025746_005	g0518	test
ENSE00001025746_006	g0518	test
ENSE00001025746_007	g0518	test
ENSE00001025746_008	g0518	test
ENSE00001025746_009	g0518	test
ENSE00001025746_010	g0518	test
ENSE00001025746_011	g0518	test
ENSE00001025746_012	g0518	test
ENSE00001025746_013	g0518	test
ENSE00001025746_014	g0518	test
ENSE00001025746_016	g0518	test
ENSE00001025746_018	g0518	test
ENSE00001025746_019	g0518	test
ENSE00001025746_020	g0518	test
ENSE00001025746_021	g0518	test
ENSE00001026705_001	g0519	test
ENSE00001026705_002	g0519	test
ENSE00001026705_004	g0519	test
ENSE00001026705_005	g0519	test
ENSE00001026705_006	g0519	test
ENSE00001026705_007	g0519	test
ENSE00001026705_008	g0519	test
ENSE00001026705_009	g0519	test
ENSE00001026705_011	g0519	test
ENSE00001026705_012	g0519	test
ENSE00001026705_013	g0519	test
ENSE00001026705_014	g0519	test
ENSE00001026705_015	g0519	test
ENSE00001026705_016	g0519	test
ENSE00001026705_018	g0519	test
ENSE00001026705_019	g0519	test
ENSE00001026705_020	g0519	test
ENSE00001026705_021	g0519	test
ENSE00001026705_022	g0519	test
ENSE00001026705_023	g0519	test
ENSE00001026705_024	g0519	test
ENSE00001026705_025	g0519	test
ENSE00001026705_026	g0519	test
ENSE00001026705_027	g0519	test
ENSE00001026705_028	g0519	test
ENSE00001026705_029	g0519	test
ENSE00001028399_002	g0520	train
ENSE00001028399_005	g0520	train
ENSE00001028399_006	g0520	train
ENSE00001028399_007	g0520	train
ENSE00001028399_009	g0520	train
ENSE00001028399_010	g0520	train
ENSE00001028399_011	g0520	train
ENSE00001028399_012	g0520	train
ENSE00001028399_014	g0520	train
ENSE00001028399_015	g0520	train
ENSE00001028399_017	g0520	train
ENSE00001028399_018	g0520	train
ENSE00001028399_020	g0520	train
ENSE00001028399_021	g0520	train
ENSE00001030159_002	g0521	train
ENSE00001030159_010	g0521	train
ENSE00001030159_011	g0521	train
ENSE00001030159_012	g0521	train
ENSE00001030164_002	g0521	train
ENSE00001030164_003	g0521	train
ENSE00001030164_007	g0521	train
ENSE00001030397_003	g0522	test
ENSE00001030397_005	g0522	test
ENSE00001030397_006	g0522	test
ENSE00001030397_007	g0522	test
ENSE00001030397_008	g0522	test
ENSE00001030397_009	g0522	test
ENSE00001030397_010	g0522	test
ENSE00001030397_011	g0522	test
ENSE00001030397_012	g0522	test
ENSE00001030397_013	g0522	test
ENSE00001030397_015	g0522	test
ENSE00001030397_017	g0522	test
ENSE00001030397_018	g0522	test
ENSE00001030397_019	g0522	test
ENSE00001030397_020	g0522	test
ENSE00001031674_002	g0293	test
ENSE00001031674_003	g0293	test
ENSE00001031674_004	g0293	test
ENSE00001031674_005	g0293	test
ENSE00001031674_006	g0293	test
ENSE00001031674_007	g0293	test
ENSE00001031674_008	g0293	test
ENSE00001031674_010	g0293	test
ENSE00001031674_011	g0293	test
ENSE00001031674_012	g0293	test
ENSE00001031674_013	g0293	test
ENSE00001031674_015	g0293	test
ENSE00001031674_017	g0293	test
ENSE00001031674_018	g0293	test
ENSE00001031674_019	g0293	test
ENSE00001031674_020	g0293	test
ENSE00001031993_005	g0523	train
ENSE00001031993_010	g0523	train
ENSE00001031993_011	g0523	train
ENSE00001031993_017	g0523	train
ENSE00001031993_024	g0523	train
ENSE00001032994_001	g0524	train
ENSE00001032994_002	g0524	train
ENSE00001032994_003	g0524	train
ENSE00001032994_004	g0524	train
ENSE00001032994_006	g0524	train
ENSE00001032994_007	g0524	train
ENSE00001032994_008	g0524	train
ENSE00001032994_009	g0524	train
ENSE00001032994_010	g0524	train
ENSE00001032994_012	g0524	train
ENSE00001032994_013	g0524	train
ENSE00001032994_014	g0524	train
ENSE00001032994_015	g0524	train
ENSE00001032994_016	g0524	train
ENSE00001032994_017	g0524	train
ENSE00001032994_018	g0524	train
ENSE00001032994_019	g0524	train
ENSE00001032994_020	g0524	train
ENSE00001032994_021	g0524	train
ENSE00001032994_022	g0524	train
ENSE00001032994_023	g0524	train
ENSE00001032994_024	g0524	train
ENSE00001032994_025	g0524	train
ENSE00001032994_026	g0524	train
ENSE00001033448_001	g0525	train
ENSE00001033448_002	g0525	train
ENSE00001033448_003	g0525	train
ENSE00001033448_004	g0525	train
ENSE00001033448_005	g0525	train
ENSE00001033448_007	g0525	train
ENSE00001033448_009	g0525	train
ENSE00001033448_010	g0525	train
ENSE00001033448_011	g0525	train
ENSE00001033448_012	g0525	train
ENSE00001033448_013	g0525	train
ENSE00001033448_016	g0525	train
ENSE00001033448_017	g0525	train
ENSE00001033448_019	g0525	train
ENSE00001033448_022	g0525	train
ENSE00001033448_023	g0525	train
ENSE00001033448_024	g0525	train
ENSE00001033448_025	g0525	train
ENSE00001033448_026	g0525	train
ENSE00001033448_027	g0525	train
ENSE00001033448_028	g0525	train
ENSE00001033448_029	g0525	train
ENSE00001033448_030	g0525	train
ENSE00001033448_031	g0525	train
ENSE00001033448_032	g0525	train
ENSE00001033448_033	g0525	train
ENSE00001033448_034	g0525	train
ENSE00001033448_035	g0525	train
ENSE00001033448_036	g0525	train
ENSE00001033448_037	g0525	train
ENSE00001034205_005	g0526	train
ENSE00001034205_006	g0526	train
ENSE00001034205_007	g0526	train
ENSE00001034205_009	g0526	train
ENSE00001034205_010	g0526	train
ENSE00001034205_011	g0526	train
ENSE00001034205_013	g0526	train
ENSE00001034205_015	g0526	train
ENSE00001034205_016	g0526	train
ENSE00001034359_001	g0527	train
ENSE00001034359_002	g0527	train
ENSE00001034359_003	g0527	train
ENSE00001034359_004	g0527	train
ENSE00001034359_006	g0527	train
ENSE00001034359_007	g0527	train
ENSE00001034359_008	g0527	train
ENSE00001034359_009	g0527	train
ENSE00001034359_010	g0527	train
ENSE00001034359_011	g0527	train
ENSE00001034359_012	g0527	train
ENSE00001034359_013	g0527	train
ENSE00001034359_014	g0527	train
ENSE00001034359_015	g0527	train
ENSE00001034359_016	g0527	train
ENSE00001034359_017	g0527	train
ENSE00001034359_019	g0527	train
ENSE00001034376_001	g0527	train
ENSE00001034376_002	g0527	train
ENSE00001034376_003	g0527	train
ENSE00001034376_004	g0527	train
ENSE00001034376_005	g0527	train
ENSE00001034376_006	g0527	train
ENSE00001034376_008	g0527	train
ENSE00001034376_009	g0527	train
ENSE00001034376_010	g0527	train
ENSE00001034376_011	g0527	train
ENSE00001034376_012	g0527	train
ENSE00001034376_014	g0527	train
ENSE00001034376_015	g0527	train
ENSE00001034376_016	g0527	train
ENSE00001034376_017	g0527	train
ENSE00001034376_018	g0527	train
ENSE00001034376_021	g0527	train
ENSE00001034376_022	g0527	train
ENSE00001034376_023	g0527	train
ENSE00001034610_001	g0528	train
ENSE00001034610_002	g0528	train
ENSE00001034610_003	g0528	train
ENSE00001034610_004	g0528	train
ENSE00001034610_006	g0528	train
ENSE00001034610_007	g0528	train
ENSE00001034610_009	g0528	train
ENSE00001034610_010	g0528	train
ENSE00001034610_017	g0528	train
ENSE00001034610_018	g0528	train
ENSE00001034610_020	g0528	train
ENSE00001034610_022	g0528	train
ENSE00001034702_016	g0529	train
ENSE00001035528_001	g0530	train
ENSE00001035528_007	g0530	train
ENSE00001035528_008	g0530	train
ENSE00001035528_015	g0530	train
ENSE00001036040_001	g0531	train
ENSE00001036040_002	g0531	train
ENSE00001036040_004	g0531	train
ENSE00001036040_005	g0531	train
ENSE00001036040_006	g0531	train
ENSE00001036040_009	g0531	train
ENSE00001036040_011	g0531	train
ENSE00001036040_013	g0531	train
ENSE00001036040_014	g0531	train
ENSE00001036040_017	g0531	train
ENSE00001036040_019	g0531	train
ENSE00001036040_020	g0531	train
ENSE00001036040_022	g0531	train
ENSE00001036040_023	g0531	train
ENSE00001036040_024	g0531	train
ENSE00001036040_025	g0531	train
ENSE00001036040_026	g0531	train
ENSE00001036596_001	g0532	train
ENSE00001036596_003	g0532	train
ENSE00001036596_004	g0532	train
ENSE00001036596_006	g0532	train
ENSE00001036596_008	g0532	train
ENSE00001036596_009	g0532	train
ENSE00001036596_010	g0532	train
ENSE00001036596_011	g0532	train
ENSE00001036596_012	g0532	train
ENSE00001036596_013	g0532	train
ENSE00001036596_014	g0532	train
ENSE00001036596_015	g0532	train
ENSE00001036596_016	g0532	train
ENSE00001036596_017	g0532	train
ENSE00001036596_018	g0532	train
ENSE00001036596_019	g0532	train
ENSE00001036596_020	g0532	train
ENSE00001036596_022	g0532	train
ENSE00001036596_023	g0532	train
ENSE00001036596_024	g0532	train
ENSE00001036596_025	g0532	train
ENSE00001036596_026	g0532	train
ENSE00001036596_028	g0532	train
ENSE00001036596_029	g0532	train
ENSE00001036596_030	g0532	train
ENSE00001036813_002	g0050	train
ENSE00001036813_004	g0050	train
ENSE00001036813_005	g0050	train
ENSE00001036813_007	g0050	train
ENSE00001036813_008	g0050	train
ENSE00001036813_010	g0050	train
ENSE00001036813_011	g0050	train
ENSE00001036813_012	g0050	train
ENSE00001036813_013	g0050	train
ENSE00001036813_014	g0050	train
ENSE00001036833_005	g0458	train
ENSE00001036833_006	g0458	train
ENSE00001036833_007	g0458	train
ENSE00001036833_013	g0458	train
ENSE00001036833_016	g0458	train
ENSE00001036833_017	g0458	train
ENSE00001036833_020	g0458	train
ENSE00001037197_001	g0533	train
ENSE00001037197_002	g0533	train
ENSE00001037197_003	g0533	train
ENSE00001037197_004	g0533	train
ENSE00001037197_005	g0533	train
ENSE00001037197_006	g0533	train
ENSE00001037197_007	g0533	train
ENSE00001037197_008	g0533	train
ENSE00001037197_009	g0533	train
ENSE00001037197_010	g0533	train
ENSE00001037197_011	g0533	train
ENSE00001037197_012	g0533	train
ENSE00001037197_013	g0533	train
ENSE00001037197_014	g0533	train
ENSE00001037197_015	g0533	train
ENSE00001037197_016	g0533	train
ENSE00001037197_017	g0533	train
ENSE00001037197_018	g0533	train
ENSE00001037197_019	g0533	train
ENSE00001037197_020	g0533	train
ENSE00001037197_021	g0533	train
ENSE00001037197_022	g0533	train
ENSE00001037197_023	g0533	train
ENSE00001037197_024	g0533	train
ENSE00001037197_025	g0533	train
ENSE00001037197_026	g0533	train
ENSE00001037197_027	g0533	train
ENSE00001037197_028	g0533	train
ENSE00001037197_029	g0533	train
ENSE00001037197_030	g0533	train
ENSE00001037197_031	g0533	train
ENSE00001037197_032	g0533	train
ENSE00001037197_033	g0533	train
ENSE00001037197_034	g0533	train
ENSE00001037197_035	g0533	train
ENSE00001037197_036	g0533	train
ENSE00001037197_037	g0533	train
ENSE00001037219_001	g0533	train
ENSE00001037219_002	g0533	train
ENSE00001037219_004	g0533	train
ENSE00001037219_005	g0533	train
ENSE00001037219_006	g0533	train
ENSE00001037219_008	g0533	train
ENSE00001037219_009	g0533	train
ENSE00001037219_011	g0533	train
ENSE00001037219_012	g0533	train
ENSE00001037219_013	g0533	train
ENSE00001037219_014	g0533	train
ENSE00001037219_015	g0533	train
ENSE00001037219_016	g0533	train
ENSE00001037219_017	g0533	train
ENSE00001037219_019	g0533	train
ENSE00001037219_020	g0533	train
ENSE00001037219_021	g0533	train
ENSE00001037219_022	g0533	train
ENSE00001037219_023	g0533	train
ENSE00001037219_024	g0533	train
ENSE00001037219_025	g0533	train
ENSE00001037219_026	g0533	train
ENSE00001037219_027	g0533	train
ENSE00001037219_028	g0533	train
ENSE00001037219_029	g0533	train
ENSE00001037245_001	g0533	train
ENSE00001037245_002	g0533	train
ENSE00001037245_003	g0533	train
ENSE00001037245_004	g0533	train
ENSE00001037245_005	g0533	train
ENSE00001037245_007	g0533	train
ENSE00001037245_008	g0533	train
ENSE00001037245_012	g0533	train
ENSE00001037245_015	g0533	train
ENSE00001037245_016	g0533	train
ENSE00001037245_020	g0533	train
ENSE00001037245_021	g0533	train
ENSE00001037245_023	g0533	train
ENSE00001037245_024	g0533	train
ENSE00001037245_025	g0533	train
ENSE00001037370_001	g0534	train
ENSE00001037370_003	g0534	train
ENSE00001037370_005	g0534	train
ENSE00001037370_006	g0534	train
ENSE00001037370_007	g0534	train
ENSE00001037370_008	g0534	train
ENSE00001037370_009	g0534	train
ENSE00001037370_011	g0534	train
ENSE00001037370_012	g0534	train
ENSE00001037370_013	g0534	train
ENSE00001037370_014	g0534	train
ENSE00001037370_015	g0534	train
ENSE00001037370_016	g0534	train
ENSE00001037370_017	g0534	train
ENSE00001037370_018	g0534	train
ENSE00001037370_020	g0534	train
ENSE00001037370_021	g0534	train
ENSE00001037370_022	g0534	train
ENSE00001038040_003	g0535	test
ENSE00001038040_005	g0535	test
ENSE00001038040_006	g0535	test
ENSE00001038040_007	g0535	test
ENSE00001038040_008	g0535	test
ENSE00001038040_009	g0535	test
ENSE00001038040_010	g0535	test
ENSE00001038040_011	g0535	test
ENSE00001038040_012	g0535	test
ENSE00001038040_014	g0535	test
ENSE00001038040_015	g0535	test
ENSE00001038040_016	g0535	test
ENSE00001038040_017	g0535	test
ENSE00001040098_001	g0536	train
ENSE00001040098_004	g0536	train
ENSE00001040098_006	g0536	train
ENSE00001040098_010	g0536	train
ENSE00001040098_013	g0536	train
ENSE00001040098_014	g0536	train
ENSE00001040562_007	g0128	train
ENSE00001040562_008	g0128	train
ENSE00001040562_009	g0128	train
ENSE00001040562_011	g0128	train
ENSE00001040562_012	g0128	train
ENSE00001040562_015	g0128	train
ENSE00001042311_001	g0537	test
ENSE00001042311_002	g0537	test
ENSE00001042311_003	g0537	test
ENSE00001042311_004	g0537	test
ENSE00001042311_007	g0537	test
ENSE00001042311_008	g0537	test
ENSE00001042311_009	g0537	test
ENSE00001042311_011	g0537	test
ENSE00001042311_012	g0537	test
ENSE00001042311_013	g0537	test
ENSE00001042311_014	g0537	test
ENSE00001042311_015	g0537	test
ENSE00001042311_016	g0537	test
ENSE00001042311_019	g0537	test
ENSE00001042507_001	g0537	test
ENSE00001042507_002	g0537	test
ENSE00001042507_003	g0537	test
ENSE00001042507_005	g0537	test
ENSE00001042507_006	g0537	test
ENSE00001042507_007	g0537	test
ENSE00001042507_009	g0537	test
ENSE00001042507_010	g0537	test
ENSE00001042507_011	g0537	test
ENSE00001042507_012	g0537	test
ENSE00001042507_013	g0537	test
ENSE00001042507_014	g0537	test
ENSE00001042507_015	g0537	test
ENSE00001042507_016	g0537	test
ENSE00001042663_001	g0538	train
ENSE00001042663_004	g0538	train
ENSE00001042663_006	g0538	train
ENSE00001042663_016	g0538	train
ENSE00001042663_020	g0538	train
ENSE00001042663_022	g0538	train
ENSE00001042663_023	g0538	train
ENSE00001042921_001	g0539	train
ENSE00001042921_005	g0539	train
ENSE00001042921_006	g0539	train
ENSE00001042921_009	g0539	train
ENSE00001042921_014	g0539	train
ENSE00001042921_016	g0539	train
ENSE00001042921_025	g0539	train
ENSE00001045978_001	g0540	test
ENSE00001045978_002	g0540	test
ENSE00001045978_003	g0540	test
ENSE00001045978_004	g0540	test
ENSE00001045978_007	g0540	test
ENSE00001045978_008	g0540	test
ENSE00001045978_014	g0540	test
ENSE00001045978_017	g0540	test
ENSE00001046241_002	g0541	train
ENSE00001046241_003	g0541	train
ENSE00001046241_004	g0541	train
ENSE00001046241_005	g0541	train
ENSE00001046241_006	g0541	train
ENSE00001046241_007	g0541	train
ENSE00001046241_008	g0541	train
ENSE00001046241_009	g0541	train
ENSE00001046241_010	g0541	train
ENSE00001046241_012	g0541	train
ENSE00001046241_013	g0541	train
ENSE00001046241_016	g0541	train
ENSE00001046241_018	g0541	train
ENSE00001046241_019	g0541	train
ENSE00001046241_020	g0541	train
ENSE00001046241_023	g0541	train
ENSE00001046241_024	g0541	train
ENSE00001049321_005	g0542	train
ENSE00001049321_009	g0542	train
ENSE00001049321_016	g0542	train
ENSE00001049321_020	g0542	train
ENSE00001049321_021	g0542	train
ENSE00001051175_001	g0543	train
ENSE00001051175_003	g0543	train
ENSE00001051175_004	g0543	train
ENSE00001051175_005	g0543	train
ENSE00001051175_006	g0543	train
ENSE00001051175_007	g0543	train
ENSE00001051175_009	g0543	train
ENSE00001051175_010	g0543	train
ENSE00001051175_012	g0543	train
ENSE00001051175_017	g0543	train
ENSE00001051175_019	g0543	train
ENSE00001051175_020	g0543	train
ENSE00001051175_022	g0543	train
ENSE00001051175_023	g0543	train
ENSE00001051175_024	g0543	train
ENSE00001051175_025	g0543	train
ENSE00001051175_027	g0543	train
ENSE00001051175_028	g0543	train
ENSE00001051207_005	g0544	train
ENSE00001051207_008	g0544	train
ENSE00001051207_009	g0544	train
ENSE00001051207_011	g0544	train
ENSE00001051207_012	g0544	train
ENSE00001051207_014	g0544	train
ENSE00001051207_019	g0544	train
ENSE00001051207_021	g0544	train
ENSE00001051207_022	g0544	train
ENSE00001052101_003	g0545	train
ENSE00001052101_008	g0545	train
ENSE00001052101_010	g0545	train
ENSE00001052101_011	g0545	train
ENSE00001052101_014	g0545	train
ENSE00001052101_018	g0545	train
ENSE00001052101_019	g0545	train
ENSE00001052101_020	g0545	train
ENSE00001052101_022	g0545	train
ENSE00001053261_009	g0546	train
ENSE00001056160_001	g0547	test
ENSE00001056160_002	g0547	test
ENSE00001056160_003	g0547	test
ENSE00001056160_004	g0547	test
ENSE00001056160_005	g0547	test
ENSE00001056160_007	g0547	test
ENSE00001056160_008	g0547	test
ENSE00001056160_009	g0547	test
ENSE00001056160_010	g0547	test
ENSE00001056160_011	g0547	test
ENSE00001056160_012	g0547	test
ENSE00001056160_013	g0547	test
ENSE00001056160_014	g0547	test
ENSE00001057677_017	g0305	test
ENSE00001057677_018	g0305	test
ENSE00001059696_002	g0548	train
ENSE00001059696_004	g0548	train
ENSE00001059696_008	g0548	train
ENSE00001059696_010	g0548	train
ENSE00001059696_011	g0548	train
ENSE00001059696_014	g0548	train
ENSE00001059696_016	g0548	train
ENSE00001059696_017	g0548	train
ENSE00001059696_018	g0548	train
ENSE00001059844_003	g0549	train
ENSE00001059844_005	g0549	train
ENSE00001059844_006	g0549	train
ENSE00001059844_007	g0549	train
ENSE00001059844_008	g0549	train
ENSE00001059844_009	g0549	train
ENSE00001059844_010	g0549	train
ENSE00001060406_002	g0550	test
ENSE00001060406_003	g0550	test
ENSE00001060406_005	g0550	test
ENSE00001060406_012	g0550	test
ENSE00001060406_013	g0550	test
ENSE00001060406_018	g0550	test
ENSE00001060406_019	g0550	test
ENSE00001060406_020	g0550	test
ENSE00001060406_021	g0550	test
ENSE00001060406_022	g0550	test
ENSE00001060406_025	g0550	test
ENSE00001060406_026	g0550	test
ENSE00001060406_027	g0550	test
ENSE00001060406_029	g0550	test
ENSE00001060406_030	g0550	test
ENSE00001060406_032	g0550	test
ENSE00001060784_001	g0551	train
ENSE00001060784_002	g0551	train
ENSE00001060784_003	g0551	train
ENSE00001060784_004	g0551	train
ENSE00001060784_005	g0551	train
ENSE00001060784_006	g0551	train
ENSE00001060784_007	g0551	train
ENSE00001060784_008	g0551	train
ENSE00001060784_009	g0551	train
ENSE00001060784_010	g0551	train
ENSE00001060784_011	g0551	train
ENSE00001060784_012	g0551	train
ENSE00001060784_013	g0551	train
ENSE00001060784_014	g0551	train
ENSE00001060784_015	g0551	train
ENSE00001060784_016	g0551	train
ENSE00001060784_017	g0551	train
ENSE00001060784_018	g0551	train
ENSE00001060784_019	g0551	train
ENSE00001060784_020	g0551	train
ENSE00001060784_021	g0551	train
ENSE00001060784_023	g0551	train
ENSE00001060784_024	g0551	train
ENSE00001060784_025	g0551	train
ENSE00001062406_027	g0552	train
ENSE00001062406_028	g0552	train
ENSE00001062870_002	g0553	test
ENSE00001062870_007	g0553	test
ENSE00001062870_010	g0553	test
ENSE00001062870_015	g0553	test
ENSE00001066314_002	g0554	train
ENSE00001066314_003	g0554	train
ENSE00001066314_004	g0554	train
ENSE00001066314_005	g0554	train
ENSE00001066314_006	g0554	train
ENSE00001066314_007	g0554	train
ENSE00001066314_008	g0554	train
ENSE00001066314_010	g0554	train
ENSE00001066314_011	g0554	train
ENSE00001066314_012	g0554	train
ENSE00001066314_013	g0554	train
ENSE00001066314_015	g0554	train
ENSE00001066314_016	g0554	train
ENSE00001066314_017	g0554	train
ENSE00001066314_018	g0554	train
ENSE00001066314_020	g0554	train
ENSE00001066314_021	g0554	train
ENSE00001066314_022	g0554	train
ENSE00001066314_026	g0554	train
ENSE00001066314_027	g0554	train
ENSE00001066314_028	g0554	train
ENSE00001066628_001	g0555	test
ENSE00001066628_002	g0555	test
ENSE00001066628_003	g0555	test
ENSE00001066628_004	g0555	test
ENSE00001066628_005	g0555	test
ENSE00001066628_006	g0555	test
ENSE00001066628_010	g0555	test
ENSE00001066628_012	g0555	test
ENSE00001066628_013	g0555	test
ENSE00001066628_017	g0555	test
ENSE00001066628_018	g0555	test
ENSE00001066628_019	g0555	test
ENSE00001066628_020	g0555	test
ENSE00001066628_021	g0555	test
ENSE00001066716_011	g0556	test
ENSE00001066716_013	g0556	test
ENSE00001066757_001	g0557	train
ENSE00001066757_003	g0557	train
ENSE00001066757_004	g0557	train
ENSE00001066757_005	g0557	train
ENSE00001066757_006	g0557	train
ENSE00001066757_007	g0557	train
ENSE00001066757_008	g0557	train
ENSE00001066757_009	g0557	train
ENSE00001066757_010	g0557	train
ENSE00001066757_011	g0557	train
ENSE00001066757_012	g0557	train
ENSE00001066757_013	g0557	train
ENSE00001066757_014	g0557	train
ENSE00001066757_015	g0557	train
ENSE00001066757_016	g0557	train
ENSE00001066757_017	g0557	train
ENSE00001066757_019	g0557	train
ENSE00001066757_020	g0557	train
ENSE00001066757_021	g0557	train
ENSE00001066757_022	g0557	train
ENSE00001066757_023	g0557	train
ENSE00001066757_024	g0557	train
ENSE00001066757_025	g0557	train
ENSE00001066757_027	g0557	train
ENSE00001066757_028	g0557	train
ENSE00001066757_029	g0557	train
ENSE00001066757_030	g0557	train
ENSE00001066757_032	g0557	train
ENSE00001066757_033	g0557	train
ENSE00001066757_034	g0557	train
ENSE00001066757_035	g0557	train
ENSE00001067244_002	g0558	train
ENSE00001067244_004	g0558	train
ENSE00001067244_007	g0558	train
ENSE00001067244_008	g0558	train
ENSE00001067244_009	g0558	train
ENSE00001067244_013	g0558	train
ENSE00001067244_014	g0558	train
ENSE00001067244_016	g0558	train
ENSE00001067244_018	g0558	train
ENSE00001067244_020	g0558	train
ENSE00001067350_001	g0559	train
ENSE00001067350_003	g0559	train
ENSE00001067350_004	g0559	train
ENSE00001067350_005	g0559	train
ENSE00001067350_006	g0559	train
ENSE00001067350_007	g0559	train
ENSE00001067350_008	g0559	train
ENSE00001067350_009	g0559	train
ENSE00001067350_010	g0559	train
ENSE00001067350_011	g0559	train
ENSE00001067350_012	g0559	train
ENSE00001067350_013	g0559	train
ENSE00001067350_014	g0559	train
ENSE00001067350_016	g0559	train
ENSE00001069571_012	g0560	train
ENSE00001069571_013	g0560	train
ENSE00001069631_001	g0561	train
ENSE00001069631_005	g0561	train
ENSE00001069631_007	g0561	train
ENSE00001069631_009	g0561	train
ENSE00001069631_010	g0561	train
ENSE00001069631_011	g0561	train
ENSE00001069631_012	g0561	train
ENSE00001069631_019	g0561	train
ENSE00001069631_020	g0561	train
ENSE00001069631_023	g0561	train
ENSE00001069631_024	g0561	train
ENSE00001069631_025	g0561	train
ENSE00001071412_001	g0562	train
ENSE00001071412_002	g0562	train
ENSE00001071412_004	g0562	train
ENSE00001071412_005	g0562	train
ENSE00001071412_006	g0562	train
ENSE00001071412_007	g0562	train
ENSE00001071412_008	g0562	train
ENSE00001071412_009	g0562	train
ENSE00001071412_010	g0562	train
ENSE00001071412_011	g0562	train
ENSE00001071412_012	g0562	train
ENSE00001071412_013	g0562	train
ENSE00001071412_014	g0562	train
ENSE00001071412_015	g0562	train
ENSE00001071412_016	g0562	train
ENSE00001071412_017	g0562	train
ENSE00001071412_018	g0562	train
ENSE00001071412_019	g0562	train
ENSE00001071412_020	g0562	train
ENSE00001071412_023	g0562	train
ENSE00001071412_026	g0562	train
ENSE00001071412_028	g0562	train
ENSE00001072659_001	g0563	train
ENSE00001072659_003	g0563	train
ENSE00001072659_004	g0563	train
ENSE00001072659_005	g0563	train
ENSE00001072659_006	g0563	train
ENSE00001072659_007	g0563	train
ENSE00001072659_009	g0563	train
ENSE00001072659_010	g0563	train
ENSE00001072659_011	g0563	train
ENSE00001072659_012	g0563	train
ENSE00001072659_014	g0563	train
ENSE00001072659_015	g0563	train
ENSE00001072659_016	g0563	train
ENSE00001072659_017	g0563	train
ENSE00001072659_018	g0563	train
ENSE00001072659_019	g0563	train
ENSE00001072846_003	g0564	train
ENSE00001072846_005	g0564	train
ENSE00001072846_009	g0564	train
ENSE00001072846_015	g0564	train
ENSE00001072846_016	g0564	train
ENSE00001072849_001	g0564	train
ENSE00001072849_002	g0564	train
ENSE00001072849_003	g0564	train
ENSE00001072849_004	g0564	train
ENSE00001072849_005	g0564	train
ENSE00001072849_006	g0564	train
ENSE00001072849_007	g0564	train
ENSE00001072849_008	g0564	train
ENSE00001072849_009	g0564	train
ENSE00001072849_010	g0564	train
ENSE00001072849_011	g0564	train
ENSE00001072849_012	g0564	train
ENSE00001072849_013	g0564	train
ENSE00001072849_014	g0564	train
ENSE00001072849_015	g0564	train
ENSE00001072849_016	g0564	train
ENSE00001072849_017	g0564	train
ENSE00001072849_018	g0564	train
ENSE00001072849_019	g0564	train
ENSE00001072849_020	g0564	train
ENSE00001072849_021	g0564	train
ENSE00001072849_022	g0564	train
ENSE00001072849_024	g0564	train
ENSE00001072849_025	g0564	train
ENSE00001072849_026	g0564	train
ENSE00001072849_027	g0564	train
ENSE00001072849_028	g0564	train
ENSE00001074020_020	g0565	test
ENSE00001074020_023	g0565	test
ENSE00001074020_025	g0565	test
ENSE00001075853_003	g0566	test
ENSE00001075853_005	g0566	test
ENSE00001075853_006	g0566	test
ENSE00001075853_007	g0566	test
ENSE00001075853_010	g0566	test
ENSE00001075853_011	g0566	test
ENSE00001075853_012	g0566	test
ENSE00001075853_014	g0566	test
ENSE00001075853_015	g0566	test
ENSE00001075853_016	g0566	test
ENSE00001075853_018	g0566	test
ENSE00001075853_019	g0566	test
ENSE00001075853_021	g0566	test
ENSE00001075969_002	g0567	test
ENSE00001075969_003	g0567	test
ENSE00001075969_004	g0567	test
ENSE00001075969_005	g0567	test
ENSE00001075969_007	g0567	test
ENSE00001075969_008	g0567	test
ENSE00001075969_010	g0567	test
ENSE00001075969_011	g0567	test
ENSE00001075969_012	g0567	test
ENSE00001075969_014	g0567	test
ENSE00001075969_015	g0567	test
ENSE00001075969_016	g0567	test
ENSE00001075969_017	g0567	test
ENSE00001075969_019	g0567	test
ENSE00001075969_020	g0567	test
ENSE00001075969_021	g0567	test
ENSE00001075969_024	g0567	test
ENSE00001075969_025	g0567	test
ENSE00001075969_026	g0567	test
ENSE00001075969_027	g0567	test
ENSE00001075969_028	g0567	test
ENSE00001076964_001	g0440	train
ENSE00001076964_002	g0440	train
ENSE00001076964_003	g0440	train
ENSE00001076964_006	g0440	train
ENSE00001076964_007	g0440	train
ENSE00001076964_008	g0440	train
ENSE00001076964_009	g0440	train
ENSE00001076964_010	g0440	train
ENSE00001076964_011	g0440	train
ENSE00001076964_012	g0440	train
ENSE00001076964_014	g0440	train
ENSE00001076964_016	g0440	train
ENSE00001076964_017	g0440	train
ENSE00001076964_018	g0440	train
ENSE00001076964_019	g0440	train
ENSE00001076964_020	g0440	train
ENSE00001076964_021	g0440	train
ENSE00001076964_022	g0440	train
ENSE00001078301_001	g0568	train
ENSE00001078301_002	g0568	train
ENSE00001078301_003	g0568	train
ENSE00001078301_010	g0568	train
ENSE00001078301_012	g0568	train
ENSE00001078301_013	g0568	train
ENSE00001078301_015	g0568	train
ENSE00001078301_021	g0568	train
ENSE00001078301_024	g0568	train
ENSE00001078386_001	g0569	train
ENSE00001078386_002	g0569	train
ENSE00001078386_003	g0569	train
ENSE00001078386_004	g0569	train
ENSE00001078386_005	g0569	train
ENSE00001078386_006	g0569	train
ENSE00001078386_009	g0569	train
ENSE00001078386_010	g0569	train
ENSE00001078386_013	g0569	train
ENSE00001078386_018	g0569	train
ENSE00001078386_020	g0569	train
ENSE00001078386_021	g0569	train
ENSE00001078386_022	g0569	train
ENSE00001078386_024	g0569	train
ENSE00001078386_025	g0569	train
ENSE00001078386_026	g0569	train
ENSE00001078386_032	g0569	train
ENSE00001078386_034	g0569	train
ENSE00001078391_001	g0569	train
ENSE00001078391_002	g0569	train
ENSE00001078391_003	g0569	train
ENSE00001078391_006	g0569	train
ENSE00001078391_007	g0569	train
ENSE00001078391_008	g0569	train
ENSE00001078391_010	g0569	train
ENSE00001078391_011	g0569	train
ENSE00001078391_013	g0569	train
ENSE00001078391_015	g0569	train
ENSE00001078391_016	g0569	train
ENSE00001078391_017	g0569	train
ENSE00001078391_018	g0569	train
ENSE00001078391_019	g0569	train
ENSE00001078391_021	g0569	train
ENSE00001078391_022	g0569	train
ENSE00001078391_023	g0569	train
ENSE00001078391_024	g0569	train
ENSE00001078391_025	g0569	train
ENSE00001078391_026	g0569	train
ENSE00001078391_027	g0569	train
ENSE00001078391_028	g0569	train
ENSE00001078391_030	g0569	train
ENSE00001078562_001	g0570	train
ENSE00001078562_002	g0570	train
ENSE00001078562_003	g0570	train
ENSE00001078562_004	g0570	train
ENSE00001078562_005	g0570	train
ENSE00001078562_006	g0570	train
ENSE00001078562_007	g0570	train
ENSE00001078562_008	g0570	train
ENSE00001078562_009	g0570	train
ENSE00001078562_010	g0570	train
ENSE00001078562_011	g0570	train
ENSE00001078562_012	g0570	train
ENSE00001078562_014	g0570	train
ENSE00001078562_015	g0570	train
ENSE00001078562_016	g0570	train
ENSE00001078562_017	g0570	train
ENSE00001078562_018	g0570	train
ENSE00001078562_019	g0570	train
ENSE00001078892_004	g0571	train
ENSE00001078892_006	g0571	train
ENSE00001078892_013	g0571	train
ENSE00001078912_001	g0571	train
ENSE00001078912_002	g0571	train
ENSE00001078912_003	g0571	train
ENSE00001078912_006	g0571	train
ENSE00001078912_007	g0571	train
ENSE00001078912_008	g0571	train
ENSE00001078912_009	g0571	train
ENSE00001078912_018	g0571	train
ENSE00001078912_020	g0571	train
ENSE00001078912_022	g0571	train
ENSE00001078912_025	g0571	train
ENSE00001078912_032	g0571	train
ENSE00001078912_033	g0571	train
ENSE00001079193_001	g0572	train
ENSE00001079193_002	g0572	train
ENSE00001079193_003	g0572	train
ENSE00001079193_004	g0572	train
ENSE00001079193_005	g0572	train
ENSE00001079193_006	g0572	train
ENSE00001079193_007	g0572	train
ENSE00001079193_008	g0572	train
ENSE00001079193_009	g0572	train
ENSE00001079193_011	g0572	train
ENSE00001079193_012	g0572	train
ENSE00001079193_013	g0572	train
ENSE00001079193_015	g0572	train
ENSE00001079193_016	g0572	train
ENSE00001079193_017	g0572	train
ENSE00001079193_018	g0572	train
ENSE00001079409_022	g0573	train
ENSE00001079409_023	g0573	train
ENSE00001080055_006	g0574	test
ENSE00001080055_011	g0574	test
ENSE00001080055_012	g0574	test
ENSE00001080055_013	g0574	test
ENSE00001080265_001	g0575	test
ENSE00001080265_002	g0575	test
ENSE00001080265_003	g0575	test
ENSE00001080265_004	g0575	test
ENSE00001080265_005	g0575	test
ENSE00001080265_007	g0575	test
ENSE00001080265_008	g0575	test
ENSE00001080265_010	g0575	test
ENSE00001080265_011	g0575	test
ENSE00001080265_012	g0575	test
ENSE00001080265_013	g0575	test
ENSE00001080265_014	g0575	test
ENSE00001080265_018	g0575	test
ENSE00001080265_019	g0575	test
ENSE00001080265_021	g0575	test
ENSE00001080265_022	g0575	test
ENSE00001080265_024	g0575	test
ENSE00001080265_025	g0575	test
ENSE00001080265_027	g0575	test
ENSE00001080265_028	g0575	test
ENSE00001080407_001	g0576	train
ENSE00001080407_002	g0576	train
ENSE00001080407_005	g0576	train
ENSE00001080523_004	g0577	train
ENSE00001080523_011	g0577	train
ENSE00001080523_012	g0577	train
ENSE00001080523_013	g0577	train
ENSE00001080523_017	g0577	train
ENSE00001080523_019	g0577	train
ENSE00001080536_002	g0578	test
ENSE00001080536_003	g0578	test
ENSE00001080536_004	g0578	test
ENSE00001080536_005	g0578	test
ENSE00001080536_006	g0578	test
ENSE00001080536_007	g0578	test
ENSE00001080536_008	g0578	test
ENSE00001080536_009	g0578	test
ENSE00001080536_011	g0578	test
ENSE00001080536_012	g0578	test
ENSE00001080753_001	g0579	train
ENSE00001080753_002	g0579	train
ENSE00001080753_003	g0579	train
ENSE00001080753_005	g0579	train
ENSE00001080753_006	g0579	train
ENSE00001080753_007	g0579	train
ENSE00001080753_008	g0579	train
ENSE00001080753_009	g0579	train
ENSE00001080753_010	g0579	train
ENSE00001080753_011	g0579	train
ENSE00001080753_012	g0579	train
ENSE00001080753_013	g0579	train
ENSE00001080753_014	g0579	train
ENSE00001080753_015	g0579	train
ENSE00001080753_016	g0579	train
ENSE00001080753_017	g0579	train
ENSE00001080753_018	g0579	train
ENSE00001080859_003	g0580	train
ENSE00001080859_011	g0580	train
ENSE00001080859_021	g0580	train
ENSE00001081208_005	g0581	test
ENSE00001081208_009	g0581	test
ENSE00001081208_010	g0581	test
ENSE00001081208_015	g0581	test
ENSE00001081225_021	g0581	test
ENSE00001081287_001	g0582	test
ENSE00001081287_002	g0582	test
ENSE00001081287_010	g0582	test
ENSE00001081287_020	g0582	test
ENSE00001081292_001	g0582	test
ENSE00001081292_005	g0582	test
ENSE00001081292_006	g0582	test
ENSE00001081292_009	g0582	test
ENSE00001081292_014	g0582	test
ENSE00001081292_015	g0582	test
ENSE00001081292_016	g0582	test
ENSE00001081292_017	g0582	test
ENSE00001081292_018	g0582	test
ENSE00001081292_020	g0582	test
ENSE00001081532_002	g0583	test
ENSE00001081532_003	g0583	test
ENSE00001081532_011	g0583	test
ENSE00001081532_014	g0583	test
ENSE00001081532_019	g0583	test
ENSE00001083060_001	g0584	train
ENSE00001083060_002	g0584	train
ENSE00001083060_003	g0584	train
ENSE00001083060_004	g0584	train
ENSE00001083060_005	g0584	train
ENSE00001083060_006	g0584	train
ENSE00001083060_007	g0584	train
ENSE00001083060_009	g0584	train
ENSE00001083060_010	g0584	train
ENSE00001083060_011	g0584	train
ENSE00001083060_012	g0584	train
ENSE00001083060_013	g0584	train
ENSE00001083060_014	g0584	train
ENSE00001083060_016	g0584	train
ENSE00001083060_017	g0584	train
ENSE00001083325_021	g0585	train
ENSE00001084069_001	g0586	train
ENSE00001084069_002	g0586	train
ENSE00001084069_003	g0586	train
ENSE00001084069_006	g0586	train
ENSE00001084069_007	g0586	train
ENSE00001084069_011	g0586	train
ENSE00001084069_012	g0586	train
ENSE00001084069_013	g0586	train
ENSE00001084069_014	g0586	train
ENSE00001084069_016	g0586	train
ENSE00001084069_019	g0586	train
ENSE00001084404_001	g0587	train
ENSE00001084404_002	g0587	train
ENSE00001084404_004	g0587	train
ENSE00001084404_005	g0587	train
ENSE00001084404_007	g0587	train
ENSE00001084404_008	g0587	train
ENSE00001084404_009	g0587	train
ENSE00001084404_010	g0587	train
ENSE00001084404_013	g0587	train
ENSE00001084404_014	g0587	train
ENSE00001084404_018	g0587	train
ENSE00001084404_019	g0587	train
ENSE00001084404_020	g0587	train
ENSE00001084404_021	g0587	train
ENSE00001084404_022	g0587	train
ENSE00001084404_023	g0587	train
ENSE00001084404_024	g0587	train
ENSE00001084404_027	g0587	train
ENSE00001084404_028	g0587	train
ENSE00001084407_001	g0587	train
ENSE00001084407_002	g0587	train
ENSE00001084407_003	g0587	train
ENSE00001084407_005	g0587	train
ENSE00001084407_009	g0587	train
ENSE00001084407_010	g0587	train
ENSE00001084407_015	g0587	train
ENSE00001084407_016	g0587	train
ENSE00001084451_003	g0588	train
ENSE00001084451_004	g0588	train
ENSE00001084451_005	g0588	train
ENSE00001084451_006	g0588	train
ENSE00001084451_009	g0588	train
ENSE00001084451_011	g0588	train
ENSE00001084451_016	g0588	train
ENSE00001084451_019	g0588	train
ENSE00001084451_025	g0588	train
ENSE00001085098_002	g0589	train
ENSE00001085098_003	g0589	train
ENSE00001085098_006	g0589	train
ENSE00001085098_007	g0589	train
ENSE00001085098_008	g0589	train
ENSE00001085098_010	g0589	train
ENSE00001085098_011	g0589	train
ENSE00001085098_013	g0589	train
ENSE00001085098_014	g0589	train
ENSE00001085098_017	g0589	train
ENSE00001085098_021	g0589	train
ENSE00001085098_023	g0589	train
ENSE00001085098_024	g0589	train
ENSE00001085837_001	g0590	train
ENSE00001085837_002	g0590	train
ENSE00001085837_003	g0590	train
ENSE00001085837_007	g0590	train
ENSE00001085837_012	g0590	train
ENSE00001086629_001	g0591	test
ENSE00001086629_002	g0591	test
ENSE00001086629_004	g0591	test
ENSE00001086629_006	g0591	test
ENSE00001086629_007	g0591	test
ENSE00001086629_008	g0591	test
ENSE00001086629_010	g0591	test
ENSE00001086629_011	g0591	test
ENSE00001086629_013	g0591	test
ENSE00001086629_014	g0591	test
ENSE00001086630_001	g0591	test
ENSE00001086630_003	g0591	test
ENSE00001086630_004	g0591	test
ENSE00001086630_006	g0591	test
ENSE00001086630_007	g0591	test
ENSE00001086630_008	g0591	test
ENSE00001086630_009	g0591	test
ENSE00001086630_010	g0591	test
ENSE00001086630_011	g0591	test
ENSE00001086630_012	g0591	test
ENSE00001086630_013	g0591	test
ENSE00001086630_014	g0591	test
ENSE00001086635_003	g0591	test
ENSE00001086635_005	g0591	test
ENSE00001086635_006	g0591	test
ENSE00001086635_007	g0591	test
ENSE00001086635_008	g0591	test
ENSE00001086635_009	g0591	test
ENSE00001086635_010	g0591	test
ENSE00001086635_011	g0591	test
ENSE00001086635_012	g0591	test
ENSE00001086635_013	g0591	test
ENSE00001086635_014	g0591	test
ENSE00001086635_017	g0591	test
ENSE00001086635_018	g0591	test
ENSE00001086635_019	g0591	test
ENSE00001086635_020	g0591	test
ENSE00001086635_021	g0591	test
ENSE00001086635_022	g0591	test
ENSE00001086635_023	g0591	test
ENSE00001086635_025	g0591	test
ENSE00001086635_027	g0591	test
ENSE00001086635_028	g0591	test
ENSE00001086642_001	g0591	test
ENSE00001086642_002	g0591	test
ENSE00001086642_006	g0591	test
ENSE00001086642_007	g0591	test
ENSE00001086642_010	g0591	test
ENSE00001086642_011	g0591	test
ENSE00001086642_013	g0591	test
ENSE00001086642_014	g0591	test
ENSE00001086642_016	g0591	test
ENSE00001086642_017	g0591	test
ENSE00001086665_002	g0591	test
ENSE00001086665_003	g0591	test
ENSE00001086665_004	g0591	test
ENSE00001086665_005	g0591	test
ENSE00001086665_006	g0591	test
ENSE00001086665_007	g0591	test
ENSE00001086665_008	g0591	test
ENSE00001086665_010	g0591	test
ENSE00001086665_011	g0591	test
ENSE00001086665_012	g0591	test
ENSE00001086665_013	g0591	test
ENSE00001086665_014	g0591	test
ENSE00001086678_001	g0591	test
ENSE00001086678_002	g0591	test
ENSE00001086678_003	g0591	test
ENSE00001086678_005	g0591	test
ENSE00001086678_013	g0591	test
ENSE00001086678_015	g0591	test
ENSE00001086678_016	g0591	test
ENSE00001086684_001	g0591	test
ENSE00001086684_002	g0591	test
ENSE00001086684_003	g0591	test
ENSE00001086684_004	g0591	test
ENSE00001086684_006	g0591	test
ENSE00001086684_007	g0591	test
ENSE00001086684_008	g0591	test
ENSE00001086684_009	g0591	test
ENSE00001086684_010	g0591	test
ENSE00001086684_012	g0591	test
ENSE00001086684_013	g0591	test
ENSE00001086684_014	g0591	test
ENSE00001086684_016	g0591	test
ENSE00001086684_019	g0591	test
ENSE00001086684_020	g0591	test
ENSE00001086684_021	g0591	test
ENSE00001086684_022	g0591	test
ENSE00001086684_023	g0591	test
ENSE00001086684_024	g0591	test
ENSE00001086684_025	g0591	test
ENSE00001086684_026	g0591	test
ENSE00001086684_027	g0591	test
ENSE00001086684_028	g0591	test
ENSE00001086687_001	g0591	test
ENSE00001086687_002	g0591	test
ENSE00001086687_003	g0591	test
ENSE00001086687_004	g0591	test
ENSE00001086687_005	g0591	test
ENSE00001086687_006	g0591	test
ENSE00001086687_007	g0591	test
ENSE00001086687_008	g0591	test
ENSE00001086687_009	g0591	test
ENSE00001086687_010	g0591	test
ENSE00001086687_012	g0591	test
ENSE00001086687_013	g0591	test
ENSE00001086690_020	g0591	test
ENSE00001086700_001	g0591	test
ENSE00001086700_002	g0591	test
ENSE00001086700_003	g0591	test
ENSE00001086700_004	g0591	test
ENSE00001086700_005	g0591	test
ENSE00001086700_007	g0591	test
ENSE00001086700_008	g0591	test
ENSE00001086700_009	g0591	test
ENSE00001086700_010	g0591	test
ENSE00001086700_011	g0591	test
ENSE00001086700_012	g0591	test
ENSE00001086700_013	g0591	test
ENSE00001086716_005	g0591	test
ENSE00001086716_007	g0591	test
ENSE00001086716_009	g0591	test
ENSE00001086716_012	g0591	test
ENSE00001086716_013	g0591	test
ENSE00001086716_014	g0591	test
ENSE00001086716_016	g0591	test
ENSE00001086716_018	g0591	test
ENSE00001086716_019	g0591	test
ENSE00001086716_022	g0591	test
ENSE00001086752_001	g0592	test
ENSE00001086752_002	g0592	test
ENSE00001086752_003	g0592	test
ENSE00001086752_004	g0592	test
ENSE00001086752_006	g0592	test
ENSE00001086752_007	g0592	test
ENSE00001086752_008	g0592	test
ENSE00001086752_009	g0592	test
ENSE00001086752_010	g0592	test
ENSE00001086752_011	g0592	test
ENSE00001086752_012	g0592	test
ENSE00001086752_013	g0592	test
ENSE00001086752_014	g0592	test
ENSE00001086752_015	g0592	test
ENSE00001086752_017	g0592	test
ENSE00001086752_018	g0592	test
ENSE00001086752_019	g0592	test
ENSE00001086752_020	g0592	test
ENSE00001086752_021	g0592	test
ENSE00001086752_022	g0592	test
ENSE00001086752_023	g0592	test
ENSE00001087852_001	g0593	test
ENSE00001087852_002	g0593	test
ENSE00001087852_003	g0593	test
ENSE00001087852_008	g0593	test
ENSE00001087852_012	g0593	test
ENSE00001087852_016	g0593	test
ENSE00001087852_018	g0593	test
ENSE00001087852_019	g0593	test
ENSE00001087852_029	g0593	test
ENSE00001087859_008	g0594	train
ENSE00001087859_015	g0594	train
ENSE00001087884_001	g0595	train
ENSE00001087884_002	g0595	train
ENSE00001087884_003	g0595	train
ENSE00001087884_004	g0595	train
ENSE00001087884_005	g0595	train
ENSE00001087884_006	g0595	train
ENSE00001087884_007	g0595	train
ENSE00001087884_008	g0595	train
ENSE00001087884_009	g0595	train
ENSE00001087884_010	g0595	train
ENSE00001087884_011	g0595	train
ENSE00001087884_013	g0595	train
ENSE00001087884_014	g0595	train
ENSE00001087884_016	g0595	train
ENSE00001087884_017	g0595	train
ENSE00001088262_002	g0516	test
ENSE00001088262_005	g0516	test
ENSE00001088262_006	g0516	test
ENSE00001088262_007	g0516	test
ENSE00001088262_008	g0516	test
ENSE00001088262_009	g0516	test
ENSE00001088262_010	g0516	test
ENSE00001088262_011	g0516	test
ENSE00001088262_012	g0516	test
ENSE00001088262_013	g0516	test
ENSE00001088262_015	g0516	test
ENSE00001088262_018	g0516	test
ENSE00001088262_019	g0516	test
ENSE00001088262_021	g0516	test
ENSE00001088262_022	g0516	test
ENSE00001088271_018	g0596	train
ENSE00001088371_001	g0597	train
ENSE00001088371_002	g0597	train
ENSE00001088371_003	g0597	train
ENSE00001088371_005	g0597	train
ENSE00001088371_006	g0597	train
ENSE00001088371_007	g0597	train
ENSE00001088371_010	g0597	train
ENSE00001088371_011	g0597	train
ENSE00001088371_012	g0597	train
ENSE00001088371_013	g0597	train
ENSE00001088371_014	g0597	train
ENSE00001088371_015	g0597	train
ENSE00001088371_017	g0597	train
ENSE00001088371_019	g0597	train
ENSE00001088371_020	g0597	train
ENSE00001088371_021	g0597	train
ENSE00001088371_022	g0597	train
ENSE00001088371_024	g0597	train
ENSE00001088371_025	g0597	train
ENSE00001088371_026	g0597	train
ENSE00001088371_027	g0597	train
ENSE00001088371_028	g0597	train
ENSE00001088371_029	g0597	train
ENSE00001088371_032	g0597	train
ENSE00001088371_033	g0597	train
ENSE00001088371_034	g0597	train
ENSE00001088371_035	g0597	train
ENSE00001089263_004	g0598	test
ENSE00001089263_005	g0598	test
ENSE00001089263_006	g0598	test
ENSE00001089263_009	g0598	test
ENSE00001089263_011	g0598	test
ENSE00001089263_014	g0598	test
ENSE00001089263_015	g0598	test
ENSE00001089263_016	g0598	test
ENSE00001089263_017	g0598	test
ENSE00001089263_018	g0598	test
ENSE00001089263_019	g0598	test
ENSE00001089263_020	g0598	test
ENSE00001089488_001	g0599	test
ENSE00001089488_002	g0599	test
ENSE00001089488_003	g0599	test
ENSE00001089488_005	g0599	test
ENSE00001089488_006	g0599	test
ENSE00001089488_007	g0599	test
ENSE00001089488_008	g0599	test
ENSE00001089488_009	g0599	test
ENSE00001089488_010	g0599	test
ENSE00001089488_011	g0599	test
ENSE00001089488_012	g0599	test
ENSE00001089488_014	g0599	test
ENSE00001089488_015	g0599	test
ENSE00001089488_016	g0599	test
ENSE00001089488_017	g0599	test
ENSE00001089488_018	g0599	test
ENSE00001089488_020	g0599	test
ENSE00001089488_021	g0599	test
ENSE00001089488_023	g0599	test
ENSE00001089488_024	g0599	test
ENSE00001089488_025	g0599	test
ENSE00001089488_026	g0599	test
ENSE00001089515_001	g0599	test
ENSE00001089515_018	g0599	test
ENSE00001089895_001	g0600	train
ENSE00001089895_002	g0600	train
ENSE00001089895_003	g0600	train
ENSE00001089895_004	g0600	train
ENSE00001089895_005	g0600	train
ENSE00001089895_006	g0600	train
ENSE00001089895_007	g0600	train
ENSE00001089895_008	g0600	train
ENSE00001089895_009	g0600	train
ENSE00001089895_010	g0600	train
ENSE00001089895_011	g0600	train
ENSE00001089895_012	g0600	train
ENSE00001089895_013	g0600	train
ENSE00001089895_014	g0600	train
ENSE00001089895_015	g0600	train
ENSE00001089895_016	g0600	train
ENSE00001089895_017	g0600	train
ENSE00001089895_018	g0600	train
ENSE00001089895_020	g0600	train
ENSE00001089895_021	g0600	train
ENSE00001089895_022	g0600	train
ENSE00001089895_023	g0600	train
ENSE00001089895_024	g0600	train
ENSE00001089895_025	g0600	train
ENSE00001089895_026	g0600	train
ENSE00001090284_001	g0601	train
ENSE00001090284_005	g0601	train
ENSE00001090284_013	g0601	train
ENSE00001090508_003	g0602	train
ENSE00001090508_012	g0602	train
ENSE00001090508_013	g0602	train
ENSE00001090508_015	g0602	train
ENSE00001090692_002	g0603	train
ENSE00001090692_004	g0603	train
ENSE00001090692_005	g0603	train
ENSE00001090692_007	g0603	train
ENSE00001090692_009	g0603	train
ENSE00001090692_012	g0603	train
ENSE00001090692_018	g0603	train
ENSE00001090692_024	g0603	train
ENSE00001090692_026	g0603	train
ENSE00001090928_001	g0604	test
ENSE00001090928_005	g0604	test
ENSE00001090928_006	g0604	test
ENSE00001090928_007	g0604	test
ENSE00001090928_008	g0604	test
ENSE00001090928_010	g0604	test
ENSE00001091167_002	g0456	test
ENSE00001091167_005	g0456	test
ENSE00001091167_008	g0456	test
ENSE00001091167_009	g0456	test
ENSE00001091167_010	g0456	test
ENSE00001091167_012	g0456	test
ENSE00001091167_013	g0456	test
ENSE00001091167_014	g0456	test
ENSE00001091167_015	g0456	test
ENSE00001091167_016	g0456	test
ENSE00001091167_018	g0456	test
ENSE00001091167_019	g0456	test
ENSE00001091167_020	g0456	test
ENSE00001091167_022	g0456	test
ENSE00001091167_023	g0456	test
ENSE00001091167_025	g0456	test
ENSE00001091204_001	g0605	train
ENSE00001091204_002	g0605	train
ENSE00001091204_003	g0605	train
ENSE00001091204_004	g0605	train
ENSE00001091204_005	g0605	train
ENSE00001091204_006	g0605	train
ENSE00001091204_007	g0605	train
ENSE00001091204_008	g0605	train
ENSE00001091204_009	g0605	train
ENSE00001091204_010	g0605	train
ENSE00001091204_011	g0605	train
ENSE00001091204_012	g0605	train
ENSE00001091204_013	g0605	train
ENSE00001091204_014	g0605	train
ENSE00001091204_015	g0605	train
ENSE00001091204_017	g0605	train
ENSE00001091204_018	g0605	train
ENSE00001091204_020	g0605	train
ENSE00001091204_021	g0605	train
ENSE00001091204_022	g0605	train
ENSE00001091204_023	g0605	train
ENSE00001091204_024	g0605	train
ENSE00001091322_001	g0606	train
ENSE00001091322_002	g0606	train
ENSE00001091322_004	g0606	train
ENSE00001091322_005	g0606	train
ENSE00001091322_011	g0606	train
ENSE00001091322_012	g0606	train
ENSE00001091322_013	g0606	train
ENSE00001091322_015	g0606	train
ENSE00001091322_016	g0606	train
ENSE00001091502_002	g0292	train
ENSE00001091502_004	g0292	train
ENSE00001091502_013	g0292	train
ENSE00001091531_001	g0607	train
ENSE00001091531_002	g0607	train
ENSE00001091531_004	g0607	train
ENSE00001091531_007	g0607	train
ENSE00001092024_003	g0608	train
ENSE00001092024_009	g0608	train
ENSE00001092024_011	g0608	train
ENSE00001092024_012	g0608	train
ENSE00001092094_002	g0609	train
ENSE00001092094_006	g0609	train
ENSE00001092094_011	g0609	train
ENSE00001092094_013	g0609	train
ENSE00001092094_015	g0609	train
ENSE00001092094_016	g0609	train
ENSE00001092094_018	g0609	train
ENSE00001092663_001	g0610	test
ENSE00001092663_002	g0610	test
ENSE00001092663_003	g0610	test
ENSE00001092663_004	g0610	test
ENSE00001092663_006	g0610	test
ENSE00001092663_007	g0610	test
ENSE00001092663_008	g0610	test
ENSE00001092663_009	g0610	test
ENSE00001092663_010	g0610	test
ENSE00001092663_011	g0610	test
ENSE00001092663_012	g0610	test
ENSE00001092663_013	g0610	test
ENSE00001092663_014	g0610	test
ENSE00001093061_001	g0611	train
ENSE00001093061_003	g0611	train
ENSE00001093061_004	g0611	train
ENSE00001093061_005	g0611	train
ENSE00001093061_007	g0611	train
ENSE00001093061_008	g0611	train
ENSE00001093061_010	g0611	train
ENSE00001093061_011	g0611	train
ENSE00001093061_012	g0611	train
ENSE00001093061_013	g0611	train
ENSE00001093061_014	g0611	train
ENSE00001093061_015	g0611	train
ENSE00001093061_016	g0611	train
ENSE00001093061_017	g0611	train
ENSE00001093402_001	g0612	train
ENSE00001093402_002	g0612	train
ENSE00001093402_003	g0612	train
ENSE00001093402_004	g0612	train
ENSE00001093402_006	g0612	train
ENSE00001093402_007	g0612	train
ENSE00001093402_008	g0612	train
ENSE00001093402_009	g0612	train
ENSE00001093402_010	g0612	train
ENSE00001093402_011	g0612	train
ENSE00001093402_012	g0612	train
ENSE00001093402_013	g0612	train
ENSE00001093402_014	g0612	train
ENSE00001093402_015	g0612	train
ENSE00001093402_017	g0612	train
ENSE00001093402_021	g0612	train
ENSE00001093402_022	g0612	train
ENSE00001093402_023	g0612	train
ENSE00001093402_024	g0612	train
ENSE00001093402_025	g0612	train
ENSE00001093402_028	g0612	train
ENSE00001093402_029	g0612	train
ENSE00001093627_001	g0613	train
ENSE00001093627_005	g0613	train
ENSE00001093627_007	g0613	train
ENSE00001093627_011	g0613	train
ENSE00001093627_013	g0613	train
ENSE00001093627_014	g0613	train
ENSE00001093627_015	g0613	train
ENSE00001093627_016	g0613	train
ENSE00001093627_020	g0613	train
ENSE00001093627_021	g0613	train
ENSE00001093627_027	g0613	train
ENSE00001093636_003	g0613	train
ENSE00001093636_004	g0613	train
ENSE00001093636_006	g0613	train
ENSE00001093636_008	g0613	train
ENSE00001093636_009	g0613	train
ENSE00001093636_010	g0613	train
ENSE00001093636_011	g0613	train
ENSE00001093636_012	g0613	train
ENSE00001093636_013	g0613	train
ENSE00001093636_014	g0613	train
ENSE00001093636_015	g0613	train
ENSE00001093636_017	g0613	train
ENSE00001093636_018	g0613	train
ENSE00001093636_019	g0613	train
ENSE00001093636_020	g0613	train
ENSE00001093636_021	g0613	train
ENSE00001093636_022	g0613	train
ENSE00001094099_002	g0614	train
ENSE00001094099_003	g0614	train
ENSE00001094099_004	g0614	train
ENSE00001094099_005	g0614	train
ENSE00001094099_006	g0614	train
ENSE00001094099_007	g0614	train
ENSE00001094099_009	g0614	train
ENSE00001094099_012	g0614	train
ENSE00001094099_013	g0614	train
ENSE00001094099_016	g0614	train
ENSE00001094099_017	g0614	train
ENSE00001094503_001	g0615	train
ENSE00001094503_002	g0615	train
ENSE00001094503_004	g0615	train
ENSE00001094503_005	g0615	train
ENSE00001094503_006	g0615	train
ENSE00001094503_007	g0615	train
ENSE00001094503_008	g0615	train
ENSE00001094503_009	g0615	train
ENSE00001094503_010	g0615	train
ENSE00001094503_011	g0615	train
ENSE00001094503_012	g0615	train
ENSE00001094503_013	g0615	train
ENSE00001094503_014	g0615	train
ENSE00001094503_015	g0615	train
ENSE00001094503_017	g0615	train
ENSE00001094503_018	g0615	train
ENSE00001094503_019	g0615	train
ENSE00001094503_020	g0615	train
ENSE00001094503_021	g0615	train
ENSE00001094503_022	g0615	train
ENSE00001094503_023	g0615	train
ENSE00001094503_024	g0615	train
ENSE00001094503_025	g0615	train
ENSE00001094503_026	g0615	train
ENSE00001094503_027	g0615	train
ENSE00001094870_002	g0481	test
ENSE00001094870_010	g0481	test
ENSE00001094870_012	g0481	test
ENSE00001094873_001	g0481	test
ENSE00001094873_002	g0481	test
ENSE00001094873_003	g0481	test
ENSE00001094873_004	g0481	test
ENSE00001094873_006	g0481	test
ENSE00001094873_007	g0481	test
ENSE00001094873_008	g0481	test
ENSE00001094873_009	g0481	test
ENSE00001094873_010	g0481	test
ENSE00001094873_012	g0481	test
ENSE00001094873_013	g0481	test
ENSE00001094873_014	g0481	test
ENSE00001094873_016	g0481	test
ENSE00001094873_017	g0481	test
ENSE00001094873_018	g0481	test
ENSE00001094873_021	g0481	test
ENSE00001094873_022	g0481	test
ENSE00001094873_023	g0481	test
ENSE00001094873_024	g0481	test
ENSE00001094873_026	g0481	test
ENSE00001095406_002	g0616	test
ENSE00001095406_005	g0616	test
ENSE00001095406_009	g0616	test
ENSE00001095406_010	g0616	test
ENSE00001095406_011	g0616	test
ENSE00001095406_012	g0616	test
ENSE00001095406_014	g0616	test
ENSE00001095406_019	g0616	test
ENSE00001095406_021	g0616	test
ENSE00001095406_023	g0616	test
ENSE00001095406_024	g0616	test
ENSE00001095752_004	g0617	train
ENSE00001095752_010	g0617	train
ENSE00001095752_012	g0617	train
ENSE00001095752_016	g0617	train
ENSE00001096482_002	g0618	train
ENSE00001096482_003	g0618	train
ENSE00001096482_007	g0618	train
ENSE00001096482_010	g0618	train
ENSE00001096482_011	g0618	train
ENSE00001096482_013	g0618	train
ENSE00001096482_015	g0618	train
ENSE00001096482_017	g0618	train
ENSE00001096482_018	g0618	train
ENSE00001096585_001	g0619	train
ENSE00001096585_003	g0619	train
ENSE00001096585_005	g0619	train
ENSE00001096585_006	g0619	train
ENSE00001096585_007	g0619	train
ENSE00001096585_008	g0619	train
ENSE00001096585_009	g0619	train
ENSE00001096585_010	g0619	train
ENSE00001096585_011	g0619	train
ENSE00001096585_012	g0619	train
ENSE00001096585_013	g0619	train
ENSE00001096585_015	g0619	train
ENSE00001096585_016	g0619	train
ENSE00001096585_017	g0619	train
ENSE00001096585_018	g0619	train
ENSE00001096585_019	g0619	train
ENSE00001096585_020	g0619	train
ENSE00001096585_021	g0619	train
ENSE00001096585_024	g0619	train
ENSE00001096585_025	g0619	train
ENSE00001096598_001	g0619	train
ENSE00001096598_002	g0619	train
ENSE00001096598_003	g0619	train
ENSE00001096598_006	g0619	train
ENSE00001096598_007	g0619	train
ENSE00001096598_008	g0619	train
ENSE00001096598_009	g0619	train
ENSE00001096598_010	g0619	train
ENSE00001096598_011	g0619	train
ENSE00001096598_012	g0619	train
ENSE00001096598_013	g0619	train
ENSE00001096598_016	g0619	train
ENSE00001096598_017	g0619	train
ENSE00001096598_018	g0619	train
ENSE00001096598_019	g0619	train
ENSE00001096598_020	g0619	train
ENSE00001096598_022	g0619	train
ENSE00001096598_023	g0619	train
ENSE00001096598_024	g0619	train
ENSE00001096598_025	g0619	train
ENSE00001096598_026	g0619	train
ENSE00001096614_001	g0620	test
ENSE00001096614_002	g0620	test
ENSE00001096614_003	g0620	test
ENSE00001096614_004	g0620	test
ENSE00001096614_006	g0620	test
ENSE00001096614_007	g0620	test
ENSE00001096614_009	g0620	test
ENSE00001096614_010	g0620	test
ENSE00001096614_011	g0620	test
ENSE00001096614_014	g0620	test
ENSE00001096614_015	g0620	test
ENSE00001096614_016	g0620	test
ENSE00001097863_010	g0621	train
ENSE00001098415_001	g0622	train
ENSE00001098415_005	g0622	train
ENSE00001098415_006	g0622	train
ENSE00001098415_007	g0622	train
ENSE00001098415_008	g0622	train
ENSE00001098415_009	g0622	train
ENSE00001098415_011	g0622	train
ENSE00001098415_013	g0622	train
ENSE00001098415_014	g0622	train
ENSE00001098415_016	g0622	train
ENSE00001098415_017	g0622	train
ENSE00001098415_018	g0622	train
ENSE00001098415_019	g0622	train
ENSE00001098801_001	g0623	train
ENSE00001098801_002	g0623	train
ENSE00001098801_004	g0623	train
ENSE00001098801_008	g0623	train
ENSE00001098801_011	g0623	train
ENSE00001098801_015	g0623	train
ENSE00001098801_018	g0623	train
ENSE00001098801_020	g0623	train
ENSE00001098801_023	g0623	train
ENSE00001098801_025	g0623	train
ENSE00001099032_001	g0624	test
ENSE00001099032_002	g0624	test
ENSE00001099032_008	g0624	test
ENSE00001099032_009	g0624	test
ENSE00001099032_012	g0624	test
ENSE00001099032_013	g0624	test
ENSE00001099032_015	g0624	test
ENSE00001099032_016	g0624	test
ENSE00001099032_020	g0624	test
ENSE00001099032_021	g0624	test
ENSE00001099032_022	g0624	test
ENSE00001099032_023	g0624	test
ENSE00001099032_024	g0624	test
ENSE00001099032_025	g0624	test
ENSE00001099032_026	g0624	test
ENSE00001099032_027	g0624	test
ENSE00001099032_028	g0624	test
ENSE00001099032_029	g0624	test
ENSE00001099032_030	g0624	test
ENSE00001099032_033	g0624	test
ENSE00001099032_034	g0624	test
ENSE00001099032_035	g0624	test
ENSE00001099032_037	g0624	test
ENSE00001099223_001	g0625	train
ENSE00001099223_002	g0625	train
ENSE00001099223_003	g0625	train
ENSE00001099223_004	g0625	train
ENSE00001099223_006	g0625	train
ENSE00001099223_007	g0625	train
ENSE00001099223_008	g0625	train
ENSE00001099223_009	g0625	train
ENSE00001099223_010	g0625	train
ENSE00001099223_011	g0625	train
ENSE00001099223_012	g0625	train
ENSE00001099223_013	g0625	train
ENSE00001099223_014	g0625	train
ENSE00001099223_015	g0625	train
ENSE00001099223_016	g0625	train
ENSE00001099223_017	g0625	train
ENSE00001099223_019	g0625	train
ENSE00001099223_020	g0625	train
ENSE00001099223_021	g0625	train
ENSE00001099740_001	g0626	test
ENSE00001099740_002	g0626	test
ENSE00001099740_003	g0626	test
ENSE00001099740_004	g0626	test
ENSE00001099740_005	g0626	test
ENSE00001099842_001	g0627	train
ENSE00001099842_002	g0627	train
ENSE00001099842_004	g0627	train
ENSE00001099842_005	g0627	train
ENSE00001099842_008	g0627	train
ENSE00001099842_010	g0627	train
ENSE00001099842_013	g0627	train
ENSE00001099842_014	g0627	train
ENSE00001099842_019	g0627	train
ENSE00001099842_020	g0627	train
ENSE00001099842_021	g0627	train
ENSE00001099842_022	g0627	train
ENSE00001099842_023	g0627	train
ENSE00001099842_024	g0627	train
ENSE00001099842_026	g0627	train
ENSE00001099842_027	g0627	train
ENSE00001099842_029	g0627	train
ENSE00001099842_032	g0627	train
ENSE00001099842_034	g0627	train
ENSE00001099842_035	g0627	train
ENSE00001099842_038	g0627	train
ENSE00001099953_004	g0628	train
ENSE00001099953_008	g0628	train
ENSE00001099953_012	g0628	train
ENSE00001099953_013	g0628	train
ENSE00001099953_015	g0628	train
ENSE00001099953_017	g0628	train
ENSE00001100547_001	g0629	train
ENSE00001100547_002	g0629	train
ENSE00001100547_003	g0629	train
ENSE00001100547_005	g0629	train
ENSE00001100547_006	g0629	train
ENSE00001100547_007	g0629	train
ENSE00001100547_008	g0629	train
ENSE00001100547_010	g0629	train
ENSE00001100547_011	g0629	train
ENSE00001100547_013	g0629	train
ENSE00001100547_014	g0629	train
ENSE00001100547_015	g0629	train
ENSE00001100547_018	g0629	train
ENSE00001100547_020	g0629	train
ENSE00001100547_021	g0629	train
ENSE00001100892_001	g0630	train
ENSE00001100892_002	g0630	train
ENSE00001100892_003	g0630	train
ENSE00001100892_005	g0630	train
ENSE00001100892_006	g0630	train
ENSE00001100892_007	g0630	train
ENSE00001100892_008	g0630	train
ENSE00001100892_010	g0630	train
ENSE00001100892_011	g0630	train
ENSE00001100892_012	g0630	train
ENSE00001100892_013	g0630	train
ENSE00001100892_014	g0630	train
ENSE00001100892_015	g0630	train
ENSE00001100892_016	g0630	train
ENSE00001100892_017	g0630	train
ENSE00001100892_019	g0630	train
ENSE00001100892_020	g0630	train
ENSE00001100892_021	g0630	train
ENSE00001101050_001	g0631	test
ENSE00001101050_003	g0631	test
ENSE00001101050_005	g0631	test
ENSE00001101050_010	g0631	test
ENSE00001101050_011	g0631	test
ENSE00001101050_012	g0631	test
ENSE00001101050_013	g0631	test
ENSE00001101050_014	g0631	test
ENSE00001101077_002	g0632	train
ENSE00001101077_003	g0632	train
ENSE00001101077_005	g0632	train
ENSE00001101077_006	g0632	train
ENSE00001101077_008	g0632	train
ENSE00001101077_009	g0632	train
ENSE00001101077_012	g0632	train
ENSE00001101077_015	g0632	train
ENSE00001101077_016	g0632	train
ENSE00001101077_017	g0632	train
ENSE00001101077_019	g0632	train
ENSE00001101077_020	g0632	train
ENSE00001101077_022	g0632	train
ENSE00001101077_023	g0632	train
ENSE00001101077_025	g0632	train
ENSE00001101077_026	g0632	train
ENSE00001101077_028	g0632	train
ENSE00001101077_030	g0632	train
ENSE00001101217_001	g0633	train
ENSE00001101217_003	g0633	train
ENSE00001101217_004	g0633	train
ENSE00001101217_005	g0633	train
ENSE00001101217_006	g0633	train
ENSE00001101217_007	g0633	train
ENSE00001101217_008	g0633	train
ENSE00001101217_010	g0633	train
ENSE00001101217_011	g0633	train
ENSE00001101217_012	g0633	train
ENSE00001101217_013	g0633	train
ENSE00001101217_014	g0633	train
ENSE00001101217_015	g0633	train
ENSE00001101217_016	g0633	train
ENSE00001101217_017	g0633	train
ENSE00001101227_002	g0634	train
ENSE00001101227_004	g0634	train
ENSE00001101227_005	g0634	train
ENSE00001101227_008	g0634	train
ENSE00001101227_009	g0634	train
ENSE00001101227_012	g0634	train
ENSE00001101227_018	g0634	train
ENSE00001101227_021	g0634	train
ENSE00001101227_023	g0634	train
ENSE00001102128_001	g0635	train
ENSE00001102128_002	g0635	train
ENSE00001102128_003	g0635	train
ENSE00001102128_004	g0635	train
ENSE00001102128_005	g0635	train
ENSE00001102128_006	g0635	train
ENSE00001102128_007	g0635	train
ENSE00001102128_008	g0635	train
ENSE00001102128_010	g0635	train
ENSE00001102128_011	g0635	train
ENSE00001102151_001	g0636	train
ENSE00001102151_002	g0636	train
ENSE00001102151_005	g0636	train
ENSE00001102151_007	g0636	train
ENSE00001102151_008	g0636	train
ENSE00001102151_009	g0636	train
ENSE00001102151_010	g0636	train
ENSE00001102151_011	g0636	train
ENSE00001102151_012	g0636	train
ENSE00001102151_013	g0636	train
ENSE00001102151_014	g0636	train
ENSE00001102151_015	g0636	train
ENSE00001102151_016	g0636	train
ENSE00001102151_017	g0636	train
ENSE00001102151_018	g0636	train
ENSE00001102151_020	g0636	train
ENSE00001102151_021	g0636	train
ENSE00001102151_022	g0636	train
ENSE00001102639_001	g0637	train
ENSE00001102639_002	g0637	train
ENSE00001102639_003	g0637	train
ENSE00001102639_004	g0637	train
ENSE00001102639_005	g0637	train
ENSE00001102639_006	g0637	train
ENSE00001102639_007	g0637	train
ENSE00001102639_008	g0637	train
ENSE00001102639_010	g0637	train
ENSE00001102639_012	g0637	train
ENSE00001102639_013	g0637	train
ENSE00001102639_014	g0637	train
ENSE00001102639_015	g0637	train
ENSE00001102639_016	g0637	train
ENSE00001102639_017	g0637	train
ENSE00001102639_018	g0637	train
ENSE00001102639_020	g0637	train
ENSE00001102639_021	g0637	train
ENSE00001102639_022	g0637	train
ENSE00001102639_023	g0637	train
ENSE00001102639_024	g0637	train
ENSE00001102639_026	g0637	train
ENSE00001102639_027	g0637	train
ENSE00001102639_029	g0637	train
ENSE00001102639_030	g0637	train
ENSE00001102639_031	g0637	train
ENSE00001102639_032	g0637	train
ENSE00001102639_034	g0637	train
ENSE00001102639_035	g0637	train
ENSE00001102639_036	g0637	train
ENSE00001102639_038	g0637	train
ENSE00001102639_039	g0637	train
ENSE00001102735_001	g0638	train
ENSE00001102735_002	g0638	train
ENSE00001102735_003	g0638	train
ENSE00001102735_004	g0638	train
ENSE00001102735_005	g0638	train
ENSE00001102735_006	g0638	train
ENSE00001102735_007	g0638	train
ENSE00001102735_009	g0638	train
ENSE00001102735_012	g0638	train
ENSE00001102735_013	g0638	train
ENSE00001102735_015	g0638	train
ENSE00001102735_017	g0638	train
ENSE00001102735_018	g0638	train
ENSE00001102735_019	g0638	train
ENSE00001102735_020	g0638	train
ENSE00001102771_001	g0639	train
ENSE00001102771_006	g0639	train
ENSE00001102771_012	g0639	train
ENSE00001102771_013	g0639	train
ENSE00001102771_016	g0639	train
ENSE00001102771_023	g0639	train
ENSE00001102771_024	g0639	train
ENSE00001102771_029	g0639	train
ENSE00001102771_030	g0639	train
ENSE00001102771_031	g0639	train
ENSE00001102771_034	g0639	train
ENSE00001102771_036	g0639	train
ENSE00001102771_038	g0639	train
ENSE00001102771_039	g0639	train
ENSE00001102771_040	g0639	train
ENSE00001102771_041	g0639	train
ENSE00001102771_042	g0639	train
ENSE00001102771_043	g0639	train
ENSE00001103714_003	g0640	train
ENSE00001103714_004	g0640	train
ENSE00001103714_005	g0640	train
ENSE00001103714_006	g0640	train
ENSE00001103714_007	g0640	train
ENSE00001103714_008	g0640	train
ENSE00001103714_010	g0640	train
ENSE00001103714_011	g0640	train
ENSE00001103714_013	g0640	train
ENSE00001103714_014	g0640	train
ENSE00001103714_015	g0640	train
ENSE00001103714_017	g0640	train
ENSE00001103714_018	g0640	train
ENSE00001103714_020	g0640	train
ENSE00001103714_022	g0640	train
ENSE00001103714_023	g0640	train
ENSE00001104098_004	g0641	test
ENSE00001104098_007	g0641	test
ENSE00001104098_009	g0641	test
ENSE00001104098_013	g0641	test
ENSE00001104098_015	g0641	test
ENSE00001104098_016	g0641	test
ENSE00001104098_018	g0641	test
ENSE00001104098_022	g0641	test
ENSE00001104104_001	g0641	test
ENSE00001104104_002	g0641	test
ENSE00001104104_003	g0641	test
ENSE00001104104_004	g0641	test
ENSE00001104104_005	g0641	test
ENSE00001104104_008	g0641	test
ENSE00001104104_010	g0641	test
ENSE00001104104_014	g0641	test
ENSE00001104104_015	g0641	test
ENSE00001104104_016	g0641	test
ENSE00001104104_017	g0641	test
ENSE00001104104_018	g0641	test
ENSE00001104104_021	g0641	test
ENSE00001104861_001	g0069	train
ENSE00001104861_004	g0069	train
ENSE00001104861_007	g0069	train
ENSE00001104861_008	g0069	train
ENSE00001104861_009	g0069	train
ENSE00001104861_011	g0069	train
ENSE00001104861_013	g0069	train
ENSE00001104861_015	g0069	train
ENSE00001104861_017	g0069	train
ENSE00001104861_019	g0069	train
ENSE00001105500_001	g0642	test
ENSE00001105500_002	g0642	test
ENSE00001105500_003	g0642	test
ENSE00001105500_004	g0642	test
ENSE00001105500_005	g0642	test
ENSE00001105500_007	g0642	test
ENSE00001105500_008	g0642	test
ENSE00001105500_011	g0642	test
ENSE00001105500_014	g0642	test
ENSE00001105500_015	g0642	test
ENSE00001105500_020	g0642	test
ENSE00001105500_022	g0642	test
ENSE00001105500_023	g0642	test
ENSE00001105500_024	g0642	test
ENSE00001105500_025	g0642	test
ENSE00001105500_026	g0642	test
ENSE00001105500_027	g0642	test
ENSE00001105500_029	g0642	test
ENSE00001105500_034	g0642	test
ENSE00001105500_035	g0642	test
ENSE00001105500_036	g0642	test
ENSE00001105500_037	g0642	test
ENSE00001105500_039	g0642	test
ENSE00001105500_040	g0642	test
ENSE00001105667_001	g0643	test
ENSE00001105667_002	g0643	test
ENSE00001105667_003	g0643	test
ENSE00001105667_004	g0643	test
ENSE00001105667_005	g0643	test
ENSE00001105667_006	g0643	test
ENSE00001105667_008	g0643	test
ENSE00001105667_010	g0643	test
ENSE00001105667_014	g0643	test
ENSE00001105667_015	g0643	test
ENSE00001105667_017	g0643	test
ENSE00001105667_019	g0643	test
ENSE00001105667_021	g0643	test
ENSE00001105667_022	g0643	test
ENSE00001105667_023	g0643	test
ENSE00001105667_025	g0643	test
ENSE00001105667_029	g0643	test
ENSE00001105667_030	g0643	test
ENSE00001105667_033	g0643	test
ENSE00001105667_034	g0643	test
ENSE00001105667_035	g0643	test
ENSE00001105667_036	g0643	test
ENSE00001105667_037	g0643	test
ENSE00001105667_038	g0643	test
ENSE00001105667_040	g0643	test
ENSE00001105667_042	g0643	test
ENSE00001106076_001	g0644	train
ENSE00001106076_002	g0644	train
ENSE00001106076_004	g0644	train
ENSE00001106076_006	g0644	train
ENSE00001106076_008	g0644	train
ENSE00001106076_009	g0644	train
ENSE00001106076_010	g0644	train
ENSE00001106076_011	g0644	train
ENSE00001106076_012	g0644	train
ENSE00001106076_013	g0644	train
ENSE00001106076_014	g0644	train
ENSE00001106105_001	g0645	train
ENSE00001106105_002	g0645	train
ENSE00001106105_003	g0645	train
ENSE00001106105_006	g0645	train
ENSE00001106105_008	g0645	train
ENSE00001106105_009	g0645	train
ENSE00001106105_011	g0645	train
ENSE00001106105_012	g0645	train
ENSE00001106105_013	g0645	train
ENSE00001106105_017	g0645	train
ENSE00001106105_019	g0645	train
ENSE00001106105_020	g0645	train
ENSE00001106105_021	g0645	train
ENSE00001106105_022	g0645	train
ENSE00001106105_023	g0645	train
ENSE00001106105_024	g0645	train
ENSE00001106105_026	g0645	train
ENSE00001106105_027	g0645	train
ENSE00001106105_028	g0645	train
ENSE00001106105_029	g0645	train
ENSE00001106105_030	g0645	train
ENSE00001106105_033	g0645	train
ENSE00001106175_010	g0646	train
ENSE00001106175_019	g0646	train
ENSE00001106175_024	g0646	train
ENSE00001106577_001	g0647	train
ENSE00001106577_002	g0647	train
ENSE00001106577_004	g0647	train
ENSE00001106577_006	g0647	train
ENSE00001106577_007	g0647	train
ENSE00001106577_008	g0647	train
ENSE00001106577_010	g0647	train
ENSE00001106577_011	g0647	train
ENSE00001106577_014	g0647	train
ENSE00001106577_015	g0647	train
ENSE00001106577_016	g0647	train
ENSE00001106577_017	g0647	train
ENSE00001106577_019	g0647	train
ENSE00001106577_020	g0647	train
ENSE00001106577_021	g0647	train
ENSE00001106623_001	g0109	test
ENSE00001106623_002	g0109	test
ENSE00001106623_003	g0109	test
ENSE00001106623_004	g0109	test
ENSE00001106623_005	g0109	test
ENSE00001106623_006	g0109	test
ENSE00001106623_008	g0109	test
ENSE00001106623_009	g0109	test
ENSE00001106623_013	g0109	test
ENSE00001106623_014	g0109	test
ENSE00001106623_016	g0109	test
ENSE00001106623_017	g0109	test
ENSE00001106788_001	g0648	train
ENSE00001106788_002	g0648	train
ENSE00001106788_004	g0648	train
ENSE00001106788_005	g0648	train
ENSE00001106788_006	g0648	train
ENSE00001106788_008	g0648	train
ENSE00001106788_010	g0648	train
ENSE00001106788_011	g0648	train
ENSE00001106788_013	g0648	train
ENSE00001106788_015	g0648	train
ENSE00001106788_017	g0648	train
ENSE00001106788_019	g0648	train
ENSE00001106788_021	g0648	train
ENSE00001106788_023	g0648	train
ENSE00001106788_024	g0648	train
ENSE00001106788_025	g0648	train
ENSE00001106788_026	g0648	train
ENSE00001107074_006	g0649	train
ENSE00001107074_009	g0649	train
ENSE00001107078_003	g0649	train
ENSE00001107078_006	g0649	train
ENSE00001107078_013	g0649	train
ENSE00001107078_014	g0649	train
ENSE00001107078_015	g0649	train
ENSE00001107078_018	g0649	train
ENSE00001107078_020	g0649	train
ENSE00001107078_028	g0649	train
ENSE00001107321_008	g0650	test
ENSE00001107321_016	g0650	test
ENSE00001107321_017	g0650	test
ENSE00001108194_004	g0651	test
ENSE00001108194_005	g0651	test
ENSE00001108194_006	g0651	test
ENSE00001108194_007	g0651	test
ENSE00001108194_013	g0651	test
ENSE00001108194_014	g0651	test
ENSE00001108194_016	g0651	test
ENSE00001108194_017	g0651	test
ENSE00001108194_019	g0651	test
ENSE00001108194_021	g0651	test
ENSE00001108194_023	g0651	test
ENSE00001108539_001	g0059	test
ENSE00001108539_007	g0059	test
ENSE00001108539_008	g0059	test
ENSE00001108539_009	g0059	test
ENSE00001108539_010	g0059	test
ENSE00001108539_014	g0059	test
ENSE00001108600_001	g0652	train
ENSE00001108600_003	g0652	train
ENSE00001108600_007	g0652	train
ENSE00001108600_008	g0652	train
ENSE00001108600_009	g0652	train
ENSE00001108600_010	g0652	train
ENSE00001108600_011	g0652	train
ENSE00001108600_012	g0652	train
ENSE00001108600_013	g0652	train
ENSE00001108600_014	g0652	train
ENSE00001108600_015	g0652	train
ENSE00001108600_016	g0652	train
ENSE00001108678_003	g0653	test
ENSE00001108678_006	g0653	test
ENSE00001108726_002	g0654	train
ENSE00001108726_003	g0654	train
ENSE00001108726_004	g0654	train
ENSE00001108726_005	g0654	train
ENSE00001108726_006	g0654	train
ENSE00001108726_008	g0654	train
ENSE00001108726_009	g0654	train
ENSE00001108726_010	g0654	train
ENSE00001108726_011	g0654	train
ENSE00001108726_014	g0654	train
ENSE00001109542_002	g0655	test
ENSE00001109542_003	g0655	test
ENSE00001109542_005	g0655	test
ENSE00001109542_006	g0655	test
ENSE00001109542_007	g0655	test
ENSE00001109542_009	g0655	test
ENSE00001109542_011	g0655	test
ENSE00001109542_012	g0655	test
ENSE00001109542_015	g0655	test
ENSE00001109542_016	g0655	test
ENSE00001109542_018	g0655	test
ENSE00001110292_006	g0656	train
ENSE00001110292_008	g0656	train
ENSE00001110292_009	g0656	train
ENSE00001110292_010	g0656	train
ENSE00001110292_012	g0656	train
ENSE00001110292_013	g0656	train
ENSE00001110292_015	g0656	train
ENSE00001110292_016	g0656	train
ENSE00001110292_017	g0656	train
ENSE00001110292_018	g0656	train
ENSE00001110723_001	g0657	train
ENSE00001110723_002	g0657	train
ENSE00001110723_004	g0657	train
ENSE00001110723_005	g0657	train
ENSE00001110723_006	g0657	train
ENSE00001110723_008	g0657	train
ENSE00001110723_009	g0657	train
ENSE00001110723_010	g0657	train
ENSE00001110723_011	g0657	train
ENSE00001110723_012	g0657	train
ENSE00001110723_014	g0657	train
ENSE00001111166_001	g0658	train
ENSE00001111166_003	g0658	train
ENSE00001111166_004	g0658	train
ENSE00001111166_005	g0658	train
ENSE00001111166_006	g0658	train
ENSE00001111166_007	g0658	train
ENSE00001111166_008	g0658	train
ENSE00001111166_011	g0658	train
ENSE00001111166_013	g0658	train
ENSE00001111166_015	g0658	train
ENSE00001111166_016	g0658	train
ENSE00001111166_017	g0658	train
ENSE00001111166_019	g0658	train
ENSE00001111166_020	g0658	train
ENSE00001111166_021	g0658	train
ENSE00001111166_022	g0658	train
ENSE00001111166_023	g0658	train
ENSE00001111441_001	g0659	train
ENSE00001111441_002	g0659	train
ENSE00001111441_003	g0659	train
ENSE00001111441_007	g0659	train
ENSE00001111441_008	g0659	train
ENSE00001111441_011	g0659	train
ENSE00001111504_002	g0660	test
ENSE00001111504_003	g0660	test
ENSE00001111504_004	g0660	test
ENSE00001111504_005	g0660	test
ENSE00001111504_006	g0660	test
ENSE00001111504_007	g0660	test
ENSE00001111504_008	g0660	test
ENSE00001111504_009	g0660	test
ENSE00001111504_010	g0660	test
ENSE00001111504_012	g0660	test
ENSE00001111504_013	g0660	test
ENSE00001111504_014	g0660	test
ENSE00001111504_015	g0660	test
ENSE00001111504_016	g0660	test
ENSE00001111504_017	g0660	test
ENSE00001111504_020	g0660	test
ENSE00001111504_021	g0660	test
ENSE00001111504_022	g0660	test
ENSE00001111504_023	g0660	test
ENSE00001111517_001	g0660	test
ENSE00001111517_002	g0660	test
ENSE00001111517_003	g0660	test
ENSE00001111517_005	g0660	test
ENSE00001111517_006	g0660	test
ENSE00001111517_008	g0660	test
ENSE00001111517_009	g0660	test
ENSE00001111517_010	g0660	test
ENSE00001111517_011	g0660	test
ENSE00001111517_012	g0660	test
ENSE00001111517_013	g0660	test
ENSE00001111517_014	g0660	test
ENSE00001111517_015	g0660	test
ENSE00001111517_016	g0660	test
ENSE00001111517_018	g0660	test
ENSE00001111517_019	g0660	test
ENSE00001111517_020	g0660	test
ENSE00001111558_019	g0661	train
ENSE00001111558_023	g0661	train
ENSE00001112252_003	g0662	test
ENSE00001112252_005	g0662	test
ENSE00001112252_007	g0662	test
ENSE00001112252_008	g0662	test
ENSE00001112252_009	g0662	test
ENSE00001112252_011	g0662	test
ENSE00001112252_012	g0662	test
ENSE00001112252_013	g0662	test
ENSE00001112252_014	g0662	test
ENSE00001112252_016	g0662	test
ENSE00001112252_017	g0662	test
ENSE00001112252_018	g0662	test
ENSE00001112252_020	g0662	test
ENSE00001112252_021	g0662	test
ENSE00001112252_022	g0662	test
ENSE00001112252_023	g0662	test
ENSE00001113279_001	g0663	train
ENSE00001113279_002	g0663	train
ENSE00001113279_003	g0663	train
ENSE00001113279_005	g0663	train
ENSE00001113279_006	g0663	train
ENSE00001113279_007	g0663	train
ENSE00001113279_008	g0663	train
ENSE00001113279_010	g0663	train
ENSE00001113279_012	g0663	train
ENSE00001113279_013	g0663	train
ENSE00001113279_015	g0663	train
ENSE00001113279_016	g0663	train
ENSE00001113279_020	g0663	train
ENSE00001113279_021	g0663	train
ENSE00001113279_023	g0663	train
ENSE00001113279_025	g0663	train
ENSE00001113279_026	g0663	train
ENSE00001113279_028	g0663	train
ENSE00001113280_001	g0663	train
ENSE00001113280_004	g0663	train
ENSE00001113280_005	g0663	train
ENSE00001113280_006	g0663	train
ENSE00001113280_008	g0663	train
ENSE00001113280_009	g0663	train
ENSE00001113280_010	g0663	train
ENSE00001113280_011	g0663	train
ENSE00001113280_012	g0663	train
ENSE00001113280_013	g0663	train
ENSE00001113280_014	g0663	train
ENSE00001113280_015	g0663	train
ENSE00001113280_016	g0663	train
ENSE00001113280_017	g0663	train
ENSE00001113280_018	g0663	train
ENSE00001113280_020	g0663	train
ENSE00001113280_021	g0663	train
ENSE00001113280_022	g0663	train
ENSE00001113280_024	g0663	train
ENSE00001113280_025	g0663	train
ENSE00001113280_026	g0663	train
ENSE00001113280_028	g0663	train
ENSE00001113280_032	g0663	train
ENSE00001113280_033	g0663	train
ENSE00001113280_034	g0663	train
ENSE00001114839_001	g0664	train
ENSE00001114839_002	g0664	train
ENSE00001114839_003	g0664	train
ENSE00001114839_004	g0664	train
ENSE00001114839_005	g0664	train
ENSE00001114839_006	g0664	train
ENSE00001114839_007	g0664	train
ENSE00001114839_008	g0664	train
ENSE00001114839_009	g0664	train
ENSE00001114839_010	g0664	train
ENSE00001114839_012	g0664	train
ENSE00001114839_013	g0664	train
ENSE00001114839_014	g0664	train
ENSE00001114839_016	g0664	train
ENSE00001114839_018	g0664	train
ENSE00001115463_002	g0665	test
ENSE00001115463_008	g0665	test
ENSE00001115463_014	g0665	test
ENSE00001115463_015	g0665	test
ENSE00001115463_020	g0665	test
ENSE00001115463_021	g0665	test
ENSE00001115463_025	g0665	test
ENSE00001115464_005	g0665	test
ENSE00001115464_020	g0665	test
ENSE00001115543_020	g0666	train
ENSE00001116859_001	g0667	train
ENSE00001116859_002	g0667	train
ENSE00001116859_005	g0667	train
ENSE00001116859_007	g0667	train
ENSE00001116859_008	g0667	train
ENSE00001116859_009	g0667	train
ENSE00001116859_010	g0667	train
ENSE00001116859_012	g0667	train
ENSE00001116859_014	g0667	train
ENSE00001116859_015	g0667	train
ENSE00001116859_016	g0667	train
ENSE00001116859_017	g0667	train
ENSE00001116859_018	g0667	train
ENSE00001116859_020	g0667	train
ENSE00001116859_021	g0667	train
ENSE00001116859_022	g0667	train
ENSE00001116859_023	g0667	train
ENSE00001116859_025	g0667	train
ENSE00001116859_026	g0667	train
ENSE00001116859_027	g0667	train
ENSE00001116859_028	g0667	train
ENSE00001117772_001	g0668	train
ENSE00001117772_002	g0668	train
ENSE00001117772_003	g0668	train
ENSE00001117772_004	g0668	train
ENSE00001117772_005	g0668	train
ENSE00001117772_007	g0668	train
ENSE00001117772_009	g0668	train
ENSE00001117772_010	g0668	train
ENSE00001117772_011	g0668	train
ENSE00001117772_012	g0668	train
ENSE00001117772_014	g0668	train
ENSE00001117772_015	g0668	train
ENSE00001117772_016	g0668	train
ENSE00001117772_017	g0668	train
ENSE00001117772_018	g0668	train
ENSE00001117772_020	g0668	train
ENSE00001117772_021	g0668	train
ENSE00001117772_023	g0668	train
ENSE00001117772_024	g0668	train
ENSE00001117772_025	g0668	train
ENSE00001117772_026	g0668	train
ENSE00001117772_030	g0668	train
ENSE00001117953_002	g0669	train
ENSE00001117953_004	g0669	train
ENSE00001117953_005	g0669	train
ENSE00001117953_007	g0669	train
ENSE00001117953_008	g0669	train
ENSE00001117953_009	g0669	train
ENSE00001117953_010	g0669	train
ENSE00001117953_012	g0669	train
ENSE00001117953_013	g0669	train
ENSE00001117953_014	g0669	train
ENSE00001117953_015	g0669	train
ENSE00001117953_016	g0669	train
ENSE00001117953_018	g0669	train
ENSE00001117953_019	g0669	train
ENSE00001117953_020	g0669	train
ENSE00001117953_022	g0669	train
ENSE00001117953_023	g0669	train
ENSE00001117953_024	g0669	train
ENSE00001118256_002	g0670	train
ENSE00001118256_005	g0670	train
ENSE00001118256_008	g0670	train
ENSE00001118256_009	g0670	train
ENSE00001118256_010	g0670	train
ENSE00001118256_011	g0670	train
ENSE00001118256_012	g0670	train
ENSE00001118256_013	g0670	train
ENSE00001118256_015	g0670	train
ENSE00001118256_017	g0670	train
ENSE00001118256_018	g0670	train
ENSE00001119132_001	g0671	train
ENSE00001119132_002	g0671	train
ENSE00001119132_003	g0671	train
ENSE00001119132_004	g0671	train
ENSE00001119132_005	g0671	train
ENSE00001119132_007	g0671	train
ENSE00001119132_008	g0671	train
ENSE00001119132_009	g0671	train
ENSE00001119132_010	g0671	train
ENSE00001119132_012	g0671	train
ENSE00001119132_013	g0671	train
ENSE00001119132_014	g0671	train
ENSE00001119132_015	g0671	train
ENSE00001119132_016	g0671	train
ENSE00001119132_018	g0671	train
ENSE00001119132_020	g0671	train
ENSE00001119132_021	g0671	train
ENSE00001119132_022	g0671	train
ENSE00001119132_023	g0671	train
ENSE00001119132_024	g0671	train
ENSE00001119132_025	g0671	train
ENSE00001119132_026	g0671	train
ENSE00001119132_027	g0671	train
ENSE00001119132_029	g0671	train
ENSE00001119132_030	g0671	train
ENSE00001119132_031	g0671	train
ENSE00001119132_032	g0671	train
ENSE00001119132_033	g0671	train
ENSE00001119132_034	g0671	train
ENSE00001119132_035	g0671	train
ENSE00001119236_001	g0672	train
ENSE00001119236_002	g0672	train
ENSE00001119236_004	g0672	train
ENSE00001119236_009	g0672	train
ENSE00001119236_010	g0672	train
ENSE00001119236_012	g0672	train
ENSE00001119236_013	g0672	train
ENSE00001119236_014	g0672	train
ENSE00001119236_017	g0672	train
ENSE00001119236_020	g0672	train
ENSE00001119236_022	g0672	train
ENSE00001119248_002	g0673	train
ENSE00001119248_005	g0673	train
ENSE00001119248_006	g0673	train
ENSE00001119248_008	g0673	train
ENSE00001119248_009	g0673	train
ENSE00001119248_011	g0673	train
ENSE00001119248_012	g0673	train
ENSE00001119248_015	g0673	train
ENSE00001119248_016	g0673	train
ENSE00001119248_017	g0673	train
ENSE00001119248_018	g0673	train
ENSE00001119248_019	g0673	train
ENSE00001119248_022	g0673	train
ENSE00001119248_024	g0673	train
ENSE00001119248_025	g0673	train
ENSE00001121647_003	g0674	test
ENSE00001121647_006	g0674	test
ENSE00001121647_007	g0674	test
ENSE00001121647_008	g0674	test
ENSE00001121929_001	g0563	train
ENSE00001121929_002	g0563	train
ENSE00001121929_003	g0563	train
ENSE00001121929_004	g0563	train
ENSE00001121929_005	g0563	train
ENSE00001121929_006	g0563	train
ENSE00001121929_007	g0563	train
ENSE00001121929_008	g0563	train
ENSE00001121929_009	g0563	train
ENSE00001121929_011	g0563	train
ENSE00001121929_013	g0563	train
ENSE00001121929_014	g0563	train
ENSE00001121929_017	g0563	train
ENSE00001121929_019	g0563	train
ENSE00001121929_020	g0563	train
ENSE00001121929_021	g0563	train
ENSE00001121929_022	g0563	train
ENSE00001123295_001	g0675	train
ENSE00001123295_002	g0675	train
ENSE00001123295_003	g0675	train
ENSE00001123295_004	g0675	train
ENSE00001123295_005	g0675	train
ENSE00001123295_006	g0675	train
ENSE00001123295_007	g0675	train
ENSE00001123295_008	g0675	train
ENSE00001123295_009	g0675	train
ENSE00001123295_011	g0675	train
ENSE00001123295_012	g0675	train
ENSE00001123295_013	g0675	train
ENSE00001123295_014	g0675	train
ENSE00001123295_015	g0675	train
ENSE00001123295_016	g0675	train
ENSE00001123295_017	g0675	train
ENSE00001123295_018	g0675	train
ENSE00001123295_020	g0675	train
ENSE00001123295_021	g0675	train
ENSE00001123295_022	g0675	train
ENSE00001123295_023	g0675	train
ENSE00001123295_024	g0675	train
ENSE00001123295_025	g0675	train
ENSE00001123295_026	g0675	train
ENSE00001123597_021	g0676	train
ENSE00001123597_024	g0676	train
ENSE00001123597_030	g0676	train
ENSE00001124475_003	g0628	train
ENSE00001124475_004	g0628	train
ENSE00001124475_006	g0628	train
ENSE00001124475_007	g0628	train
ENSE00001124475_008	g0628	train
ENSE00001124475_010	g0628	train
ENSE00001124475_013	g0628	train
ENSE00001124475_015	g0628	train
ENSE00001124475_018	g0628	train
ENSE00001124475_021	g0628	train
ENSE00001124475_022	g0628	train
ENSE00001124475_023	g0628	train
ENSE00001124475_024	g0628	train
ENSE00001124475_025	g0628	train
ENSE00001124475_026	g0628	train
ENSE00001124475_028	g0628	train
ENSE00001124475_030	g0628	train
ENSE00001124475_031	g0628	train
ENSE00001124475_032	g0628	train
ENSE00001125865_001	g0677	train
ENSE00001125865_002	g0677	train
ENSE00001125865_004	g0677	train
ENSE00001125865_005	g0677	train
ENSE00001125865_006	g0677	train
ENSE00001125865_007	g0677	train
ENSE00001125865_008	g0677	train
ENSE00001125865_009	g0677	train
ENSE00001125865_010	g0677	train
ENSE00001125865_011	g0677	train
ENSE00001125865_014	g0677	train
ENSE00001125865_015	g0677	train
ENSE00001125865_016	g0677	train
ENSE00001125865_017	g0677	train
ENSE00001125865_019	g0677	train
ENSE00001125865_020	g0677	train
ENSE00001125865_021	g0677	train
ENSE00001125865_022	g0677	train
ENSE00001125865_023	g0677	train
ENSE00001125865_024	g0677	train
ENSE00001125865_026	g0677	train
ENSE00001125865_027	g0677	train
ENSE00001125865_028	g0677	train
ENSE00001125865_030	g0677	train
ENSE00001125865_031	g0677	train
ENSE00001125865_032	g0677	train
ENSE00001125865_034	g0677	train
ENSE00001125865_035	g0677	train
ENSE00001126660_002	g0678	train
ENSE00001126660_003	g0678	train
ENSE00001126660_004	g0678	train
ENSE00001126660_005	g0678	train
ENSE00001126660_010	g0678	train
ENSE00001126660_011	g0678	train
ENSE00001126660_012	g0678	train
ENSE00001126660_014	g0678	train
ENSE00001126660_015	g0678	train
ENSE00001126660_016	g0678	train
ENSE00001126660_017	g0678	train
ENSE00001126660_019	g0678	train
ENSE00001127375_001	g0679	train
ENSE00001127375_002	g0679	train
ENSE00001127375_003	g0679	train
ENSE00001127375_005	g0679	train
ENSE00001127375_006	g0679	train
ENSE00001127375_007	g0679	train
ENSE00001127375_008	g0679	train
ENSE00001127375_009	g0679	train
ENSE00001127375_010	g0679	train
ENSE00001127375_011	g0679	train
ENSE00001127375_012	g0679	train
ENSE00001127375_014	g0679	train
ENSE00001127375_015	g0679	train
ENSE00001127375_016	g0679	train
ENSE00001127375_017	g0679	train
ENSE00001127375_018	g0679	train
ENSE00001127375_019	g0679	train
ENSE00001127375_020	g0679	train
ENSE00001127375_021	g0679	train
ENSE00001127375_022	g0679	train
ENSE00001127625_001	g0680	train
ENSE00001127625_002	g0680	train
ENSE00001127625_003	g0680	train
ENSE00001127625_004	g0680	train
ENSE00001127625_005	g0680	train
ENSE00001127625_007	g0680	train
ENSE00001127625_008	g0680	train
ENSE00001127625_009	g0680	train
ENSE00001127625_010	g0680	train
ENSE00001127625_013	g0680	train
ENSE00001127625_014	g0680	train
ENSE00001127625_016	g0680	train
ENSE00001127625_017	g0680	train
ENSE00001127625_019	g0680	train
ENSE00001127625_020	g0680	train
ENSE00001127625_021	g0680	train
ENSE00001127625_023	g0680	train
ENSE00001127625_025	g0680	train
ENSE00001127968_001	g0681	train
ENSE00001127968_002	g0681	train
ENSE00001127968_003	g0681	train
ENSE00001127968_004	g0681	train
ENSE00001127968_005	g0681	train
ENSE00001127968_006	g0681	train
ENSE00001127968_007	g0681	train
ENSE00001127968_009	g0681	train
ENSE00001127968_010	g0681	train
ENSE00001127968_014	g0681	train
ENSE00001127968_015	g0681	train
ENSE00001127968_016	g0681	train
ENSE00001127968_017	g0681	train
ENSE00001127968_018	g0681	train
ENSE00001127968_019	g0681	train
ENSE00001127968_020	g0681	train
ENSE00001127968_021	g0681	train
ENSE00001127968_022	g0681	train
ENSE00001128940_001	g0682	train
ENSE00001128940_002	g0682	train
ENSE00001128940_003	g0682	train
ENSE00001128940_004	g0682	train
ENSE00001128940_005	g0682	train
ENSE00001128940_006	g0682	train
ENSE00001128940_007	g0682	train
ENSE00001128940_008	g0682	train
ENSE00001128940_009	g0682	train
ENSE00001128940_010	g0682	train
ENSE00001128940_012	g0682	train
ENSE00001128940_013	g0682	train
ENSE00001128940_014	g0682	train
ENSE00001128940_015	g0682	train
ENSE00001128940_016	g0682	train
ENSE00001128940_017	g0682	train
ENSE00001128940_018	g0682	train
ENSE00001128940_019	g0682	train
ENSE00001128940_020	g0682	train
ENSE00001128940_021	g0682	train
ENSE00001128940_022	g0682	train
ENSE00001128940_023	g0682	train
ENSE00001128940_024	g0682	train
ENSE00001128940_025	g0682	train
ENSE00001129810_002	g0581	test
ENSE00001129810_003	g0581	test
ENSE00001129810_004	g0581	test
ENSE00001129810_005	g0581	test
ENSE00001129810_007	g0581	test
ENSE00001129810_008	g0581	test
ENSE00001129810_009	g0581	test
ENSE00001129810_010	g0581	test
ENSE00001129810_011	g0581	test
ENSE00001129810_012	g0581	test
ENSE00001129810_013	g0581	test
ENSE00001129810_014	g0581	test
ENSE00001129810_015	g0581	test
ENSE00001129810_016	g0581	test
ENSE00001129810_017	g0581	test
ENSE00001129994_001	g0683	test
ENSE00001129994_002	g0683	test
ENSE00001129994_003	g0683	test
ENSE00001129994_005	g0683	test
ENSE00001129994_006	g0683	test
ENSE00001129994_007	g0683	test
ENSE00001129994_008	g0683	test
ENSE00001129994_009	g0683	test
ENSE00001129994_010	g0683	test
ENSE00001129994_011	g0683	test
ENSE00001129994_012	g0683	test
ENSE00001129994_013	g0683	test
ENSE00001129994_015	g0683	test
ENSE00001129994_016	g0683	test
ENSE00001129994_017	g0683	test
ENSE00001129994_018	g0683	test
ENSE00001130031_002	g0683	test
ENSE00001130031_003	g0683	test
ENSE00001130031_004	g0683	test
ENSE00001130031_006	g0683	test
ENSE00001130031_007	g0683	test
ENSE00001130031_008	g0683	test
ENSE00001130031_009	g0683	test
ENSE00001130031_011	g0683	test
ENSE00001130031_012	g0683	test
ENSE00001130031_013	g0683	test
ENSE00001130031_014	g0683	test
ENSE00001130041_001	g0683	test
ENSE00001130041_005	g0683	test
ENSE00001130041_007	g0683	test
ENSE00001130041_008	g0683	test
ENSE00001130041_010	g0683	test
ENSE00001130079_001	g0683	test
ENSE00001130079_002	g0683	test
ENSE00001130079_003	g0683	test
ENSE00001130079_005	g0683	test
ENSE00001130079_006	g0683	test
ENSE00001130079_007	g0683	test
ENSE00001130079_008	g0683	test
ENSE00001130079_009	g0683	test
ENSE00001130079_010	g0683	test
ENSE00001130079_011	g0683	test
ENSE00001130079_012	g0683	test
ENSE00001130079_014	g0683	test
ENSE00001130079_015	g0683	test
ENSE00001130079_016	g0683	test
ENSE00001130079_018	g0683	test
ENSE00001130079_019	g0683	test
ENSE00001130079_020	g0683	test
ENSE00001130085_001	g0683	test
ENSE00001130085_002	g0683	test
ENSE00001130085_003	g0683	test
ENSE00001130085_004	g0683	test
ENSE00001130085_006	g0683	test
ENSE00001130085_007	g0683	test
ENSE00001130085_008	g0683	test
ENSE00001130085_009	g0683	test
ENSE00001130085_010	g0683	test
ENSE00001130085_011	g0683	test
ENSE00001130085_012	g0683	test
ENSE00001130085_014	g0683	test
ENSE00001130103_001	g0683	test
ENSE00001130103_002	g0683	test
ENSE00001130103_003	g0683	test
ENSE00001130103_005	g0683	test
ENSE00001130103_006	g0683	test
ENSE00001130103_007	g0683	test
ENSE00001130103_008	g0683	test
ENSE00001130103_010	g0683	test
ENSE00001130103_011	g0683	test
ENSE00001130103_012	g0683	test
ENSE00001130103_013	g0683	test
ENSE00001130103_014	g0683	test
ENSE00001130103_015	g0683	test
ENSE00001130103_016	g0683	test
ENSE00001130103_017	g0683	test
ENSE00001130103_019	g0683	test
ENSE00001130103_020	g0683	test
ENSE00001130103_021	g0683	test
ENSE00001130103_023	g0683	test
ENSE00001130107_002	g0683	test
ENSE00001130107_004	g0683	test
ENSE00001130107_005	g0683	test
ENSE00001130107_006	g0683	test
ENSE00001130107_007	g0683	test
ENSE00001130107_008	g0683	test
ENSE00001130107_011	g0683	test
ENSE00001130107_012	g0683	test
ENSE00001130107_013	g0683	test
ENSE00001130107_014	g0683	test
ENSE00001130107_018	g0683	test
ENSE00001130107_019	g0683	test
ENSE00001130107_020	g0683	test
ENSE00001130107_022	g0683	test
ENSE00001130107_024	g0683	test
ENSE00001130125_001	g0683	test
ENSE00001130125_002	g0683	test
ENSE00001130125_003	g0683	test
ENSE00001130125_004	g0683	test
ENSE00001130125_005	g0683	test
ENSE00001130125_007	g0683	test
ENSE00001130125_008	g0683	test
ENSE00001130125_009	g0683	test
ENSE00001130125_010	g0683	test
ENSE00001130125_011	g0683	test
ENSE00001130125_012	g0683	test
ENSE00001130125_013	g0683	test
ENSE00001130125_014	g0683	test
ENSE00001130125_019	g0683	test
ENSE00001130125_020	g0683	test
ENSE00001130125_021	g0683	test
ENSE00001130125_022	g0683	test
ENSE00001130149_001	g0683	test
ENSE00001130149_002	g0683	test
ENSE00001130149_003	g0683	test
ENSE00001130149_004	g0683	test
ENSE00001130149_005	g0683	test
ENSE00001130149_006	g0683	test
ENSE00001130149_007	g0683	test
ENSE00001130149_008	g0683	test
ENSE00001130149_009	g0683	test
ENSE00001130149_010	g0683	test
ENSE00001130149_011	g0683	test
ENSE00001130149_013	g0683	test
ENSE00001130149_014	g0683	test
ENSE00001130149_015	g0683	test
ENSE00001130149_016	g0683	test
ENSE00001130149_017	g0683	test
ENSE00001130149_018	g0683	test
ENSE00001130149_019	g0683	test
ENSE00001130149_020	g0683	test
ENSE00001130149_021	g0683	test
ENSE00001130149_024	g0683	test
ENSE00001130149_025	g0683	test
ENSE00001130149_026	g0683	test
ENSE00001130164_005	g0684	test
ENSE00001130164_006	g0684	test
ENSE00001131019_001	g0685	train
ENSE00001131019_005	g0685	train
ENSE00001131019_007	g0685	train
ENSE00001131019_008	g0685	train
ENSE00001131019_010	g0685	train
ENSE00001131019_013	g0685	train
ENSE00001131019_015	g0685	train
ENSE00001131019_020	g0685	train
ENSE00001131019_021	g0685	train
ENSE00001131625_003	g0686	train
ENSE00001131625_005	g0686	train
ENSE00001131625_006	g0686	train
ENSE00001131625_007	g0686	train
ENSE00001131625_008	g0686	train
ENSE00001131625_009	g0686	train
ENSE00001131625_010	g0686	train
ENSE00001131625_016	g0686	train
ENSE00001131625_018	g0686	train
ENSE00001131625_021	g0686	train
ENSE00001131625_023	g0686	train
ENSE00001132217_001	g0687	test
ENSE00001132217_007	g0687	test
ENSE00001132217_009	g0687	test
ENSE00001132217_013	g0687	test
ENSE00001132217_014	g0687	test
ENSE00001132217_015	g0687	test
ENSE00001132217_022	g0687	test
ENSE00001132217_023	g0687	test
ENSE00001132906_001	g0688	train
ENSE00001132906_003	g0688	train
ENSE00001132906_008	g0688	train
ENSE00001132906_009	g0688	train
ENSE00001132906_013	g0688	train
ENSE00001133186_002	g0689	train
ENSE00001133186_003	g0689	train
ENSE00001133186_004	g0689	train
ENSE00001133186_005	g0689	train
ENSE00001133186_006	g0689	train
ENSE00001133186_007	g0689	train
ENSE00001133186_008	g0689	train
ENSE00001133186_009	g0689	train
ENSE00001133186_010	g0689	train
ENSE00001133186_011	g0689	train
ENSE00001133186_013	g0689	train
ENSE00001133186_014	g0689	train
ENSE00001133186_016	g0689	train
ENSE00001133186_019	g0689	train
ENSE00001133186_020	g0689	train
ENSE00001133186_021	g0689	train
ENSE00001133186_022	g0689	train
ENSE00001133186_023	g0689	train
ENSE00001133186_024	g0689	train
ENSE00001133529_001	g0690	test
ENSE00001133529_002	g0690	test
ENSE00001133529_003	g0690	test
ENSE00001133529_004	g0690	test
ENSE00001133529_005	g0690	test
ENSE00001133529_006	g0690	test
ENSE00001133529_007	g0690	test
ENSE00001133529_008	g0690	test
ENSE00001133529_009	g0690	test
ENSE00001133529_010	g0690	test
ENSE00001133529_011	g0690	test
ENSE00001133529_012	g0690	test
ENSE00001133529_013	g0690	test
ENSE00001133529_014	g0690	test
ENSE00001133529_015	g0690	test
ENSE00001133529_017	g0690	test
ENSE00001133974_003	g0544	train
ENSE00001133974_004	g0544	train
ENSE00001133974_006	g0544	train
ENSE00001133974_007	g0544	train
ENSE00001133974_008	g0544	train
ENSE00001133974_009	g0544	train
ENSE00001133974_013	g0544	train
ENSE00001133974_014	g0544	train
ENSE00001133974_017	g0544	train
ENSE00001133974_018	g0544	train
ENSE00001133974_025	g0544	train
ENSE00001133974_026	g0544	train
ENSE00001133974_031	g0544	train
ENSE00001134002_001	g0544	train
ENSE00001134002_002	g0544	train
ENSE00001134002_004	g0544	train
ENSE00001134002_005	g0544	train
ENSE00001134002_006	g0544	train
ENSE00001134002_008	g0544	train
ENSE00001134002_009	g0544	train
ENSE00001134002_010	g0544	train
ENSE00001134002_011	g0544	train
ENSE00001134002_013	g0544	train
ENSE00001134002_014	g0544	train
ENSE00001134002_015	g0544	train
ENSE00001134002_017	g0544	train
ENSE00001134002_018	g0544	train
ENSE00001134002_019	g0544	train
ENSE00001134002_020	g0544	train
ENSE00001134002_024	g0544	train
ENSE00001134331_002	g0691	train
ENSE00001134331_003	g0691	train
ENSE00001134331_010	g0691	train
ENSE00001134331_015	g0691	train
ENSE00001134331_017	g0691	train
ENSE00001134331_025	g0691	train
ENSE00001134331_029	g0691	train
ENSE00001134331_030	g0691	train
ENSE00001134331_033	g0691	train
ENSE00001134331_035	g0691	train
ENSE00001134331_036	g0691	train
ENSE00001134331_037	g0691	train
ENSE00001134331_038	g0691	train
ENSE00001134775_001	g0692	test
ENSE00001134775_002	g0692	test
ENSE00001134775_003	g0692	test
ENSE00001134775_004	g0692	test
ENSE00001134775_005	g0692	test
ENSE00001134775_006	g0692	test
ENSE00001134775_007	g0692	test
ENSE00001134775_009	g0692	test
ENSE00001134775_010	g0692	test
ENSE00001134775_012	g0692	test
ENSE00001134775_013	g0692	test
ENSE00001134775_014	g0692	test
ENSE00001134775_015	g0692	test
ENSE00001135553_002	g0693	test
ENSE00001135553_006	g0693	test
ENSE00001135553_009	g0693	test
ENSE00001135553_011	g0693	test
ENSE00001135553_012	g0693	test
ENSE00001135553_018	g0693	test
ENSE00001135765_001	g0022	train
ENSE00001135765_002	g0022	train
ENSE00001135765_003	g0022	train
ENSE00001135765_006	g0022	train
ENSE00001135765_007	g0022	train
ENSE00001135765_009	g0022	train
ENSE00001135765_010	g0022	train
ENSE00001135765_011	g0022	train
ENSE00001135765_012	g0022	train
ENSE00001135765_013	g0022	train
ENSE00001135765_014	g0022	train
ENSE00001135765_015	g0022	train
ENSE00001135765_017	g0022	train
ENSE00001135765_018	g0022	train
ENSE00001135765_019	g0022	train
ENSE00001135765_020	g0022	train
ENSE00001135765_021	g0022	train
ENSE00001135765_022	g0022	train
ENSE00001135765_023	g0022	train
ENSE00001135765_024	g0022	train
ENSE00001135765_025	g0022	train
ENSE00001135765_026	g0022	train
ENSE00001136002_001	g0694	test
ENSE00001136002_002	g0694	test
ENSE00001136002_003	g0694	test
ENSE00001136002_004	g0694	test
ENSE00001136002_005	g0694	test
ENSE00001136002_006	g0694	test
ENSE00001136002_008	g0694	test
ENSE00001136002_009	g0694	test
ENSE00001136002_011	g0694	test
ENSE00001136002_012	g0694	test
ENSE00001136002_013	g0694	test
ENSE00001136002_014	g0694	test
ENSE00001136002_016	g0694	test
ENSE00001136002_017	g0694	test
ENSE00001136002_020	g0694	test
ENSE00001136002_021	g0694	test
ENSE00001136002_022	g0694	test
ENSE00001136002_025	g0694	test
ENSE00001136002_026	g0694	test
ENSE00001136002_027	g0694	test
ENSE00001136608_001	g0695	train
ENSE00001136608_002	g0695	train
ENSE00001136608_003	g0695	train
ENSE00001136608_004	g0695	train
ENSE00001136608_010	g0695	train
ENSE00001136608_012	g0695	train
ENSE00001136608_013	g0695	train
ENSE00001136608_015	g0695	train
ENSE00001136608_016	g0695	train
ENSE00001136608_017	g0695	train
ENSE00001136608_019	g0695	train
ENSE00001136608_021	g0695	train
ENSE00001136608_024	g0695	train
ENSE00001136608_031	g0695	train
ENSE00001136608_034	g0695	train
ENSE00001136608_036	g0695	train
ENSE00001136608_037	g0695	train
ENSE00001136679_001	g0432	train
ENSE00001136679_003	g0432	train
ENSE00001136679_004	g0432	train
ENSE00001136679_005	g0432	train
ENSE00001136679_006	g0432	train
ENSE00001136679_008	g0432	train
ENSE00001136679_009	g0432	train
ENSE00001136679_010	g0432	train
ENSE00001136679_011	g0432	train
ENSE00001136679_013	g0432	train
ENSE00001136679_015	g0432	train
ENSE00001136679_017	g0432	train
ENSE00001136679_018	g0432	train
ENSE00001137121_002	g0696	train
ENSE00001137121_003	g0696	train
ENSE00001137121_004	g0696	train
ENSE00001137121_005	g0696	train
ENSE00001137121_006	g0696	train
ENSE00001137121_007	g0696	train
ENSE00001137121_008	g0696	train
ENSE00001137121_010	g0696	train
ENSE00001137121_011	g0696	train
ENSE00001137121_012	g0696	train
ENSE00001137121_013	g0696	train
ENSE00001137121_014	g0696	train
ENSE00001137121_015	g0696	train
ENSE00001137121_016	g0696	train
ENSE00001137121_018	g0696	train
ENSE00001137121_019	g0696	train
ENSE00001137121_020	g0696	train
ENSE00001137121_021	g0696	train
ENSE00001137208_001	g0122	train
ENSE00001137208_002	g0122	train
ENSE00001137208_003	g0122	train
ENSE00001137208_004	g0122	train
ENSE00001137208_005	g0122	train
ENSE00001137208_007	g0122	train
ENSE00001137208_008	g0122	train
ENSE00001137208_009	g0122	train
ENSE00001137208_010	g0122	train
ENSE00001137208_012	g0122	train
ENSE00001137208_014	g0122	train
ENSE00001137208_015	g0122	train
ENSE00001137208_016	g0122	train
ENSE00001137208_017	g0122	train
ENSE00001137208_018	g0122	train
ENSE00001137208_019	g0122	train
ENSE00001137208_020	g0122	train
ENSE00001137208_021	g0122	train
ENSE00001137208_022	g0122	train
ENSE00001137208_024	g0122	train
ENSE00001137208_025	g0122	train
ENSE00001137208_026	g0122	train
ENSE00001137258_001	g0697	train
ENSE00001137258_002	g0697	train
ENSE00001137258_004	g0697	train
ENSE00001137258_006	g0697	train
ENSE00001137258_007	g0697	train
ENSE00001137258_008	g0697	train
ENSE00001137258_009	g0697	train
ENSE00001137258_011	g0697	train
ENSE00001137258_013	g0697	train
ENSE00001137258_015	g0697	train
ENSE00001137258_016	g0697	train
ENSE00001137258_017	g0697	train
ENSE00001137258_018	g0697	train
ENSE00001137258_019	g0697	train
ENSE00001139127_001	g0698	test
ENSE00001139127_002	g0698	test
ENSE00001139127_003	g0698	test
ENSE00001139127_004	g0698	test
ENSE00001139127_005	g0698	test
ENSE00001139127_006	g0698	test
ENSE00001139127_007	g0698	test
ENSE00001139127_008	g0698	test
ENSE00001139127_010	g0698	test
ENSE00001139127_011	g0698	test
ENSE00001139127_012	g0698	test
ENSE00001139127_013	g0698	test
ENSE00001139127_014	g0698	test
ENSE00001139127_015	g0698	test
ENSE00001139486_001	g0699	test
ENSE00001139486_002	g0699	test
ENSE00001139486_003	g0699	test
ENSE00001139486_004	g0699	test
ENSE00001139486_005	g0699	test
ENSE00001139486_006	g0699	test
ENSE00001139486_007	g0699	test
ENSE00001139486_008	g0699	test
ENSE00001139486_009	g0699	test
ENSE00001139486_010	g0699	test
ENSE00001139486_011	g0699	test
ENSE00001139486_012	g0699	test
ENSE00001139486_013	g0699	test
ENSE00001139486_015	g0699	test
ENSE00001139486_017	g0699	test
ENSE00001139486_018	g0699	test
ENSE00001139486_019	g0699	test
ENSE00001139486_020	g0699	test
ENSE00001139486_021	g0699	test
ENSE00001139486_022	g0699	test
ENSE00001139486_023	g0699	test
ENSE00001139486_024	g0699	test
ENSE00001139486_025	g0699	test
ENSE00001139486_026	g0699	test
ENSE00001139486_028	g0699	test
ENSE00001139486_029	g0699	test
ENSE00001139486_031	g0699	test
ENSE00001140452_003	g0652	train
ENSE00001140452_004	g0652	train
ENSE00001140452_005	g0652	train
ENSE00001140452_006	g0652	train
ENSE00001140452_009	g0652	train
ENSE00001140452_011	g0652	train
ENSE00001140452_012	g0652	train
ENSE00001140452_014	g0652	train
ENSE00001140452_017	g0652	train
ENSE00001140521_001	g0700	train
ENSE00001140521_003	g0700	train
ENSE00001140521_005	g0700	train
ENSE00001140521_007	g0700	train
ENSE00001140521_014	g0700	train
ENSE00001140521_017	g0700	train
ENSE00001140521_018	g0700	train
ENSE00001140521_020	g0700	train
ENSE00001140521_022	g0700	train
ENSE00001140778_002	g0701	test
ENSE00001140778_003	g0701	test
ENSE00001140778_004	g0701	test
ENSE00001140778_006	g0701	test
ENSE00001140778_010	g0701	test
ENSE00001140778_011	g0701	test
ENSE00001140778_012	g0701	test
ENSE00001140778_013	g0701	test
ENSE00001140778_014	g0701	test
ENSE00001140778_015	g0701	test
ENSE00001141435_004	g0702	train
ENSE00001141435_005	g0702	train
ENSE00001141435_006	g0702	train
ENSE00001141435_008	g0702	train
ENSE00001141435_011	g0702	train
ENSE00001141435_015	g0702	train
ENSE00001141435_016	g0702	train
ENSE00001141435_017	g0702	train
ENSE00001141435_018	g0702	train
ENSE00001142539_004	g0703	train
ENSE00001142539_005	g0703	train
ENSE00001142539_007	g0703	train
ENSE00001142539_010	g0703	train
ENSE00001142539_011	g0703	train
ENSE00001142539_012	g0703	train
ENSE00001142539_014	g0703	train
ENSE00001142539_019	g0703	train
ENSE00001142575_004	g0704	train
ENSE00001142575_011	g0704	train
ENSE00001142575_023	g0704	train
ENSE00001142575_024	g0704	train
ENSE00001143197_002	g0705	test
ENSE00001143197_003	g0705	test
ENSE00001143197_004	g0705	test
ENSE00001143197_005	g0705	test
ENSE00001143197_006	g0705	test
ENSE00001143197_008	g0705	test
ENSE00001143197_009	g0705	test
ENSE00001143197_010	g0705	test
ENSE00001143197_011	g0705	test
ENSE00001143197_013	g0705	test
ENSE00001143197_014	g0705	test
ENSE00001143197_016	g0705	test
ENSE00001143197_017	g0705	test
ENSE00001143197_018	g0705	test
ENSE00001143197_019	g0705	test
ENSE00001143197_020	g0705	test
ENSE00001143197_021	g0705	test
ENSE00001143197_022	g0705	test
ENSE00001143197_023	g0705	test
ENSE00001143197_024	g0705	test
ENSE00001143197_025	g0705	test
ENSE00001143197_026	g0705	test
ENSE00001143197_029	g0705	test
ENSE00001143328_001	g0706	test
ENSE00001143328_002	g0706	test
ENSE00001143328_005	g0706	test
ENSE00001143328_006	g0706	test
ENSE00001143350_009	g0707	train
ENSE00001143350_010	g0707	train
ENSE00001143350_012	g0707	train
ENSE00001143350_015	g0707	train
ENSE00001143350_017	g0707	train
ENSE00001143350_019	g0707	train
ENSE00001143350_020	g0707	train
ENSE00001143350_022	g0707	train
ENSE00001144033_001	g0708	train
ENSE00001144033_002	g0708	train
ENSE00001144033_003	g0708	train
ENSE00001144033_004	g0708	train
ENSE00001144033_005	g0708	train
ENSE00001144033_006	g0708	train
ENSE00001144033_007	g0708	train
ENSE00001144033_008	g0708	train
ENSE00001144033_011	g0708	train
ENSE00001144033_014	g0708	train
ENSE00001144033_015	g0708	train
ENSE00001144033_016	g0708	train
ENSE00001144033_018	g0708	train
ENSE00001144033_019	g0708	train
ENSE00001144033_020	g0708	train
ENSE00001144033_021	g0708	train
ENSE00001144033_022	g0708	train
ENSE00001144033_023	g0708	train
ENSE00001144033_024	g0708	train
ENSE00001144033_025	g0708	train
ENSE00001144033_026	g0708	train
ENSE00001144033_027	g0708	train
ENSE00001144033_029	g0708	train
ENSE00001144033_030	g0708	train
ENSE00001145064_002	g0078	train
ENSE00001145064_004	g0078	train
ENSE00001145064_006	g0078	train
ENSE00001145064_009	g0078	train
ENSE00001145064_010	g0078	train
ENSE00001145064_011	g0078	train
ENSE00001145064_012	g0078	train
ENSE00001145064_013	g0078	train
ENSE00001145064_014	g0078	train
ENSE00001145064_017	g0078	train
ENSE00001145064_020	g0078	train
ENSE00001145064_021	g0078	train
ENSE00001145064_022	g0078	train
ENSE00001145064_023	g0078	train
ENSE00001145064_024	g0078	train
ENSE00001145064_027	g0078	train
ENSE00001145064_028	g0078	train
ENSE00001146020_001	g0409	train
ENSE00001146020_005	g0409	train
ENSE00001146020_008	g0409	train
ENSE00001146020_009	g0409	train
ENSE00001146020_010	g0409	train
ENSE00001146020_011	g0409	train
ENSE00001146020_013	g0409	train
ENSE00001146020_016	g0409	train
ENSE00001146020_017	g0409	train
ENSE00001146020_018	g0409	train
ENSE00001146020_022	g0409	train
ENSE00001146020_023	g0409	train
ENSE00001146020_025	g0409	train
ENSE00001146020_026	g0409	train
ENSE00001146174_003	g0709	train
ENSE00001146174_004	g0709	train
ENSE00001146174_005	g0709	train
ENSE00001146174_007	g0709	train
ENSE00001146174_009	g0709	train
ENSE00001146174_010	g0709	train
ENSE00001146174_012	g0709	train
ENSE00001146174_013	g0709	train
ENSE00001146174_015	g0709	train
ENSE00001146174_018	g0709	train
ENSE00001146174_019	g0709	train
ENSE00001146174_020	g0709	train
ENSE00001146174_021	g0709	train
ENSE00001146174_022	g0709	train
ENSE00001146174_024	g0709	train
ENSE00001146174_030	g0709	train
ENSE00001146174_034	g0709	train
ENSE00001148404_020	g0710	train
ENSE00001148404_021	g0710	train
ENSE00001148404_026	g0710	train
ENSE00001148404_029	g0710	train
ENSE00001148404_030	g0710	train
ENSE00001149823_002	g0675	train
ENSE00001149823_003	g0675	train
ENSE00001149823_004	g0675	train
ENSE00001149823_006	g0675	train
ENSE00001149823_007	g0675	train
ENSE00001149823_008	g0675	train
ENSE00001149823_010	g0675	train
ENSE00001149823_012	g0675	train
ENSE00001149823_013	g0675	train
ENSE00001149823_014	g0675	train
ENSE00001149823_015	g0675	train
ENSE00001149823_016	g0675	train
ENSE00001149823_017	g0675	train
ENSE00001149823_019	g0675	train
ENSE00001149823_021	g0675	train
ENSE00001149823_022	g0675	train
ENSE00001149823_023	g0675	train
ENSE00001151642_014	g0711	test
ENSE00001151642_017	g0711	test
ENSE00001152991_001	g0363	train
ENSE00001152991_003	g0363	train
ENSE00001152991_006	g0363	train
ENSE00001152991_007	g0363	train
ENSE00001152991_008	g0363	train
ENSE00001152991_010	g0363	train
ENSE00001152991_011	g0363	train
ENSE00001152991_012	g0363	train
ENSE00001155018_001	g0712	train
ENSE00001155018_003	g0712	train
ENSE00001155018_004	g0712	train
ENSE00001155018_005	g0712	train
ENSE00001155018_006	g0712	train
ENSE00001155018_007	g0712	train
ENSE00001155018_008	g0712	train
ENSE00001155018_009	g0712	train
ENSE00001155018_010	g0712	train
ENSE00001155018_011	g0712	train
ENSE00001156207_003	g0713	train
ENSE00001156207_004	g0713	train
ENSE00001156207_007	g0713	train
ENSE00001156207_008	g0713	train
ENSE00001157489_004	g0714	train
ENSE00001157489_005	g0714	train
ENSE00001157489_009	g0714	train
ENSE00001157489_012	g0714	train
ENSE00001157489_014	g0714	train
ENSE00001159547_004	g0715	train
ENSE00001159547_005	g0715	train
ENSE00001159547_008	g0715	train
ENSE00001159547_009	g0715	train
ENSE00001159547_010	g0715	train
ENSE00001159547_013	g0715	train
ENSE00001159547_014	g0715	train
ENSE00001159851_001	g0716	train
ENSE00001159851_002	g0716	train
ENSE00001159851_004	g0716	train
ENSE00001159851_005	g0716	train
ENSE00001159851_006	g0716	train
ENSE00001159851_007	g0716	train
ENSE00001159851_008	g0716	train
ENSE00001159851_009	g0716	train
ENSE00001159851_010	g0716	train
ENSE00001159851_011	g0716	train
ENSE00001159851_012	g0716	train
ENSE00001160227_001	g0717	test
ENSE00001160227_002	g0717	test
ENSE00001160227_003	g0717	test
ENSE00001160227_004	g0717	test
ENSE00001160227_005	g0717	test
ENSE00001160227_006	g0717	test
ENSE00001160227_007	g0717	test
ENSE00001160227_009	g0717	test
ENSE00001160227_010	g0717	test
ENSE00001160227_011	g0717	test
ENSE00001160227_012	g0717	test
ENSE00001160227_013	g0717	test
ENSE00001160227_014	g0717	test
ENSE00001160227_015	g0717	test
ENSE00001160227_016	g0717	test
ENSE00001160227_019	g0717	test
ENSE00001160227_020	g0717	test
ENSE00001160227_021	g0717	test
ENSE00001160227_024	g0717	test
ENSE00001160227_025	g0717	test
ENSE00001160227_026	g0717	test
ENSE00001160227_027	g0717	test
ENSE00001160234_003	g0717	test
ENSE00001160234_015	g0717	test
ENSE00001160234_023	g0717	test
ENSE00001160303_002	g0718	test
ENSE00001160303_006	g0718	test
ENSE00001160303_010	g0718	test
ENSE00001160303_011	g0718	test
ENSE00001160303_013	g0718	test
ENSE00001160303_016	g0718	test
ENSE00001160303_019	g0718	test
ENSE00001160371_002	g0718	test
ENSE00001160371_004	g0718	test
ENSE00001160371_007	g0718	test
ENSE00001160718_001	g0719	train
ENSE00001160718_002	g0719	train
ENSE00001160718_003	g0719	train
ENSE00001160718_004	g0719	train
ENSE00001160718_005	g0719	train
ENSE00001160718_007	g0719	train
ENSE00001160718_010	g0719	train
ENSE00001160718_011	g0719	train
ENSE00001160718_012	g0719	train
ENSE00001160718_013	g0719	train
ENSE00001160718_014	g0719	train
ENSE00001160718_016	g0719	train
ENSE00001160718_017	g0719	train
ENSE00001160718_018	g0719	train
ENSE00001160718_019	g0719	train
ENSE00001160718_020	g0719	train
ENSE00001160718_021	g0719	train
ENSE00001160718_022	g0719	train
ENSE00001160718_025	g0719	train
ENSE00001160718_028	g0719	train
ENSE00001160718_029	g0719	train
ENSE00001160718_030	g0719	train
ENSE00001160718_031	g0719	train
ENSE00001160718_032	g0719	train
ENSE00001160718_034	g0719	train
ENSE00001160718_035	g0719	train
ENSE00001160718_036	g0719	train
ENSE00001160718_037	g0719	train
ENSE00001160718_038	g0719	train
ENSE00001161440_001	g0720	train
ENSE00001161440_002	g0720	train
ENSE00001161440_004	g0720	train
ENSE00001161440_005	g0720	train
ENSE00001161440_007	g0720	train
ENSE00001161440_008	g0720	train
ENSE00001161440_009	g0720	train
ENSE00001161440_010	g0720	train
ENSE00001161440_012	g0720	train
ENSE00001161440_013	g0720	train
ENSE00001161440_014	g0720	train
ENSE00001161440_016	g0720	train
ENSE00001161440_017	g0720	train
ENSE00001161440_018	g0720	train
ENSE00001161440_019	g0720	train
ENSE00001161440_020	g0720	train
ENSE00001161440_021	g0720	train
ENSE00001161440_022	g0720	train
ENSE00001162817_005	g0721	train
ENSE00001162817_014	g0721	train
ENSE00001162817_015	g0721	train
ENSE00001162817_019	g0721	train
ENSE00001162960_001	g0722	train
ENSE00001162960_002	g0722	train
ENSE00001162960_004	g0722	train
ENSE00001162960_005	g0722	train
ENSE00001162960_006	g0722	train
ENSE00001162960_008	g0722	train
ENSE00001162960_012	g0722	train
ENSE00001162960_013	g0722	train
ENSE00001162960_014	g0722	train
ENSE00001162960_015	g0722	train
ENSE00001162960_017	g0722	train
ENSE00001162960_018	g0722	train
ENSE00001162960_019	g0722	train
ENSE00001162960_021	g0722	train
ENSE00001162960_022	g0722	train
ENSE00001163932_001	g0723	train
ENSE00001163932_002	g0723	train
ENSE00001163932_003	g0723	train
ENSE00001163932_004	g0723	train
ENSE00001163932_005	g0723	train
ENSE00001163932_007	g0723	train
ENSE00001163932_009	g0723	train
ENSE00001163932_010	g0723	train
ENSE00001163932_011	g0723	train
ENSE00001163932_012	g0723	train
ENSE00001163932_013	g0723	train
ENSE00001163932_014	g0723	train
ENSE00001163932_016	g0723	train
ENSE00001163932_017	g0723	train
ENSE00001163932_019	g0723	train
ENSE00001163932_021	g0723	train
ENSE00001163932_022	g0723	train
ENSE00001163932_023	g0723	train
ENSE00001163932_025	g0723	train
ENSE00001163932_026	g0723	train
ENSE00001163932_027	g0723	train
ENSE00001163932_028	g0723	train
ENSE00001163932_029	g0723	train
ENSE00001164398_001	g0724	train
ENSE00001164398_004	g0724	train
ENSE00001164398_005	g0724	train
ENSE00001164398_006	g0724	train
ENSE00001164398_007	g0724	train
ENSE00001164398_008	g0724	train
ENSE00001164398_009	g0724	train
ENSE00001164398_010	g0724	train
ENSE00001164398_011	g0724	train
ENSE00001164398_014	g0724	train
ENSE00001164398_015	g0724	train
ENSE00001164398_018	g0724	train
ENSE00001164398_020	g0724	train
ENSE00001164398_021	g0724	train
ENSE00001164398_027	g0724	train
ENSE00001164398_028	g0724	train
ENSE00001164648_001	g0725	train
ENSE00001164648_003	g0725	train
ENSE00001164648_004	g0725	train
ENSE00001164648_007	g0725	train
ENSE00001164648_008	g0725	train
ENSE00001164648_009	g0725	train
ENSE00001164648_011	g0725	train
ENSE00001164648_012	g0725	train
ENSE00001164648_013	g0725	train
ENSE00001164648_014	g0725	train
ENSE00001164648_016	g0725	train
ENSE00001164648_017	g0725	train
ENSE00001164648_018	g0725	train
ENSE00001164648_019	g0725	train
ENSE00001164648_020	g0725	train
ENSE00001164648_021	g0725	train
ENSE00001164648_022	g0725	train
ENSE00001164648_025	g0725	train
ENSE00001164648_026	g0725	train
ENSE00001164648_027	g0725	train
ENSE00001164648_029	g0725	train
ENSE00001164648_030	g0725	train
ENSE00001164648_031	g0725	train
ENSE00001164648_032	g0725	train
ENSE00001165072_001	g0584	train
ENSE00001165072_002	g0584	train
ENSE00001165072_003	g0584	train
ENSE00001165072_004	g0584	train
ENSE00001165072_005	g0584	train
ENSE00001165072_006	g0584	train
ENSE00001165072_007	g0584	train
ENSE00001165072_008	g0584	train
ENSE00001165072_009	g0584	train
ENSE00001165072_010	g0584	train
ENSE00001165072_011	g0584	train
ENSE00001165072_012	g0584	train
ENSE00001165072_013	g0584	train
ENSE00001165072_014	g0584	train
ENSE00001165072_015	g0584	train
ENSE00001165072_016	g0584	train
ENSE00001165072_017	g0584	train
ENSE00001165072_018	g0584	train
ENSE00001165072_020	g0584	train
ENSE00001165072_021	g0584	train
ENSE00001165072_022	g0584	train
ENSE00001165456_001	g0726	train
ENSE00001165456_003	g0726	train
ENSE00001165456_005	g0726	train
ENSE00001165456_006	g0726	train
ENSE00001165456_007	g0726	train
ENSE00001165456_008	g0726	train
ENSE00001165456_009	g0726	train
ENSE00001165456_010	g0726	train
ENSE00001165456_011	g0726	train
ENSE00001165456_012	g0726	train
ENSE00001165456_013	g0726	train
ENSE00001165456_014	g0726	train
ENSE00001166447_001	g0727	train
ENSE00001166447_002	g0727	train
ENSE00001166447_003	g0727	train
ENSE00001166447_004	g0727	train
ENSE00001166447_005	g0727	train
ENSE00001166447_007	g0727	train
ENSE00001166447_008	g0727	train
ENSE00001166447_009	g0727	train
ENSE00001166447_010	g0727	train
ENSE00001166447_011	g0727	train
ENSE00001166447_013	g0727	train
ENSE00001166447_014	g0727	train
ENSE00001166447_015	g0727	train
ENSE00001166447_016	g0727	train
ENSE00001166447_017	g0727	train
ENSE00001166447_018	g0727	train
ENSE00001166447_019	g0727	train
ENSE00001166447_022	g0727	train
ENSE00001166447_023	g0727	train
ENSE00001166447_024	g0727	train
ENSE00001166447_025	g0727	train
ENSE00001166447_026	g0727	train
ENSE00001166447_027	g0727	train
ENSE00001166447_028	g0727	train
ENSE00001166447_029	g0727	train
ENSE00001166447_031	g0727	train
ENSE00001166447_032	g0727	train
ENSE00001166447_033	g0727	train
ENSE00001166447_034	g0727	train
ENSE00001166447_035	g0727	train
ENSE00001167737_005	g0728	train
ENSE00001167737_009	g0728	train
ENSE00001167737_011	g0728	train
ENSE00001167737_018	g0728	train
ENSE00001167737_019	g0728	train
ENSE00001167737_020	g0728	train
ENSE00001167760_001	g0728	train
ENSE00001167760_002	g0728	train
ENSE00001167760_005	g0728	train
ENSE00001167760_006	g0728	train
ENSE00001167760_008	g0728	train
ENSE00001167760_009	g0728	train
ENSE00001167760_011	g0728	train
ENSE00001167760_012	g0728	train
ENSE00001167760_014	g0728	train
ENSE00001167760_015	g0728	train
ENSE00001167760_016	g0728	train
ENSE00001167760_017	g0728	train
ENSE00001167760_018	g0728	train
ENSE00001167760_019	g0728	train
ENSE00001167760_020	g0728	train
ENSE00001167760_021	g0728	train
ENSE00001167760_022	g0728	train
ENSE00001167789_001	g0174	train
ENSE00001167789_004	g0174	train
ENSE00001167789_005	g0174	train
ENSE00001167789_006	g0174	train
ENSE00001167789_007	g0174	train
ENSE00001167789_008	g0174	train
ENSE00001167789_010	g0174	train
ENSE00001167789_011	g0174	train
ENSE00001167789_012	g0174	train
ENSE00001167789_013	g0174	train
ENSE00001167789_014	g0174	train
ENSE00001167789_015	g0174	train
ENSE00001167789_016	g0174	train
ENSE00001167858_003	g0174	train
ENSE00001167858_007	g0174	train
ENSE00001167858_009	g0174	train
ENSE00001167858_010	g0174	train
ENSE00001167858_013	g0174	train
ENSE00001167858_018	g0174	train
ENSE00001168157_002	g0729	train
ENSE00001168157_003	g0729	train
ENSE00001168157_004	g0729	train
ENSE00001168157_005	g0729	train
ENSE00001168157_006	g0729	train
ENSE00001168157_007	g0729	train
ENSE00001168157_008	g0729	train
ENSE00001168157_009	g0729	train
ENSE00001168157_011	g0729	train
ENSE00001168157_012	g0729	train
ENSE00001168157_013	g0729	train
ENSE00001168157_014	g0729	train
ENSE00001168157_015	g0729	train
ENSE00001168157_016	g0729	train
ENSE00001168157_017	g0729	train
ENSE00001168157_018	g0729	train
ENSE00001168157_019	g0729	train
ENSE00001168157_020	g0729	train
ENSE00001168157_023	g0729	train
ENSE00001168157_024	g0729	train
ENSE00001168157_026	g0729	train
ENSE00001168157_028	g0729	train
ENSE00001168157_029	g0729	train
ENSE00001168157_030	g0729	train
ENSE00001168157_031	g0729	train
ENSE00001168157_032	g0729	train
ENSE00001168157_033	g0729	train
ENSE00001168157_035	g0729	train
ENSE00001168157_036	g0729	train
ENSE00001169934_001	g0730	train
ENSE00001169934_003	g0730	train
ENSE00001169934_004	g0730	train
ENSE00001169934_005	g0730	train
ENSE00001169934_006	g0730	train
ENSE00001169934_007	g0730	train
ENSE00001169934_009	g0730	train
ENSE00001169934_011	g0730	train
ENSE00001169934_012	g0730	train
ENSE00001169934_013	g0730	train
ENSE00001169934_014	g0730	train
ENSE00001169934_017	g0730	train
ENSE00001169934_018	g0730	train
ENSE00001169949_002	g0621	train
ENSE00001169949_003	g0621	train
ENSE00001169949_008	g0621	train
ENSE00001169949_012	g0621	train
ENSE00001169949_013	g0621	train
ENSE00001169949_014	g0621	train
ENSE00001169949_015	g0621	train
ENSE00001169965_010	g0731	train
ENSE00001170395_001	g0732	test
ENSE00001170395_003	g0732	test
ENSE00001170395_004	g0732	test
ENSE00001170395_005	g0732	test
ENSE00001170395_006	g0732	test
ENSE00001170395_008	g0732	test
ENSE00001170395_009	g0732	test
ENSE00001170395_011	g0732	test
ENSE00001170395_012	g0732	test
ENSE00001170395_014	g0732	test
ENSE00001170794_004	g0733	train
ENSE00001170794_010	g0733	train
ENSE00001170794_011	g0733	train
ENSE00001171845_001	g0734	test
ENSE00001171845_003	g0734	test
ENSE00001171845_004	g0734	test
ENSE00001171845_005	g0734	test
ENSE00001171845_006	g0734	test
ENSE00001171845_007	g0734	test
ENSE00001171845_008	g0734	test
ENSE00001171845_009	g0734	test
ENSE00001171845_012	g0734	test
ENSE00001171845_013	g0734	test
ENSE00001171845_014	g0734	test
ENSE00001171845_017	g0734	test
ENSE00001171845_018	g0734	test
ENSE00001171858_001	g0734	test
ENSE00001171858_002	g0734	test
ENSE00001171858_004	g0734	test
ENSE00001171858_005	g0734	test
ENSE00001171858_006	g0734	test
ENSE00001171858_007	g0734	test
ENSE00001171858_009	g0734	test
ENSE00001171858_010	g0734	test
ENSE00001171858_012	g0734	test
ENSE00001171858_014	g0734	test
ENSE00001171858_016	g0734	test
ENSE00001171858_017	g0734	test
ENSE00001171858_018	g0734	test
ENSE00001173432_006	g0735	train
ENSE00001173432_008	g0735	train
ENSE00001173432_012	g0735	train
ENSE00001173432_013	g0735	train
ENSE00001173432_014	g0735	train
ENSE00001173432_016	g0735	train
ENSE00001173432_017	g0735	train
ENSE00001173432_019	g0735	train
ENSE00001173581_001	g0736	train
ENSE00001173581_003	g0736	train
ENSE00001173581_004	g0736	train
ENSE00001173581_006	g0736	train
ENSE00001173581_007	g0736	train
ENSE00001173581_009	g0736	train
ENSE00001173581_011	g0736	train
ENSE00001173581_012	g0736	train
ENSE00001173581_013	g0736	train
ENSE00001173581_014	g0736	train
ENSE00001173581_015	g0736	train
ENSE00001173581_016	g0736	train
ENSE00001173755_001	g0737	test
ENSE00001173755_002	g0737	test
ENSE00001173755_003	g0737	test
ENSE00001173755_004	g0737	test
ENSE00001173755_005	g0737	test
ENSE00001173755_006	g0737	test
ENSE00001173755_007	g0737	test
ENSE00001173755_008	g0737	test
ENSE00001173755_009	g0737	test
ENSE00001173755_010	g0737	test
ENSE00001173755_011	g0737	test
ENSE00001173755_013	g0737	test
ENSE00001173755_014	g0737	test
ENSE00001173755_015	g0737	test
ENSE00001173755_016	g0737	test
ENSE00001173755_017	g0737	test
ENSE00001173755_018	g0737	test
ENSE00001173755_019	g0737	test
ENSE00001173755_020	g0737	test
ENSE00001173755_021	g0737	test
ENSE00001173755_022	g0737	test
ENSE00001173755_023	g0737	test
ENSE00001173755_024	g0737	test
ENSE00001173888_001	g0738	train
ENSE00001173888_004	g0738	train
ENSE00001173888_007	g0738	train
ENSE00001173888_009	g0738	train
ENSE00001173888_011	g0738	train
ENSE00001173888_012	g0738	train
ENSE00001173888_014	g0738	train
ENSE00001173888_015	g0738	train
ENSE00001173888_016	g0738	train
ENSE00001173888_017	g0738	train
ENSE00001173956_002	g0739	test
ENSE00001173956_003	g0739	test
ENSE00001173956_004	g0739	test
ENSE00001173956_006	g0739	test
ENSE00001173956_007	g0739	test
ENSE00001173956_008	g0739	test
ENSE00001173956_010	g0739	test
ENSE00001173956_012	g0739	test
ENSE00001173956_013	g0739	test
ENSE00001173956_014	g0739	test
ENSE00001173956_016	g0739	test
ENSE00001173956_017	g0739	test
ENSE00001173956_019	g0739	test
ENSE00001173956_022	g0739	test
ENSE00001173956_023	g0739	test
ENSE00001173956_026	g0739	test
ENSE00001174251_001	g0740	train
ENSE00001174251_003	g0740	train
ENSE00001174251_004	g0740	train
ENSE00001174251_008	g0740	train
ENSE00001174251_009	g0740	train
ENSE00001174251_010	g0740	train
ENSE00001174251_011	g0740	train
ENSE00001174251_012	g0740	train
ENSE00001174251_014	g0740	train
ENSE00001174251_015	g0740	train
ENSE00001174251_016	g0740	train
ENSE00001174251_017	g0740	train
ENSE00001174351_001	g0741	train
ENSE00001174351_003	g0741	train
ENSE00001174351_004	g0741	train
ENSE00001174351_009	g0741	train
ENSE00001174351_011	g0741	train
ENSE00001174351_012	g0741	train
ENSE00001174351_016	g0741	train
ENSE00001174351_017	g0741	train
ENSE00001174351_031	g0741	train
ENSE00001178937_007	g0742	train
ENSE00001178937_010	g0742	train
ENSE00001178937_016	g0742	train
ENSE00001178937_019	g0742	train
ENSE00001179600_001	g0743	train
ENSE00001179600_002	g0743	train
ENSE00001179600_003	g0743	train
ENSE00001179600_004	g0743	train
ENSE00001179600_006	g0743	train
ENSE00001179600_008	g0743	train
ENSE00001179600_010	g0743	train
ENSE00001179600_012	g0743	train
ENSE00001179600_016	g0743	train
ENSE00001179600_017	g0743	train
ENSE00001179600_019	g0743	train
ENSE00001179600_020	g0743	train
ENSE00001179600_021	g0743	train
ENSE00001179600_022	g0743	train
ENSE00001179600_023	g0743	train
ENSE00001179600_024	g0743	train
ENSE00001179600_025	g0743	train
ENSE00001179600_026	g0743	train
ENSE00001179600_027	g0743	train
ENSE00001179600_028	g0743	train
ENSE00001179600_029	g0743	train
ENSE00001179600_030	g0743	train
ENSE00001179600_032	g0743	train
ENSE00001179600_033	g0743	train
ENSE00001179600_034	g0743	train
ENSE00001179600_035	g0743	train
ENSE00001179600_037	g0743	train
ENSE00001179600_038	g0743	train
ENSE00001179600_039	g0743	train
ENSE00001182717_005	g0744	train
ENSE00001182717_014	g0744	train
ENSE00001182717_018	g0744	train
ENSE00001182717_022	g0744	train
ENSE00001183078_001	g0591	test
ENSE00001183078_002	g0591	test
ENSE00001183078_003	g0591	test
ENSE00001183078_005	g0591	test
ENSE00001183078_010	g0591	test
ENSE00001183078_012	g0591	test
ENSE00001183078_013	g0591	test
ENSE00001183078_014	g0591	test
ENSE00001183078_015	g0591	test
ENSE00001183078_016	g0591	test
ENSE00001183078_017	g0591	test
ENSE00001183078_018	g0591	test
ENSE00001183078_019	g0591	test
ENSE00001183078_020	g0591	test
ENSE00001183078_022	g0591	test
ENSE00001183078_023	g0591	test
ENSE00001183078_025	g0591	test
ENSE00001183078_027	g0591	test
ENSE00001183096_001	g0591	test
ENSE00001183096_002	g0591	test
ENSE00001183096_003	g0591	test
ENSE00001183096_004	g0591	test
ENSE00001183096_005	g0591	test
ENSE00001183096_006	g0591	test
ENSE00001183096_007	g0591	test
ENSE00001183096_009	g0591	test
ENSE00001183096_010	g0591	test
ENSE00001183096_011	g0591	test
ENSE00001183096_012	g0591	test
ENSE00001183096_014	g0591	test
ENSE00001183096_015	g0591	test
ENSE00001183096_016	g0591	test
ENSE00001183096_017	g0591	test
ENSE00001183096_018	g0591	test
ENSE00001183096_019	g0591	test
ENSE00001183096_020	g0591	test
ENSE00001183096_021	g0591	test
ENSE00001183096_022	g0591	test
ENSE00001183096_023	g0591	test
ENSE00001183096_024	g0591	test
ENSE00001183096_025	g0591	test
ENSE00001183647_001	g0745	train
ENSE00001183647_002	g0745	train
ENSE00001183647_003	g0745	train
ENSE00001183647_004	g0745	train
ENSE00001183647_005	g0745	train
ENSE00001183647_006	g0745	train
ENSE00001183647_007	g0745	train
ENSE00001183647_008	g0745	train
ENSE00001183647_009	g0745	train
ENSE00001183647_010	g0745	train
ENSE00001183647_011	g0745	train
ENSE00001183647_012	g0745	train
ENSE00001183647_017	g0745	train
ENSE00001183647_018	g0745	train
ENSE00001183647_019	g0745	train
ENSE00001183647_020	g0745	train
ENSE00001184463_001	g0746	train
ENSE00001184964_001	g0747	test
ENSE00001184964_002	g0747	test
ENSE00001184964_003	g0747	test
ENSE00001184964_005	g0747	test
ENSE00001184964_006	g0747	test
ENSE00001184964_007	g0747	test
ENSE00001184964_009	g0747	test
ENSE00001184964_010	g0747	test
ENSE00001184964_012	g0747	test
ENSE00001185332_001	g0748	train
ENSE00001185332_002	g0748	train
ENSE00001185332_018	g0748	train
ENSE00001185332_019	g0748	train
ENSE00001187965_002	g0749	test
ENSE00001187965_006	g0749	test
ENSE00001187965_014	g0749	test
ENSE00001187965_020	g0749	test
ENSE00001188452_002	g0559	train
ENSE00001188452_003	g0559	train
ENSE00001188452_004	g0559	train
ENSE00001188452_005	g0559	train
ENSE00001188452_006	g0559	train
ENSE00001188452_007	g0559	train
ENSE00001188452_008	g0559	train
ENSE00001188452_010	g0559	train
ENSE00001188452_013	g0559	train
ENSE00001188452_015	g0559	train
ENSE00001188452_016	g0559	train
ENSE00001188452_020	g0559	train
ENSE00001188452_021	g0559	train
ENSE00001188452_022	g0559	train
ENSE00001188452_024	g0559	train
ENSE00001188452_025	g0559	train
ENSE00001188452_026	g0559	train
ENSE00001188452_027	g0559	train
ENSE00001188452_029	g0559	train
ENSE00001188452_030	g0559	train
ENSE00001188472_002	g0559	train
ENSE00001188472_004	g0559	train
ENSE00001188472_007	g0559	train
ENSE00001188472_011	g0559	train
ENSE00001188472_012	g0559	train
ENSE00001188472_015	g0559	train
ENSE00001188472_016	g0559	train
ENSE00001188472_021	g0559	train
ENSE00001188472_024	g0559	train
ENSE00001190140_002	g0750	train
ENSE00001190140_003	g0750	train
ENSE00001190140_005	g0750	train
ENSE00001190140_006	g0750	train
ENSE00001190140_007	g0750	train
ENSE00001190140_008	g0750	train
ENSE00001190140_009	g0750	train
ENSE00001190140_010	g0750	train
ENSE00001190140_012	g0750	train
ENSE00001190140_013	g0750	train
ENSE00001190140_014	g0750	train
ENSE00001190140_024	g0750	train
ENSE00001190140_026	g0750	train
ENSE00001190140_027	g0750	train
ENSE00001190140_028	g0750	train
ENSE00001190638_001	g0751	train
ENSE00001190638_002	g0751	train
ENSE00001190638_003	g0751	train
ENSE00001190638_004	g0751	train
ENSE00001190638_005	g0751	train
ENSE00001190638_006	g0751	train
ENSE00001190638_007	g0751	train
ENSE00001190638_008	g0751	train
ENSE00001190638_010	g0751	train
ENSE00001190638_011	g0751	train
ENSE00001190638_012	g0751	train
ENSE00001190638_014	g0751	train
ENSE00001190638_015	g0751	train
ENSE00001190638_016	g0751	train
ENSE00001190638_018	g0751	train
ENSE00001190638_019	g0751	train
ENSE00001190638_020	g0751	train
ENSE00001190638_021	g0751	train
ENSE00001190638_022	g0751	train
ENSE00001190638_023	g0751	train
ENSE00001190638_024	g0751	train
ENSE00001190638_025	g0751	train
ENSE00001190744_002	g0752	train
ENSE00001190744_003	g0752	train
ENSE00001190744_004	g0752	train
ENSE00001190744_005	g0752	train
ENSE00001190744_007	g0752	train
ENSE00001190744_008	g0752	train
ENSE00001190744_010	g0752	train
ENSE00001190744_011	g0752	train
ENSE00001190744_014	g0752	train
ENSE00001190744_015	g0752	train
ENSE00001190777_001	g0753	train
ENSE00001190777_002	g0753	train
ENSE00001190777_005	g0753	train
ENSE00001190777_006	g0753	train
ENSE00001190777_007	g0753	train
ENSE00001190777_009	g0753	train
ENSE00001190777_010	g0753	train
ENSE00001190777_011	g0753	train
ENSE00001190777_012	g0753	train
ENSE00001190777_013	g0753	train
ENSE00001190777_014	g0753	train
ENSE00001190777_015	g0753	train
ENSE00001190777_016	g0753	train
ENSE00001190777_017	g0753	train
ENSE00001190777_018	g0753	train
ENSE00001190777_019	g0753	train
ENSE00001190777_020	g0753	train
ENSE00001190777_021	g0753	train
ENSE00001191040_010	g0754	train
ENSE00001191040_018	g0754	train
ENSE00001191680_001	g0755	train
ENSE00001191680_002	g0755	train
ENSE00001191680_003	g0755	train
ENSE00001191680_004	g0755	train
ENSE00001191680_005	g0755	train
ENSE00001191680_006	g0755	train
ENSE00001191680_007	g0755	train
ENSE00001191680_009	g0755	train
ENSE00001191680_010	g0755	train
ENSE00001191680_011	g0755	train
ENSE00001191680_012	g0755	train
ENSE00001191680_013	g0755	train
ENSE00001191680_014	g0755	train
ENSE00001191680_015	g0755	train
ENSE00001191680_016	g0755	train
ENSE00001191680_017	g0755	train
ENSE00001191680_018	g0755	train
ENSE00001191680_019	g0755	train
ENSE00001192074_002	g0756	test
ENSE00001192074_007	g0756	test
ENSE00001192074_008	g0756	test
ENSE00001192074_013	g0756	test
ENSE00001192093_001	g0757	train
ENSE00001192093_002	g0757	train
ENSE00001192093_003	g0757	train
ENSE00001192093_007	g0757	train
ENSE00001192093_008	g0757	train
ENSE00001192093_009	g0757	train
ENSE00001192093_010	g0757	train
ENSE00001192093_011	g0757	train
ENSE00001192093_013	g0757	train
ENSE00001192093_016	g0757	train
ENSE00001192093_017	g0757	train
ENSE00001192093_018	g0757	train
ENSE00001192093_019	g0757	train
ENSE00001192093_020	g0757	train
ENSE00001192093_021	g0757	train
ENSE00001192093_023	g0757	train
ENSE00001192093_025	g0757	train
ENSE00001192144_004	g0758	train
ENSE00001192144_007	g0758	train
ENSE00001192144_008	g0758	train
ENSE00001192144_009	g0758	train
ENSE00001192144_010	g0758	train
ENSE00001192144_012	g0758	train
ENSE00001192144_014	g0758	train
ENSE00001192144_015	g0758	train
ENSE00001192144_016	g0758	train
ENSE00001192144_017	g0758	train
ENSE00001192144_019	g0758	train
ENSE00001192144_024	g0758	train
ENSE00001193834_001	g0664	train
ENSE00001193834_004	g0664	train
ENSE00001193834_005	g0664	train
ENSE00001193834_006	g0664	train
ENSE00001193834_008	g0664	train
ENSE00001193834_009	g0664	train
ENSE00001193834_010	g0664	train
ENSE00001193834_011	g0664	train
ENSE00001193834_012	g0664	train
ENSE00001193834_014	g0664	train
ENSE00001193834_015	g0664	train
ENSE00001193834_016	g0664	train
ENSE00001193834_017	g0664	train
ENSE00001193834_018	g0664	train
ENSE00001193834_019	g0664	train
ENSE00001193834_021	g0664	train
ENSE00001194845_001	g0759	test
ENSE00001194845_002	g0759	test
ENSE00001194845_003	g0759	test
ENSE00001194845_008	g0759	test
ENSE00001194845_011	g0759	test
ENSE00001194845_020	g0759	test
ENSE00001194978_001	g0760	train
ENSE00001194978_002	g0760	train
ENSE00001194978_003	g0760	train
ENSE00001194978_004	g0760	train
ENSE00001194978_006	g0760	train
ENSE00001194978_009	g0760	train
ENSE00001194978_010	g0760	train
ENSE00001194978_011	g0760	train
ENSE00001194978_012	g0760	train
ENSE00001194978_013	g0760	train
ENSE00001194978_015	g0760	train
ENSE00001194978_017	g0760	train
ENSE00001194978_018	g0760	train
ENSE00001194978_020	g0760	train
ENSE00001194978_022	g0760	train
ENSE00001194978_023	g0760	train
ENSE00001195914_003	g0761	train
ENSE00001195914_004	g0761	train
ENSE00001195914_006	g0761	train
ENSE00001195914_007	g0761	train
ENSE00001195914_009	g0761	train
ENSE00001195914_010	g0761	train
ENSE00001195914_011	g0761	train
ENSE00001195914_012	g0761	train
ENSE00001195914_013	g0761	train
ENSE00001195914_015	g0761	train
ENSE00001195914_016	g0761	train
ENSE00001195914_018	g0761	train
ENSE00001195914_021	g0761	train
ENSE00001195914_022	g0761	train
ENSE00001195914_023	g0761	train
ENSE00001195914_024	g0761	train
ENSE00001195914_025	g0761	train
ENSE00001195914_026	g0761	train
ENSE00001195914_027	g0761	train
ENSE00001195914_028	g0761	train
ENSE00001195914_029	g0761	train
ENSE00001195914_030	g0761	train
ENSE00001195914_031	g0761	train
ENSE00001195914_032	g0761	train
ENSE00001196735_003	g0762	train
ENSE00001196735_004	g0762	train
ENSE00001196735_005	g0762	train
ENSE00001196735_006	g0762	train
ENSE00001196735_007	g0762	train
ENSE00001196735_008	g0762	train
ENSE00001196735_012	g0762	train
ENSE00001196735_014	g0762	train
ENSE00001196735_015	g0762	train
ENSE00001196735_016	g0762	train
ENSE00001196735_018	g0762	train
ENSE00001196735_019	g0762	train
ENSE00001196735_020	g0762	train
ENSE00001196735_021	g0762	train
ENSE00001196735_023	g0762	train
ENSE00001196735_027	g0762	train
ENSE00001196735_028	g0762	train
ENSE00001196735_030	g0762	train
ENSE00001196735_032	g0762	train
ENSE00001196735_033	g0762	train
ENSE00001196926_002	g0763	train
ENSE00001196926_003	g0763	train
ENSE00001196926_004	g0763	train
ENSE00001196926_007	g0763	train
ENSE00001196926_010	g0763	train
ENSE00001196926_012	g0763	train
ENSE00001196926_013	g0763	train
ENSE00001196926_015	g0763	train
ENSE00001196926_017	g0763	train
ENSE00001196926_019	g0763	train
ENSE00001196926_020	g0763	train
ENSE00001196926_021	g0763	train
ENSE00001196926_022	g0763	train
ENSE00001196926_023	g0763	train
ENSE00001196926_024	g0763	train
ENSE00001196926_025	g0763	train
ENSE00001196926_026	g0763	train
ENSE00001196926_027	g0763	train
ENSE00001196926_028	g0763	train
ENSE00001197033_001	g0764	train
ENSE00001197033_002	g0764	train
ENSE00001197033_003	g0764	train
ENSE00001197033_004	g0764	train
ENSE00001197033_005	g0764	train
ENSE00001197033_008	g0764	train
ENSE00001197033_009	g0764	train
ENSE00001197033_011	g0764	train
ENSE00001197033_012	g0764	train
ENSE00001197033_015	g0764	train
ENSE00001197033_016	g0764	train
ENSE00001197033_017	g0764	train
ENSE00001197033_018	g0764	train
ENSE00001197033_019	g0764	train
ENSE00001197033_021	g0764	train
ENSE00001197033_024	g0764	train
ENSE00001197033_026	g0764	train
ENSE00001198363_001	g0765	train
ENSE00001198363_002	g0765	train
ENSE00001198363_003	g0765	train
ENSE00001198363_005	g0765	train
ENSE00001198363_006	g0765	train
ENSE00001198363_007	g0765	train
ENSE00001198363_010	g0765	train
ENSE00001198363_012	g0765	train
ENSE00001198363_013	g0765	train
ENSE00001198363_014	g0765	train
ENSE00001198363_015	g0765	train
ENSE00001198363_017	g0765	train
ENSE00001198363_018	g0765	train
ENSE00001198363_019	g0765	train
ENSE00001198914_001	g0766	train
ENSE00001198914_003	g0766	train
ENSE00001198914_004	g0766	train
ENSE00001198914_005	g0766	train
ENSE00001198914_008	g0766	train
ENSE00001198914_010	g0766	train
ENSE00001198914_012	g0766	train
ENSE00001198914_014	g0766	train
ENSE00001198914_015	g0766	train
ENSE00001198914_017	g0766	train
ENSE00001198914_019	g0766	train
ENSE00001198914_025	g0766	train
ENSE00001198914_027	g0766	train
ENSE00001199313_002	g0328	train
ENSE00001199313_004	g0328	train
ENSE00001199313_007	g0328	train
ENSE00001199313_018	g0328	train
ENSE00001199313_019	g0328	train
ENSE00001199327_002	g0767	train
ENSE00001199327_003	g0767	train
ENSE00001199327_004	g0767	train
ENSE00001199327_006	g0767	train
ENSE00001199327_007	g0767	train
ENSE00001199327_008	g0767	train
ENSE00001199327_009	g0767	train
ENSE00001199327_012	g0767	train
ENSE00001199327_017	g0767	train
ENSE00001199498_001	g0768	train
ENSE00001199498_002	g0768	train
ENSE00001199498_004	g0768	train
ENSE00001199498_005	g0768	train
ENSE00001199498_006	g0768	train
ENSE00001199498_007	g0768	train
ENSE00001199498_008	g0768	train
ENSE00001199498_010	g0768	train
ENSE00001199498_012	g0768	train
ENSE00001199498_016	g0768	train
ENSE00001199498_017	g0768	train
ENSE00001199498_018	g0768	train
ENSE00001199498_019	g0768	train
ENSE00001199498_021	g0768	train
ENSE00001199498_023	g0768	train
ENSE00001199498_024	g0768	train
ENSE00001199498_025	g0768	train
ENSE00001199498_026	g0768	train
ENSE00001199498_028	g0768	train
ENSE00001199498_029	g0768	train
ENSE00001199498_030	g0768	train
ENSE00001199498_031	g0768	train
ENSE00001200124_001	g0769	test
ENSE00001200124_002	g0769	test
ENSE00001200124_003	g0769	test
ENSE00001200124_005	g0769	test
ENSE00001200124_006	g0769	test
ENSE00001200124_007	g0769	test
ENSE00001200124_008	g0769	test
ENSE00001200124_010	g0769	test
ENSE00001200124_013	g0769	test
ENSE00001200124_015	g0769	test
ENSE00001200124_016	g0769	test
ENSE00001200124_018	g0769	test
ENSE00001200124_021	g0769	test
ENSE00001200124_023	g0769	test
ENSE00001200124_024	g0769	test
ENSE00001200124_025	g0769	test
ENSE00001200124_026	g0769	test
ENSE00001200124_028	g0769	test
ENSE00001200124_030	g0769	test
ENSE00001201373_012	g0727	train
ENSE00001201546_001	g0770	train
ENSE00001201546_002	g0770	train
ENSE00001201546_004	g0770	train
ENSE00001201546_005	g0770	train
ENSE00001201546_006	g0770	train
ENSE00001201546_007	g0770	train
ENSE00001201546_008	g0770	train
ENSE00001201546_009	g0770	train
ENSE00001201546_010	g0770	train
ENSE00001201546_012	g0770	train
ENSE00001201546_013	g0770	train
ENSE00001201546_014	g0770	train
ENSE00001203123_001	g0771	train
ENSE00001203123_002	g0771	train
ENSE00001203123_004	g0771	train
ENSE00001203123_005	g0771	train
ENSE00001203123_006	g0771	train
ENSE00001203123_007	g0771	train
ENSE00001203123_009	g0771	train
ENSE00001203123_010	g0771	train
ENSE00001203123_011	g0771	train
ENSE00001203123_015	g0771	train
ENSE00001203123_016	g0771	train
ENSE00001203123_017	g0771	train
ENSE00001203123_019	g0771	train
ENSE00001203123_020	g0771	train
ENSE00001203123_024	g0771	train
ENSE00001203123_027	g0771	train
ENSE00001203123_028	g0771	train
ENSE00001203123_030	g0771	train
ENSE00001203123_031	g0771	train
ENSE00001203123_033	g0771	train
ENSE00001203123_035	g0771	train
ENSE00001203123_037	g0771	train
ENSE00001203123_038	g0771	train
ENSE00001203123_039	g0771	train
ENSE00001203286_005	g0772	test
ENSE00001203286_006	g0772	test
ENSE00001203286_007	g0772	test
ENSE00001203286_008	g0772	test
ENSE00001203286_009	g0772	test
ENSE00001204273_001	g0773	test
ENSE00001204273_005	g0773	test
ENSE00001204273_006	g0773	test
ENSE00001204273_007	g0773	test
ENSE00001204273_009	g0773	test
ENSE00001204273_010	g0773	test
ENSE00001204273_011	g0773	test
ENSE00001204273_013	g0773	test
ENSE00001204273_015	g0773	test
ENSE00001204273_016	g0773	test
ENSE00001204273_017	g0773	test
ENSE00001204273_018	g0773	test
ENSE00001204273_019	g0773	test
ENSE00001204273_021	g0773	test
ENSE00001204273_022	g0773	test
ENSE00001204273_025	g0773	test
ENSE00001204273_027	g0773	test
ENSE00001204273_028	g0773	test
ENSE00001204273_029	g0773	test
ENSE00001204273_030	g0773	test
ENSE00001204273_031	g0773	test
ENSE00001204273_032	g0773	test
ENSE00001204457_001	g0774	test
ENSE00001204457_002	g0774	test
ENSE00001204457_003	g0774	test
ENSE00001204457_004	g0774	test
ENSE00001204457_006	g0774	test
ENSE00001204457_008	g0774	test
ENSE00001204457_009	g0774	test
ENSE00001204457_010	g0774	test
ENSE00001204457_011	g0774	test
ENSE00001204457_012	g0774	test
ENSE00001204457_013	g0774	test
ENSE00001204457_014	g0774	test
ENSE00001204457_015	g0774	test
ENSE00001204457_016	g0774	test
ENSE00001204457_017	g0774	test
ENSE00001204457_018	g0774	test
ENSE00001204604_001	g0775	test
ENSE00001204604_002	g0775	test
ENSE00001204604_003	g0775	test
ENSE00001204604_004	g0775	test
ENSE00001204604_009	g0775	test
ENSE00001204604_012	g0775	test
ENSE00001204604_014	g0775	test
ENSE00001204604_015	g0775	test
ENSE00001204604_016	g0775	test
ENSE00001204604_017	g0775	test
ENSE00001204604_019	g0775	test
ENSE00001204604_021	g0775	test
ENSE00001204604_023	g0775	test
ENSE00001204604_024	g0775	test
ENSE00001205806_012	g0470	train
ENSE00001205806_015	g0470	train
ENSE00001205806_016	g0470	train
ENSE00001205806_019	g0470	train
ENSE00001205806_021	g0470	train
ENSE00001205806_023	g0470	train
ENSE00001205806_024	g0470	train
ENSE00001205834_001	g0776	train
ENSE00001205834_002	g0776	train
ENSE00001205834_003	g0776	train
ENSE00001205834_004	g0776	train
ENSE00001205834_005	g0776	train
ENSE00001205834_007	g0776	train
ENSE00001205834_009	g0776	train
ENSE00001205834_010	g0776	train
ENSE00001205834_011	g0776	train
ENSE00001205834_012	g0776	train
ENSE00001205834_013	g0776	train
ENSE00001205834_014	g0776	train
ENSE00001205834_015	g0776	train
ENSE00001205834_016	g0776	train
ENSE00001205834_018	g0776	train
ENSE00001205834_019	g0776	train
ENSE00001205834_020	g0776	train
ENSE00001205834_021	g0776	train
ENSE00001205834_022	g0776	train
ENSE00001205834_023	g0776	train
ENSE00001205834_024	g0776	train
ENSE00001207388_001	g0777	test
ENSE00001207388_002	g0777	test
ENSE00001207388_003	g0777	test
ENSE00001207388_004	g0777	test
ENSE00001207388_005	g0777	test
ENSE00001207388_006	g0777	test
ENSE00001207388_007	g0777	test
ENSE00001207388_009	g0777	test
ENSE00001207388_011	g0777	test
ENSE00001207388_013	g0777	test
ENSE00001207388_015	g0777	test
ENSE00001207388_016	g0777	test
ENSE00001207388_017	g0777	test
ENSE00001207388_018	g0777	test
ENSE00001207388_019	g0777	test
ENSE00001207388_021	g0777	test
ENSE00001207388_023	g0777	test
ENSE00001207388_024	g0777	test
ENSE00001207388_025	g0777	test
ENSE00001207388_026	g0777	test
ENSE00001207388_027	g0777	test
ENSE00001207388_029	g0777	test
ENSE00001207388_030	g0777	test
ENSE00001207388_031	g0777	test
ENSE00001207388_032	g0777	test
ENSE00001211681_001	g0778	test
ENSE00001211681_002	g0778	test
ENSE00001211681_004	g0778	test
ENSE00001211681_005	g0778	test
ENSE00001211681_006	g0778	test
ENSE00001211681_007	g0778	test
ENSE00001211681_008	g0778	test
ENSE00001211681_009	g0778	test
ENSE00001211681_010	g0778	test
ENSE00001211681_011	g0778	test
ENSE00001211681_013	g0778	test
ENSE00001211681_014	g0778	test
ENSE00001211681_015	g0778	test
ENSE00001211681_016	g0778	test
ENSE00001211681_018	g0778	test
ENSE00001211681_019	g0778	test
ENSE00001213881_001	g0732	test
ENSE00001213881_005	g0732	test
ENSE00001213881_006	g0732	test
ENSE00001213881_007	g0732	test
ENSE00001213881_008	g0732	test
ENSE00001213881_009	g0732	test
ENSE00001213881_011	g0732	test
ENSE00001213881_012	g0732	test
ENSE00001213881_013	g0732	test
ENSE00001213881_014	g0732	test
ENSE00001213881_015	g0732	test
ENSE00001213881_016	g0732	test
ENSE00001213881_017	g0732	test
ENSE00001213881_018	g0732	test
ENSE00001213936_001	g0732	test
ENSE00001213936_004	g0732	test
ENSE00001213936_005	g0732	test
ENSE00001213936_006	g0732	test
ENSE00001213936_007	g0732	test
ENSE00001213936_008	g0732	test
ENSE00001213936_013	g0732	test
ENSE00001213936_015	g0732	test
ENSE00001213936_018	g0732	test
ENSE00001213936_019	g0732	test
ENSE00001213936_020	g0732	test
ENSE00001213936_021	g0732	test
ENSE00001213936_022	g0732	test
ENSE00001213936_023	g0732	test
ENSE00001213936_025	g0732	test
ENSE00001213941_001	g0732	test
ENSE00001213941_002	g0732	test
ENSE00001213941_004	g0732	test
ENSE00001213941_008	g0732	test
ENSE00001213941_012	g0732	test
ENSE00001213941_013	g0732	test
ENSE00001213941_018	g0732	test
ENSE00001213941_020	g0732	test
ENSE00001213941_023	g0732	test
ENSE00001213941_025	g0732	test
ENSE00001213948_009	g0732	test
ENSE00001213948_011	g0732	test
ENSE00001213948_012	g0732	test
ENSE00001213948_013	g0732	test
ENSE00001213958_001	g0732	test
ENSE00001213958_002	g0732	test
ENSE00001213958_004	g0732	test
ENSE00001213958_008	g0732	test
ENSE00001213958_009	g0732	test
ENSE00001213958_010	g0732	test
ENSE00001213958_011	g0732	test
ENSE00001213958_012	g0732	test
ENSE00001213958_013	g0732	test
ENSE00001213958_014	g0732	test
ENSE00001213958_016	g0732	test
ENSE00001213958_017	g0732	test
ENSE00001213958_018	g0732	test
ENSE00001213958_019	g0732	test
ENSE00001213958_020	g0732	test
ENSE00001213958_021	g0732	test
ENSE00001213958_022	g0732	test
ENSE00001213958_023	g0732	test
ENSE00001213958_024	g0732	test
ENSE00001213958_026	g0732	test
ENSE00001213958_027	g0732	test
ENSE00001213958_028	g0732	test
ENSE00001213970_001	g0732	test
ENSE00001213970_002	g0732	test
ENSE00001213970_003	g0732	test
ENSE00001213970_004	g0732	test
ENSE00001213970_005	g0732	test
ENSE00001213970_006	g0732	test
ENSE00001213970_007	g0732	test
ENSE00001213970_008	g0732	test
ENSE00001213970_011	g0732	test
ENSE00001213970_012	g0732	test
ENSE00001213970_016	g0732	test
ENSE00001213970_018	g0732	test
ENSE00001213970_020	g0732	test
ENSE00001213970_021	g0732	test
ENSE00001214852_001	g0779	test
ENSE00001214852_003	g0779	test
ENSE00001214852_005	g0779	test
ENSE00001214852_006	g0779	test
ENSE00001214852_007	g0779	test
ENSE00001214852_008	g0779	test
ENSE00001214852_009	g0779	test
ENSE00001214852_011	g0779	test
ENSE00001214852_012	g0779	test
ENSE00001214852_013	g0779	test
ENSE00001214852_014	g0779	test
ENSE00001214852_015	g0779	test
ENSE00001214852_016	g0779	test
ENSE00001214852_017	g0779	test
ENSE00001214852_019	g0779	test
ENSE00001214852_020	g0779	test
ENSE00001214852_021	g0779	test
ENSE00001219451_002	g0780	test
ENSE00001219451_003	g0780	test
ENSE00001219451_005	g0780	test
ENSE00001219451_006	g0780	test
ENSE00001219451_007	g0780	test
ENSE00001219451_008	g0780	test
ENSE00001219451_010	g0780	test
ENSE00001219451_011	g0780	test
ENSE00001219451_012	g0780	test
ENSE00001219451_014	g0780	test
ENSE00001219451_015	g0780	test
ENSE00001219451_017	g0780	test
ENSE00001219451_018	g0780	test
ENSE00001219451_019	g0780	test
ENSE00001219451_020	g0780	test
ENSE00001219451_021	g0780	test
ENSE00001219451_022	g0780	test
ENSE00001219451_023	g0780	test
ENSE00001220637_002	g0751	train
ENSE00001220637_004	g0751	train
ENSE00001220637_005	g0751	train
ENSE00001220637_006	g0751	train
ENSE00001220637_007	g0751	train
ENSE00001220637_008	g0751	train
ENSE00001220637_009	g0751	train
ENSE00001220637_010	g0751	train
ENSE00001220637_012	g0751	train
ENSE00001220637_013	g0751	train
ENSE00001220637_014	g0751	train
ENSE00001220637_015	g0751	train
ENSE00001220914_001	g0781	train
ENSE00001220914_002	g0781	train
ENSE00001220914_006	g0781	train
ENSE00001220914_008	g0781	train
ENSE00001220914_009	g0781	train
ENSE00001220914_010	g0781	train
ENSE00001220914_011	g0781	train
ENSE00001220914_012	g0781	train
ENSE00001220914_014	g0781	train
ENSE00001220914_016	g0781	train
ENSE00001220914_017	g0781	train
ENSE00001220914_018	g0781	train
ENSE00001220914_019	g0781	train
ENSE00001220914_020	g0781	train
ENSE00001220914_021	g0781	train
ENSE00001220914_022	g0781	train
ENSE00001220914_023	g0781	train
ENSE00001220914_024	g0781	train
ENSE00001220914_025	g0781	train
ENSE00001220914_026	g0781	train
ENSE00001220914_028	g0781	train
ENSE00001220914_029	g0781	train
ENSE00001220914_030	g0781	train
ENSE00001220914_032	g0781	train
ENSE00001220914_036	g0781	train
ENSE00001220914_038	g0781	train
ENSE00001221244_001	g0365	train
ENSE00001221244_003	g0365	train
ENSE00001221244_004	g0365	train
ENSE00001221244_006	g0365	train
ENSE00001221244_007	g0365	train
ENSE00001221244_009	g0365	train
ENSE00001221244_011	g0365	train
ENSE00001221244_012	g0365	train
ENSE00001221244_013	g0365	train
ENSE00001221244_014	g0365	train
ENSE00001221244_015	g0365	train
ENSE00001221244_018	g0365	train
ENSE00001221244_020	g0365	train
ENSE00001221244_021	g0365	train
ENSE00001221244_022	g0365	train
ENSE00001222383_001	g0782	test
ENSE00001222383_002	g0782	test
ENSE00001222383_003	g0782	test
ENSE00001222383_005	g0782	test
ENSE00001222383_006	g0782	test
ENSE00001222383_007	g0782	test
ENSE00001222383_010	g0782	test
ENSE00001222383_011	g0782	test
ENSE00001222383_012	g0782	test
ENSE00001222383_014	g0782	test
ENSE00001222383_017	g0782	test
ENSE00001222383_018	g0782	test
ENSE00001222383_019	g0782	test
ENSE00001222383_024	g0782	test
ENSE00001222383_026	g0782	test
ENSE00001222383_027	g0782	test
ENSE00001222383_028	g0782	test
ENSE00001222383_029	g0782	test
ENSE00001222383_030	g0782	test
ENSE00001222383_032	g0782	test
ENSE00001222383_033	g0782	test
ENSE00001222531_001	g0783	test
ENSE00001222531_002	g0783	test
ENSE00001222531_014	g0783	test
ENSE00001222531_021	g0783	test
ENSE00001224222_001	g0784	train
ENSE00001224222_005	g0784	train
ENSE00001224222_016	g0784	train
ENSE00001224222_019	g0784	train
ENSE00001224729_009	g0785	test
ENSE00001225843_001	g0786	test
ENSE00001225843_003	g0786	test
ENSE00001225843_008	g0786	test
ENSE00001225843_009	g0786	test
ENSE00001225843_011	g0786	test
ENSE00001225843_012	g0786	test
ENSE00001225843_015	g0786	test
ENSE00001225843_022	g0786	test
ENSE00001225843_026	g0786	test
ENSE00001225843_029	g0786	test
ENSE00001225970_001	g0787	test
ENSE00001225970_002	g0787	test
ENSE00001225970_009	g0787	test
ENSE00001225970_015	g0787	test
ENSE00001225970_022	g0787	test
ENSE00001225970_023	g0787	test
ENSE00001225970_026	g0787	test
ENSE00001225970_027	g0787	test
ENSE00001225970_029	g0787	test
ENSE00001226038_001	g0788	test
ENSE00001226038_002	g0788	test
ENSE00001226038_003	g0788	test
ENSE00001226038_005	g0788	test
ENSE00001226038_006	g0788	test
ENSE00001226038_007	g0788	test
ENSE00001226038_008	g0788	test
ENSE00001226038_009	g0788	test
ENSE00001226038_011	g0788	test
ENSE00001226038_012	g0788	test
ENSE00001226038_013	g0788	test
ENSE00001226038_015	g0788	test
ENSE00001226038_016	g0788	test
ENSE00001226038_017	g0788	test
ENSE00001226038_018	g0788	test
ENSE00001226388_011	g0789	train
ENSE00001226388_015	g0789	train
ENSE00001226388_017	g0789	train
ENSE00001229401_001	g0790	test
ENSE00001229401_003	g0790	test
ENSE00001229401_004	g0790	test
ENSE00001229401_005	g0790	test
ENSE00001229401_006	g0790	test
ENSE00001229401_007	g0790	test
ENSE00001229401_008	g0790	test
ENSE00001229401_009	g0790	test
ENSE00001229401_011	g0790	test
ENSE00001229401_012	g0790	test
ENSE00001229401_013	g0790	test
ENSE00001229401_016	g0790	test
ENSE00001229401_017	g0790	test
ENSE00001229401_018	g0790	test
ENSE00001229410_001	g0790	test
ENSE00001229410_002	g0790	test
ENSE00001229410_003	g0790	test
ENSE00001229410_004	g0790	test
ENSE00001229410_005	g0790	test
ENSE00001229410_006	g0790	test
ENSE00001229410_007	g0790	test
ENSE00001229410_008	g0790	test
ENSE00001229410_010	g0790	test
ENSE00001229410_011	g0790	test
ENSE00001229410_012	g0790	test
ENSE00001229410_013	g0790	test
ENSE00001229410_014	g0790	test
ENSE00001229410_016	g0790	test
ENSE00001229410_018	g0790	test
ENSE00001229410_019	g0790	test
ENSE00001229410_020	g0790	test
ENSE00001229410_023	g0790	test
ENSE00001229410_024	g0790	test
ENSE00001229410_025	g0790	test
ENSE00001229410_026	g0790	test
ENSE00001229410_027	g0790	test
ENSE00001229410_028	g0790	test
ENSE00001229410_030	g0790	test
ENSE00001229410_031	g0790	test
ENSE00001229410_032	g0790	test
ENSE00001229410_034	g0790	test
ENSE00001229410_035	g0790	test
ENSE00001229416_001	g0790	test
ENSE00001229416_003	g0790	test
ENSE00001229416_005	g0790	test
ENSE00001229416_007	g0790	test
ENSE00001229416_009	g0790	test
ENSE00001229416_011	g0790	test
ENSE00001229416_018	g0790	test
ENSE00001229416_020	g0790	test
ENSE00001229416_026	g0790	test
ENSE00001229416_028	g0790	test
ENSE00001229416_030	g0790	test
ENSE00001229801_002	g0791	test
ENSE00001229801_012	g0791	test
ENSE00001229801_013	g0791	test
ENSE00001232329_004	g0659	train
ENSE00001232329_009	g0659	train
ENSE00001232329_013	g0659	train
ENSE00001232329_015	g0659	train
ENSE00001232329_017	g0659	train
ENSE00001232329_019	g0659	train
ENSE00001232329_021	g0659	train
ENSE00001232329_022	g0659	train
ENSE00001232329_024	g0659	train
ENSE00001233002_001	g0792	test
ENSE00001233002_002	g0792	test
ENSE00001233002_006	g0792	test
ENSE00001233002_009	g0792	test
ENSE00001233002_010	g0792	test
ENSE00001233002_012	g0792	test
ENSE00001233002_013	g0792	test
ENSE00001233002_016	g0792	test
ENSE00001233510_001	g0793	test
ENSE00001233510_004	g0793	test
ENSE00001233510_006	g0793	test
ENSE00001233510_007	g0793	test
ENSE00001233510_008	g0793	test
ENSE00001233510_010	g0793	test
ENSE00001233510_015	g0793	test
ENSE00001233510_016	g0793	test
ENSE00001235315_001	g0794	train
ENSE00001235315_002	g0794	train
ENSE00001235315_003	g0794	train
ENSE00001235315_006	g0794	train
ENSE00001235315_008	g0794	train
ENSE00001235315_009	g0794	train
ENSE00001235315_010	g0794	train
ENSE00001235315_011	g0794	train
ENSE00001235315_013	g0794	train
ENSE00001235315_015	g0794	train
ENSE00001235315_017	g0794	train
ENSE00001235315_019	g0794	train
ENSE00001235315_020	g0794	train
ENSE00001235315_021	g0794	train
ENSE00001235315_022	g0794	train
ENSE00001235315_023	g0794	train
ENSE00001235315_024	g0794	train
ENSE00001235315_025	g0794	train
ENSE00001235315_026	g0794	train
ENSE00001235315_028	g0794	train
ENSE00001235373_001	g0795	test
ENSE00001235373_002	g0795	test
ENSE00001235373_003	g0795	test
ENSE00001235373_004	g0795	test
ENSE00001235373_005	g0795	test
ENSE00001235373_006	g0795	test
ENSE00001235373_007	g0795	test
ENSE00001235373_010	g0795	test
ENSE00001235373_011	g0795	test
ENSE00001235373_012	g0795	test
ENSE00001235373_013	g0795	test
ENSE00001235373_014	g0795	test
ENSE00001235373_015	g0795	test
ENSE00001235373_016	g0795	test
ENSE00001235373_017	g0795	test
ENSE00001235373_018	g0795	test
ENSE00001235373_019	g0795	test
ENSE00001235373_020	g0795	test
ENSE00001235373_021	g0795	test
ENSE00001235458_002	g0796	test
ENSE00001235458_003	g0796	test
ENSE00001235458_004	g0796	test
ENSE00001235458_005	g0796	test
ENSE00001235458_006	g0796	test
ENSE00001235458_007	g0796	test
ENSE00001235458_008	g0796	test
ENSE00001235458_009	g0796	test
ENSE00001235458_010	g0796	test
ENSE00001235458_011	g0796	test
ENSE00001235458_012	g0796	test
ENSE00001235458_013	g0796	test
ENSE00001235458_014	g0796	test
ENSE00001235458_015	g0796	test
ENSE00001235458_016	g0796	test
ENSE00001235458_017	g0796	test
ENSE00001235458_018	g0796	test
ENSE00001235458_019	g0796	test
ENSE00001235458_020	g0796	test
ENSE00001235458_021	g0796	test
ENSE00001235458_023	g0796	test
ENSE00001235458_024	g0796	test
ENSE00001235458_025	g0796	test
ENSE00001235458_026	g0796	test
ENSE00001235458_027	g0796	test
ENSE00001235458_028	g0796	test
ENSE00001235944_001	g0168	train
ENSE00001235944_004	g0168	train
ENSE00001235944_005	g0168	train
ENSE00001235944_006	g0168	train
ENSE00001235944_010	g0168	train
ENSE00001235944_012	g0168	train
ENSE00001235944_013	g0168	train
ENSE00001235944_014	g0168	train
ENSE00001235944_017	g0168	train
ENSE00001235944_021	g0168	train
ENSE00001237211_017	g0797	train
ENSE00001238421_001	g0798	test
ENSE00001238421_006	g0798	test
ENSE00001238421_010	g0798	test
ENSE00001238421_013	g0798	test
ENSE00001238421_015	g0798	test
ENSE00001238421_018	g0798	test
ENSE00001238421_019	g0798	test
ENSE00001241987_002	g0799	test
ENSE00001241987_003	g0799	test
ENSE00001241987_004	g0799	test
ENSE00001241987_005	g0799	test
ENSE00001241987_006	g0799	test
ENSE00001241987_007	g0799	test
ENSE00001241987_008	g0799	test
ENSE00001241987_009	g0799	test
ENSE00001241987_010	g0799	test
ENSE00001241987_011	g0799	test
ENSE00001241987_013	g0799	test
ENSE00001241987_014	g0799	test
ENSE00001241987_016	g0799	test
ENSE00001241987_017	g0799	test
ENSE00001241987_018	g0799	test
ENSE00001241987_020	g0799	test
ENSE00001241987_021	g0799	test
ENSE00001241987_022	g0799	test
ENSE00001243726_002	g0800	train
ENSE00001243726_003	g0800	train
ENSE00001243726_004	g0800	train
ENSE00001243726_005	g0800	train
ENSE00001243726_006	g0800	train
ENSE00001243726_007	g0800	train
ENSE00001243726_011	g0800	train
ENSE00001243726_014	g0800	train
ENSE00001243726_015	g0800	train
ENSE00001243726_016	g0800	train
ENSE00001243726_021	g0800	train
ENSE00001243726_026	g0800	train
ENSE00001243726_027	g0800	train
ENSE00001243726_029	g0800	train
ENSE00001243726_030	g0800	train
ENSE00001243726_031	g0800	train
ENSE00001243726_034	g0800	train
ENSE00001243726_035	g0800	train
ENSE00001244704_002	g0559	train
ENSE00001244704_005	g0559	train
ENSE00001244704_007	g0559	train
ENSE00001244704_009	g0559	train
ENSE00001244704_013	g0559	train
ENSE00001244704_014	g0559	train
ENSE00001244704_016	g0559	train
ENSE00001244704_017	g0559	train
ENSE00001244704_020	g0559	train
ENSE00001244704_023	g0559	train
ENSE00001244704_025	g0559	train
ENSE00001244704_026	g0559	train
ENSE00001247134_001	g0801	train
ENSE00001247134_002	g0801	train
ENSE00001247134_003	g0801	train
ENSE00001247134_004	g0801	train
ENSE00001247134_005	g0801	train
ENSE00001247134_006	g0801	train
ENSE00001247134_007	g0801	train
ENSE00001247134_008	g0801	train
ENSE00001247134_009	g0801	train
ENSE00001247134_010	g0801	train
ENSE00001247134_011	g0801	train
ENSE00001247134_012	g0801	train
ENSE00001247134_013	g0801	train
ENSE00001247134_014	g0801	train
ENSE00001247134_015	g0801	train
ENSE00001247134_016	g0801	train
ENSE00001247134_017	g0801	train
ENSE00001247134_018	g0801	train
ENSE00001247134_019	g0801	train
ENSE00001247134_020	g0801	train
ENSE00001247134_022	g0801	train
ENSE00001247134_023	g0801	train
ENSE00001247134_024	g0801	train
ENSE00001247134_025	g0801	train
ENSE00001247134_026	g0801	train
ENSE00001247134_027	g0801	train
ENSE00001247134_029	g0801	train
ENSE00001252162_002	g0107	train
ENSE00001252162_007	g0107	train
ENSE00001252162_010	g0107	train
ENSE00001252162_013	g0107	train
ENSE00001252162_015	g0107	train
ENSE00001252162_017	g0107	train
ENSE00001252162_019	g0107	train
ENSE00001252162_020	g0107	train
ENSE00001252162_021	g0107	train
ENSE00001252162_024	g0107	train
ENSE00001252162_027	g0107	train
ENSE00001252199_001	g0107	train
ENSE00001252199_004	g0107	train
ENSE00001252199_005	g0107	train
ENSE00001252199_006	g0107	train
ENSE00001252199_007	g0107	train
ENSE00001252199_011	g0107	train
ENSE00001252199_012	g0107	train
ENSE00001252199_015	g0107	train
ENSE00001252199_016	g0107	train
ENSE00001252199_017	g0107	train
ENSE00001252199_019	g0107	train
ENSE00001252199_020	g0107	train
ENSE00001252199_022	g0107	train
ENSE00001252199_023	g0107	train
ENSE00001252205_003	g0107	train
ENSE00001252205_007	g0107	train
ENSE00001252205_008	g0107	train
ENSE00001252205_009	g0107	train
ENSE00001252205_014	g0107	train
ENSE00001252205_017	g0107	train
ENSE00001252214_005	g0107	train
ENSE00001252214_007	g0107	train
ENSE00001252214_008	g0107	train
ENSE00001252214_009	g0107	train
ENSE00001252214_011	g0107	train
ENSE00001252233_001	g0107	train
ENSE00001252233_002	g0107	train
ENSE00001252233_003	g0107	train
ENSE00001252233_004	g0107	train
ENSE00001252233_005	g0107	train
ENSE00001252233_006	g0107	train
ENSE00001252233_007	g0107	train
ENSE00001252233_009	g0107	train
ENSE00001252233_011	g0107	train
ENSE00001252233_012	g0107	train
ENSE00001252233_013	g0107	train
ENSE00001252233_014	g0107	train
ENSE00001252233_015	g0107	train
ENSE00001252233_016	g0107	train
ENSE00001252233_017	g0107	train
ENSE00001252233_018	g0107	train
ENSE00001252233_019	g0107	train
ENSE00001252233_020	g0107	train
ENSE00001252233_021	g0107	train
ENSE00001252233_023	g0107	train
ENSE00001252233_024	g0107	train
ENSE00001252233_025	g0107	train
ENSE00001252233_026	g0107	train
ENSE00001252268_002	g0107	train
ENSE00001252268_003	g0107	train
ENSE00001252268_004	g0107	train
ENSE00001252268_005	g0107	train
ENSE00001252268_006	g0107	train
ENSE00001252268_007	g0107	train
ENSE00001252268_010	g0107	train
ENSE00001252325_003	g0107	train
ENSE00001252325_004	g0107	train
ENSE00001252325_006	g0107	train
ENSE00001252325_009	g0107	train
ENSE00001257233_003	g0802	train
ENSE00001257233_006	g0802	train
ENSE00001257233_007	g0802	train
ENSE00001257233_008	g0802	train
ENSE00001257233_015	g0802	train
ENSE00001257233_017	g0802	train
ENSE00001257233_019	g0802	train
ENSE00001258162_002	g0803	train
ENSE00001258162_003	g0803	train
ENSE00001258162_004	g0803	train
ENSE00001258162_005	g0803	train
ENSE00001258162_009	g0803	train
ENSE00001258162_011	g0803	train
ENSE00001258162_012	g0803	train
ENSE00001258162_013	g0803	train
ENSE00001258162_014	g0803	train
ENSE00001258162_015	g0803	train
ENSE00001258162_016	g0803	train
ENSE00001258162_017	g0803	train
ENSE00001258162_018	g0803	train
ENSE00001258162_019	g0803	train
ENSE00001258162_020	g0803	train
ENSE00001259524_001	g0804	train
ENSE00001259524_002	g0804	train
ENSE00001259524_004	g0804	train
ENSE00001259524_005	g0804	train
ENSE00001259524_007	g0804	train
ENSE00001259524_011	g0804	train
ENSE00001259524_012	g0804	train
ENSE00001259524_014	g0804	train
ENSE00001259524_016	g0804	train
ENSE00001259524_017	g0804	train
ENSE00001259524_018	g0804	train
ENSE00001259524_020	g0804	train
ENSE00001259524_022	g0804	train
ENSE00001259524_023	g0804	train
ENSE00001259524_024	g0804	train
ENSE00001259524_026	g0804	train
ENSE00001260272_005	g0401	train
ENSE00001260272_007	g0401	train
ENSE00001260272_011	g0401	train
ENSE00001260272_017	g0401	train
ENSE00001260272_025	g0401	train
ENSE00001260272_029	g0401	train
ENSE00001260272_030	g0401	train
ENSE00001260272_040	g0401	train
ENSE00001260272_042	g0401	train
ENSE00001260272_043	g0401	train
ENSE00001260272_044	g0401	train
ENSE00001260272_049	g0401	train
ENSE00001260272_050	g0401	train
ENSE00001260272_054	g0401	train
ENSE00001260272_056	g0401	train
ENSE00001260272_057	g0401	train
ENSE00001260272_059	g0401	train
ENSE00001260272_062	g0401	train
ENSE00001260272_068	g0401	train
ENSE00001260300_001	g0805	train
ENSE00001260300_003	g0805	train
ENSE00001260300_004	g0805	train
ENSE00001260300_005	g0805	train
ENSE00001260300_010	g0805	train
ENSE00001260300_011	g0805	train
ENSE00001260300_012	g0805	train
ENSE00001260300_015	g0805	train
ENSE00001260300_016	g0805	train
ENSE00001260300_018	g0805	train
ENSE00001260300_019	g0805	train
ENSE00001262635_003	g0806	train
ENSE00001262635_004	g0806	train
ENSE00001262635_005	g0806	train
ENSE00001262635_006	g0806	train
ENSE00001262635_007	g0806	train
ENSE00001262635_008	g0806	train
ENSE00001262635_009	g0806	train
ENSE00001262635_010	g0806	train
ENSE00001262635_012	g0806	train
ENSE00001262635_013	g0806	train
ENSE00001262635_014	g0806	train
ENSE00001262635_015	g0806	train
ENSE00001262635_016	g0806	train
ENSE00001262635_017	g0806	train
ENSE00001262635_018	g0806	train
ENSE00001262635_019	g0806	train
ENSE00001262635_020	g0806	train
ENSE00001262635_021	g0806	train
ENSE00001262635_022	g0806	train
ENSE00001262635_023	g0806	train
ENSE00001263226_002	g0807	train
ENSE00001263226_005	g0807	train
ENSE00001263226_006	g0807	train
ENSE00001263226_007	g0807	train
ENSE00001263226_009	g0807	train
ENSE00001263226_010	g0807	train
ENSE00001263226_011	g0807	train
ENSE00001263226_012	g0807	train
ENSE00001263226_013	g0807	train
ENSE00001263226_015	g0807	train
ENSE00001263226_016	g0807	train
ENSE00001263226_017	g0807	train
ENSE00001263226_018	g0807	train
ENSE00001263226_019	g0807	train
ENSE00001263226_021	g0807	train
ENSE00001263226_022	g0807	train
ENSE00001263408_003	g0808	train
ENSE00001263408_004	g0808	train
ENSE00001263408_005	g0808	train
ENSE00001263408_006	g0808	train
ENSE00001263408_007	g0808	train
ENSE00001263408_008	g0808	train
ENSE00001263408_009	g0808	train
ENSE00001263608_001	g0456	test
ENSE00001263608_006	g0456	test
ENSE00001263608_008	g0456	test
ENSE00001263608_017	g0456	test
ENSE00001263608_018	g0456	test
ENSE00001263608_023	g0456	test
ENSE00001263608_025	g0456	test
ENSE00001264168_011	g0809	train
ENSE00001264168_017	g0809	train
ENSE00001264168_026	g0809	train
ENSE00001264396_002	g0629	train
ENSE00001264396_003	g0629	train
ENSE00001264396_004	g0629	train
ENSE00001264396_005	g0629	train
ENSE00001264396_009	g0629	train
ENSE00001264396_010	g0629	train
ENSE00001264396_011	g0629	train
ENSE00001264396_012	g0629	train
ENSE00001264396_014	g0629	train
ENSE00001264396_015	g0629	train
ENSE00001264396_017	g0629	train
ENSE00001264396_018	g0629	train
ENSE00001264396_020	g0629	train
ENSE00001264396_022	g0629	train
ENSE00001264396_023	g0629	train
ENSE00001264396_024	g0629	train
ENSE00001264396_025	g0629	train
ENSE00001265417_002	g0810	train
ENSE00001265417_005	g0810	train
ENSE00001265417_007	g0810	train
ENSE00001265417_010	g0810	train
ENSE00001265417_011	g0810	train
ENSE00001265417_014	g0810	train
ENSE00001265417_015	g0810	train
ENSE00001265417_016	g0810	train
ENSE00001265417_017	g0810	train
ENSE00001265417_018	g0810	train
ENSE00001265417_019	g0810	train
ENSE00001265417_021	g0810	train
ENSE00001265417_024	g0810	train
ENSE00001265417_025	g0810	train
ENSE00001265417_026	g0810	train
ENSE00001265417_027	g0810	train
ENSE00001265417_028	g0810	train
ENSE00001265880_001	g0811	test
ENSE00001265880_002	g0811	test
ENSE00001265880_003	g0811	test
ENSE00001265880_005	g0811	test
ENSE00001265880_006	g0811	test
ENSE00001265880_009	g0811	test
ENSE00001265880_010	g0811	test
ENSE00001265880_011	g0811	test
ENSE00001265880_013	g0811	test
ENSE00001265880_014	g0811	test
ENSE00001265880_015	g0811	test
ENSE00001265880_016	g0811	test
ENSE00001265880_017	g0811	test
ENSE00001265880_018	g0811	test
ENSE00001265880_019	g0811	test
ENSE00001265880_020	g0811	test
ENSE00001265894_002	g0812	train
ENSE00001265894_003	g0812	train
ENSE00001265894_005	g0812	train
ENSE00001265894_008	g0812	train
ENSE00001265894_010	g0812	train
ENSE00001265894_011	g0812	train
ENSE00001265894_012	g0812	train
ENSE00001265894_013	g0812	train
ENSE00001266698_001	g0813	train
ENSE00001266698_011	g0813	train
ENSE00001266698_013	g0813	train
ENSE00001266698_014	g0813	train
ENSE00001267186_002	g0814	test
ENSE00001267186_003	g0814	test
ENSE00001267186_004	g0814	test
ENSE00001267186_005	g0814	test
ENSE00001267186_006	g0814	test
ENSE00001267186_007	g0814	test
ENSE00001267186_008	g0814	test
ENSE00001267186_011	g0814	test
ENSE00001267186_012	g0814	test
ENSE00001267186_013	g0814	test
ENSE00001267186_015	g0814	test
ENSE00001267186_016	g0814	test
ENSE00001267186_018	g0814	test
ENSE00001267186_022	g0814	test
ENSE00001267186_024	g0814	test
ENSE00001267186_025	g0814	test
ENSE00001267186_026	g0814	test
ENSE00001267864_017	g0815	train
ENSE00001268021_001	g0816	train
ENSE00001268021_002	g0816	train
ENSE00001268021_003	g0816	train
ENSE00001268021_005	g0816	train
ENSE00001268021_006	g0816	train
ENSE00001268021_009	g0816	train
ENSE00001268021_010	g0816	train
ENSE00001268021_012	g0816	train
ENSE00001268021_013	g0816	train
ENSE00001268021_015	g0816	train
ENSE00001268021_016	g0816	train
ENSE00001268021_017	g0816	train
ENSE00001268021_018	g0816	train
ENSE00001268021_019	g0816	train
ENSE00001268021_022	g0816	train
ENSE00001268021_024	g0816	train
ENSE00001268021_025	g0816	train
ENSE00001268391_002	g0817	train
ENSE00001268391_003	g0817	train
ENSE00001268391_004	g0817	train
ENSE00001268391_009	g0817	train
ENSE00001268391_010	g0817	train
ENSE00001268391_013	g0817	train
ENSE00001268391_014	g0817	train
ENSE00001268391_018	g0817	train
ENSE00001268391_020	g0817	train
ENSE00001268391_021	g0817	train
ENSE00001268391_023	g0817	train
ENSE00001268391_025	g0817	train
ENSE00001268391_026	g0817	train
ENSE00001268391_027	g0817	train
ENSE00001268391_028	g0817	train
ENSE00001268391_030	g0817	train
ENSE00001268391_031	g0817	train
ENSE00001268391_033	g0817	train
ENSE00001269614_004	g0818	train
ENSE00001269614_008	g0818	train
ENSE00001269614_012	g0818	train
ENSE00001269614_015	g0818	train
ENSE00001270464_001	g0819	train
ENSE00001270464_002	g0819	train
ENSE00001270464_003	g0819	train
ENSE00001270464_004	g0819	train
ENSE00001270464_005	g0819	train
ENSE00001270464_006	g0819	train
ENSE00001270464_007	g0819	train
ENSE00001270464_008	g0819	train
ENSE00001270464_009	g0819	train
ENSE00001270464_010	g0819	train
ENSE00001270464_011	g0819	train
ENSE00001270464_012	g0819	train
ENSE00001270464_013	g0819	train
ENSE00001270464_014	g0819	train
ENSE00001270464_015	g0819	train
ENSE00001270464_016	g0819	train
ENSE00001270464_017	g0819	train
ENSE00001270464_018	g0819	train
ENSE00001270464_019	g0819	train
ENSE00001271990_001	g0820	train
ENSE00001271990_002	g0820	train
ENSE00001271990_003	g0820	train
ENSE00001271990_004	g0820	train
ENSE00001271990_005	g0820	train
ENSE00001271990_007	g0820	train
ENSE00001271990_008	g0820	train
ENSE00001271990_009	g0820	train
ENSE00001271990_010	g0820	train
ENSE00001271990_011	g0820	train
ENSE00001271990_012	g0820	train
ENSE00001271990_013	g0820	train
ENSE00001271990_014	g0820	train
ENSE00001271990_015	g0820	train
ENSE00001274300_001	g0371	train
ENSE00001274300_004	g0371	train
ENSE00001274300_005	g0371	train
ENSE00001274300_008	g0371	train
ENSE00001274300_011	g0371	train
ENSE00001274300_018	g0371	train
ENSE00001274300_019	g0371	train
ENSE00001274300_023	g0371	train
ENSE00001276551_001	g0821	train
ENSE00001276551_002	g0821	train
ENSE00001276551_003	g0821	train
ENSE00001276551_004	g0821	train
ENSE00001276551_010	g0821	train
ENSE00001276551_011	g0821	train
ENSE00001276551_012	g0821	train
ENSE00001276551_015	g0821	train
ENSE00001276551_016	g0821	train
ENSE00001276551_018	g0821	train
ENSE00001276551_020	g0821	train
ENSE00001276551_021	g0821	train
ENSE00001276551_024	g0821	train
ENSE00001276551_025	g0821	train
ENSE00001276551_027	g0821	train
ENSE00001276551_031	g0821	train
ENSE00001276551_032	g0821	train
ENSE00001278425_001	g0822	train
ENSE00001278425_003	g0822	train
ENSE00001278425_004	g0822	train
ENSE00001278425_005	g0822	train
ENSE00001278425_007	g0822	train
ENSE00001278425_008	g0822	train
ENSE00001278425_009	g0822	train
ENSE00001278425_010	g0822	train
ENSE00001278425_011	g0822	train
ENSE00001278425_013	g0822	train
ENSE00001278425_014	g0822	train
ENSE00001278425_016	g0822	train
ENSE00001278425_017	g0822	train
ENSE00001278425_018	g0822	train
ENSE00001278425_019	g0822	train
ENSE00001278425_020	g0822	train
ENSE00001278425_021	g0822	train
ENSE00001278425_022	g0822	train
ENSE00001278425_024	g0822	train
ENSE00001278425_025	g0822	train
ENSE00001278425_026	g0822	train
ENSE00001278425_027	g0822	train
ENSE00001279085_001	g0730	train
ENSE00001279085_002	g0730	train
ENSE00001279085_003	g0730	train
ENSE00001279085_004	g0730	train
ENSE00001279085_005	g0730	train
ENSE00001279085_006	g0730	train
ENSE00001279085_007	g0730	train
ENSE00001279085_008	g0730	train
ENSE00001279085_009	g0730	train
ENSE00001279085_010	g0730	train
ENSE00001279085_011	g0730	train
ENSE00001279085_013	g0730	train
ENSE00001279085_014	g0730	train
ENSE00001279085_015	g0730	train
ENSE00001279085_016	g0730	train
ENSE00001279085_017	g0730	train
ENSE00001279085_018	g0730	train
ENSE00001279085_019	g0730	train
ENSE00001279085_020	g0730	train
ENSE00001279085_021	g0730	train
ENSE00001279085_022	g0730	train
ENSE00001279085_023	g0730	train
ENSE00001279085_025	g0730	train
ENSE00001279085_027	g0730	train
ENSE00001279085_028	g0730	train
ENSE00001279085_029	g0730	train
ENSE00001279085_030	g0730	train
ENSE00001279085_031	g0730	train
ENSE00001281798_005	g0823	train
ENSE00001281798_006	g0823	train
ENSE00001281798_008	g0823	train
ENSE00001281798_012	g0823	train
ENSE00001281798_015	g0823	train
ENSE00001287239_021	g0824	train
ENSE00001287239_030	g0824	train
ENSE00001287267_001	g0824	train
ENSE00001287267_002	g0824	train
ENSE00001287267_003	g0824	train
ENSE00001287267_004	g0824	train
ENSE00001287267_006	g0824	train
ENSE00001287267_007	g0824	train
ENSE00001287267_008	g0824	train
ENSE00001287267_009	g0824	train
ENSE00001287267_010	g0824	train
ENSE00001287267_011	g0824	train
ENSE00001287267_013	g0824	train
ENSE00001287267_014	g0824	train
ENSE00001287267_015	g0824	train
ENSE00001287267_016	g0824	train
ENSE00001287267_017	g0824	train
ENSE00001287267_019	g0824	train
ENSE00001287267_021	g0824	train
ENSE00001287267_022	g0824	train
ENSE00001287267_023	g0824	train
ENSE00001287970_001	g0825	train
ENSE00001287970_016	g0825	train
ENSE00001287970_019	g0825	train
ENSE00001292057_001	g0826	train
ENSE00001292057_002	g0826	train
ENSE00001292057_003	g0826	train
ENSE00001292057_004	g0826	train
ENSE00001292057_005	g0826	train
ENSE00001292057_008	g0826	train
ENSE00001292057_009	g0826	train
ENSE00001292057_010	g0826	train
ENSE00001292057_011	g0826	train
ENSE00001292057_012	g0826	train
ENSE00001292057_013	g0826	train
ENSE00001292057_016	g0826	train
ENSE00001292057_017	g0826	train
ENSE00001292057_018	g0826	train
ENSE00001292057_019	g0826	train
ENSE00001292057_020	g0826	train
ENSE00001292057_021	g0826	train
ENSE00001292057_022	g0826	train
ENSE00001292057_024	g0826	train
ENSE00001292057_026	g0826	train
ENSE00001292057_028	g0826	train
ENSE00001292057_030	g0826	train
ENSE00001292057_031	g0826	train
ENSE00001292057_032	g0826	train
ENSE00001292057_033	g0826	train
ENSE00001292057_035	g0826	train
ENSE00001292222_001	g0827	test
ENSE00001292222_003	g0827	test
ENSE00001292222_005	g0827	test
ENSE00001292222_006	g0827	test
ENSE00001292222_007	g0827	test
ENSE00001292222_009	g0827	test
ENSE00001292222_010	g0827	test
ENSE00001292222_011	g0827	test
ENSE00001292222_012	g0827	test
ENSE00001292222_014	g0827	test
ENSE00001292222_015	g0827	test
ENSE00001292661_001	g0828	train
ENSE00001292661_002	g0828	train
ENSE00001292661_004	g0828	train
ENSE00001292661_006	g0828	train
ENSE00001292661_007	g0828	train
ENSE00001292661_010	g0828	train
ENSE00001292711_002	g0829	train
ENSE00001292711_004	g0829	train
ENSE00001292711_005	g0829	train
ENSE00001292711_006	g0829	train
ENSE00001292711_007	g0829	train
ENSE00001292711_008	g0829	train
ENSE00001292711_009	g0829	train
ENSE00001292711_010	g0829	train
ENSE00001292711_013	g0829	train
ENSE00001292711_016	g0829	train
ENSE00001292711_018	g0829	train
ENSE00001292711_019	g0829	train
ENSE00001292711_020	g0829	train
ENSE00001292784_001	g0830	train
ENSE00001292784_003	g0830	train
ENSE00001292784_004	g0830	train
ENSE00001292784_005	g0830	train
ENSE00001292784_006	g0830	train
ENSE00001292784_007	g0830	train
ENSE00001292784_008	g0830	train
ENSE00001292784_009	g0830	train
ENSE00001292784_010	g0830	train
ENSE00001292784_011	g0830	train
ENSE00001292784_012	g0830	train
ENSE00001292784_013	g0830	train
ENSE00001292784_014	g0830	train
ENSE00001292784_015	g0830	train
ENSE00001292784_017	g0830	train
ENSE00001292784_018	g0830	train
ENSE00001292784_019	g0830	train
ENSE00001292784_020	g0830	train
ENSE00001292784_021	g0830	train
ENSE00001292784_022	g0830	train
ENSE00001292784_023	g0830	train
ENSE00001292857_001	g0455	train
ENSE00001292857_002	g0455	train
ENSE00001292857_003	g0455	train
ENSE00001292857_004	g0455	train
ENSE00001292857_005	g0455	train
ENSE00001292857_007	g0455	train
ENSE00001292857_009	g0455	train
ENSE00001292857_010	g0455	train
ENSE00001292857_011	g0455	train
ENSE00001292857_014	g0455	train
ENSE00001292857_015	g0455	train
ENSE00001292857_016	g0455	train
ENSE00001292857_018	g0455	train
ENSE00001292857_020	g0455	train
ENSE00001292857_021	g0455	train
ENSE00001292857_022	g0455	train
ENSE00001292857_024	g0455	train
ENSE00001292857_025	g0455	train
ENSE00001292857_026	g0455	train
ENSE00001293589_001	g0831	test
ENSE00001293589_003	g0831	test
ENSE00001293589_004	g0831	test
ENSE00001293589_005	g0831	test
ENSE00001293589_006	g0831	test
ENSE00001293589_007	g0831	test
ENSE00001293589_009	g0831	test
ENSE00001293589_010	g0831	test
ENSE00001293589_011	g0831	test
ENSE00001293589_012	g0831	test
ENSE00001293589_013	g0831	test
ENSE00001293589_015	g0831	test
ENSE00001293589_016	g0831	test
ENSE00001293589_017	g0831	test
ENSE00001293589_018	g0831	test
ENSE00001293589_019	g0831	test
ENSE00001293589_020	g0831	test
ENSE00001293589_021	g0831	test
ENSE00001293589_022	g0831	test
ENSE00001293589_023	g0831	test
ENSE00001293589_024	g0831	test
ENSE00001293589_025	g0831	test
ENSE00001293589_027	g0831	test
ENSE00001293589_028	g0831	test
ENSE00001293589_029	g0831	test
ENSE00001293589_030	g0831	test
ENSE00001293589_031	g0831	test
ENSE00001293589_032	g0831	test
ENSE00001293589_033	g0831	test
ENSE00001293589_034	g0831	test
ENSE00001293589_035	g0831	test
ENSE00001293589_036	g0831	test
ENSE00001293589_037	g0831	test
ENSE00001293589_038	g0831	test
ENSE00001294091_005	g0832	train
ENSE00001294091_014	g0832	train
ENSE00001294091_024	g0832	train
ENSE00001294531_001	g0833	train
ENSE00001294531_003	g0833	train
ENSE00001294531_004	g0833	train
ENSE00001294531_006	g0833	train
ENSE00001294531_007	g0833	train
ENSE00001294531_008	g0833	train
ENSE00001294531_010	g0833	train
ENSE00001294531_017	g0833	train
ENSE00001294531_019	g0833	train
ENSE00001294531_020	g0833	train
ENSE00001294794_001	g0834	train
ENSE00001294794_002	g0834	train
ENSE00001294794_003	g0834	train
ENSE00001294794_004	g0834	train
ENSE00001294794_005	g0834	train
ENSE00001294794_006	g0834	train
ENSE00001294794_007	g0834	train
ENSE00001294794_009	g0834	train
ENSE00001294794_010	g0834	train
ENSE00001294794_011	g0834	train
ENSE00001294794_013	g0834	train
ENSE00001294794_014	g0834	train
ENSE00001294794_015	g0834	train
ENSE00001294794_016	g0834	train
ENSE00001294794_017	g0834	train
ENSE00001294794_018	g0834	train
ENSE00001294794_020	g0834	train
ENSE00001294794_021	g0834	train
ENSE00001294794_022	g0834	train
ENSE00001294794_023	g0834	train
ENSE00001294794_024	g0834	train
ENSE00001294794_025	g0834	train
ENSE00001294794_026	g0834	train
ENSE00001294794_027	g0834	train
ENSE00001294794_028	g0834	train
ENSE00001294794_029	g0834	train
ENSE00001294995_001	g0835	train
ENSE00001294995_002	g0835	train
ENSE00001294995_003	g0835	train
ENSE00001294995_005	g0835	train
ENSE00001294995_006	g0835	train
ENSE00001294995_008	g0835	train
ENSE00001294995_009	g0835	train
ENSE00001294995_010	g0835	train
ENSE00001294995_011	g0835	train
ENSE00001294995_014	g0835	train
ENSE00001294995_017	g0835	train
ENSE00001294995_018	g0835	train
ENSE00001294995_020	g0835	train
ENSE00001294995_021	g0835	train
ENSE00001295053_001	g0836	train
ENSE00001295053_002	g0836	train
ENSE00001295053_003	g0836	train
ENSE00001295053_004	g0836	train
ENSE00001295053_005	g0836	train
ENSE00001295053_006	g0836	train
ENSE00001295053_007	g0836	train
ENSE00001295053_010	g0836	train
ENSE00001295053_011	g0836	train
ENSE00001295053_013	g0836	train
ENSE00001295053_014	g0836	train
ENSE00001295053_015	g0836	train
ENSE00001295053_016	g0836	train
ENSE00001295053_017	g0836	train
ENSE00001295053_018	g0836	train
ENSE00001295053_019	g0836	train
ENSE00001295053_020	g0836	train
ENSE00001295053_021	g0836	train
ENSE00001295579_001	g0837	test
ENSE00001296213_001	g0838	test
ENSE00001296213_002	g0838	test
ENSE00001296213_005	g0838	test
ENSE00001296213_006	g0838	test
ENSE00001296213_008	g0838	test
ENSE00001296213_011	g0838	test
ENSE00001296213_014	g0838	test
ENSE00001296213_015	g0838	test
ENSE00001296213_016	g0838	test
ENSE00001296213_019	g0838	test
ENSE00001296213_021	g0838	test
ENSE00001296213_022	g0838	test
ENSE00001296213_024	g0838	test
ENSE00001296213_025	g0838	test
ENSE00001296213_027	g0838	test
ENSE00001296213_030	g0838	test
ENSE00001296213_032	g0838	test
ENSE00001296527_003	g0839	train
ENSE00001296527_004	g0839	train
ENSE00001296527_005	g0839	train
ENSE00001296527_006	g0839	train
ENSE00001296527_008	g0839	train
ENSE00001296527_009	g0839	train
ENSE00001296527_010	g0839	train
ENSE00001296527_012	g0839	train
ENSE00001296527_013	g0839	train
ENSE00001296527_014	g0839	train
ENSE00001296527_015	g0839	train
ENSE00001296527_017	g0839	train
ENSE00001296527_019	g0839	train
ENSE00001296527_020	g0839	train
ENSE00001296545_002	g0840	test
ENSE00001296545_004	g0840	test
ENSE00001296545_008	g0840	test
ENSE00001296545_013	g0840	test
ENSE00001296545_014	g0840	test
ENSE00001296545_026	g0840	test
ENSE00001296545_027	g0840	test
ENSE00001296545_036	g0840	test
ENSE00001296610_001	g0841	train
ENSE00001296610_003	g0841	train
ENSE00001296610_006	g0841	train
ENSE00001296610_007	g0841	train
ENSE00001296610_008	g0841	train
ENSE00001296610_009	g0841	train
ENSE00001296610_010	g0841	train
ENSE00001296610_011	g0841	train
ENSE00001296610_014	g0841	train
ENSE00001296610_015	g0841	train
ENSE00001296610_016	g0841	train
ENSE00001296610_017	g0841	train
ENSE00001296610_018	g0841	train
ENSE00001296610_019	g0841	train
ENSE00001296610_020	g0841	train
ENSE00001296905_001	g0842	train
ENSE00001296905_004	g0842	train
ENSE00001296905_005	g0842	train
ENSE00001296905_006	g0842	train
ENSE00001296905_007	g0842	train
ENSE00001296905_008	g0842	train
ENSE00001296905_009	g0842	train
ENSE00001296905_011	g0842	train
ENSE00001296905_012	g0842	train
ENSE00001296905_013	g0842	train
ENSE00001296905_014	g0842	train
ENSE00001296905_015	g0842	train
ENSE00001296905_016	g0842	train
ENSE00001296991_001	g0843	test
ENSE00001296991_003	g0843	test
ENSE00001296991_009	g0843	test
ENSE00001296991_012	g0843	test
ENSE00001296991_013	g0843	test
ENSE00001297413_001	g0839	train
ENSE00001297413_005	g0839	train
ENSE00001297413_007	g0839	train
ENSE00001297413_008	g0839	train
ENSE00001297413_009	g0839	train
ENSE00001297413_010	g0839	train
ENSE00001297413_012	g0839	train
ENSE00001297413_013	g0839	train
ENSE00001297413_014	g0839	train
ENSE00001297413_015	g0839	train
ENSE00001297505_003	g0844	train
ENSE00001297505_004	g0844	train
ENSE00001297505_005	g0844	train
ENSE00001297505_006	g0844	train
ENSE00001297505_007	g0844	train
ENSE00001297505_008	g0844	train
ENSE00001297505_010	g0844	train
ENSE00001297505_012	g0844	train
ENSE00001297505_013	g0844	train
ENSE00001297505_014	g0844	train
ENSE00001297505_015	g0844	train
ENSE00001297505_020	g0844	train
ENSE00001297505_022	g0844	train
ENSE00001297505_023	g0844	train
ENSE00001297505_024	g0844	train
ENSE00001297505_030	g0844	train
ENSE00001298506_001	g0845	train
ENSE00001298506_003	g0845	train
ENSE00001298506_004	g0845	train
ENSE00001298506_005	g0845	train
ENSE00001298506_008	g0845	train
ENSE00001298506_009	g0845	train
ENSE00001298506_010	g0845	train
ENSE00001298506_011	g0845	train
ENSE00001298506_012	g0845	train
ENSE00001300322_001	g0846	train
ENSE00001300322_002	g0846	train
ENSE00001300322_003	g0846	train
ENSE00001300322_004	g0846	train
ENSE00001300322_007	g0846	train
ENSE00001300322_008	g0846	train
ENSE00001300322_009	g0846	train
ENSE00001300322_010	g0846	train
ENSE00001300322_011	g0846	train
ENSE00001300322_012	g0846	train
ENSE00001300322_013	g0846	train
ENSE00001300322_014	g0846	train
ENSE00001300322_016	g0846	train
ENSE00001300322_017	g0846	train
ENSE00001300583_001	g0847	train
ENSE00001300583_003	g0847	train
ENSE00001300583_005	g0847	train
ENSE00001300583_006	g0847	train
ENSE00001300583_007	g0847	train
ENSE00001300583_008	g0847	train
ENSE00001300583_009	g0847	train
ENSE00001300583_011	g0847	train
ENSE00001300583_013	g0847	train
ENSE00001300583_014	g0847	train
ENSE00001300583_015	g0847	train
ENSE00001300583_016	g0847	train
ENSE00001300583_017	g0847	train
ENSE00001300583_018	g0847	train
ENSE00001300583_021	g0847	train
ENSE00001301553_002	g0848	test
ENSE00001301553_004	g0848	test
ENSE00001301553_005	g0848	test
ENSE00001301553_008	g0848	test
ENSE00001301553_009	g0848	test
ENSE00001301553_010	g0848	test
ENSE00001301553_011	g0848	test
ENSE00001301553_013	g0848	test
ENSE00001301553_019	g0848	test
ENSE00001301553_020	g0848	test
ENSE00001301553_022	g0848	test
ENSE00001301553_023	g0848	test
ENSE00001301987_001	g0849	train
ENSE00001301987_002	g0849	train
ENSE00001301987_004	g0849	train
ENSE00001301987_005	g0849	train
ENSE00001301987_011	g0849	train
ENSE00001301987_015	g0849	train
ENSE00001301987_016	g0849	train
ENSE00001301987_019	g0849	train
ENSE00001301987_020	g0849	train
ENSE00001301987_027	g0849	train
ENSE00001301987_028	g0849	train
ENSE00001301987_029	g0849	train
ENSE00001301987_030	g0849	train
ENSE00001301987_031	g0849	train
ENSE00001302379_027	g0850	train
ENSE00001302508_001	g0542	train
ENSE00001302508_002	g0542	train
ENSE00001302508_003	g0542	train
ENSE00001302508_004	g0542	train
ENSE00001302508_006	g0542	train
ENSE00001302508_008	g0542	train
ENSE00001302508_009	g0542	train
ENSE00001302508_010	g0542	train
ENSE00001302508_011	g0542	train
ENSE00001302508_012	g0542	train
ENSE00001302508_013	g0542	train
ENSE00001302508_014	g0542	train
ENSE00001302508_015	g0542	train
ENSE00001302508_017	g0542	train
ENSE00001302508_018	g0542	train
ENSE00001302508_020	g0542	train
ENSE00001302508_021	g0542	train
ENSE00001303224_003	g0851	train
ENSE00001303224_009	g0851	train
ENSE00001303224_013	g0851	train
ENSE00001303224_014	g0851	train
ENSE00001303224_023	g0851	train
ENSE00001303224_026	g0851	train
ENSE00001303880_001	g0852	train
ENSE00001303880_003	g0852	train
ENSE00001303880_004	g0852	train
ENSE00001303880_005	g0852	train
ENSE00001303880_006	g0852	train
ENSE00001303880_007	g0852	train
ENSE00001303880_009	g0852	train
ENSE00001303880_011	g0852	train
ENSE00001303880_015	g0852	train
ENSE00001303880_017	g0852	train
ENSE00001303880_018	g0852	train
ENSE00001303880_020	g0852	train
ENSE00001303880_022	g0852	train
ENSE00001303880_023	g0852	train
ENSE00001303880_024	g0852	train
ENSE00001304037_018	g0853	test
ENSE00001304095_001	g0854	train
ENSE00001304095_003	g0854	train
ENSE00001304095_004	g0854	train
ENSE00001304095_007	g0854	train
ENSE00001304095_008	g0854	train
ENSE00001304095_012	g0854	train
ENSE00001304095_014	g0854	train
ENSE00001304095_016	g0854	train
ENSE00001304806_001	g0855	train
ENSE00001304806_002	g0855	train
ENSE00001304806_004	g0855	train
ENSE00001304806_005	g0855	train
ENSE00001304806_010	g0855	train
ENSE00001304806_011	g0855	train
ENSE00001304806_016	g0855	train
ENSE00001304806_017	g0855	train
ENSE00001304806_019	g0855	train
ENSE00001304806_025	g0855	train
ENSE00001304806_026	g0855	train
ENSE00001304806_027	g0855	train
ENSE00001305857_001	g0616	test
ENSE00001305857_002	g0616	test
ENSE00001305857_004	g0616	test
ENSE00001305857_005	g0616	test
ENSE00001305857_006	g0616	test
ENSE00001305857_007	g0616	test
ENSE00001305857_009	g0616	test
ENSE00001305857_010	g0616	test
ENSE00001305857_011	g0616	test
ENSE00001305857_012	g0616	test
ENSE00001305857_013	g0616	test
ENSE00001305857_014	g0616	test
ENSE00001305857_015	g0616	test
ENSE00001305857_016	g0616	test
ENSE00001305857_018	g0616	test
ENSE00001305900_003	g0856	train
ENSE00001305900_007	g0856	train
ENSE00001305900_008	g0856	train
ENSE00001305900_020	g0856	train
ENSE00001305900_021	g0856	train
ENSE00001305900_022	g0856	train
ENSE00001305900_026	g0856	train
ENSE00001305900_029	g0856	train
ENSE00001305900_032	g0856	train
ENSE00001305900_035	g0856	train
ENSE00001305900_037	g0856	train
ENSE00001305900_038	g0856	train
ENSE00001305900_039	g0856	train
ENSE00001306471_001	g0857	train
ENSE00001306471_004	g0857	train
ENSE00001306471_008	g0857	train
ENSE00001306471_010	g0857	train
ENSE00001306471_015	g0857	train
ENSE00001306471_019	g0857	train
ENSE00001306471_020	g0857	train
ENSE00001306471_024	g0857	train
ENSE00001306471_025	g0857	train
ENSE00001306820_013	g0858	train
ENSE00001307316_001	g0265	train
ENSE00001307316_004	g0265	train
ENSE00001307316_010	g0265	train
ENSE00001307316_013	g0265	train
ENSE00001307316_015	g0265	train
ENSE00001307316_016	g0265	train
ENSE00001307316_017	g0265	train
ENSE00001307627_002	g0859	train
ENSE00001307627_003	g0859	train
ENSE00001307627_004	g0859	train
ENSE00001307627_007	g0859	train
ENSE00001307627_009	g0859	train
ENSE00001307627_010	g0859	train
ENSE00001307627_013	g0859	train
ENSE00001307627_014	g0859	train
ENSE00001307627_016	g0859	train
ENSE00001307627_017	g0859	train
ENSE00001307627_018	g0859	train
ENSE00001307627_019	g0859	train
ENSE00001307627_020	g0859	train
ENSE00001307627_024	g0859	train
ENSE00001307627_025	g0859	train
ENSE00001307627_028	g0859	train
ENSE00001307627_029	g0859	train
ENSE00001307685_004	g0860	test
ENSE00001307685_007	g0860	test
ENSE00001307685_008	g0860	test
ENSE00001307685_009	g0860	test
ENSE00001307685_011	g0860	test
ENSE00001307685_012	g0860	test
ENSE00001307685_014	g0860	test
ENSE00001307685_016	g0860	test
ENSE00001307685_020	g0860	test
ENSE00001307685_021	g0860	test
ENSE00001307685_023	g0860	test
ENSE00001307685_025	g0860	test
ENSE00001307685_026	g0860	test
ENSE00001307685_027	g0860	test
ENSE00001307685_029	g0860	test
ENSE00001307685_030	g0860	test
ENSE00001307767_003	g0861	test
ENSE00001307767_008	g0861	test
ENSE00001307767_009	g0861	test
ENSE00001307767_010	g0861	test
ENSE00001308061_001	g0649	train
ENSE00001308061_002	g0649	train
ENSE00001308061_004	g0649	train
ENSE00001308061_005	g0649	train
ENSE00001308061_006	g0649	train
ENSE00001308061_007	g0649	train
ENSE00001308061_008	g0649	train
ENSE00001308061_010	g0649	train
ENSE00001308061_011	g0649	train
ENSE00001308061_012	g0649	train
ENSE00001308061_013	g0649	train
ENSE00001308061_014	g0649	train
ENSE00001308061_015	g0649	train
ENSE00001308061_016	g0649	train
ENSE00001308061_017	g0649	train
ENSE00001308061_020	g0649	train
ENSE00001308061_021	g0649	train
ENSE00001308061_022	g0649	train
ENSE00001308061_023	g0649	train
ENSE00001308061_024	g0649	train
ENSE00001308061_027	g0649	train
ENSE00001308061_028	g0649	train
ENSE00001308061_029	g0649	train
ENSE00001308061_030	g0649	train
ENSE00001308061_034	g0649	train
ENSE00001308393_001	g0862	train
ENSE00001308393_003	g0862	train
ENSE00001308393_004	g0862	train
ENSE00001308393_005	g0862	train
ENSE00001308393_006	g0862	train
ENSE00001308393_007	g0862	train
ENSE00001308393_008	g0862	train
ENSE00001308393_009	g0862	train
ENSE00001308393_010	g0862	train
ENSE00001308393_011	g0862	train
ENSE00001308393_012	g0862	train
ENSE00001308393_013	g0862	train
ENSE00001308393_014	g0862	train
ENSE00001308393_015	g0862	train
ENSE00001308393_016	g0862	train
ENSE00001308393_017	g0862	train
ENSE00001308393_018	g0862	train
ENSE00001308393_019	g0862	train
ENSE00001308393_020	g0862	train
ENSE00001308393_022	g0862	train
ENSE00001308393_024	g0862	train
ENSE00001308393_025	g0862	train
ENSE00001308393_026	g0862	train
ENSE00001308393_027	g0862	train
ENSE00001308393_028	g0862	train
ENSE00001308393_029	g0862	train
ENSE00001308393_030	g0862	train
ENSE00001308393_032	g0862	train
ENSE00001308393_033	g0862	train
ENSE00001308393_034	g0862	train
ENSE00001308393_035	g0862	train
ENSE00001308781_001	g0732	test
ENSE00001308781_002	g0732	test
ENSE00001308781_003	g0732	test
ENSE00001308781_004	g0732	test
ENSE00001308781_005	g0732	test
ENSE00001308781_006	g0732	test
ENSE00001308781_007	g0732	test
ENSE00001308781_008	g0732	test
ENSE00001308781_009	g0732	test
ENSE00001308781_010	g0732	test
ENSE00001308781_011	g0732	test
ENSE00001308781_013	g0732	test
ENSE00001308781_014	g0732	test
ENSE00001308781_016	g0732	test
ENSE00001308781_017	g0732	test
ENSE00001308781_019	g0732	test
ENSE00001308781_020	g0732	test
ENSE00001308781_023	g0732	test
ENSE00001308781_024	g0732	test
ENSE00001308781_025	g0732	test
ENSE00001308781_026	g0732	test
ENSE00001308781_027	g0732	test
ENSE00001308781_028	g0732	test
ENSE00001308781_030	g0732	test
ENSE00001308781_032	g0732	test
ENSE00001308781_033	g0732	test
ENSE00001308781_035	g0732	test
ENSE00001308781_036	g0732	test
ENSE00001308964_001	g0863	train
ENSE00001308964_004	g0863	train
ENSE00001308964_006	g0863	train
ENSE00001308964_007	g0863	train
ENSE00001308964_008	g0863	train
ENSE00001309412_002	g0864	train
ENSE00001309412_003	g0864	train
ENSE00001309412_004	g0864	train
ENSE00001309412_005	g0864	train
ENSE00001309412_006	g0864	train
ENSE00001309412_009	g0864	train
ENSE00001309412_014	g0864	train
ENSE00001309412_017	g0864	train
ENSE00001309412_019	g0864	train
ENSE00001309412_020	g0864	train
ENSE00001309412_023	g0864	train
ENSE00001309412_024	g0864	train
ENSE00001309412_025	g0864	train
ENSE00001309412_026	g0864	train
ENSE00001309412_027	g0864	train
ENSE00001309412_028	g0864	train
ENSE00001309912_002	g0865	test
ENSE00001309912_009	g0865	test
ENSE00001309912_011	g0865	test
ENSE00001309912_012	g0865	test
ENSE00001309912_019	g0865	test
ENSE00001310171_021	g0866	train
ENSE00001310733_001	g0867	test
ENSE00001310733_002	g0867	test
ENSE00001310733_003	g0867	test
ENSE00001310733_004	g0867	test
ENSE00001310733_006	g0867	test
ENSE00001310733_007	g0867	test
ENSE00001310733_008	g0867	test
ENSE00001310733_009	g0867	test
ENSE00001310733_010	g0867	test
ENSE00001310733_011	g0867	test
ENSE00001310733_012	g0867	test
ENSE00001310733_013	g0867	test
ENSE00001310733_014	g0867	test
ENSE00001310733_015	g0867	test
ENSE00001310733_016	g0867	test
ENSE00001310733_017	g0867	test
ENSE00001310733_018	g0867	test
ENSE00001310733_019	g0867	test
ENSE00001310733_020	g0867	test
ENSE00001310733_021	g0867	test
ENSE00001310733_022	g0867	test
ENSE00001310733_023	g0867	test
ENSE00001310733_024	g0867	test
ENSE00001310733_026	g0867	test
ENSE00001310733_027	g0867	test
ENSE00001310733_028	g0867	test
ENSE00001310733_029	g0867	test
ENSE00001310733_030	g0867	test
ENSE00001310733_031	g0867	test
ENSE00001310733_032	g0867	test
ENSE00001310733_033	g0867	test
ENSE00001310733_034	g0867	test
ENSE00001310733_035	g0867	test
ENSE00001310733_036	g0867	test
ENSE00001310733_037	g0867	test
ENSE00001310733_038	g0867	test
ENSE00001310733_039	g0867	test
ENSE00001310981_002	g0831	test
ENSE00001310981_005	g0831	test
ENSE00001310981_006	g0831	test
ENSE00001310981_008	g0831	test
ENSE00001310981_012	g0831	test
ENSE00001310981_016	g0831	test
ENSE00001310981_022	g0831	test
ENSE00001310981_025	g0831	test
ENSE00001310981_027	g0831	test
ENSE00001310981_028	g0831	test
ENSE00001310981_029	g0831	test
ENSE00001311193_001	g0835	train
ENSE00001311193_002	g0835	train
ENSE00001311193_003	g0835	train
ENSE00001311193_006	g0835	train
ENSE00001311193_007	g0835	train
ENSE00001311193_008	g0835	train
ENSE00001311193_009	g0835	train
ENSE00001311193_010	g0835	train
ENSE00001311193_011	g0835	train
ENSE00001311193_014	g0835	train
ENSE00001311193_015	g0835	train
ENSE00001311193_016	g0835	train
ENSE00001311193_017	g0835	train
ENSE00001311193_018	g0835	train
ENSE00001311193_020	g0835	train
ENSE00001311193_021	g0835	train
ENSE00001311193_022	g0835	train
ENSE00001311193_023	g0835	train
ENSE00001311808_001	g0868	train
ENSE00001311808_002	g0868	train
ENSE00001311808_003	g0868	train
ENSE00001311808_004	g0868	train
ENSE00001311808_005	g0868	train
ENSE00001311808_006	g0868	train
ENSE00001311808_007	g0868	train
ENSE00001311808_008	g0868	train
ENSE00001311808_010	g0868	train
ENSE00001311808_011	g0868	train
ENSE00001311808_012	g0868	train
ENSE00001311808_014	g0868	train
ENSE00001311808_015	g0868	train
ENSE00001311808_016	g0868	train
ENSE00001311808_017	g0868	train
ENSE00001311808_018	g0868	train
ENSE00001312396_002	g0869	train
ENSE00001312396_004	g0869	train
ENSE00001312396_005	g0869	train
ENSE00001312396_006	g0869	train
ENSE00001312396_007	g0869	train
ENSE00001312396_008	g0869	train
ENSE00001312396_009	g0869	train
ENSE00001312396_012	g0869	train
ENSE00001312396_016	g0869	train
ENSE00001312396_017	g0869	train
ENSE00001312396_018	g0869	train
ENSE00001312396_019	g0869	train
ENSE00001312396_020	g0869	train
ENSE00001312396_021	g0869	train
ENSE00001312396_022	g0869	train
ENSE00001312622_001	g0836	train
ENSE00001312622_002	g0836	train
ENSE00001312622_003	g0836	train
ENSE00001312622_006	g0836	train
ENSE00001312622_007	g0836	train
ENSE00001312622_008	g0836	train
ENSE00001312622_009	g0836	train
ENSE00001312622_011	g0836	train
ENSE00001312622_012	g0836	train
ENSE00001312622_013	g0836	train
ENSE00001312622_014	g0836	train
ENSE00001312622_015	g0836	train
ENSE00001312622_017	g0836	train
ENSE00001312752_009	g0870	test
ENSE00001312752_021	g0870	test
ENSE00001312811_005	g0871	test
ENSE00001312811_008	g0871	test
ENSE00001312811_010	g0871	test
ENSE00001312811_012	g0871	test
ENSE00001312811_015	g0871	test
ENSE00001312811_016	g0871	test
ENSE00001312811_017	g0871	test
ENSE00001312811_018	g0871	test
ENSE00001312811_019	g0871	test
ENSE00001312811_022	g0871	test
ENSE00001312811_024	g0871	test
ENSE00001312811_025	g0871	test
ENSE00001312811_027	g0871	test
ENSE00001312811_028	g0871	test
ENSE00001312811_031	g0871	test
ENSE00001312811_034	g0871	test
ENSE00001312811_035	g0871	test
ENSE00001312811_036	g0871	test
ENSE00001312819_007	g0872	train
ENSE00001312819_018	g0872	train
ENSE00001312819_020	g0872	train
ENSE00001312834_004	g0826	train
ENSE00001312834_005	g0826	train
ENSE00001312834_011	g0826	train
ENSE00001312834_012	g0826	train
ENSE00001312834_017	g0826	train
ENSE00001312834_018	g0826	train
ENSE00001312834_022	g0826	train
ENSE00001312834_023	g0826	train
ENSE00001313298_001	g0873	train
ENSE00001313298_003	g0873	train
ENSE00001313298_004	g0873	train
ENSE00001313298_007	g0873	train
ENSE00001313298_008	g0873	train
ENSE00001313298_010	g0873	train
ENSE00001313298_015	g0873	train
ENSE00001313298_021	g0873	train
ENSE00001313298_024	g0873	train
ENSE00001313298_025	g0873	train
ENSE00001313298_029	g0873	train
ENSE00001313355_002	g0643	test
ENSE00001313355_003	g0643	test
ENSE00001313355_005	g0643	test
ENSE00001313355_006	g0643	test
ENSE00001313355_008	g0643	test
ENSE00001313355_009	g0643	test
ENSE00001313355_011	g0643	test
ENSE00001313355_012	g0643	test
ENSE00001313355_013	g0643	test
ENSE00001313355_014	g0643	test
ENSE00001313355_015	g0643	test
ENSE00001313355_016	g0643	test
ENSE00001313355_017	g0643	test
ENSE00001313355_018	g0643	test
ENSE00001313355_020	g0643	test
ENSE00001313355_021	g0643	test
ENSE00001313355_022	g0643	test
ENSE00001313355_023	g0643	test
ENSE00001313988_001	g0874	train
ENSE00001313988_002	g0874	train
ENSE00001313988_003	g0874	train
ENSE00001313988_004	g0874	train
ENSE00001313988_005	g0874	train
ENSE00001313988_006	g0874	train
ENSE00001313988_007	g0874	train
ENSE00001313988_008	g0874	train
ENSE00001313988_010	g0874	train
ENSE00001313988_011	g0874	train
ENSE00001313988_013	g0874	train
ENSE00001313988_014	g0874	train
ENSE00001313988_015	g0874	train
ENSE00001313988_016	g0874	train
ENSE00001313988_017	g0874	train
ENSE00001313988_018	g0874	train
ENSE00001313988_019	g0874	train
ENSE00001313988_020	g0874	train
ENSE00001313988_021	g0874	train
ENSE00001313988_022	g0874	train
ENSE00001313988_023	g0874	train
ENSE00001313988_024	g0874	train
ENSE00001313988_025	g0874	train
ENSE00001313988_026	g0874	train
ENSE00001313988_027	g0874	train
ENSE00001313988_028	g0874	train
ENSE00001315144_005	g0827	test
ENSE00001315144_007	g0827	test
ENSE00001315144_013	g0827	test
ENSE00001315144_018	g0827	test
ENSE00001315144_019	g0827	test
ENSE00001315953_001	g0875	train
ENSE00001315953_002	g0875	train
ENSE00001315953_005	g0875	train
ENSE00001315953_009	g0875	train
ENSE00001316483_001	g0845	train
ENSE00001316483_002	g0845	train
ENSE00001316483_003	g0845	train
ENSE00001316483_004	g0845	train
ENSE00001316483_005	g0845	train
ENSE00001316483_007	g0845	train
ENSE00001316483_010	g0845	train
ENSE00001316483_012	g0845	train
ENSE00001316483_013	g0845	train
ENSE00001316483_014	g0845	train
ENSE00001316483_015	g0845	train
ENSE00001316483_017	g0845	train
ENSE00001316612_010	g0876	train
ENSE00001316612_011	g0876	train
ENSE00001316612_012	g0876	train
ENSE00001316627_001	g0877	train
ENSE00001316627_003	g0877	train
ENSE00001316627_005	g0877	train
ENSE00001316627_006	g0877	train
ENSE00001316627_009	g0877	train
ENSE00001316627_010	g0877	train
ENSE00001316627_011	g0877	train
ENSE00001316627_014	g0877	train
ENSE00001316627_015	g0877	train
ENSE00001316627_017	g0877	train
ENSE00001316627_018	g0877	train
ENSE00001316627_019	g0877	train
ENSE00001316627_021	g0877	train
ENSE00001316627_023	g0877	train
ENSE00001316627_024	g0877	train
ENSE00001316627_025	g0877	train
ENSE00001316627_027	g0877	train
ENSE00001316750_001	g0878	test
ENSE00001316750_002	g0878	test
ENSE00001316750_003	g0878	test
ENSE00001316750_004	g0878	test
ENSE00001316750_005	g0878	test
ENSE00001316750_007	g0878	test
ENSE00001316750_008	g0878	test
ENSE00001316750_009	g0878	test
ENSE00001316750_010	g0878	test
ENSE00001316750_011	g0878	test
ENSE00001316750_012	g0878	test
ENSE00001316750_013	g0878	test
ENSE00001316750_014	g0878	test
ENSE00001316750_015	g0878	test
ENSE00001316750_016	g0878	test
ENSE00001316750_017	g0878	test
ENSE00001316750_018	g0878	test
ENSE00001316750_019	g0878	test
ENSE00001316750_022	g0878	test
ENSE00001316750_023	g0878	test
ENSE00001316750_026	g0878	test
ENSE00001316750_027	g0878	test
ENSE00001317011_002	g0879	train
ENSE00001317011_003	g0879	train
ENSE00001317011_008	g0879	train
ENSE00001317011_015	g0879	train
ENSE00001317011_018	g0879	train
ENSE00001317011_024	g0879	train
ENSE00001317011_025	g0879	train
ENSE00001317114_003	g0880	train
ENSE00001317114_005	g0880	train
ENSE00001317114_007	g0880	train
ENSE00001317114_009	g0880	train
ENSE00001317114_011	g0880	train
ENSE00001317114_012	g0880	train
ENSE00001317114_018	g0880	train
ENSE00001317114_019	g0880	train
ENSE00001317856_002	g0881	train
ENSE00001317856_004	g0881	train
ENSE00001317856_005	g0881	train
ENSE00001317856_007	g0881	train
ENSE00001317856_011	g0881	train
ENSE00001317856_012	g0881	train
ENSE00001318026_001	g0882	train
ENSE00001318026_002	g0882	train
ENSE00001318026_003	g0882	train
ENSE00001318026_004	g0882	train
ENSE00001318026_005	g0882	train
ENSE00001318026_006	g0882	train
ENSE00001318026_008	g0882	train
ENSE00001318026_009	g0882	train
ENSE00001318026_012	g0882	train
ENSE00001318026_013	g0882	train
ENSE00001318026_014	g0882	train
ENSE00001318026_015	g0882	train
ENSE00001318026_017	g0882	train
ENSE00001318026_018	g0882	train
ENSE00001318026_019	g0882	train
ENSE00001318026_020	g0882	train
ENSE00001318026_021	g0882	train
ENSE00001318026_022	g0882	train
ENSE00001318026_023	g0882	train
ENSE00001318694_003	g0883	test
ENSE00001318694_005	g0883	test
ENSE00001318694_008	g0883	test
ENSE00001318694_009	g0883	test
ENSE00001318694_013	g0883	test
ENSE00001318694_014	g0883	test
ENSE00001318694_016	g0883	test
ENSE00001318694_017	g0883	test
ENSE00001318694_020	g0883	test
ENSE00001318694_021	g0883	test
ENSE00001318870_002	g0732	test
ENSE00001318870_003	g0732	test
ENSE00001318870_004	g0732	test
ENSE00001318870_005	g0732	test
ENSE00001318870_008	g0732	test
ENSE00001318870_010	g0732	test
ENSE00001318870_011	g0732	test
ENSE00001318870_012	g0732	test
ENSE00001318870_013	g0732	test
ENSE00001318870_014	g0732	test
ENSE00001318870_015	g0732	test
ENSE00001318870_016	g0732	test
ENSE00001318870_017	g0732	test
ENSE00001318870_018	g0732	test
ENSE00001318870_020	g0732	test
ENSE00001318870_021	g0732	test
ENSE00001318870_022	g0732	test
ENSE00001318870_023	g0732	test
ENSE00001318870_024	g0732	test
ENSE00001318870_025	g0732	test
ENSE00001318870_026	g0732	test
ENSE00001318870_027	g0732	test
ENSE00001319124_003	g0884	train
ENSE00001319124_006	g0884	train
ENSE00001319124_010	g0884	train
ENSE00001319124_012	g0884	train
ENSE00001319124_013	g0884	train
ENSE00001319124_014	g0884	train
ENSE00001319124_017	g0884	train
ENSE00001319124_022	g0884	train
ENSE00001319124_023	g0884	train
ENSE00001319180_001	g0885	train
ENSE00001319180_005	g0885	train
ENSE00001319180_006	g0885	train
ENSE00001319180_008	g0885	train
ENSE00001319180_010	g0885	train
ENSE00001319180_011	g0885	train
ENSE00001319180_013	g0885	train
ENSE00001319180_016	g0885	train
ENSE00001319180_017	g0885	train
ENSE00001319180_018	g0885	train
ENSE00001319180_019	g0885	train
ENSE00001319180_020	g0885	train
ENSE00001319883_003	g0886	train
ENSE00001319883_006	g0886	train
ENSE00001319883_010	g0886	train
ENSE00001319883_012	g0886	train
ENSE00001319883_014	g0886	train
ENSE00001319883_015	g0886	train
ENSE00001320319_001	g0887	test
ENSE00001320319_003	g0887	test
ENSE00001320319_004	g0887	test
ENSE00001320319_006	g0887	test
ENSE00001320319_008	g0887	test
ENSE00001320319_010	g0887	test
ENSE00001320319_011	g0887	test
ENSE00001320319_012	g0887	test
ENSE00001320319_013	g0887	test
ENSE00001320319_014	g0887	test
ENSE00001320319_015	g0887	test
ENSE00001320319_016	g0887	test
ENSE00001320319_017	g0887	test
ENSE00001320319_018	g0887	test
ENSE00001320319_020	g0887	test
ENSE00001320319_021	g0887	test
ENSE00001320319_022	g0887	test
ENSE00001320319_023	g0887	test
ENSE00001320319_024	g0887	test
ENSE00001320319_025	g0887	test
ENSE00001320319_026	g0887	test
ENSE00001320319_027	g0887	test
ENSE00001320319_028	g0887	test
ENSE00001320319_029	g0887	test
ENSE00001320319_030	g0887	test
ENSE00001320319_031	g0887	test
ENSE00001320319_032	g0887	test
ENSE00001320319_033	g0887	test
ENSE00001320319_034	g0887	test
ENSE00001320319_035	g0887	test
ENSE00001320319_036	g0887	test
ENSE00001320319_037	g0887	test
ENSE00001320319_038	g0887	test
ENSE00001320319_039	g0887	test
ENSE00001320319_040	g0887	test
ENSE00001320319_041	g0887	test
ENSE00001320319_042	g0887	test
ENSE00001320368_001	g0831	test
ENSE00001320368_002	g0831	test
ENSE00001320368_005	g0831	test
ENSE00001320368_006	g0831	test
ENSE00001320368_009	g0831	test
ENSE00001320368_011	g0831	test
ENSE00001320368_012	g0831	test
ENSE00001320368_013	g0831	test
ENSE00001320368_014	g0831	test
ENSE00001320368_016	g0831	test
ENSE00001320368_017	g0831	test
ENSE00001320368_018	g0831	test
ENSE00001320368_020	g0831	test
ENSE00001320368_021	g0831	test
ENSE00001320368_022	g0831	test
ENSE00001320368_025	g0831	test
ENSE00001320368_026	g0831	test
ENSE00001320368_027	g0831	test
ENSE00001320368_028	g0831	test
ENSE00001320368_030	g0831	test
ENSE00001320368_031	g0831	test
ENSE00001320368_032	g0831	test
ENSE00001320368_034	g0831	test
ENSE00001320368_035	g0831	test
ENSE00001320368_036	g0831	test
ENSE00001320368_037	g0831	test
ENSE00001320368_043	g0831	test
ENSE00001320651_001	g0888	train
ENSE00001320651_002	g0888	train
ENSE00001320651_003	g0888	train
ENSE00001320651_004	g0888	train
ENSE00001320651_005	g0888	train
ENSE00001320651_006	g0888	train
ENSE00001320651_007	g0888	train
ENSE00001320651_008	g0888	train
ENSE00001320651_009	g0888	train
ENSE00001320651_010	g0888	train
ENSE00001320651_011	g0888	train
ENSE00001320651_012	g0888	train
ENSE00001320651_013	g0888	train
ENSE00001320651_014	g0888	train
ENSE00001320651_015	g0888	train
ENSE00001320651_016	g0888	train
ENSE00001320758_003	g0830	train
ENSE00001320758_005	g0830	train
ENSE00001320758_006	g0830	train
ENSE00001320758_008	g0830	train
ENSE00001320758_011	g0830	train
ENSE00001320758_012	g0830	train
ENSE00001320758_013	g0830	train
ENSE00001320758_015	g0830	train
ENSE00001320758_016	g0830	train
ENSE00001320758_021	g0830	train
ENSE00001320758_022	g0830	train
ENSE00001320758_023	g0830	train
ENSE00001320758_026	g0830	train
ENSE00001320954_001	g0889	train
ENSE00001320954_003	g0889	train
ENSE00001320954_004	g0889	train
ENSE00001320954_009	g0889	train
ENSE00001320954_013	g0889	train
ENSE00001320954_015	g0889	train
ENSE00001320954_021	g0889	train
ENSE00001320954_024	g0889	train
ENSE00001320954_026	g0889	train
ENSE00001320954_033	g0889	train
ENSE00001320954_034	g0889	train
ENSE00001320954_035	g0889	train
ENSE00001321140_001	g0890	test
ENSE00001321140_002	g0890	test
ENSE00001321140_003	g0890	test
ENSE00001321140_004	g0890	test
ENSE00001321140_005	g0890	test
ENSE00001321140_006	g0890	test
ENSE00001321140_010	g0890	test
ENSE00001321140_012	g0890	test
ENSE00001321140_014	g0890	test
ENSE00001321140_016	g0890	test
ENSE00001321140_017	g0890	test
ENSE00001321140_018	g0890	test
ENSE00001321140_019	g0890	test
ENSE00001321140_020	g0890	test
ENSE00001321140_022	g0890	test
ENSE00001321140_023	g0890	test
ENSE00001321140_024	g0890	test
ENSE00001321140_025	g0890	test
ENSE00001321140_026	g0890	test
ENSE00001321140_028	g0890	test
ENSE00001321140_029	g0890	test
ENSE00001321266_001	g0891	test
ENSE00001321266_003	g0891	test
ENSE00001321266_005	g0891	test
ENSE00001321266_006	g0891	test
ENSE00001321266_007	g0891	test
ENSE00001321266_008	g0891	test
ENSE00001321266_009	g0891	test
ENSE00001321266_011	g0891	test
ENSE00001321266_012	g0891	test
ENSE00001321266_017	g0891	test
ENSE00001321266_019	g0891	test
ENSE00001321266_020	g0891	test
ENSE00001321266_021	g0891	test
ENSE00001321266_022	g0891	test
ENSE00001321266_023	g0891	test
ENSE00001321266_024	g0891	test
ENSE00001321266_025	g0891	test
ENSE00001321266_027	g0891	test
ENSE00001321266_028	g0891	test
ENSE00001321266_029	g0891	test
ENSE00001321266_031	g0891	test
ENSE00001323158_002	g0892	train
ENSE00001323158_006	g0892	train
ENSE00001323158_007	g0892	train
ENSE00001323158_008	g0892	train
ENSE00001323158_009	g0892	train
ENSE00001323158_011	g0892	train
ENSE00001323158_013	g0892	train
ENSE00001323158_014	g0892	train
ENSE00001323158_017	g0892	train
ENSE00001323158_019	g0892	train
ENSE00001323158_022	g0892	train
ENSE00001323333_001	g0029	train
ENSE00001323333_002	g0029	train
ENSE00001323333_003	g0029	train
ENSE00001323333_004	g0029	train
ENSE00001323333_006	g0029	train
ENSE00001323333_007	g0029	train
ENSE00001323333_008	g0029	train
ENSE00001323333_009	g0029	train
ENSE00001323333_011	g0029	train
ENSE00001323333_012	g0029	train
ENSE00001323708_001	g0843	test
ENSE00001323708_002	g0843	test
ENSE00001323708_005	g0843	test
ENSE00001323708_006	g0843	test
ENSE00001323708_007	g0843	test
ENSE00001323708_009	g0843	test
ENSE00001323708_010	g0843	test
ENSE00001323708_011	g0843	test
ENSE00001323708_012	g0843	test
ENSE00001323708_013	g0843	test
ENSE00001323708_015	g0843	test
ENSE00001323708_017	g0843	test
ENSE00001323708_018	g0843	test
ENSE00001323708_019	g0843	test
ENSE00001323708_021	g0843	test
ENSE00001324758_001	g0893	test
ENSE00001324758_002	g0893	test
ENSE00001324758_003	g0893	test
ENSE00001324758_004	g0893	test
ENSE00001324758_005	g0893	test
ENSE00001324758_006	g0893	test
ENSE00001324758_007	g0893	test
ENSE00001324758_008	g0893	test
ENSE00001324758_009	g0893	test
ENSE00001324758_010	g0893	test
ENSE00001324758_011	g0893	test
ENSE00001324758_012	g0893	test
ENSE00001324758_013	g0893	test
ENSE00001324758_014	g0893	test
ENSE00001324758_016	g0893	test
ENSE00001324758_017	g0893	test
ENSE00001324758_019	g0893	test
ENSE00001324758_020	g0893	test
ENSE00001324758_021	g0893	test
ENSE00001324758_022	g0893	test
ENSE00001324758_023	g0893	test
ENSE00001324758_024	g0893	test
ENSE00001324758_025	g0893	test
ENSE00001324758_026	g0893	test
ENSE00001324758_027	g0893	test
ENSE00001324758_028	g0893	test
ENSE00001324758_029	g0893	test
ENSE00001324758_030	g0893	test
ENSE00001324758_031	g0893	test
ENSE00001324940_002	g0569	train
ENSE00001324940_004	g0569	train
ENSE00001324940_005	g0569	train
ENSE00001324940_006	g0569	train
ENSE00001324940_008	g0569	train
ENSE00001324940_009	g0569	train
ENSE00001324940_011	g0569	train
ENSE00001324940_012	g0569	train
ENSE00001324940_013	g0569	train
ENSE00001324940_015	g0569	train
ENSE00001324940_019	g0569	train
ENSE00001325185_003	g0792	test
ENSE00001325185_006	g0792	test
ENSE00001325185_007	g0792	test
ENSE00001325185_008	g0792	test
ENSE00001325185_010	g0792	test
ENSE00001325185_012	g0792	test
ENSE00001325185_014	g0792	test
ENSE00001325472_002	g0894	train
ENSE00001325472_003	g0894	train
ENSE00001325472_004	g0894	train
ENSE00001325472_005	g0894	train
ENSE00001325472_006	g0894	train
ENSE00001325472_007	g0894	train
ENSE00001325472_008	g0894	train
ENSE00001325472_009	g0894	train
ENSE00001325472_012	g0894	train
ENSE00001325472_013	g0894	train
ENSE00001325472_014	g0894	train
ENSE00001325472_015	g0894	train
ENSE00001325472_016	g0894	train
ENSE00001325472_017	g0894	train
ENSE00001325472_018	g0894	train
ENSE00001326285_001	g0892	train
ENSE00001326285_003	g0892	train
ENSE00001326285_004	g0892	train
ENSE00001326285_005	g0892	train
ENSE00001326285_006	g0892	train
ENSE00001326285_007	g0892	train
ENSE00001326285_008	g0892	train
ENSE00001326285_009	g0892	train
ENSE00001326285_010	g0892	train
ENSE00001326285_012	g0892	train
ENSE00001326285_013	g0892	train
ENSE00001326285_014	g0892	train
ENSE00001326285_015	g0892	train
ENSE00001326285_016	g0892	train
ENSE00001326285_017	g0892	train
ENSE00001327422_003	g0621	train
ENSE00001327422_005	g0621	train
ENSE00001327422_007	g0621	train
ENSE00001327422_008	g0621	train
ENSE00001327422_009	g0621	train
ENSE00001327422_010	g0621	train
ENSE00001327422_012	g0621	train
ENSE00001327422_013	g0621	train
ENSE00001327422_014	g0621	train
ENSE00001327422_016	g0621	train
ENSE00001327422_019	g0621	train
ENSE00001327422_020	g0621	train
ENSE00001329207_011	g0732	test
ENSE00001329207_012	g0732	test
ENSE00001329207_017	g0732	test
ENSE00001329207_018	g0732	test
ENSE00001329207_019	g0732	test
ENSE00001329207_020	g0732	test
ENSE00001329477_002	g0895	train
ENSE00001329477_003	g0895	train
ENSE00001329477_004	g0895	train
ENSE00001329477_009	g0895	train
ENSE00001329477_010	g0895	train
ENSE00001329477_012	g0895	train
ENSE00001329477_014	g0895	train
ENSE00001329477_015	g0895	train
ENSE00001329477_016	g0895	train
ENSE00001329477_017	g0895	train
ENSE00001329477_018	g0895	train
ENSE00001329495_005	g0896	train
ENSE00001329495_007	g0896	train
ENSE00001329495_008	g0896	train
ENSE00001329495_009	g0896	train
ENSE00001329495_010	g0896	train
ENSE00001329495_011	g0896	train
ENSE00001329495_014	g0896	train
ENSE00001329495_016	g0896	train
ENSE00001329495_018	g0896	train
ENSE00001329944_001	g0897	train
ENSE00001329944_002	g0897	train
ENSE00001329944_003	g0897	train
ENSE00001329944_006	g0897	train
ENSE00001329944_008	g0897	train
ENSE00001329944_009	g0897	train
ENSE00001329944_010	g0897	train
ENSE00001329944_011	g0897	train
ENSE00001329944_013	g0897	train
ENSE00001329944_014	g0897	train
ENSE00001329944_017	g0897	train
ENSE00001329944_019	g0897	train
ENSE00001329944_022	g0897	train
ENSE00001329944_024	g0897	train
ENSE00001330561_002	g0869	train
ENSE00001330561_003	g0869	train
ENSE00001330561_004	g0869	train
ENSE00001330561_005	g0869	train
ENSE00001330561_006	g0869	train
ENSE00001330561_010	g0869	train
ENSE00001330561_011	g0869	train
ENSE00001330561_012	g0869	train
ENSE00001330561_013	g0869	train
ENSE00001330561_014	g0869	train
ENSE00001330561_017	g0869	train
ENSE00001330561_018	g0869	train
ENSE00001330561_019	g0869	train
ENSE00001330561_024	g0869	train
ENSE00001330561_025	g0869	train
ENSE00001330561_026	g0869	train
ENSE00001330561_027	g0869	train
ENSE00001330561_028	g0869	train
ENSE00001330786_001	g0732	test
ENSE00001330786_002	g0732	test
ENSE00001330786_003	g0732	test
ENSE00001330786_004	g0732	test
ENSE00001330786_007	g0732	test
ENSE00001330786_008	g0732	test
ENSE00001330786_009	g0732	test
ENSE00001330786_010	g0732	test
ENSE00001330786_012	g0732	test
ENSE00001330786_013	g0732	test
ENSE00001330786_015	g0732	test
ENSE00001330786_016	g0732	test
ENSE00001330786_017	g0732	test
ENSE00001330786_019	g0732	test
ENSE00001330786_022	g0732	test
ENSE00001330786_023	g0732	test
ENSE00001330786_024	g0732	test
ENSE00001330786_025	g0732	test
ENSE00001330786_026	g0732	test
ENSE00001330786_027	g0732	test
ENSE00001331614_004	g0898	train
ENSE00001331614_005	g0898	train
ENSE00001331614_009	g0898	train
ENSE00001331614_012	g0898	train
ENSE00001331614_013	g0898	train
ENSE00001331614_021	g0898	train
ENSE00001331614_023	g0898	train
ENSE00001331614_024	g0898	train
ENSE00001331614_026	g0898	train
ENSE00001331614_027	g0898	train
ENSE00001331614_028	g0898	train
ENSE00001331806_001	g0453	test
ENSE00001331806_002	g0453	test
ENSE00001331806_003	g0453	test
ENSE00001331806_004	g0453	test
ENSE00001331806_005	g0453	test
ENSE00001331806_006	g0453	test
ENSE00001331806_008	g0453	test
ENSE00001331806_009	g0453	test
ENSE00001331806_010	g0453	test
ENSE00001331806_011	g0453	test
ENSE00001331806_012	g0453	test
ENSE00001331806_015	g0453	test
ENSE00001331806_016	g0453	test
ENSE00001331806_017	g0453	test
ENSE00001331806_018	g0453	test
ENSE00001331806_019	g0453	test
ENSE00001331806_020	g0453	test
ENSE00001331806_021	g0453	test
ENSE00001331806_023	g0453	test
ENSE00001331820_001	g0453	test
ENSE00001331820_002	g0453	test
ENSE00001331820_003	g0453	test
ENSE00001331820_005	g0453	test
ENSE00001331820_008	g0453	test
ENSE00001331820_011	g0453	test
ENSE00001331820_012	g0453	test
ENSE00001331820_020	g0453	test
ENSE00001331820_022	g0453	test
ENSE00001331820_023	g0453	test
ENSE00001331887_001	g0899	train
ENSE00001331887_004	g0899	train
ENSE00001331887_005	g0899	train
ENSE00001331887_006	g0899	train
ENSE00001331887_007	g0899	train
ENSE00001331887_008	g0899	train
ENSE00001331887_010	g0899	train
ENSE00001331887_011	g0899	train
ENSE00001331887_014	g0899	train
ENSE00001331887_017	g0899	train
ENSE00001331887_018	g0899	train
ENSE00001331887_020	g0899	train
ENSE00001331887_021	g0899	train
ENSE00001331887_022	g0899	train
ENSE00001332335_002	g0900	test
ENSE00001332335_003	g0900	test
ENSE00001332335_004	g0900	test
ENSE00001332335_005	g0900	test
ENSE00001332335_006	g0900	test
ENSE00001332335_013	g0900	test
ENSE00001332369_009	g0780	test
ENSE00001332369_010	g0780	test
ENSE00001332369_024	g0780	test
ENSE00001332369_041	g0780	test
ENSE00001335484_002	g0591	test
ENSE00001335484_009	g0591	test
ENSE00001335484_012	g0591	test
ENSE00001335484_014	g0591	test
ENSE00001335484_016	g0591	test
ENSE00001335484_017	g0591	test
ENSE00001335500_001	g0591	test
ENSE00001335500_002	g0591	test
ENSE00001335500_003	g0591	test
ENSE00001335500_004	g0591	test
ENSE00001335500_005	g0591	test
ENSE00001335500_006	g0591	test
ENSE00001335500_007	g0591	test
ENSE00001335500_008	g0591	test
ENSE00001335500_009	g0591	test
ENSE00001335500_011	g0591	test
ENSE00001335500_012	g0591	test
ENSE00001335500_013	g0591	test
ENSE00001335500_014	g0591	test
ENSE00001335500_015	g0591	test
ENSE00001335500_016	g0591	test
ENSE00001335500_017	g0591	test
ENSE00001335500_018	g0591	test
ENSE00001335500_020	g0591	test
ENSE00001335500_021	g0591	test
ENSE00001335500_022	g0591	test
ENSE00001335500_023	g0591	test
ENSE00001335868_001	g0901	train
ENSE00001335868_002	g0901	train
ENSE00001335868_004	g0901	train
ENSE00001335868_006	g0901	train
ENSE00001335868_007	g0901	train
ENSE00001335868_010	g0901	train
ENSE00001335868_011	g0901	train
ENSE00001335868_012	g0901	train
ENSE00001335868_017	g0901	train
ENSE00001335868_019	g0901	train
ENSE00001335868_021	g0901	train
ENSE00001335868_022	g0901	train
ENSE00001335868_023	g0901	train
ENSE00001335868_024	g0901	train
ENSE00001335868_025	g0901	train
ENSE00001335868_027	g0901	train
ENSE00001335868_028	g0901	train
ENSE00001337610_002	g0732	test
ENSE00001337610_003	g0732	test
ENSE00001337610_004	g0732	test
ENSE00001337610_005	g0732	test
ENSE00001337610_006	g0732	test
ENSE00001337610_007	g0732	test
ENSE00001337610_008	g0732	test
ENSE00001337610_010	g0732	test
ENSE00001337610_011	g0732	test
ENSE00001337610_012	g0732	test
ENSE00001337610_013	g0732	test
ENSE00001337610_014	g0732	test
ENSE00001337610_015	g0732	test
ENSE00001337610_016	g0732	test
ENSE00001337610_017	g0732	test
ENSE00001337610_019	g0732	test
ENSE00001337610_020	g0732	test
ENSE00001337610_021	g0732	test
ENSE00001337610_022	g0732	test
ENSE00001337610_023	g0732	test
ENSE00001337610_024	g0732	test
ENSE00001337610_026	g0732	test
ENSE00001337610_027	g0732	test
ENSE00001337610_028	g0732	test
ENSE00001337610_029	g0732	test
ENSE00001337610_031	g0732	test
ENSE00001337610_032	g0732	test
ENSE00001337723_003	g0902	train
ENSE00001337723_005	g0902	train
ENSE00001337723_006	g0902	train
ENSE00001337723_007	g0902	train
ENSE00001337723_008	g0902	train
ENSE00001337723_010	g0902	train
ENSE00001337723_013	g0902	train
ENSE00001337723_014	g0902	train
ENSE00001337723_016	g0902	train
ENSE00001338919_001	g0903	train
ENSE00001338919_002	g0903	train
ENSE00001338919_003	g0903	train
ENSE00001338919_004	g0903	train
ENSE00001338919_005	g0903	train
ENSE00001338919_006	g0903	train
ENSE00001338919_007	g0903	train
ENSE00001338919_008	g0903	train
ENSE00001339922_001	g0904	train
ENSE00001339922_002	g0904	train
ENSE00001339922_004	g0904	train
ENSE00001339922_007	g0904	train
ENSE00001339922_008	g0904	train
ENSE00001339922_009	g0904	train
ENSE00001339922_010	g0904	train
ENSE00001339922_012	g0904	train
ENSE00001339922_013	g0904	train
ENSE00001339922_014	g0904	train
ENSE00001339922_016	g0904	train
ENSE00001339922_019	g0904	train
ENSE00001339922_020	g0904	train
ENSE00001344069_001	g0905	train
ENSE00001344069_002	g0905	train
ENSE00001344069_003	g0905	train
ENSE00001344069_004	g0905	train
ENSE00001344069_005	g0905	train
ENSE00001344069_006	g0905	train
ENSE00001344069_010	g0905	train
ENSE00001344069_011	g0905	train
ENSE00001344069_012	g0905	train
ENSE00001344069_015	g0905	train
ENSE00001344069_016	g0905	train
ENSE00001344069_017	g0905	train
ENSE00001344069_018	g0905	train
ENSE00001344069_019	g0905	train
ENSE00001344069_020	g0905	train
ENSE00001344069_021	g0905	train
ENSE00001344069_022	g0905	train
ENSE00001344069_023	g0905	train
ENSE00001344069_024	g0905	train
ENSE00001344069_025	g0905	train
ENSE00001344069_026	g0905	train
ENSE00001344069_027	g0905	train
ENSE00001344069_029	g0905	train
ENSE00001344069_031	g0905	train
ENSE00001344179_001	g0906	test
ENSE00001344179_002	g0906	test
ENSE00001344179_003	g0906	test
ENSE00001344179_004	g0906	test
ENSE00001344179_005	g0906	test
ENSE00001344179_006	g0906	test
ENSE00001344179_007	g0906	test
ENSE00001344179_008	g0906	test
ENSE00001344179_010	g0906	test
ENSE00001344179_011	g0906	test
ENSE00001344179_012	g0906	test
ENSE00001344179_014	g0906	test
ENSE00001344179_015	g0906	test
ENSE00001344179_016	g0906	test
ENSE00001344179_017	g0906	test
ENSE00001351159_003	g0799	test
ENSE00001351159_006	g0799	test
ENSE00001351159_012	g0799	test
ENSE00001351159_013	g0799	test
ENSE00001351178_004	g0907	train
ENSE00001351178_008	g0907	train
ENSE00001351178_011	g0907	train
ENSE00001351178_012	g0907	train
ENSE00001351178_016	g0907	train
ENSE00001351178_017	g0907	train
ENSE00001351178_018	g0907	train
ENSE00001351178_019	g0907	train
ENSE00001351178_020	g0907	train
ENSE00001352287_001	g0908	train
ENSE00001352287_002	g0908	train
ENSE00001352287_004	g0908	train
ENSE00001352287_007	g0908	train
ENSE00001352287_009	g0908	train
ENSE00001352287_010	g0908	train
ENSE00001352287_011	g0908	train
ENSE00001352287_012	g0908	train
ENSE00001352287_013	g0908	train
ENSE00001352287_015	g0908	train
ENSE00001352287_018	g0908	train
ENSE00001352287_019	g0908	train
ENSE00001352287_020	g0908	train
ENSE00001352287_021	g0908	train
ENSE00001353824_001	g0909	test
ENSE00001353824_002	g0909	test
ENSE00001353824_004	g0909	test
ENSE00001353824_005	g0909	test
ENSE00001353824_006	g0909	test
ENSE00001353824_007	g0909	test
ENSE00001353824_009	g0909	test
ENSE00001353824_010	g0909	test
ENSE00001353824_011	g0909	test
ENSE00001353824_012	g0909	test
ENSE00001353824_013	g0909	test
ENSE00001353824_014	g0909	test
ENSE00001353824_015	g0909	test
ENSE00001353824_017	g0909	test
ENSE00001353824_018	g0909	test
ENSE00001353824_019	g0909	test
ENSE00001353824_021	g0909	test
ENSE00001353824_022	g0909	test
ENSE00001353824_024	g0909	test
ENSE00001353824_025	g0909	test
ENSE00001353824_026	g0909	test
ENSE00001353824_027	g0909	test
ENSE00001353824_028	g0909	test
ENSE00001353842_002	g0909	test
ENSE00001353842_008	g0909	test
ENSE00001353842_010	g0909	test
ENSE00001353842_011	g0909	test
ENSE00001353842_013	g0909	test
ENSE00001353842_014	g0909	test
ENSE00001353842_015	g0909	test
ENSE00001353842_017	g0909	test
ENSE00001353842_019	g0909	test
ENSE00001353842_021	g0909	test
ENSE00001353842_023	g0909	test
ENSE00001353842_026	g0909	test
ENSE00001353842_027	g0909	test
ENSE00001353842_029	g0909	test
ENSE00001360006_001	g0910	test
ENSE00001360006_002	g0910	test
ENSE00001360006_004	g0910	test
ENSE00001360006_005	g0910	test
ENSE00001360006_009	g0910	test
ENSE00001360006_013	g0910	test
ENSE00001360006_014	g0910	test
ENSE00001360006_015	g0910	test
ENSE00001360006_016	g0910	test
ENSE00001360006_018	g0910	test
ENSE00001360006_019	g0910	test
ENSE00001360006_021	g0910	test
ENSE00001360006_023	g0910	test
ENSE00001360006_024	g0910	test
ENSE00001361959_007	g0366	train
ENSE00001361959_016	g0366	train
ENSE00001362010_003	g0366	train
ENSE00001362010_005	g0366	train
ENSE00001362010_006	g0366	train
ENSE00001362010_008	g0366	train
ENSE00001362010_009	g0366	train
ENSE00001362010_010	g0366	train
ENSE00001362010_011	g0366	train
ENSE00001362010_012	g0366	train
ENSE00001362010_013	g0366	train
ENSE00001362010_014	g0366	train
ENSE00001362010_015	g0366	train
ENSE00001362010_016	g0366	train
ENSE00001362010_017	g0366	train
ENSE00001362010_018	g0366	train
ENSE00001362010_019	g0366	train
ENSE00001362010_020	g0366	train
ENSE00001362010_021	g0366	train
ENSE00001362010_022	g0366	train
ENSE00001362010_023	g0366	train
ENSE00001362010_024	g0366	train
ENSE00001362010_025	g0366	train
ENSE00001362010_026	g0366	train
ENSE00001362010_029	g0366	train
ENSE00001362010_032	g0366	train
ENSE00001362517_001	g0291	train
ENSE00001362517_002	g0291	train
ENSE00001362517_005	g0291	train
ENSE00001362517_008	g0291	train
ENSE00001362517_009	g0291	train
ENSE00001362517_011	g0291	train
ENSE00001362517_015	g0291	train
ENSE00001362517_016	g0291	train
ENSE00001362517_017	g0291	train
ENSE00001362517_018	g0291	train
ENSE00001362525_009	g0291	train
ENSE00001362525_014	g0291	train
ENSE00001362525_016	g0291	train
ENSE00001362586_002	g0911	train
ENSE00001362586_007	g0911	train
ENSE00001362586_009	g0911	train
ENSE00001362586_014	g0911	train
ENSE00001362586_017	g0911	train
ENSE00001362586_018	g0911	train
ENSE00001362586_019	g0911	train
ENSE00001362586_024	g0911	train
ENSE00001362586_026	g0911	train
ENSE00001362586_027	g0911	train
ENSE00001362586_028	g0911	train
ENSE00001365809_001	g0912	test
ENSE00001365809_002	g0912	test
ENSE00001365809_003	g0912	test
ENSE00001365809_004	g0912	test
ENSE00001365809_005	g0912	test
ENSE00001365809_006	g0912	test
ENSE00001365809_007	g0912	test
ENSE00001365809_008	g0912	test
ENSE00001365809_009	g0912	test
ENSE00001366988_001	g0913	train
ENSE00001366988_003	g0913	train
ENSE00001366988_004	g0913	train
ENSE00001366988_006	g0913	train
ENSE00001366988_007	g0913	train
ENSE00001366988_009	g0913	train
ENSE00001366988_010	g0913	train
ENSE00001366988_012	g0913	train
ENSE00001366988_013	g0913	train
ENSE00001366988_015	g0913	train
ENSE00001366988_016	g0913	train
ENSE00001366988_017	g0913	train
ENSE00001366988_019	g0913	train
ENSE00001366988_022	g0913	train
ENSE00001366988_023	g0913	train
ENSE00001366988_024	g0913	train
ENSE00001366988_028	g0913	train
ENSE00001366988_029	g0913	train
ENSE00001366988_030	g0913	train
ENSE00001367006_001	g0914	train
ENSE00001367006_005	g0914	train
ENSE00001367006_009	g0914	train
ENSE00001367006_010	g0914	train
ENSE00001367006_011	g0914	train
ENSE00001367006_012	g0914	train
ENSE00001367006_015	g0914	train
ENSE00001367061_012	g0915	train
ENSE00001367061_016	g0915	train
ENSE00001367617_001	g0916	train
ENSE00001367617_002	g0916	train
ENSE00001367617_003	g0916	train
ENSE00001367617_004	g0916	train
ENSE00001367617_008	g0916	train
ENSE00001367617_009	g0916	train
ENSE00001367617_012	g0916	train
ENSE00001367617_013	g0916	train
ENSE00001367617_014	g0916	train
ENSE00001367617_015	g0916	train
ENSE00001367617_016	g0916	train
ENSE00001367617_017	g0916	train
ENSE00001367617_019	g0916	train
ENSE00001367617_021	g0916	train
ENSE00001367617_022	g0916	train
ENSE00001367617_023	g0916	train
ENSE00001367617_024	g0916	train
ENSE00001367617_025	g0916	train
ENSE00001367617_026	g0916	train
ENSE00001367617_028	g0916	train
ENSE00001367617_029	g0916	train
ENSE00001367617_030	g0916	train
ENSE00001367617_031	g0916	train
ENSE00001370641_001	g0915	train
ENSE00001370641_002	g0915	train
ENSE00001370641_003	g0915	train
ENSE00001370641_004	g0915	train
ENSE00001370641_006	g0915	train
ENSE00001370641_007	g0915	train
ENSE00001370641_008	g0915	train
ENSE00001370641_009	g0915	train
ENSE00001370641_010	g0915	train
ENSE00001370641_011	g0915	train
ENSE00001370641_012	g0915	train
ENSE00001370641_013	g0915	train
ENSE00001370641_015	g0915	train
ENSE00001370641_016	g0915	train
ENSE00001370641_017	g0915	train
ENSE00001370641_018	g0915	train
ENSE00001370641_020	g0915	train
ENSE00001370641_021	g0915	train
ENSE00001370641_022	g0915	train
ENSE00001370641_023	g0915	train
ENSE00001370641_024	g0915	train
ENSE00001371908_002	g0917	test
ENSE00001371908_006	g0917	test
ENSE00001371908_007	g0917	test
ENSE00001371908_013	g0917	test
ENSE00001371908_014	g0917	test
ENSE00001371908_017	g0917	test
ENSE00001371908_018	g0917	test
ENSE00001371908_019	g0917	test
ENSE00001371908_022	g0917	test
ENSE00001371908_029	g0917	test
ENSE00001371908_032	g0917	test
ENSE00001372048_004	g0918	train
ENSE00001372048_006	g0918	train
ENSE00001372048_009	g0918	train
ENSE00001372048_013	g0918	train
ENSE00001372048_016	g0918	train
ENSE00001372048_020	g0918	train
ENSE00001372048_024	g0918	train
ENSE00001372048_025	g0918	train
ENSE00001372048_027	g0918	train
ENSE00001372048_029	g0918	train
ENSE00001372048_030	g0918	train
ENSE00001372048_032	g0918	train
ENSE00001372048_033	g0918	train
ENSE00001372048_035	g0918	train
ENSE00001372048_038	g0918	train
ENSE00001372048_041	g0918	train
ENSE00001372048_045	g0918	train
ENSE00001372048_046	g0918	train
ENSE00001372048_047	g0918	train
ENSE00001372048_050	g0918	train
ENSE00001372048_053	g0918	train
ENSE00001372048_054	g0918	train
ENSE00001372048_055	g0918	train
ENSE00001372048_059	g0918	train
ENSE00001374854_001	g0919	train
ENSE00001374854_003	g0919	train
ENSE00001374854_004	g0919	train
ENSE00001374854_005	g0919	train
ENSE00001374854_006	g0919	train
ENSE00001374854_007	g0919	train
ENSE00001374854_008	g0919	train
ENSE00001374854_009	g0919	train
ENSE00001374854_010	g0919	train
ENSE00001374854_011	g0919	train
ENSE00001374854_012	g0919	train
ENSE00001374854_013	g0919	train
ENSE00001374854_014	g0919	train
ENSE00001374854_015	g0919	train
ENSE00001374854_017	g0919	train
ENSE00001374854_018	g0919	train
ENSE00001374854_019	g0919	train
ENSE00001374854_020	g0919	train
ENSE00001374854_021	g0919	train
ENSE00001374854_023	g0919	train
ENSE00001375017_001	g0915	train
ENSE00001375017_004	g0915	train
ENSE00001375017_005	g0915	train
ENSE00001375017_008	g0915	train
ENSE00001375017_009	g0915	train
ENSE00001375017_010	g0915	train
ENSE00001375017_011	g0915	train
ENSE00001375017_013	g0915	train
ENSE00001375017_015	g0915	train
ENSE00001375017_018	g0915	train
ENSE00001375017_019	g0915	train
ENSE00001375017_020	g0915	train
ENSE00001375017_021	g0915	train
ENSE00001375367_001	g0371	train
ENSE00001375367_006	g0371	train
ENSE00001375367_009	g0371	train
ENSE00001375367_010	g0371	train
ENSE00001375367_011	g0371	train
ENSE00001375367_012	g0371	train
ENSE00001375367_013	g0371	train
ENSE00001375367_014	g0371	train
ENSE00001375367_015	g0371	train
ENSE00001375367_017	g0371	train
ENSE00001375367_018	g0371	train
ENSE00001375367_019	g0371	train
ENSE00001375367_022	g0371	train
ENSE00001376061_002	g0920	train
ENSE00001376061_005	g0920	train
ENSE00001376061_006	g0920	train
ENSE00001376061_007	g0920	train
ENSE00001376061_008	g0920	train
ENSE00001376061_009	g0920	train
ENSE00001376061_010	g0920	train
ENSE00001376061_011	g0920	train
ENSE00001376061_012	g0920	train
ENSE00001376061_013	g0920	train
ENSE00001376061_014	g0920	train
ENSE00001376061_015	g0920	train
ENSE00001376061_016	g0920	train
ENSE00001376061_017	g0920	train
ENSE00001376061_018	g0920	train
ENSE00001376061_019	g0920	train
ENSE00001376061_020	g0920	train
ENSE00001376061_021	g0920	train
ENSE00001376061_022	g0920	train
ENSE00001376061_023	g0920	train
ENSE00001376061_024	g0920	train
ENSE00001376061_025	g0920	train
ENSE00001376061_027	g0920	train
ENSE00001376061_029	g0920	train
ENSE00001376061_030	g0920	train
ENSE00001376061_031	g0920	train
ENSE00001376061_032	g0920	train
ENSE00001376061_033	g0920	train
ENSE00001376061_034	g0920	train
ENSE00001376061_035	g0920	train
ENSE00001376061_037	g0920	train
ENSE00001376061_038	g0920	train
ENSE00001376061_039	g0920	train
ENSE00001376061_041	g0920	train
ENSE00001379288_008	g0732	test
ENSE00001379288_009	g0732	test
ENSE00001379288_022	g0732	test
ENSE00001379288_027	g0732	test
ENSE00001379288_028	g0732	test
ENSE00001379608_001	g0921	train
ENSE00001379608_002	g0921	train
ENSE00001379608_003	g0921	train
ENSE00001379608_005	g0921	train
ENSE00001379608_012	g0921	train
ENSE00001379608_013	g0921	train
ENSE00001380238_012	g0922	train
ENSE00001382066_024	g0923	train
ENSE00001382094_011	g0915	train
ENSE00001382094_019	g0915	train
ENSE00001382094_020	g0915	train
ENSE00001382094_022	g0915	train
ENSE00001382094_025	g0915	train
ENSE00001382094_026	g0915	train
ENSE00001382094_027	g0915	train
ENSE00001382094_028	g0915	train
ENSE00001382094_030	g0915	train
ENSE00001382094_031	g0915	train
ENSE00001382094_032	g0915	train
ENSE00001382094_033	g0915	train
ENSE00001382207_001	g0160	train
ENSE00001382207_006	g0160	train
ENSE00001382207_007	g0160	train
ENSE00001382207_012	g0160	train
ENSE00001382207_013	g0160	train
ENSE00001382207_023	g0160	train
ENSE00001382509_001	g0924	train
ENSE00001382509_005	g0924	train
ENSE00001382509_006	g0924	train
ENSE00001382509_008	g0924	train
ENSE00001382509_009	g0924	train
ENSE00001382509_010	g0924	train
ENSE00001382509_012	g0924	train
ENSE00001382509_016	g0924	train
ENSE00001382509_018	g0924	train
ENSE00001382509_019	g0924	train
ENSE00001382509_020	g0924	train
ENSE00001382622_001	g0915	train
ENSE00001382622_002	g0915	train
ENSE00001382622_003	g0915	train
ENSE00001382622_004	g0915	train
ENSE00001382622_005	g0915	train
ENSE00001382622_006	g0915	train
ENSE00001382622_007	g0915	train
ENSE00001382622_008	g0915	train
ENSE00001382622_010	g0915	train
ENSE00001382622_011	g0915	train
ENSE00001382622_012	g0915	train
ENSE00001382622_013	g0915	train
ENSE00001382622_014	g0915	train
ENSE00001382622_015	g0915	train
ENSE00001382622_016	g0915	train
ENSE00001382622_017	g0915	train
ENSE00001382622_018	g0915	train
ENSE00001382622_019	g0915	train
ENSE00001382622_021	g0915	train
ENSE00001382622_022	g0915	train
ENSE00001382622_023	g0915	train
ENSE00001382622_024	g0915	train
ENSE00001382622_025	g0915	train
ENSE00001382622_026	g0915	train
ENSE00001382622_027	g0915	train
ENSE00001382622_028	g0915	train
ENSE00001382622_029	g0915	train
ENSE00001382622_030	g0915	train
ENSE00001383504_001	g0732	test
ENSE00001383504_002	g0732	test
ENSE00001383504_003	g0732	test
ENSE00001383504_004	g0732	test
ENSE00001383504_005	g0732	test
ENSE00001383504_006	g0732	test
ENSE00001383504_009	g0732	test
ENSE00001383504_010	g0732	test
ENSE00001383504_011	g0732	test
ENSE00001383504_012	g0732	test
ENSE00001383504_013	g0732	test
ENSE00001383504_014	g0732	test
ENSE00001383504_015	g0732	test
ENSE00001383504_016	g0732	test
ENSE00001383504_020	g0732	test
ENSE00001383504_021	g0732	test
ENSE00001383504_022	g0732	test
ENSE00001383504_023	g0732	test
ENSE00001384956_001	g0916	train
ENSE00001384956_002	g0916	train
ENSE00001384956_003	g0916	train
ENSE00001384956_007	g0916	train
ENSE00001384956_008	g0916	train
ENSE00001384956_013	g0916	train
ENSE00001384956_016	g0916	train
ENSE00001384956_017	g0916	train
ENSE00001384956_023	g0916	train
ENSE00001384956_027	g0916	train
ENSE00001384956_033	g0916	train
ENSE00001384956_035	g0916	train
ENSE00001384956_038	g0916	train
ENSE00001384956_040	g0916	train
ENSE00001384956_041	g0916	train
ENSE00001384956_043	g0916	train
ENSE00001384956_047	g0916	train
ENSE00001385554_001	g0925	train
ENSE00001386847_001	g0926	train
ENSE00001386847_002	g0926	train
ENSE00001386847_003	g0926	train
ENSE00001386847_006	g0926	train
ENSE00001386847_008	g0926	train
ENSE00001386847_009	g0926	train
ENSE00001386847_010	g0926	train
ENSE00001386847_011	g0926	train
ENSE00001386847_012	g0926	train
ENSE00001386847_013	g0926	train
ENSE00001386847_014	g0926	train
ENSE00001386847_015	g0926	train
ENSE00001386847_016	g0926	train
ENSE00001386847_017	g0926	train
ENSE00001387355_001	g0927	train
ENSE00001387355_002	g0927	train
ENSE00001387355_003	g0927	train
ENSE00001387355_004	g0927	train
ENSE00001387355_005	g0927	train
ENSE00001387355_006	g0927	train
ENSE00001387355_007	g0927	train
ENSE00001387355_008	g0927	train
ENSE00001387355_012	g0927	train
ENSE00001387355_015	g0927	train
ENSE00001387355_016	g0927	train
ENSE00001387355_017	g0927	train
ENSE00001387355_018	g0927	train
ENSE00001387355_019	g0927	train
ENSE00001387355_020	g0927	train
ENSE00001387355_021	g0927	train
ENSE00001387355_022	g0927	train
ENSE00001387355_023	g0927	train
ENSE00001387355_025	g0927	train
ENSE00001387355_026	g0927	train
ENSE00001388595_001	g0915	train
ENSE00001388595_002	g0915	train
ENSE00001388595_004	g0915	train
ENSE00001388595_005	g0915	train
ENSE00001388595_006	g0915	train
ENSE00001388595_008	g0915	train
ENSE00001388595_012	g0915	train
ENSE00001388595_013	g0915	train
ENSE00001388595_014	g0915	train
ENSE00001388595_015	g0915	train
ENSE00001388950_001	g0928	test
ENSE00001388950_013	g0928	test
ENSE00001388950_015	g0928	test
ENSE00001388950_017	g0928	test
ENSE00001388950_021	g0928	test
ENSE00001388950_022	g0928	test
ENSE00001388950_026	g0928	test
ENSE00001388950_027	g0928	test
ENSE00001389298_002	g0929	train
ENSE00001389298_003	g0929	train
ENSE00001389298_005	g0929	train
ENSE00001389298_006	g0929	train
ENSE00001389298_007	g0929	train
ENSE00001389298_008	g0929	train
ENSE00001389298_009	g0929	train
ENSE00001389298_011	g0929	train
ENSE00001389298_013	g0929	train
ENSE00001389298_014	g0929	train
ENSE00001389298_016	g0929	train
ENSE00001389298_017	g0929	train
ENSE00001389298_019	g0929	train
ENSE00001389298_020	g0929	train
ENSE00001390001_001	g0930	train
ENSE00001390001_002	g0930	train
ENSE00001390001_003	g0930	train
ENSE00001390001_005	g0930	train
ENSE00001390001_006	g0930	train
ENSE00001390001_007	g0930	train
ENSE00001390001_008	g0930	train
ENSE00001390001_009	g0930	train
ENSE00001390001_010	g0930	train
ENSE00001390001_011	g0930	train
ENSE00001390001_012	g0930	train
ENSE00001390001_013	g0930	train
ENSE00001390001_014	g0930	train
ENSE00001390001_015	g0930	train
ENSE00001390001_016	g0930	train
ENSE00001390001_017	g0930	train
ENSE00001390001_018	g0930	train
ENSE00001390001_019	g0930	train
ENSE00001390001_020	g0930	train
ENSE00001390001_021	g0930	train
ENSE00001390001_022	g0930	train
ENSE00001390125_002	g0931	test
ENSE00001390125_004	g0931	test
ENSE00001390125_005	g0931	test
ENSE00001390125_007	g0931	test
ENSE00001390125_009	g0931	test
ENSE00001390125_010	g0931	test
ENSE00001390125_011	g0931	test
ENSE00001390125_014	g0931	test
ENSE00001390125_016	g0931	test
ENSE00001390125_017	g0931	test
ENSE00001390125_018	g0931	test
ENSE00001390125_019	g0931	test
ENSE00001390125_021	g0931	test
ENSE00001390125_022	g0931	test
ENSE00001399563_003	g0371	train
ENSE00001399563_006	g0371	train
ENSE00001399563_012	g0371	train
ENSE00001399563_015	g0371	train
ENSE00001400229_001	g0068	train
ENSE00001400229_002	g0068	train
ENSE00001400229_003	g0068	train
ENSE00001400229_004	g0068	train
ENSE00001400229_005	g0068	train
ENSE00001400229_006	g0068	train
ENSE00001400229_007	g0068	train
ENSE00001400229_008	g0068	train
ENSE00001400229_009	g0068	train
ENSE00001400229_010	g0068	train
ENSE00001400229_011	g0068	train
ENSE00001400229_012	g0068	train
ENSE00001400229_013	g0068	train
ENSE00001400229_014	g0068	train
ENSE00001400229_015	g0068	train
ENSE00001400229_016	g0068	train
ENSE00001400229_017	g0068	train
ENSE00001400229_018	g0068	train
ENSE00001400608_001	g0932	test
ENSE00001400608_002	g0932	test
ENSE00001400608_003	g0932	test
ENSE00001400608_004	g0932	test
ENSE00001400608_005	g0932	test
ENSE00001400608_007	g0932	test
ENSE00001400608_008	g0932	test
ENSE00001400608_009	g0932	test
ENSE00001400608_010	g0932	test
ENSE00001400608_011	g0932	test
ENSE00001400608_013	g0932	test
ENSE00001400608_014	g0932	test
ENSE00001400608_015	g0932	test
ENSE00001400608_016	g0932	test
ENSE00001400608_017	g0932	test
ENSE00001400608_018	g0932	test
ENSE00001401102_002	g0732	test
ENSE00001401102_003	g0732	test
ENSE00001401102_005	g0732	test
ENSE00001401102_006	g0732	test
ENSE00001401102_007	g0732	test
ENSE00001401102_008	g0732	test
ENSE00001401102_009	g0732	test
ENSE00001401102_010	g0732	test
ENSE00001401102_011	g0732	test
ENSE00001401102_012	g0732	test
ENSE00001401102_013	g0732	test
ENSE00001401102_015	g0732	test
ENSE00001401102_016	g0732	test
ENSE00001401102_017	g0732	test
ENSE00001401102_018	g0732	test
ENSE00001401102_019	g0732	test
ENSE00001401102_020	g0732	test
ENSE00001401102_021	g0732	test
ENSE00001401102_022	g0732	test
ENSE00001401102_023	g0732	test
ENSE00001401102_024	g0732	test
ENSE00001401102_025	g0732	test
ENSE00001401102_026	g0732	test
ENSE00001401102_027	g0732	test
ENSE00001401102_028	g0732	test
ENSE00001401102_029	g0732	test
ENSE00001401102_030	g0732	test
ENSE00001404070_002	g0933	train
ENSE00001404070_003	g0933	train
ENSE00001404070_006	g0933	train
ENSE00001404070_007	g0933	train
ENSE00001404070_008	g0933	train
ENSE00001404070_009	g0933	train
ENSE00001404070_010	g0933	train
ENSE00001404070_011	g0933	train
ENSE00001404070_012	g0933	train
ENSE00001404070_013	g0933	train
ENSE00001404070_014	g0933	train
ENSE00001404070_015	g0933	train
ENSE00001404070_016	g0933	train
ENSE00001404070_017	g0933	train
ENSE00001404121_009	g0934	test
ENSE00001404121_016	g0934	test
ENSE00001404121_020	g0934	test
ENSE00001404121_023	g0934	test
ENSE00001404121_028	g0934	test
ENSE00001404601_001	g0915	train
ENSE00001404601_003	g0915	train
ENSE00001404601_007	g0915	train
ENSE00001404601_011	g0915	train
ENSE00001404601_013	g0915	train
ENSE00001404601_029	g0915	train
ENSE00001405059_002	g0683	test
ENSE00001405059_007	g0683	test
ENSE00001405059_008	g0683	test
ENSE00001405059_009	g0683	test
ENSE00001405059_010	g0683	test
ENSE00001405059_012	g0683	test
ENSE00001405059_014	g0683	test
ENSE00001405059_015	g0683	test
ENSE00001405059_016	g0683	test
ENSE00001405059_017	g0683	test
ENSE00001405059_020	g0683	test
ENSE00001405059_023	g0683	test
ENSE00001405059_026	g0683	test
ENSE00001407717_006	g0935	train
ENSE00001407717_008	g0935	train
ENSE00001407717_009	g0935	train
ENSE00001407717_010	g0935	train
ENSE00001407717_014	g0935	train
ENSE00001407717_020	g0935	train
ENSE00001407717_021	g0935	train
ENSE00001407717_022	g0935	train
ENSE00001407717_023	g0935	train
ENSE00001408097_002	g0453	test
ENSE00001408097_003	g0453	test
ENSE00001408097_005	g0453	test
ENSE00001408097_006	g0453	test
ENSE00001408097_007	g0453	test
ENSE00001408097_008	g0453	test
ENSE00001408097_009	g0453	test
ENSE00001408097_010	g0453	test
ENSE00001408097_011	g0453	test
ENSE00001408097_012	g0453	test
ENSE00001408097_013	g0453	test
ENSE00001408097_014	g0453	test
ENSE00001408097_015	g0453	test
ENSE00001408097_016	g0453	test
ENSE00001408097_017	g0453	test
ENSE00001408097_019	g0453	test
ENSE00001408097_021	g0453	test
ENSE00001408097_022	g0453	test
ENSE00001408097_024	g0453	test
ENSE00001408097_025	g0453	test
ENSE00001408097_027	g0453	test
ENSE00001408097_028	g0453	test
ENSE00001408097_029	g0453	test
ENSE00001408097_030	g0453	test
ENSE00001408097_031	g0453	test
ENSE00001408097_032	g0453	test
ENSE00001408097_033	g0453	test
ENSE00001408097_034	g0453	test
ENSE00001409495_002	g0903	train
ENSE00001409495_003	g0903	train
ENSE00001409495_004	g0903	train
ENSE00001409495_006	g0903	train
ENSE00001409495_007	g0903	train
ENSE00001409495_008	g0903	train
ENSE00001409495_010	g0903	train
ENSE00001409495_011	g0903	train
ENSE00001411238_001	g0936	test
ENSE00001411238_002	g0936	test
ENSE00001411238_003	g0936	test
ENSE00001411238_004	g0936	test
ENSE00001411238_005	g0936	test
ENSE00001411238_006	g0936	test
ENSE00001411238_007	g0936	test
ENSE00001411238_009	g0936	test
ENSE00001411238_010	g0936	test
ENSE00001411238_012	g0936	test
ENSE00001411238_013	g0936	test
ENSE00001411238_014	g0936	test
ENSE00001411238_016	g0936	test
ENSE00001411238_018	g0936	test
ENSE00001411238_019	g0936	test
ENSE00001411238_020	g0936	test
ENSE00001411238_021	g0936	test
ENSE00001411238_022	g0936	test
ENSE00001411238_023	g0936	test
ENSE00001411238_024	g0936	test
ENSE00001411238_025	g0936	test
ENSE00001411238_027	g0936	test
ENSE00001411238_028	g0936	test
ENSE00001411271_001	g0542	train
ENSE00001411271_002	g0542	train
ENSE00001411271_003	g0542	train
ENSE00001411271_006	g0542	train
ENSE00001411271_007	g0542	train
ENSE00001411271_008	g0542	train
ENSE00001411271_009	g0542	train
ENSE00001411271_010	g0542	train
ENSE00001411271_013	g0542	train
ENSE00001411271_014	g0542	train
ENSE00001411271_015	g0542	train
ENSE00001411271_018	g0542	train
ENSE00001411271_019	g0542	train
ENSE00001411271_021	g0542	train
ENSE00001411271_023	g0542	train
ENSE00001411271_026	g0542	train
ENSE00001411271_027	g0542	train
ENSE00001411271_028	g0542	train
ENSE00001411271_031	g0542	train
ENSE00001411309_001	g0591	test
ENSE00001411309_002	g0591	test
ENSE00001411309_003	g0591	test
ENSE00001411309_004	g0591	test
ENSE00001411309_005	g0591	test
ENSE00001411309_006	g0591	test
ENSE00001411309_008	g0591	test
ENSE00001411309_009	g0591	test
ENSE00001411309_011	g0591	test
ENSE00001411309_012	g0591	test
ENSE00001411309_013	g0591	test
ENSE00001411309_014	g0591	test
ENSE00001411309_015	g0591	test
ENSE00001411309_016	g0591	test
ENSE00001411309_017	g0591	test
ENSE00001411309_018	g0591	test
ENSE00001411309_019	g0591	test
ENSE00001411309_020	g0591	test
ENSE00001411309_021	g0591	test
ENSE00001411309_022	g0591	test
ENSE00001411309_023	g0591	test
ENSE00001411309_024	g0591	test
ENSE00001411309_025	g0591	test
ENSE00001411309_026	g0591	test
ENSE00001413149_002	g0937	test
ENSE00001413149_003	g0937	test
ENSE00001413149_004	g0937	test
ENSE00001413149_005	g0937	test
ENSE00001413149_013	g0937	test
ENSE00001413149_014	g0937	test
ENSE00001413149_016	g0937	test
ENSE00001413149_017	g0937	test
ENSE00001413149_018	g0937	test
ENSE00001413149_021	g0937	test
ENSE00001413552_001	g0938	train
ENSE00001413552_005	g0938	train
ENSE00001413552_025	g0938	train
ENSE00001413552_032	g0938	train
ENSE00001413552_033	g0938	train
ENSE00001413552_034	g0938	train
ENSE00001413552_035	g0938	train
ENSE00001414840_001	g0732	test
ENSE00001414840_002	g0732	test
ENSE00001414840_003	g0732	test
ENSE00001414840_004	g0732	test
ENSE00001414840_005	g0732	test
ENSE00001414840_006	g0732	test
ENSE00001414840_007	g0732	test
ENSE00001414840_008	g0732	test
ENSE00001414840_009	g0732	test
ENSE00001414840_010	g0732	test
ENSE00001414840_011	g0732	test
ENSE00001414840_013	g0732	test
ENSE00001414840_014	g0732	test
ENSE00001414840_015	g0732	test
ENSE00001414840_016	g0732	test
ENSE00001414840_018	g0732	test
ENSE00001414840_020	g0732	test
ENSE00001414840_021	g0732	test
ENSE00001414840_022	g0732	test
ENSE00001414840_023	g0732	test
ENSE00001414840_024	g0732	test
ENSE00001414840_025	g0732	test
ENSE00001414840_026	g0732	test
ENSE00001414840_027	g0732	test
ENSE00001414840_028	g0732	test
ENSE00001414840_029	g0732	test
ENSE00001414840_030	g0732	test
ENSE00001414840_031	g0732	test
ENSE00001414948_001	g0732	test
ENSE00001414948_002	g0732	test
ENSE00001414948_005	g0732	test
ENSE00001414948_006	g0732	test
ENSE00001414948_008	g0732	test
ENSE00001414948_009	g0732	test
ENSE00001415500_001	g0453	test
ENSE00001415500_002	g0453	test
ENSE00001415500_003	g0453	test
ENSE00001415500_004	g0453	test
ENSE00001415500_005	g0453	test
ENSE00001415500_006	g0453	test
ENSE00001415500_007	g0453	test
ENSE00001415500_008	g0453	test
ENSE00001415500_009	g0453	test
ENSE00001415500_010	g0453	test
ENSE00001415500_013	g0453	test
ENSE00001415500_014	g0453	test
ENSE00001415500_016	g0453	test
ENSE00001415500_017	g0453	test
ENSE00001415500_018	g0453	test
ENSE00001415500_019	g0453	test
ENSE00001415500_021	g0453	test
ENSE00001415500_022	g0453	test
ENSE00001415500_023	g0453	test
ENSE00001415500_024	g0453	test
ENSE00001415500_025	g0453	test
ENSE00001416091_009	g0939	train
ENSE00001416835_002	g0732	test
ENSE00001416835_003	g0732	test
ENSE00001416835_004	g0732	test
ENSE00001416835_005	g0732	test
ENSE00001416835_007	g0732	test
ENSE00001416835_008	g0732	test
ENSE00001416835_009	g0732	test
ENSE00001416835_010	g0732	test
ENSE00001416835_011	g0732	test
ENSE00001416835_012	g0732	test
ENSE00001416835_013	g0732	test
ENSE00001416835_014	g0732	test
ENSE00001416835_015	g0732	test
ENSE00001416835_017	g0732	test
ENSE00001416835_018	g0732	test
ENSE00001416835_019	g0732	test
ENSE00001416835_020	g0732	test
ENSE00001416835_022	g0732	test
ENSE00001416835_023	g0732	test
ENSE00001416835_024	g0732	test
ENSE00001416835_025	g0732	test
ENSE00001416835_026	g0732	test
ENSE00001416835_027	g0732	test
ENSE00001416835_028	g0732	test
ENSE00001416945_017	g0732	test
ENSE00001417450_003	g0940	test
ENSE00001417450_005	g0940	test
ENSE00001417450_006	g0940	test
ENSE00001417450_007	g0940	test
ENSE00001417450_008	g0940	test
ENSE00001417450_009	g0940	test
ENSE00001417450_010	g0940	test
ENSE00001417450_011	g0940	test
ENSE00001417450_012	g0940	test
ENSE00001417450_013	g0940	test
ENSE00001417450_014	g0940	test
ENSE00001417450_015	g0940	test
ENSE00001417450_017	g0940	test
ENSE00001417450_018	g0940	test
ENSE00001417450_019	g0940	test
ENSE00001417450_020	g0940	test
ENSE00001417450_021	g0940	test
ENSE00001417450_022	g0940	test
ENSE00001417450_023	g0940	test
ENSE00001417450_024	g0940	test
ENSE00001417912_001	g0941	train
ENSE00001417912_003	g0941	train
ENSE00001417912_004	g0941	train
ENSE00001417912_006	g0941	train
ENSE00001417912_011	g0941	train
ENSE00001417912_012	g0941	train
ENSE00001417912_014	g0941	train
ENSE00001417912_015	g0941	train
ENSE00001417912_020	g0941	train
ENSE00001417912_022	g0941	train
ENSE00001417912_024	g0941	train
ENSE00001417912_025	g0941	train
ENSE00001419814_010	g0683	test
ENSE00001419814_016	g0683	test
ENSE00001420883_002	g0942	train
ENSE00001420883_012	g0942	train
ENSE00001420883_022	g0942	train
ENSE00001421660_001	g0591	test
ENSE00001421660_002	g0591	test
ENSE00001421660_003	g0591	test
ENSE00001421660_004	g0591	test
ENSE00001421660_006	g0591	test
ENSE00001421660_008	g0591	test
ENSE00001421660_010	g0591	test
ENSE00001421660_011	g0591	test
ENSE00001421660_012	g0591	test
ENSE00001421660_013	g0591	test
ENSE00001421660_014	g0591	test
ENSE00001421660_016	g0591	test
ENSE00001421660_017	g0591	test
ENSE00001421660_019	g0591	test
ENSE00001421660_020	g0591	test
ENSE00001421660_022	g0591	test
ENSE00001421660_023	g0591	test
ENSE00001421660_024	g0591	test
ENSE00001421660_025	g0591	test
ENSE00001421660_026	g0591	test
ENSE00001421660_027	g0591	test
ENSE00001421660_028	g0591	test
ENSE00001421660_029	g0591	test
ENSE00001421810_003	g0943	test
ENSE00001421810_006	g0943	test
ENSE00001421810_015	g0943	test
ENSE00001421810_019	g0943	test
ENSE00001422107_001	g0939	train
ENSE00001422107_002	g0939	train
ENSE00001422107_003	g0939	train
ENSE00001422107_005	g0939	train
ENSE00001422107_008	g0939	train
ENSE00001422107_009	g0939	train
ENSE00001422107_010	g0939	train
ENSE00001422107_013	g0939	train
ENSE00001422107_014	g0939	train
ENSE00001422107_015	g0939	train
ENSE00001422107_016	g0939	train
ENSE00001422107_017	g0939	train
ENSE00001422107_018	g0939	train
ENSE00001422107_019	g0939	train
ENSE00001422107_022	g0939	train
ENSE00001422107_025	g0939	train
ENSE00001422107_027	g0939	train
ENSE00001423601_001	g0732	test
ENSE00001423601_002	g0732	test
ENSE00001423601_003	g0732	test
ENSE00001423601_005	g0732	test
ENSE00001423601_007	g0732	test
ENSE00001423601_009	g0732	test
ENSE00001423601_013	g0732	test
ENSE00001423601_014	g0732	test
ENSE00001423601_015	g0732	test
ENSE00001423601_018	g0732	test
ENSE00001423601_024	g0732	test
ENSE00001423601_025	g0732	test
ENSE00001425011_002	g0944	test
ENSE00001425011_005	g0944	test
ENSE00001425011_007	g0944	test
ENSE00001425011_010	g0944	test
ENSE00001425011_011	g0944	test
ENSE00001425011_013	g0944	test
ENSE00001425011_020	g0944	test
ENSE00001425011_021	g0944	test
ENSE00001425011_022	g0944	test
ENSE00001425011_023	g0944	test
ENSE00001425801_001	g0732	test
ENSE00001425801_002	g0732	test
ENSE00001425801_003	g0732	test
ENSE00001425801_004	g0732	test
ENSE00001425801_005	g0732	test
ENSE00001425801_006	g0732	test
ENSE00001425801_007	g0732	test
ENSE00001425801_008	g0732	test
ENSE00001425801_009	g0732	test
ENSE00001425801_011	g0732	test
ENSE00001425801_013	g0732	test
ENSE00001425801_014	g0732	test
ENSE00001425801_015	g0732	test
ENSE00001425801_016	g0732	test
ENSE00001425801_017	g0732	test
ENSE00001425801_018	g0732	test
ENSE00001425801_020	g0732	test
ENSE00001425801_021	g0732	test
ENSE00001425801_022	g0732	test
ENSE00001425801_023	g0732	test
ENSE00001425801_024	g0732	test
ENSE00001425801_025	g0732	test
ENSE00001427626_020	g0068	train
ENSE00001428150_001	g0828	train
ENSE00001428150_002	g0828	train
ENSE00001428150_003	g0828	train
ENSE00001428150_004	g0828	train
ENSE00001428150_005	g0828	train
ENSE00001428150_006	g0828	train
ENSE00001428150_008	g0828	train
ENSE00001428150_009	g0828	train
ENSE00001428150_010	g0828	train
ENSE00001428150_011	g0828	train
ENSE00001428150_012	g0828	train
ENSE00001428150_013	g0828	train
ENSE00001428150_014	g0828	train
ENSE00001428150_015	g0828	train
ENSE00001428150_016	g0828	train
ENSE00001428150_017	g0828	train
ENSE00001428150_018	g0828	train
ENSE00001428150_019	g0828	train
ENSE00001428150_020	g0828	train
ENSE00001428150_023	g0828	train
ENSE00001428689_003	g0732	test
ENSE00001428689_004	g0732	test
ENSE00001428689_005	g0732	test
ENSE00001428689_008	g0732	test
ENSE00001428689_009	g0732	test
ENSE00001428689_010	g0732	test
ENSE00001428689_012	g0732	test
ENSE00001428689_013	g0732	test
ENSE00001428689_014	g0732	test
ENSE00001428689_015	g0732	test
ENSE00001428689_016	g0732	test
ENSE00001428689_017	g0732	test
ENSE00001428689_019	g0732	test
ENSE00001428689_020	g0732	test
ENSE00001433814_008	g0732	test
ENSE00001433814_014	g0732	test
ENSE00001433814_019	g0732	test
ENSE00001433814_021	g0732	test
ENSE00001433814_022	g0732	test
ENSE00001434518_001	g0725	train
ENSE00001434518_002	g0725	train
ENSE00001434518_003	g0725	train
ENSE00001434518_005	g0725	train
ENSE00001434518_007	g0725	train
ENSE00001434518_008	g0725	train
ENSE00001434518_009	g0725	train
ENSE00001434518_010	g0725	train
ENSE00001434518_013	g0725	train
ENSE00001434518_014	g0725	train
ENSE00001434518_015	g0725	train
ENSE00001434680_003	g0945	train
ENSE00001434680_005	g0945	train
ENSE00001434680_007	g0945	train
ENSE00001434680_008	g0945	train
ENSE00001434680_009	g0945	train
ENSE00001434680_010	g0945	train
ENSE00001434680_014	g0945	train
ENSE00001434680_015	g0945	train
ENSE00001434680_017	g0945	train
ENSE00001434905_001	g0946	test
ENSE00001434905_002	g0946	test
ENSE00001434905_003	g0946	test
ENSE00001434905_004	g0946	test
ENSE00001434905_005	g0946	test
ENSE00001434905_006	g0946	test
ENSE00001434905_007	g0946	test
ENSE00001434905_008	g0946	test
ENSE00001434905_009	g0946	test
ENSE00001434905_010	g0946	test
ENSE00001434905_011	g0946	test
ENSE00001434905_012	g0946	test
ENSE00001434905_013	g0946	test
ENSE00001434905_014	g0946	test
ENSE00001434905_015	g0946	test
ENSE00001435474_001	g0947	test
ENSE00001435474_003	g0947	test
ENSE00001435474_007	g0947	test
ENSE00001435474_009	g0947	test
ENSE00001435474_012	g0947	test
ENSE00001435474_013	g0947	test
ENSE00001435474_014	g0947	test
ENSE00001435474_017	g0947	test
ENSE00001435474_023	g0947	test
ENSE00001435474_024	g0947	test
ENSE00001435474_025	g0947	test
ENSE00001436426_001	g0946	test
ENSE00001436426_002	g0946	test
ENSE00001436426_003	g0946	test
ENSE00001436426_004	g0946	test
ENSE00001436426_005	g0946	test
ENSE00001436426_006	g0946	test
ENSE00001436426_007	g0946	test
ENSE00001436426_008	g0946	test
ENSE00001436426_010	g0946	test
ENSE00001436426_012	g0946	test
ENSE00001436426_013	g0946	test
ENSE00001436426_015	g0946	test
ENSE00001436426_016	g0946	test
ENSE00001453940_001	g0948	train
ENSE00001453940_004	g0948	train
ENSE00001453940_005	g0948	train
ENSE00001453940_006	g0948	train
ENSE00001453940_008	g0948	train
ENSE00001453940_009	g0948	train
ENSE00001453940_011	g0948	train
ENSE00001453940_012	g0948	train
ENSE00001453940_013	g0948	train
ENSE00001453940_014	g0948	train
ENSE00001453940_015	g0948	train
ENSE00001453940_016	g0948	train
ENSE00001461269_001	g0949	test
ENSE00001461269_002	g0949	test
ENSE00001461269_004	g0949	test
ENSE00001461269_005	g0949	test
ENSE00001461269_006	g0949	test
ENSE00001461269_007	g0949	test
ENSE00001461269_008	g0949	test
ENSE00001461269_009	g0949	test
ENSE00001461269_010	g0949	test
ENSE00001461269_011	g0949	test
ENSE00001461269_013	g0949	test
ENSE00001461269_015	g0949	test
ENSE00001461269_016	g0949	test
ENSE00001461269_017	g0949	test
ENSE00001461269_018	g0949	test
ENSE00001461269_019	g0949	test
ENSE00001461269_020	g0949	test
ENSE00001461269_021	g0949	test
ENSE00001461269_022	g0949	test
ENSE00001461269_023	g0949	test
ENSE00001461269_024	g0949	test
ENSE00001461281_001	g0949	test
ENSE00001461281_002	g0949	test
ENSE00001461281_003	g0949	test
ENSE00001461281_004	g0949	test
ENSE00001461281_005	g0949	test
ENSE00001461281_006	g0949	test
ENSE00001461281_007	g0949	test
ENSE00001461281_008	g0949	test
ENSE00001461281_010	g0949	test
ENSE00001461281_013	g0949	test
ENSE00001461281_014	g0949	test
ENSE00001461281_015	g0949	test
ENSE00001461281_022	g0949	test
ENSE00001461281_023	g0949	test
ENSE00001461281_025	g0949	test
ENSE00001461281_026	g0949	test
ENSE00001461281_027	g0949	test
ENSE00001461313_001	g0950	test
ENSE00001461313_002	g0950	test
ENSE00001461313_003	g0950	test
ENSE00001461313_007	g0950	test
ENSE00001461313_010	g0950	test
ENSE00001461313_011	g0950	test
ENSE00001461313_013	g0950	test
ENSE00001461313_016	g0950	test
ENSE00001461314_002	g0950	test
ENSE00001461314_003	g0950	test
ENSE00001461314_004	g0950	test
ENSE00001461314_010	g0950	test
ENSE00001461314_011	g0950	test
ENSE00001461314_016	g0950	test
ENSE00001461314_017	g0950	test
ENSE00001461316_001	g0950	test
ENSE00001461316_003	g0950	test
ENSE00001461316_006	g0950	test
ENSE00001461316_007	g0950	test
ENSE00001461316_008	g0950	test
ENSE00001461316_010	g0950	test
ENSE00001461316_012	g0950	test
ENSE00001461316_013	g0950	test
ENSE00001461316_015	g0950	test
ENSE00001461316_016	g0950	test
ENSE00001461316_017	g0950	test
ENSE00001461316_018	g0950	test
ENSE00001461316_020	g0950	test
ENSE00001461316_021	g0950	test
ENSE00001461316_022	g0950	test
ENSE00001461320_001	g0950	test
ENSE00001461320_002	g0950	test
ENSE00001461320_003	g0950	test
ENSE00001461320_004	g0950	test
ENSE00001461320_005	g0950	test
ENSE00001461320_006	g0950	test
ENSE00001461320_007	g0950	test
ENSE00001461320_009	g0950	test
ENSE00001461320_011	g0950	test
ENSE00001461320_012	g0950	test
ENSE00001461320_013	g0950	test
ENSE00001461320_014	g0950	test
ENSE00001461320_015	g0950	test
ENSE00001461320_016	g0950	test
ENSE00001461320_017	g0950	test
ENSE00001461320_018	g0950	test
ENSE00001461320_019	g0950	test
ENSE00001461320_020	g0950	test
ENSE00001461320_021	g0950	test
ENSE00001461320_023	g0950	test
ENSE00001461320_024	g0950	test
ENSE00001464882_002	g0951	train
ENSE00001464882_003	g0951	train
ENSE00001464882_004	g0951	train
ENSE00001464882_005	g0951	train
ENSE00001464882_006	g0951	train
ENSE00001464882_008	g0951	train
ENSE00001464882_010	g0951	train
ENSE00001464882_011	g0951	train
ENSE00001464882_013	g0951	train
ENSE00001464882_014	g0951	train
ENSE00001464882_015	g0951	train
ENSE00001464882_016	g0951	train
ENSE00001464882_017	g0951	train
ENSE00001464882_019	g0951	train
ENSE00001464916_011	g0951	train
ENSE00001464919_001	g0951	train
ENSE00001464919_003	g0951	train
ENSE00001464919_004	g0951	train
ENSE00001464919_005	g0951	train
ENSE00001464919_006	g0951	train
ENSE00001464919_007	g0951	train
ENSE00001464919_008	g0951	train
ENSE00001464919_010	g0951	train
ENSE00001464919_011	g0951	train
ENSE00001464919_013	g0951	train
ENSE00001464919_014	g0951	train
ENSE00001464919_015	g0951	train
ENSE00001464919_016	g0951	train
ENSE00001464919_017	g0951	train
ENSE00001464919_018	g0951	train
ENSE00001464919_019	g0951	train
ENSE00001464919_020	g0951	train
ENSE00001464919_021	g0951	train
ENSE00001464919_022	g0951	train
ENSE00001464919_023	g0951	train
ENSE00001464919_024	g0951	train
ENSE00001464919_026	g0951	train
ENSE00001464919_028	g0951	train
ENSE00001464919_029	g0951	train
ENSE00001464919_031	g0951	train
ENSE00001464919_032	g0951	train
ENSE00001464928_001	g0951	train
ENSE00001464928_002	g0951	train
ENSE00001464928_003	g0951	train
ENSE00001464928_004	g0951	train
ENSE00001464928_007	g0951	train
ENSE00001464928_008	g0951	train
ENSE00001464928_009	g0951	train
ENSE00001464928_011	g0951	train
ENSE00001464928_012	g0951	train
ENSE00001464928_014	g0951	train
ENSE00001464928_015	g0951	train
ENSE00001464928_016	g0951	train
ENSE00001464928_017	g0951	train
ENSE00001464928_018	g0951	train
ENSE00001464928_019	g0951	train
ENSE00001464928_022	g0951	train
ENSE00001464936_002	g0951	train
ENSE00001464936_003	g0951	train
ENSE00001464936_004	g0951	train
ENSE00001464936_005	g0951	train
ENSE00001464936_006	g0951	train
ENSE00001464936_007	g0951	train
ENSE00001464936_009	g0951	train
ENSE00001464936_010	g0951	train
ENSE00001464936_011	g0951	train
ENSE00001464936_012	g0951	train
ENSE00001464936_013	g0951	train
ENSE00001464936_014	g0951	train
ENSE00001464936_015	g0951	train
ENSE00001464936_016	g0951	train
ENSE00001464936_017	g0951	train
ENSE00001464936_018	g0951	train
ENSE00001464936_019	g0951	train
ENSE00001464936_020	g0951	train
ENSE00001464936_021	g0951	train
ENSE00001464936_022	g0951	train
ENSE00001464936_023	g0951	train
ENSE00001464940_001	g0951	train
ENSE00001464940_005	g0951	train
ENSE00001464940_006	g0951	train
ENSE00001464940_007	g0951	train
ENSE00001464940_008	g0951	train
ENSE00001464940_009	g0951	train
ENSE00001464940_010	g0951	train
ENSE00001464940_015	g0951	train
ENSE00001464940_016	g0951	train
ENSE00001464940_017	g0951	train
ENSE00001464940_018	g0951	train
ENSE00001464942_002	g0951	train
ENSE00001464942_003	g0951	train
ENSE00001464942_004	g0951	train
ENSE00001464942_008	g0951	train
ENSE00001464942_013	g0951	train
ENSE00001464942_015	g0951	train
ENSE00001464962_002	g0951	train
ENSE00001464962_003	g0951	train
ENSE00001464962_004	g0951	train
ENSE00001464962_006	g0951	train
ENSE00001464962_007	g0951	train
ENSE00001464962_008	g0951	train
ENSE00001464962_013	g0951	train
ENSE00001464962_014	g0951	train
ENSE00001464962_016	g0951	train
ENSE00001464962_017	g0951	train
ENSE00001464962_019	g0951	train
ENSE00001464962_020	g0951	train
ENSE00001464962_021	g0951	train
ENSE00001464962_024	g0951	train
ENSE00001464962_026	g0951	train
ENSE00001465378_006	g0952	train
ENSE00001465378_030	g0952	train
ENSE00001465387_001	g0952	train
ENSE00001465387_003	g0952	train
ENSE00001465387_004	g0952	train
ENSE00001465387_006	g0952	train
ENSE00001465387_007	g0952	train
ENSE00001465387_009	g0952	train
ENSE00001465387_010	g0952	train
ENSE00001465387_011	g0952	train
ENSE00001465387_012	g0952	train
ENSE00001465387_014	g0952	train
ENSE00001465387_015	g0952	train
ENSE00001465387_016	g0952	train
ENSE00001465387_017	g0952	train
ENSE00001465387_018	g0952	train
ENSE00001465387_019	g0952	train
ENSE00001465387_020	g0952	train
ENSE00001465387_022	g0952	train
ENSE00001465387_023	g0952	train
ENSE00001465387_024	g0952	train
ENSE00001465387_025	g0952	train
ENSE00001465387_026	g0952	train
ENSE00001465387_027	g0952	train
ENSE00001465387_028	g0952	train
ENSE00001465387_031	g0952	train
ENSE00001465407_001	g0952	train
ENSE00001465407_006	g0952	train
ENSE00001465407_007	g0952	train
ENSE00001465407_008	g0952	train
ENSE00001465407_009	g0952	train
ENSE00001465407_010	g0952	train
ENSE00001465407_013	g0952	train
ENSE00001465407_014	g0952	train
ENSE00001465407_017	g0952	train
ENSE00001465407_020	g0952	train
ENSE00001465407_027	g0952	train
ENSE00001466198_003	g0953	train
ENSE00001466198_005	g0953	train
ENSE00001466198_006	g0953	train
ENSE00001466198_007	g0953	train
ENSE00001466198_008	g0953	train
ENSE00001466198_010	g0953	train
ENSE00001466198_011	g0953	train
ENSE00001466198_012	g0953	train
ENSE00001466198_016	g0953	train
ENSE00001466198_017	g0953	train
ENSE00001466198_018	g0953	train
ENSE00001466198_019	g0953	train
ENSE00001466198_020	g0953	train
ENSE00001466198_021	g0953	train
ENSE00001468233_001	g0954	train
ENSE00001468233_003	g0954	train
ENSE00001468233_004	g0954	train
ENSE00001468233_005	g0954	train
ENSE00001468233_007	g0954	train
ENSE00001468233_008	g0954	train
ENSE00001468233_009	g0954	train
ENSE00001468233_010	g0954	train
ENSE00001468233_011	g0954	train
ENSE00001468233_012	g0954	train
ENSE00001468233_013	g0954	train
ENSE00001468233_014	g0954	train
ENSE00001468233_015	g0954	train
ENSE00001468233_016	g0954	train
ENSE00001468233_018	g0954	train
ENSE00001468233_020	g0954	train
ENSE00001468233_021	g0954	train
ENSE00001468233_023	g0954	train
ENSE00001468233_024	g0954	train
ENSE00001468233_025	g0954	train
ENSE00001468233_026	g0954	train
ENSE00001468233_027	g0954	train
ENSE00001468233_028	g0954	train
ENSE00001468233_029	g0954	train
ENSE00001469378_001	g0955	train
ENSE00001469378_002	g0955	train
ENSE00001469378_003	g0955	train
ENSE00001469378_004	g0955	train
ENSE00001469378_005	g0955	train
ENSE00001469378_007	g0955	train
ENSE00001469378_008	g0955	train
ENSE00001469378_009	g0955	train
ENSE00001469378_010	g0955	train
ENSE00001469378_011	g0955	train
ENSE00001469378_012	g0955	train
ENSE00001469378_014	g0955	train
ENSE00001469378_015	g0955	train
ENSE00001469378_016	g0955	train
ENSE00001469378_017	g0955	train
ENSE00001471865_024	g0956	test
ENSE00001476510_001	g0957	train
ENSE00001476510_002	g0957	train
ENSE00001476510_003	g0957	train
ENSE00001476510_004	g0957	train
ENSE00001476510_005	g0957	train
ENSE00001476510_006	g0957	train
ENSE00001476510_007	g0957	train
ENSE00001476510_008	g0957	train
ENSE00001476510_009	g0957	train
ENSE00001476510_010	g0957	train
ENSE00001476510_011	g0957	train
ENSE00001476510_012	g0957	train
ENSE00001476510_014	g0957	train
ENSE00001476510_015	g0957	train
ENSE00001476510_016	g0957	train
ENSE00001476510_017	g0957	train
ENSE00001476510_018	g0957	train
ENSE00001476510_019	g0957	train
ENSE00001476510_022	g0957	train
ENSE00001476510_023	g0957	train
ENSE00001476510_024	g0957	train
ENSE00001476510_025	g0957	train
ENSE00001476510_027	g0957	train
ENSE00001476510_028	g0957	train
ENSE00001478904_002	g0958	train
ENSE00001478904_003	g0958	train
ENSE00001478904_004	g0958	train
ENSE00001478904_005	g0958	train
ENSE00001478904_006	g0958	train
ENSE00001478904_007	g0958	train
ENSE00001478904_011	g0958	train
ENSE00001478904_012	g0958	train
ENSE00001478904_013	g0958	train
ENSE00001478904_014	g0958	train
ENSE00001478904_015	g0958	train
ENSE00001478904_017	g0958	train
ENSE00001478904_019	g0958	train
ENSE00001478904_020	g0958	train
ENSE00001478904_021	g0958	train
ENSE00001478904_022	g0958	train
ENSE00001479783_001	g0959	test
ENSE00001479783_002	g0959	test
ENSE00001479783_003	g0959	test
ENSE00001479783_005	g0959	test
ENSE00001479783_008	g0959	test
ENSE00001479783_010	g0959	test
ENSE00001479783_011	g0959	test
ENSE00001479783_014	g0959	test
ENSE00001479783_015	g0959	test
ENSE00001479783_016	g0959	test
ENSE00001479783_017	g0959	test
ENSE00001479783_018	g0959	test
ENSE00001479783_019	g0959	test
ENSE00001479783_020	g0959	test
ENSE00001479783_021	g0959	test
ENSE00001481111_001	g0960	train
ENSE00001481111_003	g0960	train
ENSE00001481111_005	g0960	train
ENSE00001481111_007	g0960	train
ENSE00001481111_008	g0960	train
ENSE00001481111_009	g0960	train
ENSE00001481111_010	g0960	train
ENSE00001481111_012	g0960	train
ENSE00001481111_013	g0960	train
ENSE00001481111_014	g0960	train
ENSE00001481111_015	g0960	train
ENSE00001481111_016	g0960	train
ENSE00001481111_017	g0960	train
ENSE00001481111_019	g0960	train
ENSE00001481111_020	g0960	train
ENSE00001481111_022	g0960	train
ENSE00001481111_023	g0960	train
ENSE00001481111_024	g0960	train
ENSE00001483044_001	g0591	test
ENSE00001483044_002	g0591	test
ENSE00001483044_003	g0591	test
ENSE00001483044_005	g0591	test
ENSE00001483044_006	g0591	test
ENSE00001483044_008	g0591	test
ENSE00001483044_009	g0591	test
ENSE00001483044_013	g0591	test
ENSE00001483044_014	g0591	test
ENSE00001483044_016	g0591	test
ENSE00001483044_017	g0591	test
ENSE00001483044_019	g0591	test
ENSE00001483044_020	g0591	test
ENSE00001483044_022	g0591	test
ENSE00001483454_002	g0961	test
ENSE00001483454_010	g0961	test
ENSE00001483454_013	g0961	test
ENSE00001483454_017	g0961	test
ENSE00001484412_001	g0936	test
ENSE00001484412_002	g0936	test
ENSE00001484412_003	g0936	test
ENSE00001484412_004	g0936	test
ENSE00001484412_005	g0936	test
ENSE00001484412_006	g0936	test
ENSE00001484412_008	g0936	test
ENSE00001484412_009	g0936	test
ENSE00001484412_010	g0936	test
ENSE00001484412_012	g0936	test
ENSE00001484412_013	g0936	test
ENSE00001484412_014	g0936	test
ENSE00001484412_015	g0936	test
ENSE00001484412_016	g0936	test
ENSE00001484412_017	g0936	test
ENSE00001484412_019	g0936	test
ENSE00001484412_021	g0936	test
ENSE00001484412_022	g0936	test
ENSE00001484412_023	g0936	test
ENSE00001484412_027	g0936	test
ENSE00001484412_028	g0936	test
ENSE00001484412_030	g0936	test
ENSE00001484412_031	g0936	test
ENSE00001484412_032	g0936	test
ENSE00001485402_003	g0962	train
ENSE00001485402_005	g0962	train
ENSE00001485402_006	g0962	train
ENSE00001485402_008	g0962	train
ENSE00001485402_010	g0962	train
ENSE00001485402_011	g0962	train
ENSE00001485402_012	g0962	train
ENSE00001485402_013	g0962	train
ENSE00001485402_014	g0962	train
ENSE00001485402_016	g0962	train
ENSE00001485402_019	g0962	train
ENSE00001485402_020	g0962	train
ENSE00001485402_022	g0962	train
ENSE00001485402_023	g0962	train
ENSE00001485402_024	g0962	train
ENSE00001485402_026	g0962	train
ENSE00001485402_027	g0962	train
ENSE00001485415_001	g0962	train
ENSE00001485415_002	g0962	train
ENSE00001485415_004	g0962	train
ENSE00001485415_005	g0962	train
ENSE00001485415_006	g0962	train
ENSE00001485415_007	g0962	train
ENSE00001485415_008	g0962	train
ENSE00001485415_010	g0962	train
ENSE00001485415_011	g0962	train
ENSE00001485415_015	g0962	train
ENSE00001485415_016	g0962	train
ENSE00001487205_002	g0963	train
ENSE00001487205_007	g0963	train
ENSE00001487205_009	g0963	train
ENSE00001487205_016	g0963	train
ENSE00001488336_002	g0964	test
ENSE00001488336_003	g0964	test
ENSE00001488336_004	g0964	test
ENSE00001488336_005	g0964	test
ENSE00001488336_006	g0964	test
ENSE00001488336_007	g0964	test
ENSE00001488336_008	g0964	test
ENSE00001488336_010	g0964	test
ENSE00001488336_011	g0964	test
ENSE00001488336_012	g0964	test
ENSE00001488336_014	g0964	test
ENSE00001488336_015	g0964	test
ENSE00001488336_016	g0964	test
ENSE00001488336_017	g0964	test
ENSE00001488336_018	g0964	test
ENSE00001488336_019	g0964	test
ENSE00001488336_020	g0964	test
ENSE00001488518_002	g0615	train
ENSE00001488518_003	g0615	train
ENSE00001488518_004	g0615	train
ENSE00001488518_006	g0615	train
ENSE00001488518_007	g0615	train
ENSE00001488518_008	g0615	train
ENSE00001488518_010	g0615	train
ENSE00001488518_011	g0615	train
ENSE00001488518_012	g0615	train
ENSE00001488518_013	g0615	train
ENSE00001488518_015	g0615	train
ENSE00001488518_017	g0615	train
ENSE00001488518_020	g0615	train
ENSE00001488518_021	g0615	train
ENSE00001488518_022	g0615	train
ENSE00001488518_024	g0615	train
ENSE00001488518_025	g0615	train
ENSE00001488518_027	g0615	train
ENSE00001488518_029	g0615	train
ENSE00001488518_032	g0615	train
ENSE00001498078_001	g0965	train
ENSE00001498078_005	g0965	train
ENSE00001498078_008	g0965	train
ENSE00001498078_010	g0965	train
ENSE00001498078_012	g0965	train
ENSE00001498078_013	g0965	train
ENSE00001498078_015	g0965	train
ENSE00001498078_018	g0965	train
ENSE00001498078_022	g0965	train
ENSE00001498078_026	g0965	train
ENSE00001504275_001	g0966	train
ENSE00001504275_003	g0966	train
ENSE00001504275_004	g0966	train
ENSE00001504275_005	g0966	train
ENSE00001504275_008	g0966	train
ENSE00001504275_009	g0966	train
ENSE00001504275_012	g0966	train
ENSE00001504275_013	g0966	train
ENSE00001504275_014	g0966	train
ENSE00001504275_015	g0966	train
ENSE00001504275_016	g0966	train
ENSE00001504275_019	g0966	train
ENSE00001504275_020	g0966	train
ENSE00001504275_024	g0966	train
ENSE00001504275_025	g0966	train
ENSE00001504275_026	g0966	train
ENSE00001504275_027	g0966	train
ENSE00001504275_029	g0966	train
ENSE00001504275_030	g0966	train
ENSE00001504275_031	g0966	train
ENSE00001504275_033	g0966	train
ENSE00001504275_034	g0966	train
ENSE00001504278_001	g0966	train
ENSE00001504278_002	g0966	train
ENSE00001504278_005	g0966	train
ENSE00001504278_006	g0966	train
ENSE00001504278_012	g0966	train
ENSE00001504278_013	g0966	train
ENSE00001504278_014	g0966	train
ENSE00001504278_016	g0966	train
ENSE00001504278_017	g0966	train
ENSE00001504278_020	g0966	train
ENSE00001504278_021	g0966	train
ENSE00001504278_023	g0966	train
ENSE00001504278_026	g0966	train
ENSE00001504580_004	g0967	train
ENSE00001504580_013	g0967	train
ENSE00001504580_019	g0967	train
ENSE00001504580_025	g0967	train
ENSE00001505581_001	g0968	train
ENSE00001505581_003	g0968	train
ENSE00001505581_014	g0968	train
ENSE00001505581_015	g0968	train
ENSE00001505581_016	g0968	train
ENSE00001505581_017	g0968	train
ENSE00001505581_018	g0968	train
ENSE00001505837_002	g0969	test
ENSE00001505837_004	g0969	test
ENSE00001505837_007	g0969	test
ENSE00001505837_009	g0969	test
ENSE00001505837_010	g0969	test
ENSE00001505837_011	g0969	test
ENSE00001505837_012	g0969	test
ENSE00001505837_013	g0969	test
ENSE00001505837_016	g0969	test
ENSE00001505837_017	g0969	test
ENSE00001505837_020	g0969	test
ENSE00001505837_021	g0969	test
ENSE00001505837_022	g0969	test
ENSE00001505837_023	g0969	test
ENSE00001505837_025	g0969	test
ENSE00001505837_026	g0969	test
ENSE00001505837_027	g0969	test
ENSE00001505837_028	g0969	test
ENSE00001506418_009	g0363	train
ENSE00001506418_012	g0363	train
ENSE00001506418_013	g0363	train
ENSE00001506418_014	g0363	train
ENSE00001506571_001	g0970	train
ENSE00001506571_004	g0970	train
ENSE00001506571_005	g0970	train
ENSE00001506571_007	g0970	train
ENSE00001506571_009	g0970	train
ENSE00001506571_013	g0970	train
ENSE00001506571_016	g0970	train
ENSE00001506571_017	g0970	train
ENSE00001507234_002	g0971	train
ENSE00001507234_004	g0971	train
ENSE00001507234_005	g0971	train
ENSE00001507234_006	g0971	train
ENSE00001507234_008	g0971	train
ENSE00001507234_009	g0971	train
ENSE00001507234_011	g0971	train
ENSE00001507234_012	g0971	train
ENSE00001507234_013	g0971	train
ENSE00001507234_014	g0971	train
ENSE00001507234_015	g0971	train
ENSE00001507234_017	g0971	train
ENSE00001507234_018	g0971	train
ENSE00001507234_019	g0971	train
ENSE00001507234_020	g0971	train
ENSE00001507234_021	g0971	train
ENSE00001507234_022	g0971	train
ENSE00001534938_001	g0972	train
ENSE00001534938_002	g0972	train
ENSE00001534938_003	g0972	train
ENSE00001534938_004	g0972	train
ENSE00001534938_005	g0972	train
ENSE00001534938_006	g0972	train
ENSE00001538243_002	g0973	train
ENSE00001538243_004	g0973	train
ENSE00001538243_005	g0973	train
ENSE00001538243_006	g0973	train
ENSE00001538243_007	g0973	train
ENSE00001538243_008	g0973	train
ENSE00001538243_009	g0973	train
ENSE00001538243_010	g0973	train
ENSE00001538243_012	g0973	train
ENSE00001538243_013	g0973	train
ENSE00001538243_014	g0973	train
ENSE00001538243_015	g0973	train
ENSE00001538243_016	g0973	train
ENSE00001538243_017	g0973	train
ENSE00001538243_018	g0973	train
ENSE00001538243_019	g0973	train
ENSE00001538243_020	g0973	train
ENSE00001538243_021	g0973	train
ENSE00001538243_023	g0973	train
ENSE00001538243_024	g0973	train
ENSE00001538243_025	g0973	train
ENSE00001538243_026	g0973	train
ENSE00001538243_027	g0973	train
ENSE00001538243_029	g0973	train
ENSE00001538243_031	g0973	train
ENSE00001538243_032	g0973	train
ENSE00001538243_033	g0973	train
ENSE00001543521_006	g0974	train
ENSE00001543521_010	g0974	train
ENSE00001543521_014	g0974	train
ENSE00001543521_015	g0974	train
ENSE00001543521_017	g0974	train
ENSE00001543521_018	g0974	train
ENSE00001543521_019	g0974	train
ENSE00001543521_022	g0974	train
ENSE00001577294_001	g0575	test
ENSE00001577294_003	g0575	test
ENSE00001577294_008	g0575	test
ENSE00001577294_009	g0575	test
ENSE00001577294_010	g0575	test
ENSE00001577294_012	g0575	test
ENSE00001577294_014	g0575	test
ENSE00001577294_015	g0575	test
ENSE00001577294_017	g0575	test
ENSE00001577294_021	g0575	test
ENSE00001577294_024	g0575	test
ENSE00001580926_002	g0975	train
ENSE00001580926_004	g0975	train
ENSE00001580926_011	g0975	train
ENSE00001580926_012	g0975	train
ENSE00001580926_014	g0975	train
ENSE00001580926_015	g0975	train
ENSE00001580926_021	g0975	train
ENSE00001582317_001	g0976	train
ENSE00001582317_002	g0976	train
ENSE00001582317_003	g0976	train
ENSE00001582317_005	g0976	train
ENSE00001582317_006	g0976	train
ENSE00001582317_007	g0976	train
ENSE00001582317_008	g0976	train
ENSE00001582317_009	g0976	train
ENSE00001582317_010	g0976	train
ENSE00001582317_011	g0976	train
ENSE00001582317_012	g0976	train
ENSE00001582317_013	g0976	train
ENSE00001582317_014	g0976	train
ENSE00001582317_015	g0976	train
ENSE00001582317_017	g0976	train
ENSE00001582317_018	g0976	train
ENSE00001582317_019	g0976	train
ENSE00001582750_001	g0977	train
ENSE00001582750_002	g0977	train
ENSE00001582750_004	g0977	train
ENSE00001582750_005	g0977	train
ENSE00001582750_006	g0977	train
ENSE00001582750_007	g0977	train
ENSE00001582750_008	g0977	train
ENSE00001582750_010	g0977	train
ENSE00001582750_012	g0977	train
ENSE00001582750_013	g0977	train
ENSE00001582750_014	g0977	train
ENSE00001582750_015	g0977	train
ENSE00001582750_016	g0977	train
ENSE00001582750_017	g0977	train
ENSE00001582750_018	g0977	train
ENSE00001582750_019	g0977	train
ENSE00001582750_021	g0977	train
ENSE00001582750_022	g0977	train
ENSE00001582750_023	g0977	train
ENSE00001587179_001	g0978	train
ENSE00001587179_003	g0978	train
ENSE00001587179_005	g0978	train
ENSE00001587179_006	g0978	train
ENSE00001587179_007	g0978	train
ENSE00001587179_009	g0978	train
ENSE00001587179_011	g0978	train
ENSE00001587179_012	g0978	train
ENSE00001587179_013	g0978	train
ENSE00001587179_014	g0978	train
ENSE00001587179_017	g0978	train
ENSE00001587179_018	g0978	train
ENSE00001587179_019	g0978	train
ENSE00001587179_021	g0978	train
ENSE00001587179_023	g0978	train
ENSE00001587179_024	g0978	train
ENSE00001587179_025	g0978	train
ENSE00001587179_026	g0978	train
ENSE00001587179_027	g0978	train
ENSE00001587179_029	g0978	train
ENSE00001587179_030	g0978	train
ENSE00001587179_031	g0978	train
ENSE00001587179_032	g0978	train
ENSE00001589348_001	g0575	test
ENSE00001589348_003	g0575	test
ENSE00001589348_004	g0575	test
ENSE00001589348_005	g0575	test
ENSE00001589348_006	g0575	test
ENSE00001589348_007	g0575	test
ENSE00001589348_008	g0575	test
ENSE00001589348_009	g0575	test
ENSE00001589348_010	g0575	test
ENSE00001589348_011	g0575	test
ENSE00001589348_012	g0575	test
ENSE00001589348_014	g0575	test
ENSE00001589348_015	g0575	test
ENSE00001589348_017	g0575	test
ENSE00001589348_018	g0575	test
ENSE00001589348_019	g0575	test
ENSE00001589348_020	g0575	test
ENSE00001589892_001	g0979	train
ENSE00001589892_002	g0979	train
ENSE00001589892_003	g0979	train
ENSE00001589892_007	g0979	train
ENSE00001589892_008	g0979	train
ENSE00001589892_010	g0979	train
ENSE00001589892_011	g0979	train
ENSE00001589892_013	g0979	train
ENSE00001589892_014	g0979	train
ENSE00001589892_015	g0979	train
ENSE00001589892_017	g0979	train
ENSE00001589892_018	g0979	train
ENSE00001589892_021	g0979	train
ENSE00001589892_023	g0979	train
ENSE00001591839_003	g0980	train
ENSE00001591839_004	g0980	train
ENSE00001591839_005	g0980	train
ENSE00001591839_008	g0980	train
ENSE00001591839_012	g0980	train
ENSE00001591839_013	g0980	train
ENSE00001591839_016	g0980	train
ENSE00001591839_017	g0980	train
ENSE00001591839_018	g0980	train
ENSE00001591839_019	g0980	train
ENSE00001591943_001	g0981	train
ENSE00001591943_004	g0981	train
ENSE00001591943_005	g0981	train
ENSE00001591943_006	g0981	train
ENSE00001591943_007	g0981	train
ENSE00001591943_008	g0981	train
ENSE00001593543_001	g0982	train
ENSE00001593543_003	g0982	train
ENSE00001593543_004	g0982	train
ENSE00001593543_005	g0982	train
ENSE00001593543_006	g0982	train
ENSE00001593543_007	g0982	train
ENSE00001593543_008	g0982	train
ENSE00001593543_009	g0982	train
ENSE00001593543_010	g0982	train
ENSE00001593543_011	g0982	train
ENSE00001593543_013	g0982	train
ENSE00001593543_014	g0982	train
ENSE00001593543_015	g0982	train
ENSE00001593543_016	g0982	train
ENSE00001593543_017	g0982	train
ENSE00001593543_018	g0982	train
ENSE00001593543_019	g0982	train
ENSE00001593543_020	g0982	train
ENSE00001593543_021	g0982	train
ENSE00001593543_023	g0982	train
ENSE00001593543_024	g0982	train
ENSE00001593543_025	g0982	train
ENSE00001593543_026	g0982	train
ENSE00001593543_027	g0982	train
ENSE00001593543_028	g0982	train
ENSE00001593543_029	g0982	train
ENSE00001593543_030	g0982	train
ENSE00001593543_031	g0982	train
ENSE00001593543_032	g0982	train
ENSE00001593543_033	g0982	train
ENSE00001593543_034	g0982	train
ENSE00001593543_035	g0982	train
ENSE00001593922_002	g0983	test
ENSE00001593922_004	g0983	test
ENSE00001593922_005	g0983	test
ENSE00001593922_006	g0983	test
ENSE00001593922_009	g0983	test
ENSE00001593922_012	g0983	test
ENSE00001593922_013	g0983	test
ENSE00001593922_014	g0983	test
ENSE00001593922_016	g0983	test
ENSE00001593922_017	g0983	test
ENSE00001594034_001	g0984	train
ENSE00001594034_002	g0984	train
ENSE00001594034_003	g0984	train
ENSE00001594034_004	g0984	train
ENSE00001594034_005	g0984	train
ENSE00001594034_006	g0984	train
ENSE00001594034_007	g0984	train
ENSE00001594034_008	g0984	train
ENSE00001594034_009	g0984	train
ENSE00001594034_010	g0984	train
ENSE00001594034_014	g0984	train
ENSE00001594034_016	g0984	train
ENSE00001594034_017	g0984	train
ENSE00001594034_018	g0984	train
ENSE00001594034_019	g0984	train
ENSE00001594092_001	g0915	train
ENSE00001594092_002	g0915	train
ENSE00001594092_004	g0915	train
ENSE00001594092_005	g0915	train
ENSE00001594092_006	g0915	train
ENSE00001594092_007	g0915	train
ENSE00001594092_008	g0915	train
ENSE00001594092_009	g0915	train
ENSE00001594092_011	g0915	train
ENSE00001594092_012	g0915	train
ENSE00001594092_013	g0915	train
ENSE00001594092_014	g0915	train
ENSE00001594956_004	g0985	train
ENSE00001594956_008	g0985	train
ENSE00001594956_011	g0985	train
ENSE00001594956_014	g0985	train
ENSE00001594956_017	g0985	train
ENSE00001595572_001	g0778	test
ENSE00001595572_002	g0778	test
ENSE00001595572_004	g0778	test
ENSE00001595572_006	g0778	test
ENSE00001595572_007	g0778	test
ENSE00001595572_008	g0778	test
ENSE00001596219_003	g0986	train
ENSE00001596219_004	g0986	train
ENSE00001596219_005	g0986	train
ENSE00001596219_009	g0986	train
ENSE00001596219_010	g0986	train
ENSE00001596361_001	g0987	train
ENSE00001596361_002	g0987	train
ENSE00001596361_003	g0987	train
ENSE00001596361_004	g0987	train
ENSE00001596361_005	g0987	train
ENSE00001596361_007	g0987	train
ENSE00001596361_008	g0987	train
ENSE00001596361_009	g0987	train
ENSE00001596361_011	g0987	train
ENSE00001596361_012	g0987	train
ENSE00001596361_014	g0987	train
ENSE00001596361_015	g0987	train
ENSE00001596361_016	g0987	train
ENSE00001596361_023	g0987	train
ENSE00001596361_024	g0987	train
ENSE00001596653_001	g0988	train
ENSE00001596653_002	g0988	train
ENSE00001596653_004	g0988	train
ENSE00001596653_005	g0988	train
ENSE00001596653_006	g0988	train
ENSE00001596653_008	g0988	train
ENSE00001596653_009	g0988	train
ENSE00001596653_011	g0988	train
ENSE00001596653_013	g0988	train
ENSE00001596653_014	g0988	train
ENSE00001596653_016	g0988	train
ENSE00001596653_017	g0988	train
ENSE00001597290_002	g0569	train
ENSE00001597290_006	g0569	train
ENSE00001597290_015	g0569	train
ENSE00001597290_016	g0569	train
ENSE00001597290_022	g0569	train
ENSE00001597290_024	g0569	train
ENSE00001597659_001	g0989	test
ENSE00001597659_002	g0989	test
ENSE00001597659_005	g0989	test
ENSE00001597659_006	g0989	test
ENSE00001597659_009	g0989	test
ENSE00001597828_001	g0990	train
ENSE00001597828_002	g0990	train
ENSE00001597828_003	g0990	train
ENSE00001597828_005	g0990	train
ENSE00001597828_006	g0990	train
ENSE00001597828_007	g0990	train
ENSE00001597828_008	g0990	train
ENSE00001597828_009	g0990	train
ENSE00001597828_010	g0990	train
ENSE00001597828_012	g0990	train
ENSE00001597828_013	g0990	train
ENSE00001597828_014	g0990	train
ENSE00001597828_015	g0990	train
ENSE00001597828_016	g0990	train
ENSE00001597828_018	g0990	train
ENSE00001597828_019	g0990	train
ENSE00001597828_021	g0990	train
ENSE00001597828_022	g0990	train
ENSE00001597828_023	g0990	train
ENSE00001597828_024	g0990	train
ENSE00001597828_025	g0990	train
ENSE00001597828_026	g0990	train
ENSE00001597828_027	g0990	train
ENSE00001597828_028	g0990	train
ENSE00001597828_029	g0990	train
ENSE00001597828_030	g0990	train
ENSE00001597968_011	g0569	train
ENSE00001597968_013	g0569	train
ENSE00001597968_014	g0569	train
ENSE00001597968_015	g0569	train
ENSE00001597968_018	g0569	train
ENSE00001597968_022	g0569	train
ENSE00001597968_026	g0569	train
ENSE00001597968_028	g0569	train
ENSE00001597968_029	g0569	train
ENSE00001597968_033	g0569	train
ENSE00001598152_005	g0991	test
ENSE00001598152_011	g0991	test
ENSE00001598152_012	g0991	test
ENSE00001598152_013	g0991	test
ENSE00001598152_014	g0991	test
ENSE00001598578_001	g0992	test
ENSE00001598578_002	g0992	test
ENSE00001598578_007	g0992	test
ENSE00001598578_009	g0992	test
ENSE00001598578_010	g0992	test
ENSE00001598578_012	g0992	test
ENSE00001598578_013	g0992	test
ENSE00001598832_002	g0981	train
ENSE00001600280_005	g0993	train
ENSE00001600280_009	g0993	train
ENSE00001600280_012	g0993	train
ENSE00001600280_015	g0993	train
ENSE00001600280_017	g0993	train
ENSE00001600280_018	g0993	train
ENSE00001600313_001	g0994	test
ENSE00001600313_002	g0994	test
ENSE00001600313_004	g0994	test
ENSE00001600313_006	g0994	test
ENSE00001600313_007	g0994	test
ENSE00001600313_008	g0994	test
ENSE00001600313_009	g0994	test
ENSE00001600313_010	g0994	test
ENSE00001600313_011	g0994	test
ENSE00001600313_013	g0994	test
ENSE00001601380_002	g0995	train
ENSE00001601380_003	g0995	train
ENSE00001601380_004	g0995	train
ENSE00001601380_006	g0995	train
ENSE00001601380_007	g0995	train
ENSE00001601380_008	g0995	train
ENSE00001601380_010	g0995	train
ENSE00001601380_011	g0995	train
ENSE00001601380_012	g0995	train
ENSE00001601380_013	g0995	train
ENSE00001601380_015	g0995	train
ENSE00001601380_016	g0995	train
ENSE00001601380_019	g0995	train
ENSE00001601473_003	g0996	train
ENSE00001601473_004	g0996	train
ENSE00001601473_006	g0996	train
ENSE00001601473_007	g0996	train
ENSE00001601473_008	g0996	train
ENSE00001601473_009	g0996	train
ENSE00001601473_011	g0996	train
ENSE00001601473_012	g0996	train
ENSE00001601473_013	g0996	train
ENSE00001601473_015	g0996	train
ENSE00001601473_016	g0996	train
ENSE00001601473_019	g0996	train
ENSE00001601473_020	g0996	train
ENSE00001602061_001	g0997	train
ENSE00001602061_002	g0997	train
ENSE00001602061_003	g0997	train
ENSE00001602061_004	g0997	train
ENSE00001602061_005	g0997	train
ENSE00001602061_006	g0997	train
ENSE00001602061_007	g0997	train
ENSE00001602061_009	g0997	train
ENSE00001602061_010	g0997	train
ENSE00001602061_011	g0997	train
ENSE00001602061_013	g0997	train
ENSE00001602061_014	g0997	train
ENSE00001602061_015	g0997	train
ENSE00001602061_016	g0997	train
ENSE00001602061_017	g0997	train
ENSE00001602061_018	g0997	train
ENSE00001602061_019	g0997	train
ENSE00001602153_001	g0998	test
ENSE00001602316_002	g0999	train
ENSE00001602316_003	g0999	train
ENSE00001602316_005	g0999	train
ENSE00001602316_008	g0999	train
ENSE00001602316_009	g0999	train
ENSE00001602316_012	g0999	train
ENSE00001602316_014	g0999	train
ENSE00001602316_015	g0999	train
ENSE00001602316_018	g0999	train
ENSE00001602316_019	g0999	train
ENSE00001602316_020	g0999	train
ENSE00001602316_022	g0999	train
ENSE00001602316_023	g0999	train
ENSE00001602316_024	g0999	train
ENSE00001602316_027	g0999	train
ENSE00001602316_029	g0999	train
ENSE00001603482_001	g0990	train
ENSE00001603482_002	g0990	train
ENSE00001603482_003	g0990	train
ENSE00001603482_005	g0990	train
ENSE00001603482_006	g0990	train
ENSE00001603482_009	g0990	train
ENSE00001603482_011	g0990	train
ENSE00001603482_012	g0990	train
ENSE00001603482_013	g0990	train
ENSE00001603482_017	g0990	train
ENSE00001603482_019	g0990	train
ENSE00001603482_021	g0990	train
ENSE00001603482_023	g0990	train
ENSE00001603482_024	g0990	train
ENSE00001603482_026	g0990	train
ENSE00001603482_027	g0990	train
ENSE00001603482_037	g0990	train
ENSE00001603482_039	g0990	train
ENSE00001603717_001	g1000	train
ENSE00001603717_002	g1000	train
ENSE00001603717_003	g1000	train
ENSE00001603717_004	g1000	train
ENSE00001603717_005	g1000	train
ENSE00001603717_006	g1000	train
ENSE00001603717_007	g1000	train
ENSE00001603717_008	g1000	train
ENSE00001603717_010	g1000	train
ENSE00001603717_012	g1000	train
ENSE00001603717_013	g1000	train
ENSE00001603717_014	g1000	train
ENSE00001603717_015	g1000	train
ENSE00001603717_016	g1000	train
ENSE00001603717_017	g1000	train
ENSE00001603717_018	g1000	train
ENSE00001603717_019	g1000	train
ENSE00001603717_020	g1000	train
ENSE00001603717_022	g1000	train
ENSE00001604398_001	g0973	train
ENSE00001604398_002	g0973	train
ENSE00001604398_004	g0973	train
ENSE00001604398_005	g0973	train
ENSE00001604398_006	g0973	train
ENSE00001604398_007	g0973	train
ENSE00001604398_008	g0973	train
ENSE00001604398_009	g0973	train
ENSE00001604398_014	g0973	train
ENSE00001604398_017	g0973	train
ENSE00001604398_019	g0973	train
ENSE00001604398_020	g0973	train
ENSE00001604398_022	g0973	train
ENSE00001604398_023	g0973	train
ENSE00001604398_024	g0973	train
ENSE00001604398_025	g0973	train
ENSE00001604398_026	g0973	train
ENSE00001604398_027	g0973	train
ENSE00001604398_029	g0973	train
ENSE00001604398_030	g0973	train
ENSE00001604398_031	g0973	train
ENSE00001604398_032	g0973	train
ENSE00001604398_033	g0973	train
ENSE00001604398_034	g0973	train
ENSE00001604398_035	g0973	train
ENSE00001604398_036	g0973	train
ENSE00001604658_003	g1001	train
ENSE00001604658_004	g1001	train
ENSE00001604658_006	g1001	train
ENSE00001604658_009	g1001	train
ENSE00001604658_011	g1001	train
ENSE00001604658_013	g1001	train
ENSE00001604658_014	g1001	train
ENSE00001604658_016	g1001	train
ENSE00001604658_019	g1001	train
ENSE00001604689_001	g1002	train
ENSE00001604689_003	g1002	train
ENSE00001604689_004	g1002	train
ENSE00001604689_006	g1002	train
ENSE00001604689_007	g1002	train
ENSE00001604689_008	g1002	train
ENSE00001604689_009	g1002	train
ENSE00001604689_010	g1002	train
ENSE00001604689_013	g1002	train
ENSE00001604689_015	g1002	train
ENSE00001604689_016	g1002	train
ENSE00001604689_017	g1002	train
ENSE00001605790_001	g1003	train
ENSE00001605790_003	g1003	train
ENSE00001605790_004	g1003	train
ENSE00001605790_005	g1003	train
ENSE00001605790_007	g1003	train
ENSE00001605790_016	g1003	train
ENSE00001605790_017	g1003	train
ENSE00001605790_018	g1003	train
ENSE00001605790_021	g1003	train
ENSE00001605790_023	g1003	train
ENSE00001605790_026	g1003	train
ENSE00001605790_027	g1003	train
ENSE00001605790_029	g1003	train
ENSE00001605790_032	g1003	train
ENSE00001605790_033	g1003	train
ENSE00001606096_003	g1004	train
ENSE00001606096_005	g1004	train
ENSE00001606096_006	g1004	train
ENSE00001606096_007	g1004	train
ENSE00001606096_009	g1004	train
ENSE00001606096_010	g1004	train
ENSE00001606096_011	g1004	train
ENSE00001606096_013	g1004	train
ENSE00001606096_014	g1004	train
ENSE00001606096_015	g1004	train
ENSE00001606096_016	g1004	train
ENSE00001606096_017	g1004	train
ENSE00001606096_019	g1004	train
ENSE00001606096_020	g1004	train
ENSE00001606096_021	g1004	train
ENSE00001606096_022	g1004	train
ENSE00001606096_023	g1004	train
ENSE00001606096_024	g1004	train
ENSE00001606225_003	g1005	train
ENSE00001606225_005	g1005	train
ENSE00001606225_006	g1005	train
ENSE00001606225_008	g1005	train
ENSE00001606225_016	g1005	train
ENSE00001606225_021	g1005	train
ENSE00001606225_022	g1005	train
ENSE00001606225_025	g1005	train
ENSE00001606284_021	g0981	train
ENSE00001606314_001	g1006	train
ENSE00001606314_002	g1006	train
ENSE00001606314_003	g1006	train
ENSE00001606314_004	g1006	train
ENSE00001606314_005	g1006	train
ENSE00001606314_006	g1006	train
ENSE00001606314_007	g1006	train
ENSE00001606314_008	g1006	train
ENSE00001606314_009	g1006	train
ENSE00001606314_010	g1006	train
ENSE00001606314_011	g1006	train
ENSE00001606314_012	g1006	train
ENSE00001606314_013	g1006	train
ENSE00001606314_014	g1006	train
ENSE00001606314_015	g1006	train
ENSE00001606314_016	g1006	train
ENSE00001606314_017	g1006	train
ENSE00001606314_018	g1006	train
ENSE00001606314_020	g1006	train
ENSE00001606314_021	g1006	train
ENSE00001606314_022	g1006	train
ENSE00001606314_023	g1006	train
ENSE00001606466_004	g1001	train
ENSE00001606466_010	g1001	train
ENSE00001606466_027	g1001	train
ENSE00001607254_001	g1007	train
ENSE00001607254_002	g1007	train
ENSE00001607254_003	g1007	train
ENSE00001607254_004	g1007	train
ENSE00001607254_005	g1007	train
ENSE00001607254_006	g1007	train
ENSE00001607254_007	g1007	train
ENSE00001607254_008	g1007	train
ENSE00001607254_009	g1007	train
ENSE00001607254_010	g1007	train
ENSE00001607254_011	g1007	train
ENSE00001607254_014	g1007	train
ENSE00001607254_015	g1007	train
ENSE00001607254_016	g1007	train
ENSE00001607254_018	g1007	train
ENSE00001607254_019	g1007	train
ENSE00001607254_020	g1007	train
ENSE00001607254_021	g1007	train
ENSE00001607254_023	g1007	train
ENSE00001607254_024	g1007	train
ENSE00001607254_025	g1007	train
ENSE00001607254_026	g1007	train
ENSE00001608196_001	g0456	test
ENSE00001608196_009	g0456	test
ENSE00001608196_014	g0456	test
ENSE00001608196_019	g0456	test
ENSE00001608767_001	g1008	train
ENSE00001608767_004	g1008	train
ENSE00001608767_005	g1008	train
ENSE00001608767_006	g1008	train
ENSE00001608767_009	g1008	train
ENSE00001608815_001	g1009	train
ENSE00001608815_004	g1009	train
ENSE00001608815_005	g1009	train
ENSE00001608815_006	g1009	train
ENSE00001608815_007	g1009	train
ENSE00001608815_008	g1009	train
ENSE00001608815_010	g1009	train
ENSE00001608815_012	g1009	train
ENSE00001608815_014	g1009	train
ENSE00001608815_015	g1009	train
ENSE00001608815_016	g1009	train
ENSE00001608815_017	g1009	train
ENSE00001608815_019	g1009	train
ENSE00001609036_010	g1010	train
ENSE00001609036_011	g1010	train
ENSE00001609036_012	g1010	train
ENSE00001609036_019	g1010	train
ENSE00001609036_030	g1010	train
ENSE00001609036_031	g1010	train
ENSE00001609036_033	g1010	train
ENSE00001609036_034	g1010	train
ENSE00001609217_001	g1011	train
ENSE00001609217_003	g1011	train
ENSE00001609217_008	g1011	train
ENSE00001609217_014	g1011	train
ENSE00001609217_024	g1011	train
ENSE00001610821_002	g1012	train
ENSE00001610821_006	g1012	train
ENSE00001610821_007	g1012	train
ENSE00001610821_008	g1012	train
ENSE00001612920_003	g1013	train
ENSE00001612920_004	g1013	train
ENSE00001612920_005	g1013	train
ENSE00001612920_006	g1013	train
ENSE00001612920_009	g1013	train
ENSE00001612920_010	g1013	train
ENSE00001612920_011	g1013	train
ENSE00001612920_012	g1013	train
ENSE00001612920_013	g1013	train
ENSE00001612920_014	g1013	train
ENSE00001612920_015	g1013	train
ENSE00001612920_016	g1013	train
ENSE00001612920_017	g1013	train
ENSE00001612920_018	g1013	train
ENSE00001612920_019	g1013	train
ENSE00001612920_020	g1013	train
ENSE00001612920_025	g1013	train
ENSE00001612920_026	g1013	train
ENSE00001612920_027	g1013	train
ENSE00001612920_028	g1013	train
ENSE00001612920_029	g1013	train
ENSE00001612920_030	g1013	train
ENSE00001612920_031	g1013	train
ENSE00001612942_001	g0973	train
ENSE00001612942_002	g0973	train
ENSE00001612942_005	g0973	train
ENSE00001612942_006	g0973	train
ENSE00001612942_007	g0973	train
ENSE00001612942_009	g0973	train
ENSE00001612942_010	g0973	train
ENSE00001612942_011	g0973	train
ENSE00001612942_013	g0973	train
ENSE00001612942_014	g0973	train
ENSE00001612942_015	g0973	train
ENSE00001612942_016	g0973	train
ENSE00001612942_017	g0973	train
ENSE00001612942_018	g0973	train
ENSE00001612942_019	g0973	train
ENSE00001612942_020	g0973	train
ENSE00001612942_022	g0973	train
ENSE00001612942_023	g0973	train
ENSE00001612942_024	g0973	train
ENSE00001612942_025	g0973	train
ENSE00001612942_026	g0973	train
ENSE00001612942_027	g0973	train
ENSE00001614247_001	g1014	test
ENSE00001614247_002	g1014	test
ENSE00001614247_003	g1014	test
ENSE00001614247_004	g1014	test
ENSE00001614247_006	g1014	test
ENSE00001614247_007	g1014	test
ENSE00001614247_010	g1014	test
ENSE00001614247_011	g1014	test
ENSE00001614247_012	g1014	test
ENSE00001614247_014	g1014	test
ENSE00001614247_015	g1014	test
ENSE00001614247_016	g1014	test
ENSE00001614247_017	g1014	test
ENSE00001614247_018	g1014	test
ENSE00001614247_019	g1014	test
ENSE00001614247_022	g1014	test
ENSE00001614247_023	g1014	test
ENSE00001614247_026	g1014	test
ENSE00001614247_028	g1014	test
ENSE00001614247_029	g1014	test
ENSE00001614247_030	g1014	test
ENSE00001614247_031	g1014	test
ENSE00001614247_032	g1014	test
ENSE00001614247_034	g1014	test
ENSE00001614247_035	g1014	test
ENSE00001614247_036	g1014	test
ENSE00001614247_038	g1014	test
ENSE00001614247_039	g1014	test
ENSE00001614247_042	g1014	test
ENSE00001614247_043	g1014	test
ENSE00001614247_044	g1014	test
ENSE00001614618_001	g1015	test
ENSE00001614618_002	g1015	test
ENSE00001614618_003	g1015	test
ENSE00001614618_004	g1015	test
ENSE00001614618_009	g1015	test
ENSE00001614618_010	g1015	test
ENSE00001614618_011	g1015	test
ENSE00001614618_012	g1015	test
ENSE00001614618_014	g1015	test
ENSE00001614618_017	g1015	test
ENSE00001614618_018	g1015	test
ENSE00001614618_019	g1015	test
ENSE00001614618_020	g1015	test
ENSE00001614618_022	g1015	test
ENSE00001614618_023	g1015	test
ENSE00001614618_024	g1015	test
ENSE00001614618_025	g1015	test
ENSE00001614618_026	g1015	test
ENSE00001614618_028	g1015	test
ENSE00001614720_001	g1016	train
ENSE00001614720_002	g1016	train
ENSE00001614720_003	g1016	train
ENSE00001614720_005	g1016	train
ENSE00001614720_006	g1016	train
ENSE00001614720_009	g1016	train
ENSE00001614720_010	g1016	train
ENSE00001614720_011	g1016	train
ENSE00001614720_012	g1016	train
ENSE00001614720_013	g1016	train
ENSE00001615110_001	g1017	train
ENSE00001615110_002	g1017	train
ENSE00001615110_003	g1017	train
ENSE00001615110_005	g1017	train
ENSE00001615110_006	g1017	train
ENSE00001615110_007	g1017	train
ENSE00001615110_008	g1017	train
ENSE00001615110_009	g1017	train
ENSE00001615110_010	g1017	train
ENSE00001615110_011	g1017	train
ENSE00001615110_013	g1017	train
ENSE00001615110_015	g1017	train
ENSE00001615110_016	g1017	train
ENSE00001615631_001	g1018	train
ENSE00001615631_003	g1018	train
ENSE00001615631_005	g1018	train
ENSE00001615631_006	g1018	train
ENSE00001615631_007	g1018	train
ENSE00001615631_011	g1018	train
ENSE00001615631_012	g1018	train
ENSE00001615631_014	g1018	train
ENSE00001615631_015	g1018	train
ENSE00001615631_016	g1018	train
ENSE00001615631_017	g1018	train
ENSE00001615631_019	g1018	train
ENSE00001615631_025	g1018	train
ENSE00001617157_001	g1019	train
ENSE00001617157_004	g1019	train
ENSE00001617157_006	g1019	train
ENSE00001617157_007	g1019	train
ENSE00001617157_008	g1019	train
ENSE00001617157_009	g1019	train
ENSE00001617157_010	g1019	train
ENSE00001617157_011	g1019	train
ENSE00001617157_014	g1019	train
ENSE00001617157_016	g1019	train
ENSE00001617157_018	g1019	train
ENSE00001617157_019	g1019	train
ENSE00001617896_001	g1020	test
ENSE00001617896_004	g1020	test
ENSE00001617896_005	g1020	test
ENSE00001617896_007	g1020	test
ENSE00001617896_010	g1020	test
ENSE00001617896_011	g1020	test
ENSE00001617896_014	g1020	test
ENSE00001617896_015	g1020	test
ENSE00001617896_016	g1020	test
ENSE00001617896_017	g1020	test
ENSE00001617896_019	g1020	test
ENSE00001617896_020	g1020	test
ENSE00001617896_022	g1020	test
ENSE00001617896_023	g1020	test
ENSE00001617896_025	g1020	test
ENSE00001617896_026	g1020	test
ENSE00001617896_027	g1020	test
ENSE00001617896_028	g1020	test
ENSE00001617896_029	g1020	test
ENSE00001618586_004	g0973	train
ENSE00001618586_006	g0973	train
ENSE00001618586_008	g0973	train
ENSE00001618586_011	g0973	train
ENSE00001618586_012	g0973	train
ENSE00001618586_016	g0973	train
ENSE00001618586_018	g0973	train
ENSE00001618586_021	g0973	train
ENSE00001618586_022	g0973	train
ENSE00001618586_024	g0973	train
ENSE00001619723_001	g1021	train
ENSE00001619723_003	g1021	train
ENSE00001619723_004	g1021	train
ENSE00001619723_005	g1021	train
ENSE00001619723_006	g1021	train
ENSE00001619723_007	g1021	train
ENSE00001619723_009	g1021	train
ENSE00001619723_010	g1021	train
ENSE00001619723_011	g1021	train
ENSE00001619723_012	g1021	train
ENSE00001619723_013	g1021	train
ENSE00001619723_015	g1021	train
ENSE00001619723_017	g1021	train
ENSE00001619723_018	g1021	train
ENSE00001619723_021	g1021	train
ENSE00001619723_024	g1021	train
ENSE00001619723_025	g1021	train
ENSE00001619723_026	g1021	train
ENSE00001619723_027	g1021	train
ENSE00001619723_028	g1021	train
ENSE00001619723_029	g1021	train
ENSE00001619723_031	g1021	train
ENSE00001619723_032	g1021	train
ENSE00001619723_034	g1021	train
ENSE00001619744_004	g1022	test
ENSE00001619744_007	g1022	test
ENSE00001619744_009	g1022	test
ENSE00001619744_012	g1022	test
ENSE00001619744_022	g1022	test
ENSE00001620494_010	g0806	train
ENSE00001620494_015	g0806	train
ENSE00001620494_019	g0806	train
ENSE00001620643_001	g0994	test
ENSE00001620643_002	g0994	test
ENSE00001620643_003	g0994	test
ENSE00001620643_004	g0994	test
ENSE00001620643_005	g0994	test
ENSE00001620643_006	g0994	test
ENSE00001620643_007	g0994	test
ENSE00001620643_008	g0994	test
ENSE00001620643_009	g0994	test
ENSE00001620643_010	g0994	test
ENSE00001620643_012	g0994	test
ENSE00001620643_013	g0994	test
ENSE00001620643_016	g0994	test
ENSE00001620643_017	g0994	test
ENSE00001620643_018	g0994	test
ENSE00001620643_019	g0994	test
ENSE00001620643_020	g0994	test
ENSE00001620643_021	g0994	test
ENSE00001620741_001	g0989	test
ENSE00001620741_002	g0989	test
ENSE00001620741_003	g0989	test
ENSE00001620741_004	g0989	test
ENSE00001620741_005	g0989	test
ENSE00001620741_006	g0989	test
ENSE00001620741_008	g0989	test
ENSE00001620741_009	g0989	test
ENSE00001620741_010	g0989	test
ENSE00001620747_003	g1023	train
ENSE00001620747_012	g1023	train
ENSE00001620747_013	g1023	train
ENSE00001620747_014	g1023	train
ENSE00001620851_001	g1024	train
ENSE00001620851_002	g1024	train
ENSE00001620851_004	g1024	train
ENSE00001620851_005	g1024	train
ENSE00001620851_007	g1024	train
ENSE00001620851_008	g1024	train
ENSE00001620851_009	g1024	train
ENSE00001620851_010	g1024	train
ENSE00001620851_011	g1024	train
ENSE00001620851_012	g1024	train
ENSE00001620851_013	g1024	train
ENSE00001620851_014	g1024	train
ENSE00001620851_015	g1024	train
ENSE00001620851_016	g1024	train
ENSE00001620851_017	g1024	train
ENSE00001620851_018	g1024	train
ENSE00001620851_019	g1024	train
ENSE00001620851_020	g1024	train
ENSE00001620851_021	g1024	train
ENSE00001620851_022	g1024	train
ENSE00001620851_024	g1024	train
ENSE00001620851_027	g1024	train
ENSE00001620851_028	g1024	train
ENSE00001620851_029	g1024	train
ENSE00001620851_030	g1024	train
ENSE00001620851_031	g1024	train
ENSE00001620851_032	g1024	train
ENSE00001620851_034	g1024	train
ENSE00001621432_005	g0981	train
ENSE00001621722_003	g0994	test
ENSE00001621722_006	g0994	test
ENSE00001621722_008	g0994	test
ENSE00001621722_009	g0994	test
ENSE00001621722_011	g0994	test
ENSE00001621722_015	g0994	test
ENSE00001621722_016	g0994	test
ENSE00001621722_017	g0994	test
ENSE00001621722_019	g0994	test
ENSE00001621722_020	g0994	test
ENSE00001621722_021	g0994	test
ENSE00001621722_022	g0994	test
ENSE00001621867_017	g1001	train
ENSE00001622323_002	g1025	train
ENSE00001622323_004	g1025	train
ENSE00001622323_005	g1025	train
ENSE00001622323_007	g1025	train
ENSE00001622323_009	g1025	train
ENSE00001622323_011	g1025	train
ENSE00001622323_013	g1025	train
ENSE00001622323_019	g1025	train
ENSE00001622388_001	g1026	train
ENSE00001622388_005	g1026	train
ENSE00001622388_010	g1026	train
ENSE00001622388_012	g1026	train
ENSE00001622388_015	g1026	train
ENSE00001622388_022	g1026	train
ENSE00001623199_001	g1027	train
ENSE00001623199_002	g1027	train
ENSE00001623199_003	g1027	train
ENSE00001623199_005	g1027	train
ENSE00001623199_006	g1027	train
ENSE00001623199_014	g1027	train
ENSE00001623199_017	g1027	train
ENSE00001623199_019	g1027	train
ENSE00001623489_005	g0699	test
ENSE00001623489_006	g0699	test
ENSE00001623489_009	g0699	test
ENSE00001623489_010	g0699	test
ENSE00001623528_006	g1028	test
ENSE00001623528_009	g1028	test
ENSE00001623528_010	g1028	test
ENSE00001623528_015	g1028	test
ENSE00001623528_021	g1028	test
ENSE00001624107_001	g1029	test
ENSE00001624107_004	g1029	test
ENSE00001624107_017	g1029	test
ENSE00001624107_018	g1029	test
ENSE00001624107_019	g1029	test
ENSE00001624107_020	g1029	test
ENSE00001624107_028	g1029	test
ENSE00001624623_001	g1030	train
ENSE00001624623_002	g1030	train
ENSE00001624623_004	g1030	train
ENSE00001624623_005	g1030	train
ENSE00001624623_006	g1030	train
ENSE00001624623_007	g1030	train
ENSE00001624623_011	g1030	train
ENSE00001624623_012	g1030	train
ENSE00001624623_013	g1030	train
ENSE00001624623_014	g1030	train
ENSE00001624623_015	g1030	train
ENSE00001625249_001	g1031	train
ENSE00001625249_003	g1031	train
ENSE00001625249_004	g1031	train
ENSE00001625249_005	g1031	train
ENSE00001625249_006	g1031	train
ENSE00001625249_009	g1031	train
ENSE00001625249_010	g1031	train
ENSE00001625249_011	g1031	train
ENSE00001625249_012	g1031	train
ENSE00001625249_013	g1031	train
ENSE00001625249_014	g1031	train
ENSE00001625249_015	g1031	train
ENSE00001625249_016	g1031	train
ENSE00001625249_018	g1031	train
ENSE00001625249_024	g1031	train
ENSE00001625249_025	g1031	train
ENSE00001625323_001	g0559	train
ENSE00001625323_002	g0559	train
ENSE00001625323_011	g0559	train
ENSE00001625323_022	g0559	train
ENSE00001625323_025	g0559	train
ENSE00001625323_027	g0559	train
ENSE00001625403_005	g1005	train
ENSE00001625403_006	g1005	train
ENSE00001625403_008	g1005	train
ENSE00001625403_009	g1005	train
ENSE00001625403_011	g1005	train
ENSE00001625403_012	g1005	train
ENSE00001625403_015	g1005	train
ENSE00001625403_017	g1005	train
ENSE00001625403_018	g1005	train
ENSE00001625403_021	g1005	train
ENSE00001625403_022	g1005	train
ENSE00001625403_023	g1005	train
ENSE00001625403_024	g1005	train
ENSE00001625403_026	g1005	train
ENSE00001625471_001	g0533	train
ENSE00001625471_002	g0533	train
ENSE00001625471_004	g0533	train
ENSE00001625471_005	g0533	train
ENSE00001625471_006	g0533	train
ENSE00001625471_007	g0533	train
ENSE00001625471_008	g0533	train
ENSE00001625471_009	g0533	train
ENSE00001625471_010	g0533	train
ENSE00001625471_011	g0533	train
ENSE00001625471_012	g0533	train
ENSE00001625471_013	g0533	train
ENSE00001625471_015	g0533	train
ENSE00001625471_016	g0533	train
ENSE00001625627_004	g0456	test
ENSE00001625627_007	g0456	test
ENSE00001625627_010	g0456	test
ENSE00001625627_012	g0456	test
ENSE00001625627_014	g0456	test
ENSE00001625627_015	g0456	test
ENSE00001625627_019	g0456	test
ENSE00001625627_024	g0456	test
ENSE00001626662_006	g0981	train
ENSE00001626662_007	g0981	train
ENSE00001626662_009	g0981	train
ENSE00001626662_010	g0981	train
ENSE00001626662_011	g0981	train
ENSE00001626662_014	g0981	train
ENSE00001626662_015	g0981	train
ENSE00001626662_016	g0981	train
ENSE00001626662_017	g0981	train
ENSE00001626662_018	g0981	train
ENSE00001626662_019	g0981	train
ENSE00001626662_022	g0981	train
ENSE00001626662_023	g0981	train
ENSE00001626662_026	g0981	train
ENSE00001626662_027	g0981	train
ENSE00001626662_028	g0981	train
ENSE00001627308_003	g1032	train
ENSE00001627308_004	g1032	train
ENSE00001627308_005	g1032	train
ENSE00001627308_006	g1032	train
ENSE00001627308_007	g1032	train
ENSE00001628285_002	g1019	train
ENSE00001628285_004	g1019	train
ENSE00001628285_005	g1019	train
ENSE00001628285_006	g1019	train
ENSE00001628285_007	g1019	train
ENSE00001628285_009	g1019	train
ENSE00001628285_010	g1019	train
ENSE00001628285_012	g1019	train
ENSE00001628285_013	g1019	train
ENSE00001628285_015	g1019	train
ENSE00001628285_016	g1019	train
ENSE00001628572_001	g1033	train
ENSE00001628572_002	g1033	train
ENSE00001628572_003	g1033	train
ENSE00001628572_004	g1033	train
ENSE00001628572_007	g1033	train
ENSE00001628572_008	g1033	train
ENSE00001628572_010	g1033	train
ENSE00001628572_011	g1033	train
ENSE00001628572_013	g1033	train
ENSE00001628572_014	g1033	train
ENSE00001628572_015	g1033	train
ENSE00001628572_016	g1033	train
ENSE00001628572_022	g1033	train
ENSE00001628572_033	g1033	train
ENSE00001628677_001	g1034	train
ENSE00001628677_002	g1034	train
ENSE00001628677_003	g1034	train
ENSE00001628677_004	g1034	train
ENSE00001628677_006	g1034	train
ENSE00001628677_007	g1034	train
ENSE00001628677_008	g1034	train
ENSE00001628677_010	g1034	train
ENSE00001628677_011	g1034	train
ENSE00001628677_012	g1034	train
ENSE00001628677_013	g1034	train
ENSE00001628677_014	g1034	train
ENSE00001628677_016	g1034	train
ENSE00001628677_017	g1034	train
ENSE00001628677_018	g1034	train
ENSE00001628677_019	g1034	train
ENSE00001629189_016	g1035	train
ENSE00001629231_001	g0569	train
ENSE00001629231_003	g0569	train
ENSE00001629231_006	g0569	train
ENSE00001629231_007	g0569	train
ENSE00001629231_012	g0569	train
ENSE00001629231_014	g0569	train
ENSE00001629231_017	g0569	train
ENSE00001629231_018	g0569	train
ENSE00001629231_022	g0569	train
ENSE00001629231_024	g0569	train
ENSE00001629231_025	g0569	train
ENSE00001629650_002	g1036	train
ENSE00001629650_003	g1036	train
ENSE00001629650_004	g1036	train
ENSE00001629650_007	g1036	train
ENSE00001629650_008	g1036	train
ENSE00001629650_009	g1036	train
ENSE00001629650_011	g1036	train
ENSE00001629650_012	g1036	train
ENSE00001629650_014	g1036	train
ENSE00001629650_015	g1036	train
ENSE00001629650_016	g1036	train
ENSE00001629650_017	g1036	train
ENSE00001629650_018	g1036	train
ENSE00001629985_003	g1037	train
ENSE00001629985_004	g1037	train
ENSE00001629985_005	g1037	train
ENSE00001629985_010	g1037	train
ENSE00001629985_012	g1037	train
ENSE00001630121_017	g1038	train
ENSE00001632092_002	g1039	train
ENSE00001632092_004	g1039	train
ENSE00001632092_005	g1039	train
ENSE00001632092_007	g1039	train
ENSE00001632092_008	g1039	train
ENSE00001632092_009	g1039	train
ENSE00001632092_010	g1039	train
ENSE00001632119_002	g1040	train
ENSE00001632119_006	g1040	train
ENSE00001632119_009	g1040	train
ENSE00001632119_014	g1040	train
ENSE00001632380_011	g0456	test
ENSE00001632380_015	g0456	test
ENSE00001632380_025	g0456	test
ENSE00001632653_005	g0559	train
ENSE00001632653_007	g0559	train
ENSE00001632653_008	g0559	train
ENSE00001632653_016	g0559	train
ENSE00001632653_018	g0559	train
ENSE00001632875_001	g1041	train
ENSE00001632875_002	g1041	train
ENSE00001632875_004	g1041	train
ENSE00001632875_005	g1041	train
ENSE00001632875_007	g1041	train
ENSE00001632875_008	g1041	train
ENSE00001632875_010	g1041	train
ENSE00001632875_011	g1041	train
ENSE00001632875_012	g1041	train
ENSE00001632875_013	g1041	train
ENSE00001632875_015	g1041	train
ENSE00001632875_016	g1041	train
ENSE00001632875_017	g1041	train
ENSE00001632875_018	g1041	train
ENSE00001632875_019	g1041	train
ENSE00001632875_020	g1041	train
ENSE00001632875_023	g1041	train
ENSE00001632875_024	g1041	train
ENSE00001632875_025	g1041	train
ENSE00001632875_026	g1041	train
ENSE00001632875_027	g1041	train
ENSE00001632875_029	g1041	train
ENSE00001634152_002	g1042	train
ENSE00001634152_003	g1042	train
ENSE00001634152_004	g1042	train
ENSE00001634152_005	g1042	train
ENSE00001634152_006	g1042	train
ENSE00001634152_007	g1042	train
ENSE00001634152_009	g1042	train
ENSE00001634152_011	g1042	train
ENSE00001634152_012	g1042	train
ENSE00001634152_013	g1042	train
ENSE00001634152_014	g1042	train
ENSE00001634152_015	g1042	train
ENSE00001635067_005	g1043	test
ENSE00001635067_011	g1043	test
ENSE00001635067_012	g1043	test
ENSE00001635067_013	g1043	test
ENSE00001635067_016	g1043	test
ENSE00001635067_017	g1043	test
ENSE00001635067_019	g1043	test
ENSE00001635067_021	g1043	test
ENSE00001635067_023	g1043	test
ENSE00001635067_025	g1043	test
ENSE00001635067_027	g1043	test
ENSE00001635067_028	g1043	test
ENSE00001635103_001	g1044	train
ENSE00001635103_003	g1044	train
ENSE00001635103_004	g1044	train
ENSE00001635103_005	g1044	train
ENSE00001635103_006	g1044	train
ENSE00001635103_007	g1044	train
ENSE00001635103_008	g1044	train
ENSE00001635103_009	g1044	train
ENSE00001635103_012	g1044	train
ENSE00001635103_013	g1044	train
ENSE00001635103_014	g1044	train
ENSE00001635103_016	g1044	train
ENSE00001635103_017	g1044	train
ENSE00001635103_019	g1044	train
ENSE00001635327_001	g1045	test
ENSE00001635327_002	g1045	test
ENSE00001635327_003	g1045	test
ENSE00001635327_004	g1045	test
ENSE00001635327_005	g1045	test
ENSE00001635327_006	g1045	test
ENSE00001635327_007	g1045	test
ENSE00001635327_008	g1045	test
ENSE00001635327_009	g1045	test
ENSE00001635327_010	g1045	test
ENSE00001635327_013	g1045	test
ENSE00001635327_015	g1045	test
ENSE00001635327_016	g1045	test
ENSE00001635327_017	g1045	test
ENSE00001635327_019	g1045	test
ENSE00001635327_020	g1045	test
ENSE00001635327_022	g1045	test
ENSE00001635327_024	g1045	test
ENSE00001635327_025	g1045	test
ENSE00001635327_026	g1045	test
ENSE00001635327_027	g1045	test
ENSE00001635327_028	g1045	test
ENSE00001635327_029	g1045	test
ENSE00001636485_004	g1046	train
ENSE00001636485_006	g1046	train
ENSE00001636485_007	g1046	train
ENSE00001636485_008	g1046	train
ENSE00001636485_012	g1046	train
ENSE00001636485_013	g1046	train
ENSE00001636485_014	g1046	train
ENSE00001636485_018	g1046	train
ENSE00001636485_019	g1046	train
ENSE00001636485_020	g1046	train
ENSE00001637247_001	g0218	train
ENSE00001637247_002	g0218	train
ENSE00001637247_003	g0218	train
ENSE00001637247_004	g0218	train
ENSE00001637247_005	g0218	train
ENSE00001637247_006	g0218	train
ENSE00001637247_007	g0218	train
ENSE00001637247_008	g0218	train
ENSE00001637332_010	g1047	train
ENSE00001637332_013	g1047	train
ENSE00001637332_017	g1047	train
ENSE00001638395_001	g1034	train
ENSE00001638395_004	g1034	train
ENSE00001638395_009	g1034	train
ENSE00001638395_010	g1034	train
ENSE00001638395_013	g1034	train
ENSE00001638395_014	g1034	train
ENSE00001638395_015	g1034	train
ENSE00001638395_018	g1034	train
ENSE00001638395_019	g1034	train
ENSE00001638395_020	g1034	train
ENSE00001638836_001	g1048	train
ENSE00001638836_002	g1048	train
ENSE00001638836_003	g1048	train
ENSE00001638836_004	g1048	train
ENSE00001638836_005	g1048	train
ENSE00001638836_008	g1048	train
ENSE00001638836_009	g1048	train
ENSE00001638836_010	g1048	train
ENSE00001638836_013	g1048	train
ENSE00001638836_018	g1048	train
ENSE00001638836_020	g1048	train
ENSE00001638836_022	g1048	train
ENSE00001638836_024	g1048	train
ENSE00001638836_025	g1048	train
ENSE00001638836_027	g1048	train
ENSE00001638836_028	g1048	train
ENSE00001638836_033	g1048	train
ENSE00001638909_001	g1049	train
ENSE00001638909_002	g1049	train
ENSE00001638909_006	g1049	train
ENSE00001638909_007	g1049	train
ENSE00001638909_008	g1049	train
ENSE00001638909_009	g1049	train
ENSE00001638909_010	g1049	train
ENSE00001638909_011	g1049	train
ENSE00001638909_012	g1049	train
ENSE00001638909_013	g1049	train
ENSE00001638909_014	g1049	train
ENSE00001638909_016	g1049	train
ENSE00001638909_020	g1049	train
ENSE00001638909_021	g1049	train
ENSE00001638909_023	g1049	train
ENSE00001638909_024	g1049	train
ENSE00001638909_025	g1049	train
ENSE00001638909_026	g1049	train
ENSE00001638909_027	g1049	train
ENSE00001638909_028	g1049	train
ENSE00001638909_029	g1049	train
ENSE00001639156_002	g1019	train
ENSE00001639156_003	g1019	train
ENSE00001639156_006	g1019	train
ENSE00001639156_007	g1019	train
ENSE00001639156_008	g1019	train
ENSE00001639156_009	g1019	train
ENSE00001639156_010	g1019	train
ENSE00001639156_011	g1019	train
ENSE00001639156_013	g1019	train
ENSE00001639156_014	g1019	train
ENSE00001639156_015	g1019	train
ENSE00001639453_007	g1050	train
ENSE00001639529_001	g0559	train
ENSE00001639529_002	g0559	train
ENSE00001639529_004	g0559	train
ENSE00001639529_005	g0559	train
ENSE00001639529_006	g0559	train
ENSE00001639529_007	g0559	train
ENSE00001639529_008	g0559	train
ENSE00001639529_009	g0559	train
ENSE00001639529_010	g0559	train
ENSE00001639529_011	g0559	train
ENSE00001639529_012	g0559	train
ENSE00001639529_013	g0559	train
ENSE00001639529_014	g0559	train
ENSE00001639529_015	g0559	train
ENSE00001639529_016	g0559	train
ENSE00001639529_017	g0559	train
ENSE00001639529_018	g0559	train
ENSE00001639529_019	g0559	train
ENSE00001639529_020	g0559	train
ENSE00001639529_021	g0559	train
ENSE00001639529_022	g0559	train
ENSE00001639529_023	g0559	train
ENSE00001639529_024	g0559	train
ENSE00001639529_025	g0559	train
ENSE00001639529_026	g0559	train
ENSE00001639529_027	g0559	train
ENSE00001639529_028	g0559	train
ENSE00001639529_029	g0559	train
ENSE00001639529_030	g0559	train
ENSE00001639984_001	g1051	test
ENSE00001639984_002	g1051	test
ENSE00001639984_003	g1051	test
ENSE00001639984_004	g1051	test
ENSE00001639984_005	g1051	test
ENSE00001639984_006	g1051	test
ENSE00001639984_007	g1051	test
ENSE00001639984_008	g1051	test
ENSE00001639984_009	g1051	test
ENSE00001639984_011	g1051	test
ENSE00001639984_018	g1051	test
ENSE00001639984_020	g1051	test
ENSE00001639984_021	g1051	test
ENSE00001639984_022	g1051	test
ENSE00001639984_023	g1051	test
ENSE00001639984_024	g1051	test
ENSE00001639984_025	g1051	test
ENSE00001639984_026	g1051	test
ENSE00001639984_027	g1051	test
ENSE00001639984_028	g1051	test
ENSE00001639984_029	g1051	test
ENSE00001639984_030	g1051	test
ENSE00001640206_002	g1016	train
ENSE00001640206_005	g1016	train
ENSE00001640206_006	g1016	train
ENSE00001640206_007	g1016	train
ENSE00001640206_008	g1016	train
ENSE00001640206_011	g1016	train
ENSE00001640206_012	g1016	train
ENSE00001640206_014	g1016	train
ENSE00001640206_016	g1016	train
ENSE00001640206_017	g1016	train
ENSE00001640621_001	g1052	train
ENSE00001640621_005	g1052	train
ENSE00001640621_007	g1052	train
ENSE00001640621_010	g1052	train
ENSE00001640621_013	g1052	train
ENSE00001640621_017	g1052	train
ENSE00001640621_019	g1052	train
ENSE00001640621_021	g1052	train
ENSE00001640621_022	g1052	train
ENSE00001640621_024	g1052	train
ENSE00001642061_004	g1053	test
ENSE00001642061_010	g1053	test
ENSE00001642061_015	g1053	test
ENSE00001642061_021	g1053	test
ENSE00001642061_024	g1053	test
ENSE00001642210_001	g1054	test
ENSE00001642210_002	g1054	test
ENSE00001642210_003	g1054	test
ENSE00001642210_004	g1054	test
ENSE00001642210_006	g1054	test
ENSE00001642210_008	g1054	test
ENSE00001642210_009	g1054	test
ENSE00001642210_010	g1054	test
ENSE00001642210_011	g1054	test
ENSE00001642210_012	g1054	test
ENSE00001642210_014	g1054	test
ENSE00001642361_001	g1055	train
ENSE00001642361_002	g1055	train
ENSE00001642361_006	g1055	train
ENSE00001642361_007	g1055	train
ENSE00001642361_009	g1055	train
ENSE00001642361_012	g1055	train
ENSE00001642461_005	g0218	train
ENSE00001642461_008	g0218	train
ENSE00001642461_010	g0218	train
ENSE00001642461_011	g0218	train
ENSE00001642461_013	g0218	train
ENSE00001642461_014	g0218	train
ENSE00001642477_002	g1056	train
ENSE00001642477_010	g1056	train
ENSE00001642477_014	g1056	train
ENSE00001642477_015	g1056	train
ENSE00001642477_016	g1056	train
ENSE00001642477_020	g1056	train
ENSE00001642477_021	g1056	train
ENSE00001642477_023	g1056	train
ENSE00001642477_027	g1056	train
ENSE00001642477_030	g1056	train
ENSE00001642477_032	g1056	train
ENSE00001642477_034	g1056	train
ENSE00001643037_001	g0989	test
ENSE00001643037_003	g0989	test
ENSE00001643037_005	g0989	test
ENSE00001643037_007	g0989	test
ENSE00001643037_008	g0989	test
ENSE00001643037_009	g0989	test
ENSE00001643037_010	g0989	test
ENSE00001643037_011	g0989	test
ENSE00001643037_012	g0989	test
ENSE00001643037_014	g0989	test
ENSE00001643037_017	g0989	test
ENSE00001643037_018	g0989	test
ENSE00001643037_020	g0989	test
ENSE00001643037_021	g0989	test
ENSE00001643037_023	g0989	test
ENSE00001643037_024	g0989	test
ENSE00001644049_001	g0456	test
ENSE00001644049_002	g0456	test
ENSE00001644049_003	g0456	test
ENSE00001644049_004	g0456	test
ENSE00001644049_005	g0456	test
ENSE00001644049_006	g0456	test
ENSE00001644049_007	g0456	test
ENSE00001644049_008	g0456	test
ENSE00001644049_009	g0456	test
ENSE00001644049_011	g0456	test
ENSE00001644049_013	g0456	test
ENSE00001644049_014	g0456	test
ENSE00001644049_015	g0456	test
ENSE00001644049_016	g0456	test
ENSE00001644049_017	g0456	test
ENSE00001644049_018	g0456	test
ENSE00001644049_019	g0456	test
ENSE00001644049_020	g0456	test
ENSE00001644049_021	g0456	test
ENSE00001644049_022	g0456	test
ENSE00001644049_023	g0456	test
ENSE00001644049_024	g0456	test
ENSE00001644049_025	g0456	test
ENSE00001644049_026	g0456	test
ENSE00001644049_027	g0456	test
ENSE00001644164_001	g1057	train
ENSE00001644164_002	g1057	train
ENSE00001644164_003	g1057	train
ENSE00001644164_004	g1057	train
ENSE00001644164_005	g1057	train
ENSE00001644164_006	g1057	train
ENSE00001644164_009	g1057	train
ENSE00001644164_015	g1057	train
ENSE00001644164_024	g1057	train
ENSE00001644541_001	g0656	train
ENSE00001644541_023	g0656	train
ENSE00001644701_003	g0981	train
ENSE00001644701_005	g0981	train
ENSE00001644701_006	g0981	train
ENSE00001644701_007	g0981	train
ENSE00001644701_008	g0981	train
ENSE00001644701_009	g0981	train
ENSE00001644701_010	g0981	train
ENSE00001644701_012	g0981	train
ENSE00001644701_013	g0981	train
ENSE00001644701_014	g0981	train
ENSE00001644701_015	g0981	train
ENSE00001644701_017	g0981	train
ENSE00001644701_018	g0981	train
ENSE00001644701_022	g0981	train
ENSE00001644701_023	g0981	train
ENSE00001644701_024	g0981	train
ENSE00001645115_001	g1035	train
ENSE00001645115_002	g1035	train
ENSE00001645115_003	g1035	train
ENSE00001645115_004	g1035	train
ENSE00001645115_005	g1035	train
ENSE00001645115_006	g1035	train
ENSE00001645115_009	g1035	train
ENSE00001645115_011	g1035	train
ENSE00001645115_014	g1035	train
ENSE00001645115_016	g1035	train
ENSE00001645115_017	g1035	train
ENSE00001645115_020	g1035	train
ENSE00001645115_022	g1035	train
ENSE00001645115_023	g1035	train
ENSE00001645639_002	g0750	train
ENSE00001645639_003	g0750	train
ENSE00001645639_014	g0750	train
ENSE00001645667_001	g1040	train
ENSE00001645667_004	g1040	train
ENSE00001645667_007	g1040	train
ENSE00001645667_008	g1040	train
ENSE00001645667_009	g1040	train
ENSE00001645667_013	g1040	train
ENSE00001645667_014	g1040	train
ENSE00001645667_017	g1040	train
ENSE00001645667_019	g1040	train
ENSE00001645667_021	g1040	train
ENSE00001645667_022	g1040	train
ENSE00001646088_001	g1058	train
ENSE00001646088_002	g1058	train
ENSE00001646088_004	g1058	train
ENSE00001646088_005	g1058	train
ENSE00001646088_006	g1058	train
ENSE00001646088_009	g1058	train
ENSE00001646088_010	g1058	train
ENSE00001646088_011	g1058	train
ENSE00001646088_012	g1058	train
ENSE00001646088_015	g1058	train
ENSE00001646088_016	g1058	train
ENSE00001647173_005	g1059	test
ENSE00001647173_006	g1059	test
ENSE00001647173_008	g1059	test
ENSE00001647173_009	g1059	test
ENSE00001647173_016	g1059	test
ENSE00001647173_019	g1059	test
ENSE00001647173_020	g1059	test
ENSE00001647173_022	g1059	test
ENSE00001647173_023	g1059	test
ENSE00001647173_024	g1059	test
ENSE00001647198_001	g1060	train
ENSE00001647405_002	g1061	train
ENSE00001647405_009	g1061	train
ENSE00001647405_011	g1061	train
ENSE00001647405_013	g1061	train
ENSE00001647405_014	g1061	train
ENSE00001647405_015	g1061	train
ENSE00001647405_016	g1061	train
ENSE00001647405_017	g1061	train
ENSE00001647405_019	g1061	train
ENSE00001647737_001	g1062	train
ENSE00001647737_004	g1062	train
ENSE00001647737_008	g1062	train
ENSE00001647737_009	g1062	train
ENSE00001647737_010	g1062	train
ENSE00001647737_011	g1062	train
ENSE00001647737_012	g1062	train
ENSE00001647737_015	g1062	train
ENSE00001648073_001	g0559	train
ENSE00001648073_002	g0559	train
ENSE00001648073_005	g0559	train
ENSE00001648073_006	g0559	train
ENSE00001648073_010	g0559	train
ENSE00001648073_012	g0559	train
ENSE00001648073_014	g0559	train
ENSE00001648073_015	g0559	train
ENSE00001648073_016	g0559	train
ENSE00001648073_017	g0559	train
ENSE00001648073_018	g0559	train
ENSE00001649206_001	g1063	train
ENSE00001649206_002	g1063	train
ENSE00001649206_003	g1063	train
ENSE00001649206_004	g1063	train
ENSE00001649206_005	g1063	train
ENSE00001649206_006	g1063	train
ENSE00001649206_007	g1063	train
ENSE00001649206_008	g1063	train
ENSE00001649206_009	g1063	train
ENSE00001649206_010	g1063	train
ENSE00001649206_013	g1063	train
ENSE00001649206_014	g1063	train
ENSE00001649206_015	g1063	train
ENSE00001649206_016	g1063	train
ENSE00001649206_017	g1063	train
ENSE00001649206_018	g1063	train
ENSE00001649206_019	g1063	train
ENSE00001649206_020	g1063	train
ENSE00001649206_021	g1063	train
ENSE00001649206_023	g1063	train
ENSE00001649206_024	g1063	train
ENSE00001649206_025	g1063	train
ENSE00001649206_026	g1063	train
ENSE00001649206_027	g1063	train
ENSE00001649206_028	g1063	train
ENSE00001649911_007	g1064	train
ENSE00001649911_010	g1064	train
ENSE00001649911_014	g1064	train
ENSE00001649956_001	g1065	train
ENSE00001649956_002	g1065	train
ENSE00001649956_003	g1065	train
ENSE00001649956_005	g1065	train
ENSE00001649956_006	g1065	train
ENSE00001649956_007	g1065	train
ENSE00001649956_008	g1065	train
ENSE00001649956_009	g1065	train
ENSE00001649956_011	g1065	train
ENSE00001649956_012	g1065	train
ENSE00001649956_013	g1065	train
ENSE00001649956_014	g1065	train
ENSE00001649956_015	g1065	train
ENSE00001649956_017	g1065	train
ENSE00001649956_018	g1065	train
ENSE00001649956_019	g1065	train
ENSE00001649956_020	g1065	train
ENSE00001649956_021	g1065	train
ENSE00001649956_022	g1065	train
ENSE00001650565_004	g1056	train
ENSE00001650565_005	g1056	train
ENSE00001650565_008	g1056	train
ENSE00001650565_010	g1056	train
ENSE00001650565_012	g1056	train
ENSE00001650565_013	g1056	train
ENSE00001650565_014	g1056	train
ENSE00001650565_016	g1056	train
ENSE00001650565_020	g1056	train
ENSE00001650565_022	g1056	train
ENSE00001650565_024	g1056	train
ENSE00001650565_025	g1056	train
ENSE00001650565_027	g1056	train
ENSE00001650565_028	g1056	train
ENSE00001650565_029	g1056	train
ENSE00001650689_002	g1066	test
ENSE00001650689_007	g1066	test
ENSE00001650689_009	g1066	test
ENSE00001650689_012	g1066	test
ENSE00001650689_013	g1066	test
ENSE00001650689_014	g1066	test
ENSE00001650689_016	g1066	test
ENSE00001650689_019	g1066	test
ENSE00001650689_021	g1066	test
ENSE00001650689_022	g1066	test
ENSE00001650689_024	g1066	test
ENSE00001650689_027	g1066	test
ENSE00001650689_031	g1066	test
ENSE00001650689_032	g1066	test
ENSE00001650689_033	g1066	test
ENSE00001650689_034	g1066	test
ENSE00001650689_035	g1066	test
ENSE00001650689_036	g1066	test
ENSE00001650689_037	g1066	test
ENSE00001650689_039	g1066	test
ENSE00001650838_001	g0477	test
ENSE00001650838_002	g0477	test
ENSE00001650838_003	g0477	test
ENSE00001650838_005	g0477	test
ENSE00001650838_006	g0477	test
ENSE00001650838_007	g0477	test
ENSE00001650838_008	g0477	test
ENSE00001650838_009	g0477	test
ENSE00001650838_010	g0477	test
ENSE00001650838_011	g0477	test
ENSE00001650838_013	g0477	test
ENSE00001650838_015	g0477	test
ENSE00001650838_016	g0477	test
ENSE00001650929_001	g0456	test
ENSE00001650929_004	g0456	test
ENSE00001650929_006	g0456	test
ENSE00001650929_007	g0456	test
ENSE00001650929_008	g0456	test
ENSE00001650929_009	g0456	test
ENSE00001650929_011	g0456	test
ENSE00001650929_016	g0456	test
ENSE00001650929_018	g0456	test
ENSE00001650929_019	g0456	test
ENSE00001650929_022	g0456	test
ENSE00001650977_001	g1067	train
ENSE00001650977_002	g1067	train
ENSE00001650977_004	g1067	train
ENSE00001650977_007	g1067	train
ENSE00001650977_010	g1067	train
ENSE00001650977_014	g1067	train
ENSE00001650977_015	g1067	train
ENSE00001650977_016	g1067	train
ENSE00001650977_021	g1067	train
ENSE00001650977_023	g1067	train
ENSE00001651121_002	g0295	test
ENSE00001651121_003	g0295	test
ENSE00001651121_004	g0295	test
ENSE00001651121_005	g0295	test
ENSE00001651121_006	g0295	test
ENSE00001651121_008	g0295	test
ENSE00001651121_009	g0295	test
ENSE00001651121_010	g0295	test
ENSE00001651121_012	g0295	test
ENSE00001651121_013	g0295	test
ENSE00001651121_014	g0295	test
ENSE00001651121_015	g0295	test
ENSE00001651121_016	g0295	test
ENSE00001651121_017	g0295	test
ENSE00001651331_005	g1030	train
ENSE00001651331_009	g1030	train
ENSE00001651331_010	g1030	train
ENSE00001651331_018	g1030	train
ENSE00001651331_020	g1030	train
ENSE00001651331_022	g1030	train
ENSE00001651596_002	g1068	train
ENSE00001651596_003	g1068	train
ENSE00001651596_005	g1068	train
ENSE00001651596_006	g1068	train
ENSE00001651596_008	g1068	train
ENSE00001652578_001	g0996	train
ENSE00001652578_002	g0996	train
ENSE00001652578_003	g0996	train
ENSE00001652578_004	g0996	train
ENSE00001652578_006	g0996	train
ENSE00001652578_007	g0996	train
ENSE00001652578_012	g0996	train
ENSE00001652578_013	g0996	train
ENSE00001652578_014	g0996	train
ENSE00001652578_016	g0996	train
ENSE00001652578_019	g0996	train
ENSE00001652578_020	g0996	train
ENSE00001652578_021	g0996	train
ENSE00001652578_022	g0996	train
ENSE00001652578_023	g0996	train
ENSE00001652578_024	g0996	train
ENSE00001652578_025	g0996	train
ENSE00001652578_026	g0996	train
ENSE00001652578_027	g0996	train
ENSE00001652796_001	g1069	train
ENSE00001652796_002	g1069	train
ENSE00001652796_003	g1069	train
ENSE00001652796_004	g1069	train
ENSE00001652796_006	g1069	train
ENSE00001652796_007	g1069	train
ENSE00001652796_008	g1069	train
ENSE00001652796_010	g1069	train
ENSE00001652806_001	g1070	train
ENSE00001652806_002	g1070	train
ENSE00001652806_003	g1070	train
ENSE00001652806_004	g1070	train
ENSE00001652806_005	g1070	train
ENSE00001652806_006	g1070	train
ENSE00001652806_007	g1070	train
ENSE00001652806_008	g1070	train
ENSE00001652806_009	g1070	train
ENSE00001652806_010	g1070	train
ENSE00001652806_011	g1070	train
ENSE00001652806_014	g1070	train
ENSE00001652806_015	g1070	train
ENSE00001652806_016	g1070	train
ENSE00001652806_018	g1070	train
ENSE00001652806_020	g1070	train
ENSE00001652806_021	g1070	train
ENSE00001652806_022	g1070	train
ENSE00001653697_001	g0516	test
ENSE00001653697_002	g0516	test
ENSE00001653697_003	g0516	test
ENSE00001653697_004	g0516	test
ENSE00001653697_005	g0516	test
ENSE00001653697_006	g0516	test
ENSE00001653697_007	g0516	test
ENSE00001653697_008	g0516	test
ENSE00001653697_009	g0516	test
ENSE00001653697_010	g0516	test
ENSE00001653697_011	g0516	test
ENSE00001653697_012	g0516	test
ENSE00001653697_013	g0516	test
ENSE00001653697_014	g0516	test
ENSE00001653697_015	g0516	test
ENSE00001653697_016	g0516	test
ENSE00001653697_017	g0516	test
ENSE00001653697_018	g0516	test
ENSE00001653697_019	g0516	test
ENSE00001653697_021	g0516	test
ENSE00001653953_002	g1071	test
ENSE00001653953_003	g1071	test
ENSE00001653953_004	g1071	test
ENSE00001653953_006	g1071	test
ENSE00001653953_008	g1071	test
ENSE00001653953_010	g1071	test
ENSE00001653953_011	g1071	test
ENSE00001653953_015	g1071	test
ENSE00001653953_016	g1071	test
ENSE00001653953_017	g1071	test
ENSE00001653953_018	g1071	test
ENSE00001653953_021	g1071	test
ENSE00001653953_022	g1071	test
ENSE00001653953_023	g1071	test
ENSE00001653953_024	g1071	test
ENSE00001653953_027	g1071	test
ENSE00001653953_028	g1071	test
ENSE00001653953_029	g1071	test
ENSE00001653953_030	g1071	test
ENSE00001653953_031	g1071	test
ENSE00001653953_032	g1071	test
ENSE00001653953_033	g1071	test
ENSE00001653953_034	g1071	test
ENSE00001653953_035	g1071	test
ENSE00001654867_001	g1072	train
ENSE00001654867_002	g1072	train
ENSE00001654867_003	g1072	train
ENSE00001654867_009	g1072	train
ENSE00001654867_011	g1072	train
ENSE00001654867_014	g1072	train
ENSE00001654867_015	g1072	train
ENSE00001654867_017	g1072	train
ENSE00001654867_018	g1072	train
ENSE00001654867_020	g1072	train
ENSE00001654867_022	g1072	train
ENSE00001654905_006	g1073	test
ENSE00001654905_008	g1073	test
ENSE00001654942_001	g1074	train
ENSE00001654942_002	g1074	train
ENSE00001654942_003	g1074	train
ENSE00001654942_004	g1074	train
ENSE00001654942_005	g1074	train
ENSE00001654942_006	g1074	train
ENSE00001654942_007	g1074	train
ENSE00001654942_008	g1074	train
ENSE00001654942_009	g1074	train
ENSE00001654942_011	g1074	train
ENSE00001654942_012	g1074	train
ENSE00001654942_013	g1074	train
ENSE00001654942_014	g1074	train
ENSE00001654942_016	g1074	train
ENSE00001654942_017	g1074	train
ENSE00001654942_018	g1074	train
ENSE00001654942_019	g1074	train
ENSE00001654942_021	g1074	train
ENSE00001654942_022	g1074	train
ENSE00001654942_023	g1074	train
ENSE00001655129_001	g0973	train
ENSE00001655129_002	g0973	train
ENSE00001655129_004	g0973	train
ENSE00001655129_005	g0973	train
ENSE00001655129_006	g0973	train
ENSE00001655129_007	g0973	train
ENSE00001655129_009	g0973	train
ENSE00001655129_010	g0973	train
ENSE00001655129_011	g0973	train
ENSE00001655129_014	g0973	train
ENSE00001655129_016	g0973	train
ENSE00001655129_017	g0973	train
ENSE00001655129_018	g0973	train
ENSE00001655129_019	g0973	train
ENSE00001655129_022	g0973	train
ENSE00001655129_023	g0973	train
ENSE00001655129_024	g0973	train
ENSE00001655129_025	g0973	train
ENSE00001655129_026	g0973	train
ENSE00001655129_027	g0973	train
ENSE00001655129_028	g0973	train
ENSE00001655129_029	g0973	train
ENSE00001655129_030	g0973	train
ENSE00001655129_031	g0973	train
ENSE00001655129_032	g0973	train
ENSE00001655385_005	g1001	train
ENSE00001655385_011	g1001	train
ENSE00001655385_013	g1001	train
ENSE00001655385_017	g1001	train
ENSE00001655385_027	g1001	train
ENSE00001655385_040	g1001	train
ENSE00001656503_001	g1075	test
ENSE00001656503_002	g1075	test
ENSE00001656503_003	g1075	test
ENSE00001656503_004	g1075	test
ENSE00001656503_007	g1075	test
ENSE00001656503_010	g1075	test
ENSE00001656503_013	g1075	test
ENSE00001656503_014	g1075	test
ENSE00001656503_015	g1075	test
ENSE00001656503_016	g1075	test
ENSE00001656503_017	g1075	test
ENSE00001656503_018	g1075	test
ENSE00001656503_019	g1075	test
ENSE00001656503_020	g1075	test
ENSE00001656503_022	g1075	test
ENSE00001656503_023	g1075	test
ENSE00001656503_025	g1075	test
ENSE00001656503_027	g1075	test
ENSE00001658157_001	g1001	train
ENSE00001658157_002	g1001	train
ENSE00001658157_003	g1001	train
ENSE00001658157_004	g1001	train
ENSE00001658157_005	g1001	train
ENSE00001658157_009	g1001	train
ENSE00001658157_010	g1001	train
ENSE00001658157_011	g1001	train
ENSE00001658157_012	g1001	train
ENSE00001658157_015	g1001	train
ENSE00001658157_017	g1001	train
ENSE00001658157_019	g1001	train
ENSE00001658157_020	g1001	train
ENSE00001658157_022	g1001	train
ENSE00001658157_023	g1001	train
ENSE00001658157_026	g1001	train
ENSE00001658157_027	g1001	train
ENSE00001658157_028	g1001	train
ENSE00001658157_031	g1001	train
ENSE00001658157_032	g1001	train
ENSE00001658520_001	g1076	train
ENSE00001658520_002	g1076	train
ENSE00001658520_003	g1076	train
ENSE00001658520_004	g1076	train
ENSE00001658520_006	g1076	train
ENSE00001658520_007	g1076	train
ENSE00001658520_008	g1076	train
ENSE00001658520_010	g1076	train
ENSE00001658520_011	g1076	train
ENSE00001658520_012	g1076	train
ENSE00001658520_013	g1076	train
ENSE00001658520_014	g1076	train
ENSE00001658520_015	g1076	train
ENSE00001658520_016	g1076	train
ENSE00001658520_017	g1076	train
ENSE00001658520_018	g1076	train
ENSE00001658520_019	g1076	train
ENSE00001658520_020	g1076	train
ENSE00001658520_021	g1076	train
ENSE00001658520_022	g1076	train
ENSE00001658520_023	g1076	train
ENSE00001658520_024	g1076	train
ENSE00001658520_025	g1076	train
ENSE00001658520_026	g1076	train
ENSE00001658520_027	g1076	train
ENSE00001658520_028	g1076	train
ENSE00001658520_029	g1076	train
ENSE00001658520_030	g1076	train
ENSE00001658520_031	g1076	train
ENSE00001659382_001	g1077	train
ENSE00001659382_002	g1077	train
ENSE00001659382_003	g1077	train
ENSE00001659382_004	g1077	train
ENSE00001659382_005	g1077	train
ENSE00001659382_007	g1077	train
ENSE00001659382_008	g1077	train
ENSE00001659382_010	g1077	train
ENSE00001659382_011	g1077	train
ENSE00001659382_013	g1077	train
ENSE00001659382_014	g1077	train
ENSE00001659382_015	g1077	train
ENSE00001659382_018	g1077	train
ENSE00001659382_019	g1077	train
ENSE00001659382_020	g1077	train
ENSE00001659382_021	g1077	train
ENSE00001659433_002	g1005	train
ENSE00001659433_004	g1005	train
ENSE00001659433_005	g1005	train
ENSE00001659433_015	g1005	train
ENSE00001659445_003	g1078	test
ENSE00001659445_006	g1078	test
ENSE00001659445_009	g1078	test
ENSE00001659445_011	g1078	test
ENSE00001659445_012	g1078	test
ENSE00001659778_015	g1079	train
ENSE00001660309_007	g1080	train
ENSE00001660309_008	g1080	train
ENSE00001660309_009	g1080	train
ENSE00001660309_010	g1080	train
ENSE00001660309_011	g1080	train
ENSE00001660309_012	g1080	train
ENSE00001660309_013	g1080	train
ENSE00001660309_014	g1080	train
ENSE00001660309_015	g1080	train
ENSE00001660309_016	g1080	train
ENSE00001660309_017	g1080	train
ENSE00001660309_018	g1080	train
ENSE00001660309_019	g1080	train
ENSE00001660309_021	g1080	train
ENSE00001660309_022	g1080	train
ENSE00001660611_001	g1081	train
ENSE00001660611_002	g1081	train
ENSE00001660611_003	g1081	train
ENSE00001660611_005	g1081	train
ENSE00001660611_008	g1081	train
ENSE00001660611_009	g1081	train
ENSE00001660611_011	g1081	train
ENSE00001660611_012	g1081	train
ENSE00001660611_013	g1081	train
ENSE00001660611_014	g1081	train
ENSE00001660611_016	g1081	train
ENSE00001660611_018	g1081	train
ENSE00001660611_019	g1081	train
ENSE00001660611_021	g1081	train
ENSE00001660611_022	g1081	train
ENSE00001660611_023	g1081	train
ENSE00001660611_024	g1081	train
ENSE00001661147_001	g1082	test
ENSE00001661147_004	g1082	test
ENSE00001661147_006	g1082	test
ENSE00001661147_009	g1082	test
ENSE00001661147_011	g1082	test
ENSE00001661147_016	g1082	test
ENSE00001662387_003	g1083	test
ENSE00001662387_004	g1083	test
ENSE00001662387_006	g1083	test
ENSE00001662388_002	g0045	train
ENSE00001662388_003	g0045	train
ENSE00001662388_005	g0045	train
ENSE00001662388_006	g0045	train
ENSE00001662388_007	g0045	train
ENSE00001662388_009	g0045	train
ENSE00001662388_010	g0045	train
ENSE00001662388_011	g0045	train
ENSE00001662388_012	g0045	train
ENSE00001662388_014	g0045	train
ENSE00001662388_016	g0045	train
ENSE00001662388_017	g0045	train
ENSE00001662388_019	g0045	train
ENSE00001662388_021	g0045	train
ENSE00001662388_022	g0045	train
ENSE00001662388_027	g0045	train
ENSE00001662388_028	g0045	train
ENSE00001662388_029	g0045	train
ENSE00001662388_030	g0045	train
ENSE00001662388_031	g0045	train
ENSE00001662971_001	g1084	test
ENSE00001662971_003	g1084	test
ENSE00001662971_004	g1084	test
ENSE00001662971_006	g1084	test
ENSE00001662971_008	g1084	test
ENSE00001662971_009	g1084	test
ENSE00001662971_010	g1084	test
ENSE00001662971_011	g1084	test
ENSE00001662971_013	g1084	test
ENSE00001662971_014	g1084	test
ENSE00001662971_015	g1084	test
ENSE00001662971_016	g1084	test
ENSE00001662971_018	g1084	test
ENSE00001662971_019	g1084	test
ENSE00001664070_001	g1085	train
ENSE00001664070_004	g1085	train
ENSE00001664070_005	g1085	train
ENSE00001664070_006	g1085	train
ENSE00001664070_008	g1085	train
ENSE00001664070_009	g1085	train
ENSE00001664070_011	g1085	train
ENSE00001664070_012	g1085	train
ENSE00001664070_013	g1085	train
ENSE00001664070_014	g1085	train
ENSE00001664070_015	g1085	train
ENSE00001664070_018	g1085	train
ENSE00001664070_021	g1085	train
ENSE00001664070_022	g1085	train
ENSE00001664070_023	g1085	train
ENSE00001664070_024	g1085	train
ENSE00001664070_026	g1085	train
ENSE00001664070_027	g1085	train
ENSE00001664111_001	g1086	train
ENSE00001664111_002	g1086	train
ENSE00001664111_004	g1086	train
ENSE00001664111_006	g1086	train
ENSE00001664111_007	g1086	train
ENSE00001664111_008	g1086	train
ENSE00001664111_009	g1086	train
ENSE00001664111_010	g1086	train
ENSE00001664111_011	g1086	train
ENSE00001664111_012	g1086	train
ENSE00001664111_013	g1086	train
ENSE00001664111_014	g1086	train
ENSE00001664111_015	g1086	train
ENSE00001664111_016	g1086	train
ENSE00001664111_019	g1086	train
ENSE00001664111_020	g1086	train
ENSE00001664111_022	g1086	train
ENSE00001665059_001	g1087	test
ENSE00001665059_002	g1087	test
ENSE00001665059_003	g1087	test
ENSE00001665059_005	g1087	test
ENSE00001665059_006	g1087	test
ENSE00001665059_007	g1087	test
ENSE00001665059_008	g1087	test
ENSE00001665059_009	g1087	test
ENSE00001665059_010	g1087	test
ENSE00001665059_012	g1087	test
ENSE00001665059_013	g1087	test
ENSE00001665059_014	g1087	test
ENSE00001665059_015	g1087	test
ENSE00001665059_016	g1087	test
ENSE00001665059_017	g1087	test
ENSE00001665059_021	g1087	test
ENSE00001665059_022	g1087	test
ENSE00001665537_001	g1088	train
ENSE00001665537_002	g1088	train
ENSE00001665537_003	g1088	train
ENSE00001665537_006	g1088	train
ENSE00001665537_008	g1088	train
ENSE00001665537_009	g1088	train
ENSE00001665537_010	g1088	train
ENSE00001665537_011	g1088	train
ENSE00001665537_012	g1088	train
ENSE00001665537_014	g1088	train
ENSE00001665537_015	g1088	train
ENSE00001665537_017	g1088	train
ENSE00001665537_018	g1088	train
ENSE00001665537_019	g1088	train
ENSE00001665537_020	g1088	train
ENSE00001665782_001	g1089	train
ENSE00001665782_002	g1089	train
ENSE00001665782_004	g1089	train
ENSE00001665782_005	g1089	train
ENSE00001665782_006	g1089	train
ENSE00001665782_007	g1089	train
ENSE00001665782_008	g1089	train
ENSE00001665782_009	g1089	train
ENSE00001665782_012	g1089	train
ENSE00001665782_013	g1089	train
ENSE00001665782_014	g1089	train
ENSE00001665782_017	g1089	train
ENSE00001665782_021	g1089	train
ENSE00001666005_001	g1090	test
ENSE00001666005_002	g1090	test
ENSE00001666005_006	g1090	test
ENSE00001666005_009	g1090	test
ENSE00001666005_010	g1090	test
ENSE00001666005_011	g1090	test
ENSE00001666005_012	g1090	test
ENSE00001666005_015	g1090	test
ENSE00001666005_017	g1090	test
ENSE00001666005_021	g1090	test
ENSE00001666005_022	g1090	test
ENSE00001666264_002	g1091	test
ENSE00001666264_004	g1091	test
ENSE00001666264_006	g1091	test
ENSE00001666264_008	g1091	test
ENSE00001666264_011	g1091	test
ENSE00001666264_012	g1091	test
ENSE00001666264_013	g1091	test
ENSE00001666264_015	g1091	test
ENSE00001666264_016	g1091	test
ENSE00001666264_018	g1091	test
ENSE00001666264_019	g1091	test
ENSE00001666264_020	g1091	test
ENSE00001666264_022	g1091	test
ENSE00001666264_023	g1091	test
ENSE00001666264_024	g1091	test
ENSE00001666348_005	g1092	train
ENSE00001666348_006	g1092	train
ENSE00001666348_007	g1092	train
ENSE00001666348_008	g1092	train
ENSE00001666348_009	g1092	train
ENSE00001666348_010	g1092	train
ENSE00001666348_011	g1092	train
ENSE00001666348_012	g1092	train
ENSE00001666348_013	g1092	train
ENSE00001666348_014	g1092	train
ENSE00001666348_015	g1092	train
ENSE00001666348_016	g1092	train
ENSE00001666348_017	g1092	train
ENSE00001666348_018	g1092	train
ENSE00001667108_001	g0973	train
ENSE00001667108_002	g0973	train
ENSE00001667108_003	g0973	train
ENSE00001667108_004	g0973	train
ENSE00001667108_006	g0973	train
ENSE00001667108_009	g0973	train
ENSE00001667108_011	g0973	train
ENSE00001667108_013	g0973	train
ENSE00001667108_017	g0973	train
ENSE00001667108_020	g0973	train
ENSE00001667108_027	g0973	train
ENSE00001667108_028	g0973	train
ENSE00001667108_029	g0973	train
ENSE00001667108_030	g0973	train
ENSE00001668372_001	g0042	train
ENSE00001668372_002	g0042	train
ENSE00001668372_003	g0042	train
ENSE00001668372_005	g0042	train
ENSE00001668372_006	g0042	train
ENSE00001668372_007	g0042	train
ENSE00001668372_008	g0042	train
ENSE00001668372_010	g0042	train
ENSE00001668372_011	g0042	train
ENSE00001668372_012	g0042	train
ENSE00001668372_013	g0042	train
ENSE00001668372_014	g0042	train
ENSE00001668372_017	g0042	train
ENSE00001668372_018	g0042	train
ENSE00001668372_019	g0042	train
ENSE00001668372_020	g0042	train
ENSE00001668372_021	g0042	train
ENSE00001668416_001	g0042	train
ENSE00001668416_002	g0042	train
ENSE00001668416_003	g0042	train
ENSE00001668416_004	g0042	train
ENSE00001668416_005	g0042	train
ENSE00001668416_006	g0042	train
ENSE00001668416_007	g0042	train
ENSE00001668416_008	g0042	train
ENSE00001668416_009	g0042	train
ENSE00001668416_010	g0042	train
ENSE00001668416_012	g0042	train
ENSE00001668416_013	g0042	train
ENSE00001668416_014	g0042	train
ENSE00001668416_015	g0042	train
ENSE00001668416_016	g0042	train
ENSE00001668416_017	g0042	train
ENSE00001668416_018	g0042	train
ENSE00001668703_004	g1093	test
ENSE00001668703_010	g1093	test
ENSE00001668703_012	g1093	test
ENSE00001668796_005	g0981	train
ENSE00001668796_006	g0981	train
ENSE00001668796_008	g0981	train
ENSE00001668796_009	g0981	train
ENSE00001668796_011	g0981	train
ENSE00001669553_001	g1094	train
ENSE00001669553_003	g1094	train
ENSE00001669553_004	g1094	train
ENSE00001669553_005	g1094	train
ENSE00001669553_006	g1094	train
ENSE00001669553_007	g1094	train
ENSE00001669553_008	g1094	train
ENSE00001669553_009	g1094	train
ENSE00001669553_010	g1094	train
ENSE00001669553_011	g1094	train
ENSE00001669553_012	g1094	train
ENSE00001669553_013	g1094	train
ENSE00001669553_014	g1094	train
ENSE00001669553_015	g1094	train
ENSE00001669553_016	g1094	train
ENSE00001669553_017	g1094	train
ENSE00001669553_018	g1094	train
ENSE00001669553_019	g1094	train
ENSE00001669897_001	g1034	train
ENSE00001669897_002	g1034	train
ENSE00001669897_003	g1034	train
ENSE00001669897_004	g1034	train
ENSE00001669897_005	g1034	train
ENSE00001669897_006	g1034	train
ENSE00001669897_007	g1034	train
ENSE00001669897_008	g1034	train
ENSE00001669897_009	g1034	train
ENSE00001669897_011	g1034	train
ENSE00001669897_012	g1034	train
ENSE00001669897_013	g1034	train
ENSE00001669897_014	g1034	train
ENSE00001669897_015	g1034	train
ENSE00001669897_018	g1034	train
ENSE00001669897_019	g1034	train
ENSE00001669897_020	g1034	train
ENSE00001669897_022	g1034	train
ENSE00001670105_001	g1095	test
ENSE00001670105_002	g1095	test
ENSE00001670105_004	g1095	test
ENSE00001670105_005	g1095	test
ENSE00001670105_006	g1095	test
ENSE00001670105_007	g1095	test
ENSE00001670105_008	g1095	test
ENSE00001670105_009	g1095	test
ENSE00001670105_011	g1095	test
ENSE00001670105_012	g1095	test
ENSE00001670105_013	g1095	test
ENSE00001670105_014	g1095	test
ENSE00001670105_015	g1095	test
ENSE00001670105_016	g1095	test
ENSE00001670992_001	g0975	train
ENSE00001670992_002	g0975	train
ENSE00001670992_003	g0975	train
ENSE00001670992_004	g0975	train
ENSE00001670992_005	g0975	train
ENSE00001670992_006	g0975	train
ENSE00001670992_007	g0975	train
ENSE00001670992_008	g0975	train
ENSE00001670992_009	g0975	train
ENSE00001670992_011	g0975	train
ENSE00001670992_012	g0975	train
ENSE00001670992_013	g0975	train
ENSE00001670992_014	g0975	train
ENSE00001670992_015	g0975	train
ENSE00001671197_001	g0477	test
ENSE00001671197_002	g0477	test
ENSE00001671197_003	g0477	test
ENSE00001671197_005	g0477	test
ENSE00001671197_006	g0477	test
ENSE00001671197_007	g0477	test
ENSE00001671197_008	g0477	test
ENSE00001671197_009	g0477	test
ENSE00001671197_010	g0477	test
ENSE00001671197_011	g0477	test
ENSE00001671197_012	g0477	test
ENSE00001671197_013	g0477	test
ENSE00001671197_014	g0477	test
ENSE00001671197_015	g0477	test
ENSE00001671197_016	g0477	test
ENSE00001671197_017	g0477	test
ENSE00001671197_018	g0477	test
ENSE00001671197_019	g0477	test
ENSE00001671197_020	g0477	test
ENSE00001671197_021	g0477	test
ENSE00001671197_022	g0477	test
ENSE00001671197_023	g0477	test
ENSE00001671197_025	g0477	test
ENSE00001671197_026	g0477	test
ENSE00001671444_002	g1096	test
ENSE00001671444_003	g1096	test
ENSE00001671444_004	g1096	test
ENSE00001671444_006	g1096	test
ENSE00001671444_007	g1096	test
ENSE00001671444_009	g1096	test
ENSE00001671444_012	g1096	test
ENSE00001671444_015	g1096	test
ENSE00001671444_020	g1096	test
ENSE00001671444_022	g1096	test
ENSE00001671444_024	g1096	test
ENSE00001671663_001	g1097	train
ENSE00001671663_002	g1097	train
ENSE00001671663_003	g1097	train
ENSE00001671663_004	g1097	train
ENSE00001671663_005	g1097	train
ENSE00001671663_008	g1097	train
ENSE00001671663_014	g1097	train
ENSE00001672473_001	g1098	train
ENSE00001672473_002	g1098	train
ENSE00001672473_003	g1098	train
ENSE00001672473_005	g1098	train
ENSE00001672473_006	g1098	train
ENSE00001672473_007	g1098	train
ENSE00001672473_008	g1098	train
ENSE00001672473_009	g1098	train
ENSE00001672473_010	g1098	train
ENSE00001672473_011	g1098	train
ENSE00001672473_012	g1098	train
ENSE00001672473_014	g1098	train
ENSE00001672473_015	g1098	train
ENSE00001672473_017	g1098	train
ENSE00001672473_019	g1098	train
ENSE00001672473_020	g1098	train
ENSE00001672473_021	g1098	train
ENSE00001672473_022	g1098	train
ENSE00001672473_023	g1098	train
ENSE00001672473_024	g1098	train
ENSE00001672515_001	g0747	test
ENSE00001672515_002	g0747	test
ENSE00001672515_003	g0747	test
ENSE00001672515_004	g0747	test
ENSE00001672515_006	g0747	test
ENSE00001672515_007	g0747	test
ENSE00001672515_009	g0747	test
ENSE00001672515_010	g0747	test
ENSE00001672515_011	g0747	test
ENSE00001672515_012	g0747	test
ENSE00001672515_013	g0747	test
ENSE00001672515_014	g0747	test
ENSE00001672515_015	g0747	test
ENSE00001672515_016	g0747	test
ENSE00001672515_020	g0747	test
ENSE00001672515_021	g0747	test
ENSE00001672515_022	g0747	test
ENSE00001672515_025	g0747	test
ENSE00001672515_027	g0747	test
ENSE00001672515_028	g0747	test
ENSE00001672550_001	g1099	train
ENSE00001672550_002	g1099	train
ENSE00001672550_004	g1099	train
ENSE00001672550_006	g1099	train
ENSE00001672550_010	g1099	train
ENSE00001672550_011	g1099	train
ENSE00001672550_013	g1099	train
ENSE00001672550_015	g1099	train
ENSE00001672550_018	g1099	train
ENSE00001672550_023	g1099	train
ENSE00001672550_025	g1099	train
ENSE00001672550_026	g1099	train
ENSE00001672550_027	g1099	train
ENSE00001672550_030	g1099	train
ENSE00001672550_031	g1099	train
ENSE00001672550_032	g1099	train
ENSE00001672550_033	g1099	train
ENSE00001672550_034	g1099	train
ENSE00001672550_035	g1099	train
ENSE00001672550_037	g1099	train
ENSE00001673549_001	g1100	test
ENSE00001673549_002	g1100	test
ENSE00001673549_003	g1100	test
ENSE00001673549_004	g1100	test
ENSE00001673549_005	g1100	test
ENSE00001673549_006	g1100	test
ENSE00001673549_007	g1100	test
ENSE00001673549_008	g1100	test
ENSE00001673549_009	g1100	test
ENSE00001673549_011	g1100	test
ENSE00001673549_012	g1100	test
ENSE00001673549_013	g1100	test
ENSE00001673549_015	g1100	test
ENSE00001674129_001	g1101	train
ENSE00001674129_018	g1101	train
ENSE00001674129_022	g1101	train
ENSE00001674714_001	g0990	train
ENSE00001674714_002	g0990	train
ENSE00001674714_004	g0990	train
ENSE00001674714_005	g0990	train
ENSE00001674714_008	g0990	train
ENSE00001674714_009	g0990	train
ENSE00001674714_010	g0990	train
ENSE00001674714_012	g0990	train
ENSE00001676110_001	g1102	train
ENSE00001676110_002	g1102	train
ENSE00001676110_003	g1102	train
ENSE00001676110_004	g1102	train
ENSE00001676110_005	g1102	train
ENSE00001678695_001	g1103	train
ENSE00001678695_006	g1103	train
ENSE00001678695_009	g1103	train
ENSE00001678695_014	g1103	train
ENSE00001678695_015	g1103	train
ENSE00001678695_018	g1103	train
ENSE00001678695_024	g1103	train
ENSE00001679174_001	g1001	train
ENSE00001679174_002	g1001	train
ENSE00001679174_003	g1001	train
ENSE00001679174_004	g1001	train
ENSE00001679174_005	g1001	train
ENSE00001679174_007	g1001	train
ENSE00001679174_010	g1001	train
ENSE00001679174_013	g1001	train
ENSE00001679174_019	g1001	train
ENSE00001679174_020	g1001	train
ENSE00001679174_021	g1001	train
ENSE00001679174_022	g1001	train
ENSE00001679174_023	g1001	train
ENSE00001679174_024	g1001	train
ENSE00001679174_028	g1001	train
ENSE00001679208_002	g0994	test
ENSE00001679208_005	g0994	test
ENSE00001679208_010	g0994	test
ENSE00001679208_013	g0994	test
ENSE00001679208_014	g0994	test
ENSE00001679208_017	g0994	test
ENSE00001679208_019	g0994	test
ENSE00001680525_001	g0962	train
ENSE00001680525_002	g0962	train
ENSE00001680525_003	g0962	train
ENSE00001680525_005	g0962	train
ENSE00001680525_006	g0962	train
ENSE00001680525_007	g0962	train
ENSE00001680525_008	g0962	train
ENSE00001680525_010	g0962	train
ENSE00001680525_011	g0962	train
ENSE00001680803_001	g1104	train
ENSE00001680803_002	g1104	train
ENSE00001680803_003	g1104	train
ENSE00001680803_005	g1104	train
ENSE00001680803_006	g1104	train
ENSE00001680803_007	g1104	train
ENSE00001680803_008	g1104	train
ENSE00001680803_009	g1104	train
ENSE00001680803_011	g1104	train
ENSE00001680803_012	g1104	train
ENSE00001680803_013	g1104	train
ENSE00001680803_014	g1104	train
ENSE00001680803_015	g1104	train
ENSE00001680803_016	g1104	train
ENSE00001680803_017	g1104	train
ENSE00001680843_001	g1105	train
ENSE00001680843_002	g1105	train
ENSE00001680843_003	g1105	train
ENSE00001680843_004	g1105	train
ENSE00001681429_001	g1067	train
ENSE00001681429_002	g1067	train
ENSE00001681429_003	g1067	train
ENSE00001681429_004	g1067	train
ENSE00001681429_005	g1067	train
ENSE00001681429_006	g1067	train
ENSE00001681429_007	g1067	train
ENSE00001681429_008	g1067	train
ENSE00001681429_009	g1067	train
ENSE00001681429_010	g1067	train
ENSE00001681429_011	g1067	train
ENSE00001681429_013	g1067	train
ENSE00001681429_014	g1067	train
ENSE00001681429_015	g1067	train
ENSE00001681429_016	g1067	train
ENSE00001681429_017	g1067	train
ENSE00001681429_021	g1067	train
ENSE00001681429_022	g1067	train
ENSE00001681429_023	g1067	train
ENSE00001681429_024	g1067	train
ENSE00001681429_025	g1067	train
ENSE00001681429_026	g1067	train
ENSE00001681429_027	g1067	train
ENSE00001681429_028	g1067	train
ENSE00001681429_029	g1067	train
ENSE00001681429_030	g1067	train
ENSE00001682514_001	g1106	train
ENSE00001682514_003	g1106	train
ENSE00001682514_006	g1106	train
ENSE00001682514_008	g1106	train
ENSE00001682514_009	g1106	train
ENSE00001682514_010	g1106	train
ENSE00001682514_012	g1106	train
ENSE00001682514_013	g1106	train
ENSE00001682514_014	g1106	train
ENSE00001682514_015	g1106	train
ENSE00001682514_016	g1106	train
ENSE00001682514_017	g1106	train
ENSE00001682514_018	g1106	train
ENSE00001682514_021	g1106	train
ENSE00001682514_022	g1106	train
ENSE00001682992_002	g1107	train
ENSE00001682992_007	g1107	train
ENSE00001682992_008	g1107	train
ENSE00001682992_010	g1107	train
ENSE00001682992_011	g1107	train
ENSE00001682992_013	g1107	train
ENSE00001682992_014	g1107	train
ENSE00001682992_015	g1107	train
ENSE00001682992_016	g1107	train
ENSE00001682992_019	g1107	train
ENSE00001682992_020	g1107	train
ENSE00001682992_021	g1107	train
ENSE00001682992_023	g1107	train
ENSE00001682992_025	g1107	train
ENSE00001683233_001	g0984	train
ENSE00001683233_020	g0984	train
ENSE00001683233_026	g0984	train
ENSE00001683239_002	g0973	train
ENSE00001683239_003	g0973	train
ENSE00001683239_005	g0973	train
ENSE00001683239_006	g0973	train
ENSE00001683239_008	g0973	train
ENSE00001683239_009	g0973	train
ENSE00001683239_011	g0973	train
ENSE00001683239_014	g0973	train
ENSE00001683239_017	g0973	train
ENSE00001683239_018	g0973	train
ENSE00001683239_020	g0973	train
ENSE00001683239_028	g0973	train
ENSE00001683239_029	g0973	train
ENSE00001683239_031	g0973	train
ENSE00001683239_033	g0973	train
ENSE00001683530_009	g1108	train
ENSE00001683530_013	g1108	train
ENSE00001683641_002	g0295	test
ENSE00001683641_003	g0295	test
ENSE00001683641_005	g0295	test
ENSE00001683641_008	g0295	test
ENSE00001683641_009	g0295	test
ENSE00001683641_010	g0295	test
ENSE00001683641_011	g0295	test
ENSE00001683641_012	g0295	test
ENSE00001683641_013	g0295	test
ENSE00001683641_014	g0295	test
ENSE00001683641_015	g0295	test
ENSE00001683641_016	g0295	test
ENSE00001683641_017	g0295	test
ENSE00001683641_018	g0295	test
ENSE00001683721_001	g1109	train
ENSE00001683721_002	g1109	train
ENSE00001683721_003	g1109	train
ENSE00001683721_004	g1109	train
ENSE00001683721_005	g1109	train
ENSE00001683721_006	g1109	train
ENSE00001683721_007	g1109	train
ENSE00001683721_008	g1109	train
ENSE00001683721_009	g1109	train
ENSE00001683721_010	g1109	train
ENSE00001683721_011	g1109	train
ENSE00001683721_012	g1109	train
ENSE00001683721_014	g1109	train
ENSE00001683721_015	g1109	train
ENSE00001683721_016	g1109	train
ENSE00001683721_017	g1109	train
ENSE00001683721_018	g1109	train
ENSE00001683721_020	g1109	train
ENSE00001683721_021	g1109	train
ENSE00001683721_022	g1109	train
ENSE00001683721_023	g1109	train
ENSE00001683721_024	g1109	train
ENSE00001683721_025	g1109	train
ENSE00001683721_026	g1109	train
ENSE00001683721_027	g1109	train
ENSE00001683721_028	g1109	train
ENSE00001683721_029	g1109	train
ENSE00001683721_031	g1109	train
ENSE00001683721_032	g1109	train
ENSE00001683721_033	g1109	train
ENSE00001683721_034	g1109	train
ENSE00001683721_035	g1109	train
ENSE00001683721_036	g1109	train
ENSE00001683904_001	g0996	train
ENSE00001683904_002	g0996	train
ENSE00001683904_003	g0996	train
ENSE00001683904_004	g0996	train
ENSE00001683904_005	g0996	train
ENSE00001683904_006	g0996	train
ENSE00001683904_007	g0996	train
ENSE00001683904_009	g0996	train
ENSE00001683904_010	g0996	train
ENSE00001683904_011	g0996	train
ENSE00001683904_012	g0996	train
ENSE00001683904_013	g0996	train
ENSE00001683904_014	g0996	train
ENSE00001683904_015	g0996	train
ENSE00001683904_017	g0996	train
ENSE00001683904_018	g0996	train
ENSE00001683904_020	g0996	train
ENSE00001683904_021	g0996	train
ENSE00001685693_001	g1110	train
ENSE00001685693_003	g1110	train
ENSE00001685693_004	g1110	train
ENSE00001685693_005	g1110	train
ENSE00001685693_006	g1110	train
ENSE00001685693_007	g1110	train
ENSE00001685693_008	g1110	train
ENSE00001685693_009	g1110	train
ENSE00001685693_010	g1110	train
ENSE00001685693_011	g1110	train
ENSE00001685693_014	g1110	train
ENSE00001685693_016	g1110	train
ENSE00001685693_017	g1110	train
ENSE00001685693_018	g1110	train
ENSE00001685693_019	g1110	train
ENSE00001685693_020	g1110	train
ENSE00001685693_021	g1110	train
ENSE00001685978_002	g0559	train
ENSE00001685978_003	g0559	train
ENSE00001685978_004	g0559	train
ENSE00001685978_008	g0559	train
ENSE00001685978_009	g0559	train
ENSE00001685978_012	g0559	train
ENSE00001685978_013	g0559	train
ENSE00001685978_014	g0559	train
ENSE00001685978_015	g0559	train
ENSE00001685978_016	g0559	train
ENSE00001685978_018	g0559	train
ENSE00001685978_019	g0559	train
ENSE00001685978_020	g0559	train
ENSE00001685978_021	g0559	train
ENSE00001686462_001	g1111	test
ENSE00001686462_002	g1111	test
ENSE00001686462_004	g1111	test
ENSE00001686462_005	g1111	test
ENSE00001686462_006	g1111	test
ENSE00001686462_007	g1111	test
ENSE00001686462_008	g1111	test
ENSE00001686462_009	g1111	test
ENSE00001686462_010	g1111	test
ENSE00001686462_011	g1111	test
ENSE00001686462_012	g1111	test
ENSE00001686462_013	g1111	test
ENSE00001686462_014	g1111	test
ENSE00001686462_015	g1111	test
ENSE00001686462_016	g1111	test
ENSE00001686462_017	g1111	test
ENSE00001686462_019	g1111	test
ENSE00001686462_020	g1111	test
ENSE00001686462_021	g1111	test
ENSE00001686462_022	g1111	test
ENSE00001686530_005	g1112	test
ENSE00001687147_002	g1001	train
ENSE00001687147_003	g1001	train
ENSE00001687147_004	g1001	train
ENSE00001687147_005	g1001	train
ENSE00001687147_006	g1001	train
ENSE00001687147_008	g1001	train
ENSE00001687147_009	g1001	train
ENSE00001687147_010	g1001	train
ENSE00001687147_012	g1001	train
ENSE00001687147_016	g1001	train
ENSE00001687147_019	g1001	train
ENSE00001687147_021	g1001	train
ENSE00001687147_022	g1001	train
ENSE00001687147_024	g1001	train
ENSE00001687147_025	g1001	train
ENSE00001687147_027	g1001	train
ENSE00001687232_003	g1113	test
ENSE00001687232_004	g1113	test
ENSE00001687232_012	g1113	test
ENSE00001687232_014	g1113	test
ENSE00001687232_017	g1113	test
ENSE00001687232_018	g1113	test
ENSE00001687385_002	g1114	train
ENSE00001687385_003	g1114	train
ENSE00001687385_004	g1114	train
ENSE00001687385_005	g1114	train
ENSE00001687385_006	g1114	train
ENSE00001687385_007	g1114	train
ENSE00001687385_008	g1114	train
ENSE00001687385_009	g1114	train
ENSE00001687385_010	g1114	train
ENSE00001687385_011	g1114	train
ENSE00001687385_012	g1114	train
ENSE00001687385_013	g1114	train
ENSE00001687385_014	g1114	train
ENSE00001687385_016	g1114	train
ENSE00001687385_017	g1114	train
ENSE00001687385_018	g1114	train
ENSE00001687385_019	g1114	train
ENSE00001687385_020	g1114	train
ENSE00001687385_021	g1114	train
ENSE00001687385_022	g1114	train
ENSE00001687385_023	g1114	train
ENSE00001687385_024	g1114	train
ENSE00001687385_025	g1114	train
ENSE00001687385_028	g1114	train
ENSE00001687385_029	g1114	train
ENSE00001687385_030	g1114	train
ENSE00001688034_001	g1115	test
ENSE00001688034_002	g1115	test
ENSE00001688034_003	g1115	test
ENSE00001688034_009	g1115	test
ENSE00001688034_010	g1115	test
ENSE00001688034_011	g1115	test
ENSE00001688034_012	g1115	test
ENSE00001688034_014	g1115	test
ENSE00001688034_016	g1115	test
ENSE00001688034_017	g1115	test
ENSE00001690003_002	g1116	train
ENSE00001690003_003	g1116	train
ENSE00001690003_004	g1116	train
ENSE00001690003_005	g1116	train
ENSE00001690003_007	g1116	train
ENSE00001690003_011	g1116	train
ENSE00001690003_012	g1116	train
ENSE00001690003_014	g1116	train
ENSE00001690003_019	g1116	train
ENSE00001690003_021	g1116	train
ENSE00001690003_022	g1116	train
ENSE00001690003_023	g1116	train
ENSE00001690514_001	g0990	train
ENSE00001690514_003	g0990	train
ENSE00001690514_004	g0990	train
ENSE00001690514_007	g0990	train
ENSE00001690514_008	g0990	train
ENSE00001690514_011	g0990	train
ENSE00001690514_016	g0990	train
ENSE00001690514_017	g0990	train
ENSE00001690514_018	g0990	train
ENSE00001690514_021	g0990	train
ENSE00001690514_023	g0990	train
ENSE00001690514_024	g0990	train
ENSE00001690514_033	g0990	train
ENSE00001690514_036	g0990	train
ENSE00001690853_001	g1055	train
ENSE00001690853_006	g1055	train
ENSE00001690853_011	g1055	train
ENSE00001690966_003	g0398	train
ENSE00001690966_005	g0398	train
ENSE00001690966_006	g0398	train
ENSE00001690966_007	g0398	train
ENSE00001690966_010	g0398	train
ENSE00001690966_011	g0398	train
ENSE00001690966_012	g0398	train
ENSE00001690966_014	g0398	train
ENSE00001690966_016	g0398	train
ENSE00001690966_017	g0398	train
ENSE00001690966_019	g0398	train
ENSE00001690966_020	g0398	train
ENSE00001690966_021	g0398	train
ENSE00001690966_023	g0398	train
ENSE00001690966_025	g0398	train
ENSE00001690966_026	g0398	train
ENSE00001690966_027	g0398	train
ENSE00001690966_028	g0398	train
ENSE00001690966_029	g0398	train
ENSE00001690966_030	g0398	train
ENSE00001690966_032	g0398	train
ENSE00001690966_033	g0398	train
ENSE00001692194_001	g0559	train
ENSE00001692194_004	g0559	train
ENSE00001692194_005	g0559	train
ENSE00001692194_006	g0559	train
ENSE00001692194_007	g0559	train
ENSE00001692194_008	g0559	train
ENSE00001692194_009	g0559	train
ENSE00001692194_010	g0559	train
ENSE00001692194_011	g0559	train
ENSE00001692194_012	g0559	train
ENSE00001692194_013	g0559	train
ENSE00001692194_014	g0559	train
ENSE00001692194_015	g0559	train
ENSE00001692194_016	g0559	train
ENSE00001692194_018	g0559	train
ENSE00001692194_019	g0559	train
ENSE00001692194_020	g0559	train
ENSE00001692194_023	g0559	train
ENSE00001693011_001	g1117	train
ENSE00001693011_002	g1117	train
ENSE00001693011_003	g1117	train
ENSE00001693011_004	g1117	train
ENSE00001693011_005	g1117	train
ENSE00001693011_006	g1117	train
ENSE00001693011_007	g1117	train
ENSE00001693011_008	g1117	train
ENSE00001693011_009	g1117	train
ENSE00001693011_011	g1117	train
ENSE00001693011_012	g1117	train
ENSE00001693011_013	g1117	train
ENSE00001693011_016	g1117	train
ENSE00001693011_017	g1117	train
ENSE00001693011_018	g1117	train
ENSE00001693011_019	g1117	train
ENSE00001693011_020	g1117	train
ENSE00001693011_021	g1117	train
ENSE00001693011_023	g1117	train
ENSE00001693011_024	g1117	train
ENSE00001693011_025	g1117	train
ENSE00001693011_028	g1117	train
ENSE00001693011_029	g1117	train
ENSE00001693011_030	g1117	train
ENSE00001693011_031	g1117	train
ENSE00001694264_001	g1118	train
ENSE00001694264_003	g1118	train
ENSE00001694264_004	g1118	train
ENSE00001694264_005	g1118	train
ENSE00001694264_007	g1118	train
ENSE00001694264_008	g1118	train
ENSE00001694264_009	g1118	train
ENSE00001694264_010	g1118	train
ENSE00001694264_011	g1118	train
ENSE00001694264_013	g1118	train
ENSE00001694264_014	g1118	train
ENSE00001694264_015	g1118	train
ENSE00001694264_016	g1118	train
ENSE00001694264_018	g1118	train
ENSE00001694264_019	g1118	train
ENSE00001694264_020	g1118	train
ENSE00001694264_021	g1118	train
ENSE00001694264_022	g1118	train
ENSE00001694264_023	g1118	train
ENSE00001694264_024	g1118	train
ENSE00001694264_026	g1118	train
ENSE00001694303_001	g1119	train
ENSE00001694303_002	g1119	train
ENSE00001694303_006	g1119	train
ENSE00001694303_011	g1119	train
ENSE00001694303_015	g1119	train
ENSE00001695085_004	g1120	train
ENSE00001695085_005	g1120	train
ENSE00001695085_006	g1120	train
ENSE00001695085_008	g1120	train
ENSE00001695085_009	g1120	train
ENSE00001695085_010	g1120	train
ENSE00001695085_014	g1120	train
ENSE00001695085_016	g1120	train
ENSE00001695085_018	g1120	train
ENSE00001695085_019	g1120	train
ENSE00001695085_021	g1120	train
ENSE00001695085_027	g1120	train
ENSE00001695085_029	g1120	train
ENSE00001695085_031	g1120	train
ENSE00001695162_001	g1121	train
ENSE00001695162_003	g1121	train
ENSE00001695162_004	g1121	train
ENSE00001695162_006	g1121	train
ENSE00001695162_008	g1121	train
ENSE00001695162_009	g1121	train
ENSE00001695162_011	g1121	train
ENSE00001695162_012	g1121	train
ENSE00001695162_013	g1121	train
ENSE00001695162_015	g1121	train
ENSE00001695162_016	g1121	train
ENSE00001695162_017	g1121	train
ENSE00001695610_003	g0282	test
ENSE00001695610_005	g0282	test
ENSE00001695610_015	g0282	test
ENSE00001695610_016	g0282	test
ENSE00001695610_017	g0282	test
ENSE00001695610_021	g0282	test
ENSE00001695610_022	g0282	test
ENSE00001695610_024	g0282	test
ENSE00001696252_001	g1122	train
ENSE00001696252_002	g1122	train
ENSE00001696252_003	g1122	train
ENSE00001696252_004	g1122	train
ENSE00001696252_005	g1122	train
ENSE00001696252_006	g1122	train
ENSE00001696252_007	g1122	train
ENSE00001696252_008	g1122	train
ENSE00001696252_011	g1122	train
ENSE00001696252_012	g1122	train
ENSE00001696252_013	g1122	train
ENSE00001696252_014	g1122	train
ENSE00001696252_015	g1122	train
ENSE00001696252_016	g1122	train
ENSE00001696252_017	g1122	train
ENSE00001696252_018	g1122	train
ENSE00001696252_019	g1122	train
ENSE00001696252_021	g1122	train
ENSE00001696252_022	g1122	train
ENSE00001696252_023	g1122	train
ENSE00001696977_001	g0654	train
ENSE00001696977_002	g0654	train
ENSE00001696977_003	g0654	train
ENSE00001696977_004	g0654	train
ENSE00001696977_008	g0654	train
ENSE00001696977_010	g0654	train
ENSE00001696977_011	g0654	train
ENSE00001697052_001	g1034	train
ENSE00001697052_002	g1034	train
ENSE00001697052_003	g1034	train
ENSE00001697052_004	g1034	train
ENSE00001697052_005	g1034	train
ENSE00001697052_006	g1034	train
ENSE00001697052_007	g1034	train
ENSE00001697052_008	g1034	train
ENSE00001697052_009	g1034	train
ENSE00001697052_013	g1034	train
ENSE00001697052_014	g1034	train
ENSE00001697052_015	g1034	train
ENSE00001697052_016	g1034	train
ENSE00001697052_018	g1034	train
ENSE00001697359_002	g1123	test
ENSE00001697359_003	g1123	test
ENSE00001697359_004	g1123	test
ENSE00001697359_005	g1123	test
ENSE00001697359_007	g1123	test
ENSE00001697359_009	g1123	test
ENSE00001697359_012	g1123	test
ENSE00001697371_001	g1124	test
ENSE00001697371_004	g1124	test
ENSE00001698921_016	g1125	test
ENSE00001699188_001	g0989	test
ENSE00001699188_002	g0989	test
ENSE00001699188_003	g0989	test
ENSE00001699188_004	g0989	test
ENSE00001699188_005	g0989	test
ENSE00001699188_006	g0989	test
ENSE00001699188_007	g0989	test
ENSE00001699188_008	g0989	test
ENSE00001699188_013	g0989	test
ENSE00001699188_016	g0989	test
ENSE00001699188_018	g0989	test
ENSE00001699188_021	g0989	test
ENSE00001699188_022	g0989	test
ENSE00001699188_023	g0989	test
ENSE00001699188_024	g0989	test
ENSE00001699188_025	g0989	test
ENSE00001699188_029	g0989	test
ENSE00001699399_001	g1126	train
ENSE00001699399_003	g1126	train
ENSE00001699399_004	g1126	train
ENSE00001699399_005	g1126	train
ENSE00001699399_006	g1126	train
ENSE00001699399_007	g1126	train
ENSE00001699399_009	g1126	train
ENSE00001699399_010	g1126	train
ENSE00001699399_012	g1126	train
ENSE00001699399_013	g1126	train
ENSE00001699399_014	g1126	train
ENSE00001699399_015	g1126	train
ENSE00001699399_020	g1126	train
ENSE00001699399_022	g1126	train
ENSE00001699399_023	g1126	train
ENSE00001699399_028	g1126	train
ENSE00001699898_003	g1127	test
ENSE00001699898_007	g1127	test
ENSE00001699898_008	g1127	test
ENSE00001699898_009	g1127	test
ENSE00001699898_012	g1127	test
ENSE00001699898_013	g1127	test
ENSE00001699898_014	g1127	test
ENSE00001699898_017	g1127	test
ENSE00001699898_018	g1127	test
ENSE00001700147_002	g1128	test
ENSE00001700147_006	g1128	test
ENSE00001700147_009	g1128	test
ENSE00001700147_010	g1128	test
ENSE00001700147_013	g1128	test
ENSE00001700147_014	g1128	test
ENSE00001700147_016	g1128	test
ENSE00001700147_017	g1128	test
ENSE00001700147_018	g1128	test
ENSE00001700147_019	g1128	test
ENSE00001700147_026	g1128	test
ENSE00001700147_029	g1128	test
ENSE00001700964_002	g1129	train
ENSE00001700964_004	g1129	train
ENSE00001701085_002	g0973	train
ENSE00001701085_006	g0973	train
ENSE00001701085_007	g0973	train
ENSE00001701085_015	g0973	train
ENSE00001701085_019	g0973	train
ENSE00001701085_025	g0973	train
ENSE00001701138_002	g1130	train
ENSE00001701138_003	g1130	train
ENSE00001701138_004	g1130	train
ENSE00001701138_005	g1130	train
ENSE00001701138_006	g1130	train
ENSE00001701138_007	g1130	train
ENSE00001701138_008	g1130	train
ENSE00001701138_009	g1130	train
ENSE00001701138_010	g1130	train
ENSE00001701138_011	g1130	train
ENSE00001701138_012	g1130	train
ENSE00001701138_013	g1130	train
ENSE00001701138_014	g1130	train
ENSE00001701138_015	g1130	train
ENSE00001701138_016	g1130	train
ENSE00001701138_018	g1130	train
ENSE00001701138_019	g1130	train
ENSE00001702657_002	g1131	test
ENSE00001702657_003	g1131	test
ENSE00001702657_004	g1131	test
ENSE00001702657_005	g1131	test
ENSE00001702657_006	g1131	test
ENSE00001702657_009	g1131	test
ENSE00001702657_010	g1131	test
ENSE00001702657_011	g1131	test
ENSE00001702657_013	g1131	test
ENSE00001702657_014	g1131	test
ENSE00001702822_001	g0456	test
ENSE00001702822_002	g0456	test
ENSE00001702822_003	g0456	test
ENSE00001702822_004	g0456	test
ENSE00001702822_006	g0456	test
ENSE00001702822_008	g0456	test
ENSE00001702822_009	g0456	test
ENSE00001702822_010	g0456	test
ENSE00001702822_011	g0456	test
ENSE00001702822_013	g0456	test
ENSE00001702822_014	g0456	test
ENSE00001702822_015	g0456	test
ENSE00001702822_018	g0456	test
ENSE00001702822_019	g0456	test
ENSE00001702822_021	g0456	test
ENSE00001702822_022	g0456	test
ENSE00001702822_023	g0456	test
ENSE00001702822_024	g0456	test
ENSE00001703241_001	g1132	train
ENSE00001703241_002	g1132	train
ENSE00001703241_003	g1132	train
ENSE00001703241_004	g1132	train
ENSE00001703241_006	g1132	train
ENSE00001703241_007	g1132	train
ENSE00001703241_010	g1132	train
ENSE00001703241_011	g1132	train
ENSE00001703241_012	g1132	train
ENSE00001703241_013	g1132	train
ENSE00001703241_014	g1132	train
ENSE00001703241_015	g1132	train
ENSE00001703241_016	g1132	train
ENSE00001703241_017	g1132	train
ENSE00001703241_018	g1132	train
ENSE00001703241_019	g1132	train
ENSE00001703241_020	g1132	train
ENSE00001703347_003	g1133	train
ENSE00001703347_004	g1133	train
ENSE00001703347_006	g1133	train
ENSE00001703347_008	g1133	train
ENSE00001703347_009	g1133	train
ENSE00001703347_010	g1133	train
ENSE00001703347_011	g1133	train
ENSE00001703347_013	g1133	train
ENSE00001703347_017	g1133	train
ENSE00001703347_018	g1133	train
ENSE00001703347_019	g1133	train
ENSE00001703347_020	g1133	train
ENSE00001703347_022	g1133	train
ENSE00001703609_001	g1134	train
ENSE00001703609_002	g1134	train
ENSE00001703609_004	g1134	train
ENSE00001703609_005	g1134	train
ENSE00001703609_006	g1134	train
ENSE00001703609_008	g1134	train
ENSE00001703609_009	g1134	train
ENSE00001703609_010	g1134	train
ENSE00001703609_012	g1134	train
ENSE00001703609_016	g1134	train
ENSE00001703609_018	g1134	train
ENSE00001703905_001	g1034	train
ENSE00001703905_003	g1034	train
ENSE00001703905_004	g1034	train
ENSE00001704022_004	g1135	test
ENSE00001704022_011	g1135	test
ENSE00001704022_012	g1135	test
ENSE00001704164_001	g1136	test
ENSE00001704164_002	g1136	test
ENSE00001704164_006	g1136	test
ENSE00001704336_005	g1137	train
ENSE00001704336_010	g1137	train
ENSE00001704336_013	g1137	train
ENSE00001704336_019	g1137	train
ENSE00001705129_001	g1138	train
ENSE00001705129_002	g1138	train
ENSE00001705129_003	g1138	train
ENSE00001705129_004	g1138	train
ENSE00001705129_005	g1138	train
ENSE00001705129_006	g1138	train
ENSE00001705129_007	g1138	train
ENSE00001705129_008	g1138	train
ENSE00001705129_010	g1138	train
ENSE00001705129_011	g1138	train
ENSE00001705129_013	g1138	train
ENSE00001705129_014	g1138	train
ENSE00001705129_015	g1138	train
ENSE00001705129_016	g1138	train
ENSE00001705129_017	g1138	train
ENSE00001705129_018	g1138	train
ENSE00001705129_019	g1138	train
ENSE00001705129_021	g1138	train
ENSE00001705129_022	g1138	train
ENSE00001705129_023	g1138	train
ENSE00001705129_024	g1138	train
ENSE00001705129_025	g1138	train
ENSE00001705129_026	g1138	train
ENSE00001705129_027	g1138	train
ENSE00001705129_028	g1138	train
ENSE00001705129_029	g1138	train
ENSE00001705129_030	g1138	train
ENSE00001707197_003	g1139	train
ENSE00001707197_007	g1139	train
ENSE00001707197_009	g1139	train
ENSE00001707197_010	g1139	train
ENSE00001707197_012	g1139	train
ENSE00001707197_013	g1139	train
ENSE00001707197_018	g1139	train
ENSE00001707197_026	g1139	train
ENSE00001707197_029	g1139	train
ENSE00001708226_001	g1140	test
ENSE00001708226_002	g1140	test
ENSE00001708226_003	g1140	test
ENSE00001708226_009	g1140	test
ENSE00001708226_010	g1140	test
ENSE00001708226_011	g1140	test
ENSE00001708226_013	g1140	test
ENSE00001708226_014	g1140	test
ENSE00001708226_017	g1140	test
ENSE00001708226_018	g1140	test
ENSE00001708226_023	g1140	test
ENSE00001708226_024	g1140	test
ENSE00001708226_029	g1140	test
ENSE00001708226_030	g1140	test
ENSE00001708226_031	g1140	test
ENSE00001708545_002	g1141	test
ENSE00001708545_006	g1141	test
ENSE00001708545_007	g1141	test
ENSE00001708545_010	g1141	test
ENSE00001708545_011	g1141	test
ENSE00001708545_014	g1141	test
ENSE00001708545_015	g1141	test
ENSE00001708545_016	g1141	test
ENSE00001708545_018	g1141	test
ENSE00001708545_019	g1141	test
ENSE00001708717_002	g1142	test
ENSE00001708717_003	g1142	test
ENSE00001708717_004	g1142	test
ENSE00001708717_005	g1142	test
ENSE00001708717_006	g1142	test
ENSE00001708717_007	g1142	test
ENSE00001708717_008	g1142	test
ENSE00001708717_009	g1142	test
ENSE00001708717_010	g1142	test
ENSE00001708717_011	g1142	test
ENSE00001708717_012	g1142	test
ENSE00001708717_014	g1142	test
ENSE00001708717_015	g1142	test
ENSE00001708717_016	g1142	test
ENSE00001708717_017	g1142	test
ENSE00001708717_018	g1142	test
ENSE00001708823_001	g1143	test
ENSE00001708823_003	g1143	test
ENSE00001708823_004	g1143	test
ENSE00001708823_006	g1143	test
ENSE00001708823_007	g1143	test
ENSE00001708823_008	g1143	test
ENSE00001708823_009	g1143	test
ENSE00001708823_010	g1143	test
ENSE00001708823_011	g1143	test
ENSE00001708823_012	g1143	test
ENSE00001709109_001	g1001	train
ENSE00001709109_011	g1001	train
ENSE00001709109_015	g1001	train
ENSE00001709109_017	g1001	train
ENSE00001709109_020	g1001	train
ENSE00001709109_030	g1001	train
ENSE00001709109_031	g1001	train
ENSE00001709109_032	g1001	train
ENSE00001709586_001	g1144	train
ENSE00001709586_002	g1144	train
ENSE00001709586_003	g1144	train
ENSE00001709586_004	g1144	train
ENSE00001709586_005	g1144	train
ENSE00001709586_006	g1144	train
ENSE00001709586_007	g1144	train
ENSE00001709834_005	g1145	train
ENSE00001709834_009	g1145	train
ENSE00001709834_011	g1145	train
ENSE00001709834_013	g1145	train
ENSE00001709834_014	g1145	train
ENSE00001709834_015	g1145	train
ENSE00001709834_017	g1145	train
ENSE00001709834_018	g1145	train
ENSE00001709834_019	g1145	train
ENSE00001709834_020	g1145	train
ENSE00001709834_022	g1145	train
ENSE00001709834_025	g1145	train
ENSE00001710069_001	g1146	train
ENSE00001710069_002	g1146	train
ENSE00001710069_003	g1146	train
ENSE00001710069_005	g1146	train
ENSE00001710069_007	g1146	train
ENSE00001710069_008	g1146	train
ENSE00001710069_009	g1146	train
ENSE00001710069_010	g1146	train
ENSE00001710069_011	g1146	train
ENSE00001710069_012	g1146	train
ENSE00001710069_013	g1146	train
ENSE00001710069_014	g1146	train
ENSE00001710069_015	g1146	train
ENSE00001710069_016	g1146	train
ENSE00001710069_017	g1146	train
ENSE00001710069_019	g1146	train
ENSE00001710069_020	g1146	train
ENSE00001710069_021	g1146	train
ENSE00001710069_022	g1146	train
ENSE00001710069_024	g1146	train
ENSE00001710069_025	g1146	train
ENSE00001710069_026	g1146	train
ENSE00001710069_028	g1146	train
ENSE00001710069_029	g1146	train
ENSE00001710069_030	g1146	train
ENSE00001710069_031	g1146	train
ENSE00001710069_032	g1146	train
ENSE00001710088_001	g0981	train
ENSE00001710088_003	g0981	train
ENSE00001710088_004	g0981	train
ENSE00001710088_005	g0981	train
ENSE00001710088_007	g0981	train
ENSE00001710088_008	g0981	train
ENSE00001710088_009	g0981	train
ENSE00001710088_011	g0981	train
ENSE00001710088_012	g0981	train
ENSE00001710088_013	g0981	train
ENSE00001710088_014	g0981	train
ENSE00001710088_015	g0981	train
ENSE00001710088_018	g0981	train
ENSE00001710088_019	g0981	train
ENSE00001710088_020	g0981	train
ENSE00001710088_022	g0981	train
ENSE00001710088_025	g0981	train
ENSE00001710254_001	g1147	test
ENSE00001710254_002	g1147	test
ENSE00001710254_003	g1147	test
ENSE00001710254_004	g1147	test
ENSE00001710254_005	g1147	test
ENSE00001710254_007	g1147	test
ENSE00001710254_008	g1147	test
ENSE00001710254_009	g1147	test
ENSE00001710346_002	g0042	train
ENSE00001710346_004	g0042	train
ENSE00001710346_005	g0042	train
ENSE00001710346_006	g0042	train
ENSE00001710346_010	g0042	train
ENSE00001710346_011	g0042	train
ENSE00001710346_013	g0042	train
ENSE00001710346_015	g0042	train
ENSE00001710346_016	g0042	train
ENSE00001712691_002	g1148	train
ENSE00001712691_003	g1148	train
ENSE00001712691_004	g1148	train
ENSE00001712691_005	g1148	train
ENSE00001712691_006	g1148	train
ENSE00001712691_007	g1148	train
ENSE00001712691_008	g1148	train
ENSE00001712691_009	g1148	train
ENSE00001712691_010	g1148	train
ENSE00001712691_011	g1148	train
ENSE00001712691_012	g1148	train
ENSE00001712691_013	g1148	train
ENSE00001712691_014	g1148	train
ENSE00001712778_001	g0569	train
ENSE00001712778_002	g0569	train
ENSE00001712778_003	g0569	train
ENSE00001712778_004	g0569	train
ENSE00001712778_005	g0569	train
ENSE00001712778_007	g0569	train
ENSE00001712778_008	g0569	train
ENSE00001712778_010	g0569	train
ENSE00001712778_012	g0569	train
ENSE00001712778_014	g0569	train
ENSE00001712778_015	g0569	train
ENSE00001712778_021	g0569	train
ENSE00001712948_005	g1149	train
ENSE00001712948_011	g1149	train
ENSE00001712948_016	g1149	train
ENSE00001712948_024	g1149	train
ENSE00001712948_027	g1149	train
ENSE00001715097_002	g1150	train
ENSE00001715097_003	g1150	train
ENSE00001715097_006	g1150	train
ENSE00001715097_009	g1150	train
ENSE00001715097_011	g1150	train
ENSE00001715097_012	g1150	train
ENSE00001715097_013	g1150	train
ENSE00001715097_017	g1150	train
ENSE00001715097_019	g1150	train
ENSE00001716482_001	g0981	train
ENSE00001716482_002	g0981	train
ENSE00001716482_004	g0981	train
ENSE00001716482_005	g0981	train
ENSE00001716482_006	g0981	train
ENSE00001716482_008	g0981	train
ENSE00001716482_009	g0981	train
ENSE00001716482_010	g0981	train
ENSE00001716482_011	g0981	train
ENSE00001716482_012	g0981	train
ENSE00001716482_013	g0981	train
ENSE00001716482_014	g0981	train
ENSE00001716482_015	g0981	train
ENSE00001716482_016	g0981	train
ENSE00001716482_017	g0981	train
ENSE00001716482_018	g0981	train
ENSE00001716901_001	g1151	test
ENSE00001716901_002	g1151	test
ENSE00001716901_003	g1151	test
ENSE00001716901_004	g1151	test
ENSE00001716901_005	g1151	test
ENSE00001716901_006	g1151	test
ENSE00001716901_007	g1151	test
ENSE00001716901_008	g1151	test
ENSE00001716901_009	g1151	test
ENSE00001716901_010	g1151	test
ENSE00001716901_015	g1151	test
ENSE00001716901_016	g1151	test
ENSE00001716901_017	g1151	test
ENSE00001716901_019	g1151	test
ENSE00001716901_020	g1151	test
ENSE00001716901_022	g1151	test
ENSE00001717226_002	g0569	train
ENSE00001717226_003	g0569	train
ENSE00001717226_004	g0569	train
ENSE00001717226_005	g0569	train
ENSE00001717226_006	g0569	train
ENSE00001717226_007	g0569	train
ENSE00001717226_008	g0569	train
ENSE00001717226_009	g0569	train
ENSE00001717226_010	g0569	train
ENSE00001717226_011	g0569	train
ENSE00001717226_012	g0569	train
ENSE00001717226_013	g0569	train
ENSE00001717226_020	g0569	train
ENSE00001717226_021	g0569	train
ENSE00001717226_022	g0569	train
ENSE00001717226_023	g0569	train
ENSE00001717226_024	g0569	train
ENSE00001717226_025	g0569	train
ENSE00001717226_026	g0569	train
ENSE00001717226_028	g0569	train
ENSE00001717226_029	g0569	train
ENSE00001717226_030	g0569	train
ENSE00001717226_031	g0569	train
ENSE00001717226_033	g0569	train
ENSE00001717226_035	g0569	train
ENSE00001717226_036	g0569	train
ENSE00001717226_037	g0569	train
ENSE00001717226_038	g0569	train
ENSE00001717226_039	g0569	train
ENSE00001717226_040	g0569	train
ENSE00001717577_001	g1152	test
ENSE00001717577_002	g1152	test
ENSE00001717577_004	g1152	test
ENSE00001717577_012	g1152	test
ENSE00001717577_013	g1152	test
ENSE00001717577_015	g1152	test
ENSE00001717577_016	g1152	test
ENSE00001717577_017	g1152	test
ENSE00001717577_022	g1152	test
ENSE00001717577_023	g1152	test
ENSE00001717577_025	g1152	test
ENSE00001717577_026	g1152	test
ENSE00001717914_002	g1153	test
ENSE00001717914_003	g1153	test
ENSE00001717914_005	g1153	test
ENSE00001717914_006	g1153	test
ENSE00001717914_008	g1153	test
ENSE00001717914_010	g1153	test
ENSE00001717914_011	g1153	test
ENSE00001717914_012	g1153	test
ENSE00001717914_013	g1153	test
ENSE00001717914_015	g1153	test
ENSE00001718712_001	g0989	test
ENSE00001718712_002	g0989	test
ENSE00001718712_003	g0989	test
ENSE00001718712_004	g0989	test
ENSE00001718712_005	g0989	test
ENSE00001718712_006	g0989	test
ENSE00001718712_007	g0989	test
ENSE00001718712_008	g0989	test
ENSE00001718712_009	g0989	test
ENSE00001718712_010	g0989	test
ENSE00001718712_011	g0989	test
ENSE00001718712_012	g0989	test
ENSE00001718712_014	g0989	test
ENSE00001718712_015	g0989	test
ENSE00001718712_016	g0989	test
ENSE00001718712_017	g0989	test
ENSE00001718712_018	g0989	test
ENSE00001718712_019	g0989	test
ENSE00001718712_020	g0989	test
ENSE00001718712_021	g0989	test
ENSE00001718712_022	g0989	test
ENSE00001718712_023	g0989	test
ENSE00001718712_024	g0989	test
ENSE00001719634_001	g1154	test
ENSE00001719634_002	g1154	test
ENSE00001719634_003	g1154	test
ENSE00001719634_004	g1154	test
ENSE00001719634_005	g1154	test
ENSE00001719634_009	g1154	test
ENSE00001719634_010	g1154	test
ENSE00001719634_011	g1154	test
ENSE00001719634_012	g1154	test
ENSE00001719634_013	g1154	test
ENSE00001719634_014	g1154	test
ENSE00001719634_015	g1154	test
ENSE00001719634_017	g1154	test
ENSE00001719634_018	g1154	test
ENSE00001719634_019	g1154	test
ENSE00001719634_020	g1154	test
ENSE00001719634_021	g1154	test
ENSE00001719634_022	g1154	test
ENSE00001720261_005	g0238	train
ENSE00001720261_007	g0238	train
ENSE00001720261_008	g0238	train
ENSE00001720261_009	g0238	train
ENSE00001720261_018	g0238	train
ENSE00001720261_020	g0238	train
ENSE00001720261_021	g0238	train
ENSE00001720261_024	g0238	train
ENSE00001720724_001	g1155	train
ENSE00001720724_002	g1155	train
ENSE00001720724_005	g1155	train
ENSE00001720724_006	g1155	train
ENSE00001720724_008	g1155	train
ENSE00001720724_010	g1155	train
ENSE00001720724_011	g1155	train
ENSE00001720724_012	g1155	train
ENSE00001720724_013	g1155	train
ENSE00001720724_014	g1155	train
ENSE00001720724_017	g1155	train
ENSE00001720724_020	g1155	train
ENSE00001720724_021	g1155	train
ENSE00001720724_022	g1155	train
ENSE00001720724_023	g1155	train
ENSE00001720724_024	g1155	train
ENSE00001720724_025	g1155	train
ENSE00001720724_026	g1155	train
ENSE00001720724_028	g1155	train
ENSE00001720724_029	g1155	train
ENSE00001720724_030	g1155	train
ENSE00001721018_006	g1019	train
ENSE00001721018_007	g1019	train
ENSE00001721489_001	g1156	train
ENSE00001721489_002	g1156	train
ENSE00001721489_003	g1156	train
ENSE00001721489_004	g1156	train
ENSE00001721489_005	g1156	train
ENSE00001721489_006	g1156	train
ENSE00001721489_010	g1156	train
ENSE00001721489_012	g1156	train
ENSE00001721489_017	g1156	train
ENSE00001721489_021	g1156	train
ENSE00001721489_022	g1156	train
ENSE00001721489_023	g1156	train
ENSE00001721489_027	g1156	train
ENSE00001721489_029	g1156	train
ENSE00001722397_001	g1019	train
ENSE00001722397_002	g1019	train
ENSE00001722397_004	g1019	train
ENSE00001722397_006	g1019	train
ENSE00001722397_007	g1019	train
ENSE00001722397_008	g1019	train
ENSE00001722397_009	g1019	train
ENSE00001722397_010	g1019	train
ENSE00001722397_011	g1019	train
ENSE00001722397_012	g1019	train
ENSE00001722397_013	g1019	train
ENSE00001722461_001	g1157	train
ENSE00001722461_003	g1157	train
ENSE00001722461_004	g1157	train
ENSE00001722461_005	g1157	train
ENSE00001722461_007	g1157	train
ENSE00001722461_009	g1157	train
ENSE00001722461_014	g1157	train
ENSE00001722461_023	g1157	train
ENSE00001722461_025	g1157	train
ENSE00001722461_028	g1157	train
ENSE00001722461_029	g1157	train
ENSE00001722461_037	g1157	train
ENSE00001722461_038	g1157	train
ENSE00001723246_002	g0808	train
ENSE00001723246_004	g0808	train
ENSE00001723246_005	g0808	train
ENSE00001723246_006	g0808	train
ENSE00001723246_008	g0808	train
ENSE00001723246_010	g0808	train
ENSE00001724477_002	g1158	train
ENSE00001724477_013	g1158	train
ENSE00001724477_016	g1158	train
ENSE00001724766_003	g1159	train
ENSE00001724766_005	g1159	train
ENSE00001724766_006	g1159	train
ENSE00001724766_012	g1159	train
ENSE00001724766_017	g1159	train
ENSE00001724766_018	g1159	train
ENSE00001724766_019	g1159	train
ENSE00001724766_020	g1159	train
ENSE00001724766_021	g1159	train
ENSE00001724766_024	g1159	train
ENSE00001724766_028	g1159	train
ENSE00001724766_029	g1159	train
ENSE00001724766_030	g1159	train
ENSE00001725424_001	g1001	train
ENSE00001725424_005	g1001	train
ENSE00001725424_007	g1001	train
ENSE00001725424_009	g1001	train
ENSE00001725424_010	g1001	train
ENSE00001725424_011	g1001	train
ENSE00001725424_013	g1001	train
ENSE00001725424_014	g1001	train
ENSE00001725424_015	g1001	train
ENSE00001725424_016	g1001	train
ENSE00001725424_017	g1001	train
ENSE00001725424_019	g1001	train
ENSE00001725424_020	g1001	train
ENSE00001725424_023	g1001	train
ENSE00001725424_025	g1001	train
ENSE00001725883_001	g1160	train
ENSE00001725883_002	g1160	train
ENSE00001725883_005	g1160	train
ENSE00001725883_010	g1160	train
ENSE00001725883_015	g1160	train
ENSE00001725883_016	g1160	train
ENSE00001725883_017	g1160	train
ENSE00001725883_019	g1160	train
ENSE00001725883_020	g1160	train
ENSE00001725883_021	g1160	train
ENSE00001725883_022	g1160	train
ENSE00001726168_001	g1161	test
ENSE00001726168_002	g1161	test
ENSE00001726168_003	g1161	test
ENSE00001726168_004	g1161	test
ENSE00001726168_005	g1161	test
ENSE00001726168_006	g1161	test
ENSE00001726168_007	g1161	test
ENSE00001726168_009	g1161	test
ENSE00001726168_012	g1161	test
ENSE00001726168_013	g1161	test
ENSE00001726168_014	g1161	test
ENSE00001726243_001	g1022	test
ENSE00001726243_002	g1022	test
ENSE00001726243_003	g1022	test
ENSE00001726243_004	g1022	test
ENSE00001726243_006	g1022	test
ENSE00001726243_008	g1022	test
ENSE00001726243_009	g1022	test
ENSE00001726243_010	g1022	test
ENSE00001726243_011	g1022	test
ENSE00001726243_012	g1022	test
ENSE00001726243_013	g1022	test
ENSE00001726243_014	g1022	test
ENSE00001726243_016	g1022	test
ENSE00001726243_017	g1022	test
ENSE00001726243_018	g1022	test
ENSE00001726243_019	g1022	test
ENSE00001726243_020	g1022	test
ENSE00001726243_022	g1022	test
ENSE00001726331_001	g1162	train
ENSE00001726331_003	g1162	train
ENSE00001726331_004	g1162	train
ENSE00001726331_005	g1162	train
ENSE00001726331_006	g1162	train
ENSE00001726331_007	g1162	train
ENSE00001726331_008	g1162	train
ENSE00001726331_011	g1162	train
ENSE00001726331_014	g1162	train
ENSE00001726331_015	g1162	train
ENSE00001726331_017	g1162	train
ENSE00001726906_001	g1163	train
ENSE00001726906_002	g1163	train
ENSE00001726906_003	g1163	train
ENSE00001726906_004	g1163	train
ENSE00001726906_006	g1163	train
ENSE00001726906_007	g1163	train
ENSE00001726906_009	g1163	train
ENSE00001726906_010	g1163	train
ENSE00001726906_011	g1163	train
ENSE00001726906_013	g1163	train
ENSE00001726906_016	g1163	train
ENSE00001726906_018	g1163	train
ENSE00001726906_019	g1163	train
ENSE00001726906_021	g1163	train
ENSE00001727061_007	g1115	test
ENSE00001727061_012	g1115	test
ENSE00001727061_013	g1115	test
ENSE00001727061_016	g1115	test
ENSE00001727061_021	g1115	test
ENSE00001727061_022	g1115	test
ENSE00001727061_024	g1115	test
ENSE00001727123_002	g1164	train
ENSE00001727123_003	g1164	train
ENSE00001727123_008	g1164	train
ENSE00001727123_009	g1164	train
ENSE00001727123_010	g1164	train
ENSE00001727123_015	g1164	train
ENSE00001727123_017	g1164	train
ENSE00001727123_018	g1164	train
ENSE00001727123_020	g1164	train
ENSE00001727123_024	g1164	train
ENSE00001727123_025	g1164	train
ENSE00001727123_026	g1164	train
ENSE00001727129_007	g1165	train
ENSE00001727129_008	g1165	train
ENSE00001727129_009	g1165	train
ENSE00001727129_011	g1165	train
ENSE00001727129_017	g1165	train
ENSE00001727729_001	g1166	train
ENSE00001727729_002	g1166	train
ENSE00001727729_003	g1166	train
ENSE00001727729_005	g1166	train
ENSE00001727729_006	g1166	train
ENSE00001727729_008	g1166	train
ENSE00001727729_014	g1166	train
ENSE00001728426_001	g1030	train
ENSE00001728426_003	g1030	train
ENSE00001728426_006	g1030	train
ENSE00001728426_007	g1030	train
ENSE00001728426_009	g1030	train
ENSE00001728426_012	g1030	train
ENSE00001728426_014	g1030	train
ENSE00001728827_001	g1167	train
ENSE00001728827_002	g1167	train
ENSE00001728827_004	g1167	train
ENSE00001728827_005	g1167	train
ENSE00001728827_006	g1167	train
ENSE00001728827_007	g1167	train
ENSE00001728827_008	g1167	train
ENSE00001728827_009	g1167	train
ENSE00001728827_010	g1167	train
ENSE00001728827_011	g1167	train
ENSE00001728827_012	g1167	train
ENSE00001728827_013	g1167	train
ENSE00001728827_015	g1167	train
ENSE00001728827_016	g1167	train
ENSE00001728827_017	g1167	train
ENSE00001728827_018	g1167	train
ENSE00001728827_019	g1167	train
ENSE00001728827_020	g1167	train
ENSE00001728827_021	g1167	train
ENSE00001728827_022	g1167	train
ENSE00001728827_023	g1167	train
ENSE00001728827_024	g1167	train
ENSE00001728827_026	g1167	train
ENSE00001728827_027	g1167	train
ENSE00001728827_028	g1167	train
ENSE00001729072_002	g1168	train
ENSE00001729072_003	g1168	train
ENSE00001729072_005	g1168	train
ENSE00001729072_007	g1168	train
ENSE00001729072_008	g1168	train
ENSE00001729072_009	g1168	train
ENSE00001729917_016	g1169	train
ENSE00001729917_018	g1169	train
ENSE00001730528_004	g0915	train
ENSE00001730528_007	g0915	train
ENSE00001730528_009	g0915	train
ENSE00001730528_010	g0915	train
ENSE00001730528_011	g0915	train
ENSE00001730528_012	g0915	train
ENSE00001730528_014	g0915	train
ENSE00001730528_018	g0915	train
ENSE00001730528_021	g0915	train
ENSE00001730528_022	g0915	train
ENSE00001730528_023	g0915	train
ENSE00001730636_001	g1170	test
ENSE00001730636_002	g1170	test
ENSE00001730636_003	g1170	test
ENSE00001730636_004	g1170	test
ENSE00001730636_006	g1170	test
ENSE00001730636_007	g1170	test
ENSE00001730636_008	g1170	test
ENSE00001730636_009	g1170	test
ENSE00001730636_010	g1170	test
ENSE00001730636_011	g1170	test
ENSE00001730636_012	g1170	test
ENSE00001730636_013	g1170	test
ENSE00001730636_014	g1170	test
ENSE00001730636_015	g1170	test
ENSE00001730636_016	g1170	test
ENSE00001730636_017	g1170	test
ENSE00001730673_002	g0456	test
ENSE00001730673_003	g0456	test
ENSE00001730673_004	g0456	test
ENSE00001730673_007	g0456	test
ENSE00001730673_008	g0456	test
ENSE00001730673_009	g0456	test
ENSE00001730673_010	g0456	test
ENSE00001730673_011	g0456	test
ENSE00001730673_014	g0456	test
ENSE00001730673_018	g0456	test
ENSE00001730673_019	g0456	test
ENSE00001730673_024	g0456	test
ENSE00001730673_025	g0456	test
ENSE00001730673_028	g0456	test
ENSE00001731240_001	g0477	test
ENSE00001731240_002	g0477	test
ENSE00001731240_003	g0477	test
ENSE00001731240_004	g0477	test
ENSE00001731240_006	g0477	test
ENSE00001731240_007	g0477	test
ENSE00001731240_010	g0477	test
ENSE00001731240_011	g0477	test
ENSE00001731240_012	g0477	test
ENSE00001731240_013	g0477	test
ENSE00001731240_014	g0477	test
ENSE00001731240_015	g0477	test
ENSE00001731240_016	g0477	test
ENSE00001731240_017	g0477	test
ENSE00001731240_018	g0477	test
ENSE00001731240_020	g0477	test
ENSE00001731240_021	g0477	test
ENSE00001731240_022	g0477	test
ENSE00001731240_023	g0477	test
ENSE00001731240_024	g0477	test
ENSE00001731240_025	g0477	test
ENSE00001732007_017	g1110	train
ENSE00001732033_003	g1171	train
ENSE00001732033_005	g1171	train
ENSE00001732033_007	g1171	train
ENSE00001732033_008	g1171	train
ENSE00001732033_010	g1171	train
ENSE00001732033_011	g1171	train
ENSE00001732033_012	g1171	train
ENSE00001732033_015	g1171	train
ENSE00001732033_018	g1171	train
ENSE00001732033_021	g1171	train
ENSE00001732033_022	g1171	train
ENSE00001732033_024	g1171	train
ENSE00001732155_001	g1172	train
ENSE00001732155_002	g1172	train
ENSE00001732155_004	g1172	train
ENSE00001732155_005	g1172	train
ENSE00001732155_006	g1172	train
ENSE00001732155_007	g1172	train
ENSE00001732155_008	g1172	train
ENSE00001732155_010	g1172	train
ENSE00001732155_011	g1172	train
ENSE00001732155_012	g1172	train
ENSE00001732155_013	g1172	train
ENSE00001732155_014	g1172	train
ENSE00001732155_015	g1172	train
ENSE00001732155_017	g1172	train
ENSE00001732155_018	g1172	train
ENSE00001732155_019	g1172	train
ENSE00001732534_002	g1173	train
ENSE00001732534_003	g1173	train
ENSE00001732534_004	g1173	train
ENSE00001732534_005	g1173	train
ENSE00001732534_006	g1173	train
ENSE00001732534_008	g1173	train
ENSE00001732534_009	g1173	train
ENSE00001732534_010	g1173	train
ENSE00001732534_011	g1173	train
ENSE00001732534_013	g1173	train
ENSE00001732534_014	g1173	train
ENSE00001732534_017	g1173	train
ENSE00001732534_018	g1173	train
ENSE00001732534_019	g1173	train
ENSE00001732534_020	g1173	train
ENSE00001732534_022	g1173	train
ENSE00001732647_001	g0954	train
ENSE00001732647_002	g0954	train
ENSE00001732647_003	g0954	train
ENSE00001732647_005	g0954	train
ENSE00001732647_006	g0954	train
ENSE00001732647_007	g0954	train
ENSE00001732647_008	g0954	train
ENSE00001732647_009	g0954	train
ENSE00001732647_010	g0954	train
ENSE00001732647_011	g0954	train
ENSE00001732647_012	g0954	train
ENSE00001732647_013	g0954	train
ENSE00001732647_015	g0954	train
ENSE00001732647_016	g0954	train
ENSE00001732647_017	g0954	train
ENSE00001732647_018	g0954	train
ENSE00001732647_019	g0954	train
ENSE00001732647_020	g0954	train
ENSE00001732647_021	g0954	train
ENSE00001732647_022	g0954	train
ENSE00001732647_023	g0954	train
ENSE00001732647_024	g0954	train
ENSE00001732647_025	g0954	train
ENSE00001732647_026	g0954	train
ENSE00001732647_027	g0954	train
ENSE00001733168_001	g1174	train
ENSE00001733168_002	g1174	train
ENSE00001733168_003	g1174	train
ENSE00001733168_006	g1174	train
ENSE00001733168_007	g1174	train
ENSE00001733168_010	g1174	train
ENSE00001733168_011	g1174	train
ENSE00001733168_013	g1174	train
ENSE00001733168_015	g1174	train
ENSE00001733168_016	g1174	train
ENSE00001733168_020	g1174	train
ENSE00001733168_021	g1174	train
ENSE00001733168_022	g1174	train
ENSE00001733168_023	g1174	train
ENSE00001733168_024	g1174	train
ENSE00001733932_002	g1175	train
ENSE00001733932_003	g1175	train
ENSE00001733932_005	g1175	train
ENSE00001733932_006	g1175	train
ENSE00001733932_007	g1175	train
ENSE00001733932_009	g1175	train
ENSE00001733932_011	g1175	train
ENSE00001733941_006	g1176	train
ENSE00001733941_011	g1176	train
ENSE00001733941_013	g1176	train
ENSE00001733941_015	g1176	train
ENSE00001733941_017	g1176	train
ENSE00001733941_018	g1176	train
ENSE00001734682_001	g0456	test
ENSE00001734682_003	g0456	test
ENSE00001734682_004	g0456	test
ENSE00001734682_005	g0456	test
ENSE00001734682_006	g0456	test
ENSE00001734682_007	g0456	test
ENSE00001734682_008	g0456	test
ENSE00001734682_009	g0456	test
ENSE00001734682_010	g0456	test
ENSE00001734682_011	g0456	test
ENSE00001734682_012	g0456	test
ENSE00001734682_013	g0456	test
ENSE00001734682_015	g0456	test
ENSE00001734682_018	g0456	test
ENSE00001734682_019	g0456	test
ENSE00001734682_020	g0456	test
ENSE00001734682_021	g0456	test
ENSE00001734682_022	g0456	test
ENSE00001734682_023	g0456	test
ENSE00001734682_026	g0456	test
ENSE00001734773_002	g1177	train
ENSE00001734773_003	g1177	train
ENSE00001734773_004	g1177	train
ENSE00001734773_005	g1177	train
ENSE00001734773_007	g1177	train
ENSE00001734773_008	g1177	train
ENSE00001734773_010	g1177	train
ENSE00001734773_012	g1177	train
ENSE00001734773_015	g1177	train
ENSE00001734773_016	g1177	train
ENSE00001734773_018	g1177	train
ENSE00001734773_019	g1177	train
ENSE00001734773_020	g1177	train
ENSE00001734773_023	g1177	train
ENSE00001734773_024	g1177	train
ENSE00001734773_025	g1177	train
ENSE00001734773_026	g1177	train
ENSE00001735670_002	g1178	train
ENSE00001735670_003	g1178	train
ENSE00001735670_006	g1178	train
ENSE00001735670_008	g1178	train
ENSE00001735670_009	g1178	train
ENSE00001735670_011	g1178	train
ENSE00001735670_014	g1178	train
ENSE00001735670_015	g1178	train
ENSE00001735670_017	g1178	train
ENSE00001735670_020	g1178	train
ENSE00001735670_024	g1178	train
ENSE00001735670_025	g1178	train
ENSE00001735670_026	g1178	train
ENSE00001735786_001	g1179	train
ENSE00001735786_002	g1179	train
ENSE00001735786_003	g1179	train
ENSE00001735786_004	g1179	train
ENSE00001735786_007	g1179	train
ENSE00001735786_010	g1179	train
ENSE00001735786_012	g1179	train
ENSE00001735786_013	g1179	train
ENSE00001735786_014	g1179	train
ENSE00001735786_018	g1179	train
ENSE00001735786_019	g1179	train
ENSE00001735786_021	g1179	train
ENSE00001735786_023	g1179	train
ENSE00001735786_024	g1179	train
ENSE00001735786_025	g1179	train
ENSE00001735786_026	g1179	train
ENSE00001735786_027	g1179	train
ENSE00001735786_028	g1179	train
ENSE00001735786_029	g1179	train
ENSE00001735786_030	g1179	train
ENSE00001735786_031	g1179	train
ENSE00001735786_033	g1179	train
ENSE00001735786_036	g1179	train
ENSE00001735869_001	g1180	train
ENSE00001735869_002	g1180	train
ENSE00001735869_003	g1180	train
ENSE00001735869_004	g1180	train
ENSE00001735869_005	g1180	train
ENSE00001735869_007	g1180	train
ENSE00001735869_008	g1180	train
ENSE00001735869_010	g1180	train
ENSE00001735869_012	g1180	train
ENSE00001735869_018	g1180	train
ENSE00001735869_019	g1180	train
ENSE00001735869_020	g1180	train
ENSE00001735869_024	g1180	train
ENSE00001735869_025	g1180	train
ENSE00001735869_026	g1180	train
ENSE00001735869_028	g1180	train
ENSE00001737253_002	g1181	train
ENSE00001737253_006	g1181	train
ENSE00001737253_007	g1181	train
ENSE00001737387_003	g0623	train
ENSE00001737387_005	g0623	train
ENSE00001737387_006	g0623	train
ENSE00001737387_011	g0623	train
ENSE00001737387_012	g0623	train
ENSE00001737387_013	g0623	train
ENSE00001737387_014	g0623	train
ENSE00001737387_016	g0623	train
ENSE00001737387_017	g0623	train
ENSE00001737467_003	g1182	train
ENSE00001739078_002	g1183	train
ENSE00001739078_004	g1183	train
ENSE00001739078_005	g1183	train
ENSE00001739078_008	g1183	train
ENSE00001739078_010	g1183	train
ENSE00001739078_013	g1183	train
ENSE00001739489_003	g1184	train
ENSE00001739489_006	g1184	train
ENSE00001739489_008	g1184	train
ENSE00001739489_013	g1184	train
ENSE00001739489_016	g1184	train
ENSE00001739489_017	g1184	train
ENSE00001739489_020	g1184	train
ENSE00001739489_023	g1184	train
ENSE00001739489_024	g1184	train
ENSE00001739489_025	g1184	train
ENSE00001739489_026	g1184	train
ENSE00001739489_027	g1184	train
ENSE00001739489_028	g1184	train
ENSE00001739489_029	g1184	train
ENSE00001740637_003	g0989	test
ENSE00001740637_004	g0989	test
ENSE00001740637_005	g0989	test
ENSE00001740637_007	g0989	test
ENSE00001740637_011	g0989	test
ENSE00001740637_015	g0989	test
ENSE00001740637_016	g0989	test
ENSE00001740637_021	g0989	test
ENSE00001740637_022	g0989	test
ENSE00001740637_025	g0989	test
ENSE00001740637_026	g0989	test
ENSE00001740637_027	g0989	test
ENSE00001741292_002	g1096	test
ENSE00001741292_006	g1096	test
ENSE00001741292_009	g1096	test
ENSE00001741869_007	g1097	train
ENSE00001742824_001	g1185	train
ENSE00001742824_002	g1185	train
ENSE00001742824_003	g1185	train
ENSE00001742824_004	g1185	train
ENSE00001742824_005	g1185	train
ENSE00001742824_006	g1185	train
ENSE00001742824_007	g1185	train
ENSE00001742824_009	g1185	train
ENSE00001742824_010	g1185	train
ENSE00001742824_012	g1185	train
ENSE00001742824_013	g1185	train
ENSE00001742824_014	g1185	train
ENSE00001742824_015	g1185	train
ENSE00001742824_017	g1185	train
ENSE00001742824_018	g1185	train
ENSE00001742824_019	g1185	train
ENSE00001742824_020	g1185	train
ENSE00001742824_021	g1185	train
ENSE00001742824_024	g1185	train
ENSE00001742824_025	g1185	train
ENSE00001742824_026	g1185	train
ENSE00001742824_027	g1185	train
ENSE00001742824_028	g1185	train
ENSE00001742824_029	g1185	train
ENSE00001742824_030	g1185	train
ENSE00001742967_001	g1186	train
ENSE00001742967_002	g1186	train
ENSE00001742967_003	g1186	train
ENSE00001742967_004	g1186	train
ENSE00001742967_006	g1186	train
ENSE00001742967_007	g1186	train
ENSE00001742967_008	g1186	train
ENSE00001742967_009	g1186	train
ENSE00001742967_011	g1186	train
ENSE00001742967_012	g1186	train
ENSE00001742967_014	g1186	train
ENSE00001742967_015	g1186	train
ENSE00001742967_016	g1186	train
ENSE00001743444_003	g1187	train
ENSE00001743444_006	g1187	train
ENSE00001743444_009	g1187	train
ENSE00001743444_013	g1187	train
ENSE00001743444_014	g1187	train
ENSE00001743444_016	g1187	train
ENSE00001743444_017	g1187	train
ENSE00001743444_018	g1187	train
ENSE00001743444_019	g1187	train
ENSE00001743444_020	g1187	train
ENSE00001743444_021	g1187	train
ENSE00001743444_022	g1187	train
ENSE00001743444_023	g1187	train
ENSE00001743444_025	g1187	train
ENSE00001743444_026	g1187	train
ENSE00001743444_027	g1187	train
ENSE00001743562_001	g1143	test
ENSE00001743562_002	g1143	test
ENSE00001743562_005	g1143	test
ENSE00001743562_006	g1143	test
ENSE00001743562_008	g1143	test
ENSE00001743562_009	g1143	test
ENSE00001743562_010	g1143	test
ENSE00001743562_011	g1143	test
ENSE00001743562_013	g1143	test
ENSE00001743562_014	g1143	test
ENSE00001743562_017	g1143	test
ENSE00001743562_019	g1143	test
ENSE00001743562_020	g1143	test
ENSE00001743562_021	g1143	test
ENSE00001743562_022	g1143	test
ENSE00001743562_023	g1143	test
ENSE00001743778_001	g1188	train
ENSE00001743778_002	g1188	train
ENSE00001743778_003	g1188	train
ENSE00001743778_005	g1188	train
ENSE00001743778_006	g1188	train
ENSE00001743778_007	g1188	train
ENSE00001743778_009	g1188	train
ENSE00001743778_010	g1188	train
ENSE00001743778_011	g1188	train
ENSE00001743778_012	g1188	train
ENSE00001743778_014	g1188	train
ENSE00001743778_015	g1188	train
ENSE00001743778_016	g1188	train
ENSE00001743778_017	g1188	train
ENSE00001743778_018	g1188	train
ENSE00001743778_019	g1188	train
ENSE00001743778_020	g1188	train
ENSE00001743778_021	g1188	train
ENSE00001743778_022	g1188	train
ENSE00001744245_002	g1189	train
ENSE00001744245_003	g1189	train
ENSE00001744245_005	g1189	train
ENSE00001744245_006	g1189	train
ENSE00001744245_007	g1189	train
ENSE00001744245_011	g1189	train
ENSE00001744245_012	g1189	train
ENSE00001744245_014	g1189	train
ENSE00001744245_015	g1189	train
ENSE00001744245_018	g1189	train
ENSE00001744245_019	g1189	train
ENSE00001744245_020	g1189	train
ENSE00001744245_022	g1189	train
ENSE00001744245_023	g1189	train
ENSE00001744245_024	g1189	train
ENSE00001744245_025	g1189	train
ENSE00001744245_026	g1189	train
ENSE00001744245_030	g1189	train
ENSE00001744245_031	g1189	train
ENSE00001744447_003	g1190	train
ENSE00001744447_004	g1190	train
ENSE00001744447_006	g1190	train
ENSE00001744447_012	g1190	train
ENSE00001744965_008	g0429	train
ENSE00001744965_010	g0429	train
ENSE00001744965_011	g0429	train
ENSE00001744965_012	g0429	train
ENSE00001744965_014	g0429	train
ENSE00001744965_016	g0429	train
ENSE00001744965_017	g0429	train
ENSE00001745049_001	g0042	train
ENSE00001745049_004	g0042	train
ENSE00001745049_005	g0042	train
ENSE00001745049_006	g0042	train
ENSE00001745049_008	g0042	train
ENSE00001745049_010	g0042	train
ENSE00001745049_012	g0042	train
ENSE00001745049_013	g0042	train
ENSE00001745049_015	g0042	train
ENSE00001745049_016	g0042	train
ENSE00001745049_017	g0042	train
ENSE00001745049_019	g0042	train
ENSE00001745049_022	g0042	train
ENSE00001745049_023	g0042	train
ENSE00001745049_024	g0042	train
ENSE00001745083_001	g0981	train
ENSE00001745083_002	g0981	train
ENSE00001745083_003	g0981	train
ENSE00001745083_004	g0981	train
ENSE00001745083_006	g0981	train
ENSE00001745083_007	g0981	train
ENSE00001745083_008	g0981	train
ENSE00001745083_009	g0981	train
ENSE00001745083_010	g0981	train
ENSE00001745083_011	g0981	train
ENSE00001745083_012	g0981	train
ENSE00001745083_013	g0981	train
ENSE00001745083_014	g0981	train
ENSE00001745083_016	g0981	train
ENSE00001745083_017	g0981	train
ENSE00001745083_018	g0981	train
ENSE00001745083_019	g0981	train
ENSE00001745083_020	g0981	train
ENSE00001745083_021	g0981	train
ENSE00001745083_022	g0981	train
ENSE00001745083_023	g0981	train
ENSE00001745083_024	g0981	train
ENSE00001745083_025	g0981	train
ENSE00001745083_026	g0981	train
ENSE00001745501_002	g0559	train
ENSE00001745501_003	g0559	train
ENSE00001745501_006	g0559	train
ENSE00001745501_008	g0559	train
ENSE00001745501_010	g0559	train
ENSE00001745501_012	g0559	train
ENSE00001745501_014	g0559	train
ENSE00001745501_016	g0559	train
ENSE00001745501_018	g0559	train
ENSE00001745501_019	g0559	train
ENSE00001745859_001	g1191	test
ENSE00001745859_002	g1191	test
ENSE00001745859_004	g1191	test
ENSE00001745859_005	g1191	test
ENSE00001745859_006	g1191	test
ENSE00001745859_007	g1191	test
ENSE00001745859_008	g1191	test
ENSE00001745859_009	g1191	test
ENSE00001745859_010	g1191	test
ENSE00001745859_011	g1191	test
ENSE00001745859_012	g1191	test
ENSE00001745859_014	g1191	test
ENSE00001745859_015	g1191	test
ENSE00001745859_017	g1191	test
ENSE00001745859_018	g1191	test
ENSE00001745859_020	g1191	test
ENSE00001745859_021	g1191	test
ENSE00001746050_001	g0989	test
ENSE00001746050_002	g0989	test
ENSE00001746050_003	g0989	test
ENSE00001746050_004	g0989	test
ENSE00001746050_005	g0989	test
ENSE00001746050_009	g0989	test
ENSE00001746050_010	g0989	test
ENSE00001746050_011	g0989	test
ENSE00001746050_012	g0989	test
ENSE00001746050_013	g0989	test
ENSE00001746050_014	g0989	test
ENSE00001746050_015	g0989	test
ENSE00001746050_016	g0989	test
ENSE00001746050_017	g0989	test
ENSE00001746050_018	g0989	test
ENSE00001746140_001	g1136	test
ENSE00001746140_002	g1136	test
ENSE00001746140_003	g1136	test
ENSE00001746619_003	g1192	train
ENSE00001746619_005	g1192	train
ENSE00001746619_006	g1192	train
ENSE00001746619_007	g1192	train
ENSE00001746619_009	g1192	train
ENSE00001746619_010	g1192	train
ENSE00001746619_012	g1192	train
ENSE00001746619_013	g1192	train
ENSE00001746619_015	g1192	train
ENSE00001746619_016	g1192	train
ENSE00001746619_019	g1192	train
ENSE00001746619_022	g1192	train
ENSE00001746619_024	g1192	train
ENSE00001746619_025	g1192	train
ENSE00001746804_001	g0295	test
ENSE00001746804_002	g0295	test
ENSE00001746804_003	g0295	test
ENSE00001746804_004	g0295	test
ENSE00001746804_005	g0295	test
ENSE00001746804_006	g0295	test
ENSE00001746804_007	g0295	test
ENSE00001746804_008	g0295	test
ENSE00001746804_009	g0295	test
ENSE00001746804_010	g0295	test
ENSE00001746804_011	g0295	test
ENSE00001746804_012	g0295	test
ENSE00001746804_013	g0295	test
ENSE00001746804_015	g0295	test
ENSE00001746804_016	g0295	test
ENSE00001746804_017	g0295	test
ENSE00001746804_018	g0295	test
ENSE00001746804_019	g0295	test
ENSE00001746804_020	g0295	test
ENSE00001746804_021	g0295	test
ENSE00001746804_022	g0295	test
ENSE00001746804_023	g0295	test
ENSE00001746804_024	g0295	test
ENSE00001746804_025	g0295	test
ENSE00001746804_026	g0295	test
ENSE00001746804_027	g0295	test
ENSE00001746804_029	g0295	test
ENSE00001746804_031	g0295	test
ENSE00001747005_002	g1193	train
ENSE00001747005_005	g1193	train
ENSE00001747005_006	g1193	train
ENSE00001747005_010	g1193	train
ENSE00001747005_012	g1193	train
ENSE00001747005_017	g1193	train
ENSE00001747005_021	g1193	train
ENSE00001747005_023	g1193	train
ENSE00001747005_024	g1193	train
ENSE00001747005_027	g1193	train
ENSE00001747005_029	g1193	train
ENSE00001747005_030	g1193	train
ENSE00001747005_032	g1193	train
ENSE00001747277_001	g0989	test
ENSE00001747277_002	g0989	test
ENSE00001747277_006	g0989	test
ENSE00001747277_009	g0989	test
ENSE00001747277_012	g0989	test
ENSE00001747277_015	g0989	test
ENSE00001747277_018	g0989	test
ENSE00001747277_019	g0989	test
ENSE00001747277_021	g0989	test
ENSE00001747277_022	g0989	test
ENSE00001747277_025	g0989	test
ENSE00001747304_001	g1194	train
ENSE00001747304_002	g1194	train
ENSE00001747304_003	g1194	train
ENSE00001747304_005	g1194	train
ENSE00001747304_006	g1194	train
ENSE00001747304_009	g1194	train
ENSE00001747304_011	g1194	train
ENSE00001747304_012	g1194	train
ENSE00001747304_014	g1194	train
ENSE00001747304_016	g1194	train
ENSE00001747304_017	g1194	train
ENSE00001747304_018	g1194	train
ENSE00001747304_019	g1194	train
ENSE00001747304_020	g1194	train
ENSE00001747304_021	g1194	train
ENSE00001747304_023	g1194	train
ENSE00001747304_024	g1194	train
ENSE00001747304_025	g1194	train
ENSE00001747304_027	g1194	train
ENSE00001747304_028	g1194	train
ENSE00001747304_029	g1194	train
ENSE00001747304_030	g1194	train
ENSE00001747304_032	g1194	train
ENSE00001747304_033	g1194	train
ENSE00001747444_001	g1195	train
ENSE00001747444_002	g1195	train
ENSE00001747444_003	g1195	train
ENSE00001747444_004	g1195	train
ENSE00001747444_006	g1195	train
ENSE00001747444_007	g1195	train
ENSE00001747444_008	g1195	train
ENSE00001747444_013	g1195	train
ENSE00001747444_014	g1195	train
ENSE00001747444_015	g1195	train
ENSE00001747444_017	g1195	train
ENSE00001747444_020	g1195	train
ENSE00001747870_001	g1196	test
ENSE00001747870_003	g1196	test
ENSE00001747870_004	g1196	test
ENSE00001747870_005	g1196	test
ENSE00001747870_007	g1196	test
ENSE00001747870_008	g1196	test
ENSE00001747870_009	g1196	test
ENSE00001747870_011	g1196	test
ENSE00001747870_013	g1196	test
ENSE00001747870_014	g1196	test
ENSE00001747870_015	g1196	test
ENSE00001747870_016	g1196	test
ENSE00001747870_017	g1196	test
ENSE00001747870_018	g1196	test
ENSE00001747870_019	g1196	test
ENSE00001747870_020	g1196	test
ENSE00001747870_022	g1196	test
ENSE00001747870_023	g1196	test
ENSE00001747870_024	g1196	test
ENSE00001747870_025	g1196	test
ENSE00001747870_026	g1196	test
ENSE00001747870_027	g1196	test
ENSE00001747870_028	g1196	test
ENSE00001747870_029	g1196	test
ENSE00001747870_030	g1196	test
ENSE00001747870_031	g1196	test
ENSE00001747870_032	g1196	test
ENSE00001747870_033	g1196	test
ENSE00001747870_034	g1196	test
ENSE00001747870_035	g1196	test
ENSE00001747870_036	g1196	test
ENSE00001747870_037	g1196	test
ENSE00001747870_038	g1196	test
ENSE00001747870_039	g1196	test
ENSE00001747870_040	g1196	test
ENSE00001747870_042	g1196	test
ENSE00001747882_001	g1197	train
ENSE00001747882_002	g1197	train
ENSE00001747882_003	g1197	train
ENSE00001747882_004	g1197	train
ENSE00001747882_005	g1197	train
ENSE00001747882_006	g1197	train
ENSE00001747882_007	g1197	train
ENSE00001747882_009	g1197	train
ENSE00001747882_010	g1197	train
ENSE00001747882_011	g1197	train
ENSE00001747882_012	g1197	train
ENSE00001747882_013	g1197	train
ENSE00001747882_014	g1197	train
ENSE00001747882_015	g1197	train
ENSE00001747882_016	g1197	train
ENSE00001747882_017	g1197	train
ENSE00001747882_018	g1197	train
ENSE00001747882_019	g1197	train
ENSE00001747882_020	g1197	train
ENSE00001747882_021	g1197	train
ENSE00001747882_022	g1197	train
ENSE00001748465_001	g1198	train
ENSE00001748465_003	g1198	train
ENSE00001748465_006	g1198	train
ENSE00001748465_007	g1198	train
ENSE00001748465_008	g1198	train
ENSE00001748465_010	g1198	train
ENSE00001748465_011	g1198	train
ENSE00001748465_013	g1198	train
ENSE00001748465_017	g1198	train
ENSE00001748465_019	g1198	train
ENSE00001748923_003	g1199	train
ENSE00001748923_005	g1199	train
ENSE00001748923_006	g1199	train
ENSE00001748923_007	g1199	train
ENSE00001749051_001	g0981	train
ENSE00001749051_003	g0981	train
ENSE00001749051_005	g0981	train
ENSE00001749051_007	g0981	train
ENSE00001749051_008	g0981	train
ENSE00001749051_009	g0981	train
ENSE00001749051_010	g0981	train
ENSE00001749051_012	g0981	train
ENSE00001749051_013	g0981	train
ENSE00001749051_015	g0981	train
ENSE00001749051_016	g0981	train
ENSE00001749051_017	g0981	train
ENSE00001749136_006	g0493	train
ENSE00001749136_010	g0493	train
ENSE00001749136_011	g0493	train
ENSE00001749136_012	g0493	train
ENSE00001749136_016	g0493	train
ENSE00001749136_017	g0493	train
ENSE00001749136_023	g0493	train
ENSE00001749136_030	g0493	train
ENSE00001750274_001	g1149	train
ENSE00001750274_017	g1149	train
ENSE00001750274_018	g1149	train
ENSE00001750327_001	g1200	train
ENSE00001750327_002	g1200	train
ENSE00001750327_003	g1200	train
ENSE00001750327_005	g1200	train
ENSE00001750327_006	g1200	train
ENSE00001750327_007	g1200	train
ENSE00001750327_008	g1200	train
ENSE00001750327_011	g1200	train
ENSE00001750327_012	g1200	train
ENSE00001750327_013	g1200	train
ENSE00001750327_014	g1200	train
ENSE00001750327_015	g1200	train
ENSE00001750327_017	g1200	train
ENSE00001750327_018	g1200	train
ENSE00001750327_019	g1200	train
ENSE00001750327_020	g1200	train
ENSE00001750327_021	g1200	train
ENSE00001750412_001	g1201	train
ENSE00001750412_002	g1201	train
ENSE00001750412_003	g1201	train
ENSE00001750412_004	g1201	train
ENSE00001750412_006	g1201	train
ENSE00001750412_007	g1201	train
ENSE00001750412_008	g1201	train
ENSE00001750412_009	g1201	train
ENSE00001750412_010	g1201	train
ENSE00001750412_011	g1201	train
ENSE00001750412_012	g1201	train
ENSE00001750412_013	g1201	train
ENSE00001750412_014	g1201	train
ENSE00001750412_015	g1201	train
ENSE00001750553_003	g1034	train
ENSE00001750553_005	g1034	train
ENSE00001750553_006	g1034	train
ENSE00001750553_007	g1034	train
ENSE00001750553_018	g1034	train
ENSE00001750553_020	g1034	train
ENSE00001750553_021	g1034	train
ENSE00001750553_022	g1034	train
ENSE00001750553_024	g1034	train
ENSE00001750848_001	g1202	test
ENSE00001750848_002	g1202	test
ENSE00001750848_006	g1202	test
ENSE00001750848_007	g1202	test
ENSE00001750848_009	g1202	test
ENSE00001750848_010	g1202	test
ENSE00001750848_011	g1202	test
ENSE00001750934_008	g1203	train
ENSE00001750934_011	g1203	train
ENSE00001750934_014	g1203	train
ENSE00001750934_019	g1203	train
ENSE00001750934_028	g1203	train
ENSE00001750934_033	g1203	train
ENSE00001751005_008	g1204	train
ENSE00001751005_009	g1204	train
ENSE00001751005_011	g1204	train
ENSE00001751160_002	g1196	test
ENSE00001751160_003	g1196	test
ENSE00001751160_004	g1196	test
ENSE00001751160_005	g1196	test
ENSE00001751160_006	g1196	test
ENSE00001751160_008	g1196	test
ENSE00001751160_009	g1196	test
ENSE00001751160_010	g1196	test
ENSE00001751160_011	g1196	test
ENSE00001751160_012	g1196	test
ENSE00001751160_014	g1196	test
ENSE00001751160_015	g1196	test
ENSE00001751160_016	g1196	test
ENSE00001751160_018	g1196	test
ENSE00001751160_019	g1196	test
ENSE00001751160_020	g1196	test
ENSE00001751163_001	g1205	test
ENSE00001751163_003	g1205	test
ENSE00001751163_004	g1205	test
ENSE00001751163_005	g1205	test
ENSE00001751163_006	g1205	test
ENSE00001751163_007	g1205	test
ENSE00001751163_013	g1205	test
ENSE00001751163_015	g1205	test
ENSE00001751163_016	g1205	test
ENSE00001751163_018	g1205	test
ENSE00001751163_019	g1205	test
ENSE00001751163_022	g1205	test
ENSE00001751163_023	g1205	test
ENSE00001751163_024	g1205	test
ENSE00001751163_025	g1205	test
ENSE00001751163_026	g1205	test
ENSE00001751163_028	g1205	test
ENSE00001751163_029	g1205	test
ENSE00001751163_030	g1205	test
ENSE00001751163_031	g1205	test
ENSE00001751163_034	g1205	test
ENSE00001751163_035	g1205	test
ENSE00001751835_001	g1206	test
ENSE00001751835_006	g1206	test
ENSE00001751835_008	g1206	test
ENSE00001753202_001	g0989	test
ENSE00001753202_002	g0989	test
ENSE00001753202_003	g0989	test
ENSE00001753202_005	g0989	test
ENSE00001753202_006	g0989	test
ENSE00001753202_010	g0989	test
ENSE00001753202_012	g0989	test
ENSE00001753202_013	g0989	test
ENSE00001753202_014	g0989	test
ENSE00001753202_018	g0989	test
ENSE00001753202_019	g0989	test
ENSE00001753202_021	g0989	test
ENSE00001753202_024	g0989	test
ENSE00001753202_025	g0989	test
ENSE00001753202_026	g0989	test
ENSE00001753202_027	g0989	test
ENSE00001754106_003	g0996	train
ENSE00001754106_004	g0996	train
ENSE00001754106_005	g0996	train
ENSE00001754106_006	g0996	train
ENSE00001754106_010	g0996	train
ENSE00001754106_012	g0996	train
ENSE00001754106_013	g0996	train
ENSE00001754106_015	g0996	train
ENSE00001754106_016	g0996	train
ENSE00001754106_017	g0996	train
ENSE00001754106_018	g0996	train
ENSE00001754106_019	g0996	train
ENSE00001754106_020	g0996	train
ENSE00001754106_021	g0996	train
ENSE00001754106_022	g0996	train
ENSE00001754106_023	g0996	train
ENSE00001754106_024	g0996	train
ENSE00001754106_025	g0996	train
ENSE00001754106_026	g0996	train
ENSE00001754106_027	g0996	train
ENSE00001754106_028	g0996	train
ENSE00001754106_029	g0996	train
ENSE00001754108_002	g1019	train
ENSE00001754108_003	g1019	train
ENSE00001754108_005	g1019	train
ENSE00001754108_006	g1019	train
ENSE00001754108_007	g1019	train
ENSE00001754108_010	g1019	train
ENSE00001754108_011	g1019	train
ENSE00001754108_014	g1019	train
ENSE00001754108_018	g1019	train
ENSE00001754108_020	g1019	train
ENSE00001754108_021	g1019	train
ENSE00001754108_022	g1019	train
ENSE00001754331_002	g1012	train
ENSE00001754331_003	g1012	train
ENSE00001754331_005	g1012	train
ENSE00001754331_006	g1012	train
ENSE00001754331_007	g1012	train
ENSE00001754331_009	g1012	train
ENSE00001754331_011	g1012	train
ENSE00001754331_013	g1012	train
ENSE00001754331_015	g1012	train
ENSE00001754331_017	g1012	train
ENSE00001754331_019	g1012	train
ENSE00001754331_020	g1012	train
ENSE00001754331_021	g1012	train
ENSE00001754439_007	g1207	train
ENSE00001754439_013	g1207	train
ENSE00001755928_003	g1001	train
ENSE00001755928_004	g1001	train
ENSE00001755928_005	g1001	train
ENSE00001755928_008	g1001	train
ENSE00001755928_009	g1001	train
ENSE00001755928_010	g1001	train
ENSE00001755928_011	g1001	train
ENSE00001755928_012	g1001	train
ENSE00001755928_013	g1001	train
ENSE00001755928_014	g1001	train
ENSE00001755928_016	g1001	train
ENSE00001755928_017	g1001	train
ENSE00001755928_018	g1001	train
ENSE00001755928_020	g1001	train
ENSE00001755928_021	g1001	train
ENSE00001755928_022	g1001	train
ENSE00001755928_024	g1001	train
ENSE00001755928_025	g1001	train
ENSE00001756460_001	g1208	train
ENSE00001756460_002	g1208	train
ENSE00001756460_003	g1208	train
ENSE00001756460_004	g1208	train
ENSE00001756460_005	g1208	train
ENSE00001756460_006	g1208	train
ENSE00001756460_007	g1208	train
ENSE00001756460_009	g1208	train
ENSE00001756460_010	g1208	train
ENSE00001756460_011	g1208	train
ENSE00001756460_012	g1208	train
ENSE00001756460_013	g1208	train
ENSE00001756460_014	g1208	train
ENSE00001756460_015	g1208	train
ENSE00001756460_016	g1208	train
ENSE00001756460_017	g1208	train
ENSE00001756460_018	g1208	train
ENSE00001756460_019	g1208	train
ENSE00001756460_020	g1208	train
ENSE00001756460_021	g1208	train
ENSE00001756460_023	g1208	train
ENSE00001756605_007	g1209	test
ENSE00001756605_012	g1209	test
ENSE00001756605_019	g1209	test
ENSE00001756605_022	g1209	test
ENSE00001756619_002	g1210	test
ENSE00001756619_003	g1210	test
ENSE00001756619_004	g1210	test
ENSE00001756619_006	g1210	test
ENSE00001756619_009	g1210	test
ENSE00001756619_010	g1210	test
ENSE00001756619_012	g1210	test
ENSE00001756619_013	g1210	test
ENSE00001756619_014	g1210	test
ENSE00001756619_015	g1210	test
ENSE00001756619_018	g1210	test
ENSE00001756619_019	g1210	test
ENSE00001756619_020	g1210	test
ENSE00001756619_021	g1210	test
ENSE00001756935_001	g1211	test
ENSE00001756935_002	g1211	test
ENSE00001756935_003	g1211	test
ENSE00001756935_005	g1211	test
ENSE00001756935_007	g1211	test
ENSE00001758231_009	g0446	test
ENSE00001758231_010	g0446	test
ENSE00001760197_003	g1212	train
ENSE00001760197_004	g1212	train
ENSE00001760197_012	g1212	train
ENSE00001760197_013	g1212	train
ENSE00001760197_016	g1212	train
ENSE00001760293_001	g1026	train
ENSE00001760293_003	g1026	train
ENSE00001760293_004	g1026	train
ENSE00001760293_008	g1026	train
ENSE00001760293_009	g1026	train
ENSE00001760293_010	g1026	train
ENSE00001760293_011	g1026	train
ENSE00001760293_013	g1026	train
ENSE00001760293_015	g1026	train
ENSE00001760293_017	g1026	train
ENSE00001760293_021	g1026	train
ENSE00001760293_022	g1026	train
ENSE00001760383_001	g0240	train
ENSE00001760383_003	g0240	train
ENSE00001760383_004	g0240	train
ENSE00001760383_005	g0240	train
ENSE00001760383_009	g0240	train
ENSE00001760383_010	g0240	train
ENSE00001760383_011	g0240	train
ENSE00001760383_012	g0240	train
ENSE00001760383_013	g0240	train
ENSE00001760383_014	g0240	train
ENSE00001760383_015	g0240	train
ENSE00001760383_016	g0240	train
ENSE00001760383_017	g0240	train
ENSE00001760383_018	g0240	train
ENSE00001760383_019	g0240	train
ENSE00001760383_020	g0240	train
ENSE00001760383_021	g0240	train
ENSE00001760383_022	g0240	train
ENSE00001760383_023	g0240	train
ENSE00001760383_024	g0240	train
ENSE00001760383_025	g0240	train
ENSE00001760383_027	g0240	train
ENSE00001760383_028	g0240	train
ENSE00001760383_029	g0240	train
ENSE00001760510_001	g0622	train
ENSE00001760510_002	g0622	train
ENSE00001760510_003	g0622	train
ENSE00001760510_004	g0622	train
ENSE00001760510_005	g0622	train
ENSE00001760510_006	g0622	train
ENSE00001760510_007	g0622	train
ENSE00001760510_008	g0622	train
ENSE00001760510_009	g0622	train
ENSE00001760510_011	g0622	train
ENSE00001760510_013	g0622	train
ENSE00001760510_015	g0622	train
ENSE00001760510_016	g0622	train
ENSE00001760510_017	g0622	train
ENSE00001760510_018	g0622	train
ENSE00001760510_019	g0622	train
ENSE00001760510_020	g0622	train
ENSE00001760510_022	g0622	train
ENSE00001760884_002	g1213	test
ENSE00001760884_003	g1213	test
ENSE00001760884_004	g1213	test
ENSE00001760884_005	g1213	test
ENSE00001760884_008	g1213	test
ENSE00001760884_011	g1213	test
ENSE00001760884_012	g1213	test
ENSE00001760884_014	g1213	test
ENSE00001760884_015	g1213	test
ENSE00001760884_017	g1213	test
ENSE00001760884_018	g1213	test
ENSE00001760884_019	g1213	test
ENSE00001760884_020	g1213	test
ENSE00001760884_021	g1213	test
ENSE00001760884_023	g1213	test
ENSE00001760884_024	g1213	test
ENSE00001760884_025	g1213	test
ENSE00001760884_026	g1213	test
ENSE00001760884_027	g1213	test
ENSE00001760884_028	g1213	test
ENSE00001761497_002	g1045	test
ENSE00001761497_003	g1045	test
ENSE00001761497_015	g1045	test
ENSE00001761497_023	g1045	test
ENSE00001761497_026	g1045	test
ENSE00001761807_002	g1214	train
ENSE00001761807_004	g1214	train
ENSE00001761807_005	g1214	train
ENSE00001761807_008	g1214	train
ENSE00001761807_009	g1214	train
ENSE00001761807_010	g1214	train
ENSE00001761807_012	g1214	train
ENSE00001761807_013	g1214	train
ENSE00001761807_014	g1214	train
ENSE00001761807_015	g1214	train
ENSE00001761807_016	g1214	train
ENSE00001761807_017	g1214	train
ENSE00001761807_018	g1214	train
ENSE00001761807_019	g1214	train
ENSE00001761807_020	g1214	train
ENSE00001761807_021	g1214	train
ENSE00001761807_022	g1214	train
ENSE00001761807_023	g1214	train
ENSE00001761807_027	g1214	train
ENSE00001761807_028	g1214	train
ENSE00001761817_002	g0989	test
ENSE00001761817_003	g0989	test
ENSE00001761817_004	g0989	test
ENSE00001761817_005	g0989	test
ENSE00001761817_006	g0989	test
ENSE00001761817_007	g0989	test
ENSE00001761817_008	g0989	test
ENSE00001761817_009	g0989	test
ENSE00001761817_010	g0989	test
ENSE00001761817_011	g0989	test
ENSE00001761817_013	g0989	test
ENSE00001761817_014	g0989	test
ENSE00001761817_015	g0989	test
ENSE00001761817_017	g0989	test
ENSE00001761817_019	g0989	test
ENSE00001761817_020	g0989	test
ENSE00001761817_021	g0989	test
ENSE00001761817_022	g0989	test
ENSE00001762817_001	g0996	train
ENSE00001762817_003	g0996	train
ENSE00001762817_004	g0996	train
ENSE00001762817_006	g0996	train
ENSE00001762817_007	g0996	train
ENSE00001762817_008	g0996	train
ENSE00001762817_009	g0996	train
ENSE00001762817_010	g0996	train
ENSE00001762817_011	g0996	train
ENSE00001762817_012	g0996	train
ENSE00001762817_013	g0996	train
ENSE00001762817_014	g0996	train
ENSE00001762817_015	g0996	train
ENSE00001762817_016	g0996	train
ENSE00001762817_017	g0996	train
ENSE00001762817_018	g0996	train
ENSE00001762817_019	g0996	train
ENSE00001762817_020	g0996	train
ENSE00001762817_021	g0996	train
ENSE00001762817_022	g0996	train
ENSE00001762817_023	g0996	train
ENSE00001762817_024	g0996	train
ENSE00001762817_025	g0996	train
ENSE00001763947_002	g1215	train
ENSE00001763947_003	g1215	train
ENSE00001763947_007	g1215	train
ENSE00001763947_008	g1215	train
ENSE00001763947_011	g1215	train
ENSE00001763947_016	g1215	train
ENSE00001763947_017	g1215	train
ENSE00001763947_023	g1215	train
ENSE00001764140_001	g1216	train
ENSE00001764140_002	g1216	train
ENSE00001764140_003	g1216	train
ENSE00001764140_005	g1216	train
ENSE00001764140_006	g1216	train
ENSE00001764140_008	g1216	train
ENSE00001764140_010	g1216	train
ENSE00001764140_012	g1216	train
ENSE00001764140_013	g1216	train
ENSE00001764140_014	g1216	train
ENSE00001764140_018	g1216	train
ENSE00001764140_019	g1216	train
ENSE00001764140_023	g1216	train
ENSE00001764140_024	g1216	train
ENSE00001764374_002	g1217	train
ENSE00001764374_003	g1217	train
ENSE00001764374_004	g1217	train
ENSE00001764374_005	g1217	train
ENSE00001764374_006	g1217	train
ENSE00001764374_007	g1217	train
ENSE00001764374_008	g1217	train
ENSE00001764374_009	g1217	train
ENSE00001764374_010	g1217	train
ENSE00001764374_015	g1217	train
ENSE00001764374_017	g1217	train
ENSE00001764374_018	g1217	train
ENSE00001764374_019	g1217	train
ENSE00001764374_020	g1217	train
ENSE00001764374_021	g1217	train
ENSE00001765217_003	g1218	test
ENSE00001765217_005	g1218	test
ENSE00001766428_023	g0657	train
ENSE00001766428_027	g0657	train
ENSE00001767172_012	g1219	test
ENSE00001767172_013	g1219	test
ENSE00001767172_015	g1219	test
ENSE00001767213_001	g1220	train
ENSE00001767213_002	g1220	train
ENSE00001767213_003	g1220	train
ENSE00001767213_004	g1220	train
ENSE00001767213_006	g1220	train
ENSE00001767213_007	g1220	train
ENSE00001767213_008	g1220	train
ENSE00001767213_010	g1220	train
ENSE00001767213_011	g1220	train
ENSE00001767213_013	g1220	train
ENSE00001767213_016	g1220	train
ENSE00001767213_017	g1220	train
ENSE00001767213_018	g1220	train
ENSE00001767213_019	g1220	train
ENSE00001767213_020	g1220	train
ENSE00001767213_023	g1220	train
ENSE00001767213_024	g1220	train
ENSE00001767213_026	g1220	train
ENSE00001767213_027	g1220	train
ENSE00001768088_001	g0999	train
ENSE00001768088_002	g0999	train
ENSE00001768088_003	g0999	train
ENSE00001768088_004	g0999	train
ENSE00001768088_005	g0999	train
ENSE00001768088_007	g0999	train
ENSE00001768088_008	g0999	train
ENSE00001768088_009	g0999	train
ENSE00001768088_011	g0999	train
ENSE00001768088_013	g0999	train
ENSE00001768088_014	g0999	train
ENSE00001768088_015	g0999	train
ENSE00001768088_017	g0999	train
ENSE00001768088_018	g0999	train
ENSE00001768118_001	g1221	test
ENSE00001768118_002	g1221	test
ENSE00001768118_003	g1221	test
ENSE00001768118_006	g1221	test
ENSE00001768118_009	g1221	test
ENSE00001768118_012	g1221	test
ENSE00001768118_014	g1221	test
ENSE00001768118_016	g1221	test
ENSE00001768118_017	g1221	test
ENSE00001768118_018	g1221	test
ENSE00001768118_019	g1221	test
ENSE00001768118_021	g1221	test
ENSE00001768118_022	g1221	test
ENSE00001768118_023	g1221	test
ENSE00001768118_025	g1221	test
ENSE00001768118_027	g1221	test
ENSE00001768543_001	g1222	train
ENSE00001768543_003	g1222	train
ENSE00001768543_004	g1222	train
ENSE00001768543_005	g1222	train
ENSE00001768543_006	g1222	train
ENSE00001768543_008	g1222	train
ENSE00001768543_009	g1222	train
ENSE00001768543_010	g1222	train
ENSE00001768543_012	g1222	train
ENSE00001768543_013	g1222	train
ENSE00001768543_014	g1222	train
ENSE00001768543_015	g1222	train
ENSE00001768543_016	g1222	train
ENSE00001768543_017	g1222	train
ENSE00001768543_019	g1222	train
ENSE00001768543_022	g1222	train
ENSE00001768543_023	g1222	train
ENSE00001768543_024	g1222	train
ENSE00001769073_002	g1223	train
ENSE00001769073_004	g1223	train
ENSE00001769073_005	g1223	train
ENSE00001769073_007	g1223	train
ENSE00001769073_010	g1223	train
ENSE00001769073_012	g1223	train
ENSE00001769073_014	g1223	train
ENSE00001770705_001	g1224	train
ENSE00001770705_004	g1224	train
ENSE00001770705_006	g1224	train
ENSE00001770705_012	g1224	train
ENSE00001770705_013	g1224	train
ENSE00001770705_015	g1224	train
ENSE00001771057_002	g1225	train
ENSE00001771057_003	g1225	train
ENSE00001771057_005	g1225	train
ENSE00001771057_008	g1225	train
ENSE00001771057_012	g1225	train
ENSE00001771057_014	g1225	train
ENSE00001771057_021	g1225	train
ENSE00001771057_022	g1225	train
ENSE00001771057_023	g1225	train
ENSE00001771057_024	g1225	train
ENSE00001771057_028	g1225	train
ENSE00001771057_029	g1225	train
ENSE00001771057_030	g1225	train
ENSE00001771459_002	g1226	train
ENSE00001771459_003	g1226	train
ENSE00001771459_005	g1226	train
ENSE00001771459_006	g1226	train
ENSE00001771459_007	g1226	train
ENSE00001771459_009	g1226	train
ENSE00001771459_010	g1226	train
ENSE00001771459_012	g1226	train
ENSE00001771459_013	g1226	train
ENSE00001771459_014	g1226	train
ENSE00001771459_017	g1226	train
ENSE00001771459_018	g1226	train
ENSE00001771459_021	g1226	train
ENSE00001771459_022	g1226	train
ENSE00001773744_001	g1227	train
ENSE00001773744_004	g1227	train
ENSE00001773744_006	g1227	train
ENSE00001773744_008	g1227	train
ENSE00001773744_013	g1227	train
ENSE00001773744_018	g1227	train
ENSE00001773825_001	g1228	train
ENSE00001773825_002	g1228	train
ENSE00001773825_003	g1228	train
ENSE00001773828_004	g1229	train
ENSE00001773828_028	g1229	train
ENSE00001774139_002	g0797	train
ENSE00001774139_003	g0797	train
ENSE00001774139_004	g0797	train
ENSE00001774139_006	g0797	train
ENSE00001774139_008	g0797	train
ENSE00001774139_009	g0797	train
ENSE00001774139_012	g0797	train
ENSE00001774139_013	g0797	train
ENSE00001774139_014	g0797	train
ENSE00001774139_015	g0797	train
ENSE00001774139_016	g0797	train
ENSE00001774139_017	g0797	train
ENSE00001774139_018	g0797	train
ENSE00001774139_019	g0797	train
ENSE00001774139_020	g0797	train
ENSE00001774139_022	g0797	train
ENSE00001774139_023	g0797	train
ENSE00001774139_026	g0797	train
ENSE00001774139_027	g0797	train
ENSE00001774139_028	g0797	train
ENSE00001774521_013	g0477	test
ENSE00001774521_019	g0477	test
ENSE00001775517_003	g1230	test
ENSE00001775517_005	g1230	test
ENSE00001775517_008	g1230	test
ENSE00001775517_009	g1230	test
ENSE00001775517_016	g1230	test
ENSE00001775517_020	g1230	test
ENSE00001775517_027	g1230	test
ENSE00001775629_001	g1116	train
ENSE00001775629_003	g1116	train
ENSE00001775629_006	g1116	train
ENSE00001775629_008	g1116	train
ENSE00001775629_009	g1116	train
ENSE00001775629_010	g1116	train
ENSE00001775629_011	g1116	train
ENSE00001775629_012	g1116	train
ENSE00001775629_014	g1116	train
ENSE00001775629_016	g1116	train
ENSE00001775629_017	g1116	train
ENSE00001775629_019	g1116	train
ENSE00001775629_021	g1116	train
ENSE00001776040_002	g1231	train
ENSE00001776040_004	g1231	train
ENSE00001776040_005	g1231	train
ENSE00001776040_007	g1231	train
ENSE00001776040_009	g1231	train
ENSE00001776040_012	g1231	train
ENSE00001776240_001	g1232	train
ENSE00001776240_002	g1232	train
ENSE00001776240_004	g1232	train
ENSE00001776240_005	g1232	train
ENSE00001776240_006	g1232	train
ENSE00001776240_010	g1232	train
ENSE00001776240_012	g1232	train
ENSE00001776240_013	g1232	train
ENSE00001776240_016	g1232	train
ENSE00001776240_018	g1232	train
ENSE00001776240_020	g1232	train
ENSE00001776240_023	g1232	train
ENSE00001776240_025	g1232	train
ENSE00001776240_026	g1232	train
ENSE00001776272_003	g1233	test
ENSE00001776272_006	g1233	test
ENSE00001776272_009	g1233	test
ENSE00001776272_010	g1233	test
ENSE00001776272_011	g1233	test
ENSE00001776272_013	g1233	test
ENSE00001776272_014	g1233	test
ENSE00001776272_015	g1233	test
ENSE00001776272_018	g1233	test
ENSE00001776272_019	g1233	test
ENSE00001776272_021	g1233	test
ENSE00001776409_001	g1234	train
ENSE00001776409_003	g1234	train
ENSE00001776409_004	g1234	train
ENSE00001776409_005	g1234	train
ENSE00001776409_006	g1234	train
ENSE00001776409_007	g1234	train
ENSE00001776409_008	g1234	train
ENSE00001776409_009	g1234	train
ENSE00001776409_010	g1234	train
ENSE00001776409_011	g1234	train
ENSE00001776409_013	g1234	train
ENSE00001776409_014	g1234	train
ENSE00001776409_015	g1234	train
ENSE00001776409_017	g1234	train
ENSE00001776409_018	g1234	train
ENSE00001776409_019	g1234	train
ENSE00001776409_020	g1234	train
ENSE00001776409_021	g1234	train
ENSE00001776409_022	g1234	train
ENSE00001776409_023	g1234	train
ENSE00001776409_025	g1234	train
ENSE00001776409_026	g1234	train
ENSE00001776409_027	g1234	train
ENSE00001776970_001	g1235	test
ENSE00001776970_003	g1235	test
ENSE00001776970_004	g1235	test
ENSE00001776970_006	g1235	test
ENSE00001776970_009	g1235	test
ENSE00001776970_010	g1235	test
ENSE00001776970_014	g1235	test
ENSE00001776970_016	g1235	test
ENSE00001776970_017	g1235	test
ENSE00001776970_018	g1235	test
ENSE00001776970_019	g1235	test
ENSE00001776970_020	g1235	test
ENSE00001776970_021	g1235	test
ENSE00001776970_022	g1235	test
ENSE00001778245_001	g0989	test
ENSE00001778245_002	g0989	test
ENSE00001778245_004	g0989	test
ENSE00001778245_007	g0989	test
ENSE00001778245_010	g0989	test
ENSE00001778245_012	g0989	test
ENSE00001778245_013	g0989	test
ENSE00001778245_018	g0989	test
ENSE00001778245_019	g0989	test
ENSE00001778245_021	g0989	test
ENSE00001778284_003	g1019	train
ENSE00001778284_005	g1019	train
ENSE00001778284_007	g1019	train
ENSE00001778284_008	g1019	train
ENSE00001778284_011	g1019	train
ENSE00001778284_012	g1019	train
ENSE00001778284_016	g1019	train
ENSE00001778284_018	g1019	train
ENSE00001778284_019	g1019	train
ENSE00001778284_020	g1019	train
ENSE00001778387_001	g0786	test
ENSE00001778387_003	g0786	test
ENSE00001778387_004	g0786	test
ENSE00001778387_006	g0786	test
ENSE00001778387_007	g0786	test
ENSE00001778387_008	g0786	test
ENSE00001778387_009	g0786	test
ENSE00001778387_010	g0786	test
ENSE00001778387_012	g0786	test
ENSE00001778387_013	g0786	test
ENSE00001778387_015	g0786	test
ENSE00001778416_016	g1236	train
ENSE00001779180_006	g1237	train
ENSE00001779180_008	g1237	train
ENSE00001779180_011	g1237	train
ENSE00001779180_013	g1237	train
ENSE00001779306_004	g1238	train
ENSE00001779638_003	g1239	test
ENSE00001779638_008	g1239	test
ENSE00001779638_010	g1239	test
ENSE00001779638_017	g1239	test
ENSE00001779638_020	g1239	test
ENSE00001779638_021	g1239	test
ENSE00001779638_025	g1239	test
ENSE00001780748_001	g1240	test
ENSE00001780748_002	g1240	test
ENSE00001780748_004	g1240	test
ENSE00001780748_006	g1240	test
ENSE00001780748_009	g1240	test
ENSE00001780748_010	g1240	test
ENSE00001780748_015	g1240	test
ENSE00001780748_017	g1240	test
ENSE00001780748_020	g1240	test
ENSE00001780748_021	g1240	test
ENSE00001780748_023	g1240	test
ENSE00001780748_024	g1240	test
ENSE00001781218_001	g1241	train
ENSE00001781218_004	g1241	train
ENSE00001781218_005	g1241	train
ENSE00001781218_009	g1241	train
ENSE00001781218_011	g1241	train
ENSE00001781218_012	g1241	train
ENSE00001781541_001	g1242	test
ENSE00001781541_002	g1242	test
ENSE00001781541_003	g1242	test
ENSE00001781541_004	g1242	test
ENSE00001781541_005	g1242	test
ENSE00001781541_006	g1242	test
ENSE00001781541_007	g1242	test
ENSE00001781541_008	g1242	test
ENSE00001781541_009	g1242	test
ENSE00001781541_010	g1242	test
ENSE00001781541_011	g1242	test
ENSE00001781541_012	g1242	test
ENSE00001781541_014	g1242	test
ENSE00001781541_016	g1242	test
ENSE00001781541_017	g1242	test
ENSE00001781541_019	g1242	test
ENSE00001781541_020	g1242	test
ENSE00001781541_023	g1242	test
ENSE00001781541_024	g1242	test
ENSE00001781541_026	g1242	test
ENSE00001781541_027	g1242	test
ENSE00001781541_029	g1242	test
ENSE00001781541_030	g1242	test
ENSE00001781541_031	g1242	test
ENSE00001783324_001	g1243	test
ENSE00001783324_005	g1243	test
ENSE00001783520_002	g1244	train
ENSE00001783520_003	g1244	train
ENSE00001783520_004	g1244	train
ENSE00001783520_005	g1244	train
ENSE00001783520_006	g1244	train
ENSE00001783520_007	g1244	train
ENSE00001783520_008	g1244	train
ENSE00001783520_011	g1244	train
ENSE00001783520_013	g1244	train
ENSE00001783520_015	g1244	train
ENSE00001783520_016	g1244	train
ENSE00001783520_017	g1244	train
ENSE00001783520_018	g1244	train
ENSE00001783520_019	g1244	train
ENSE00001783520_020	g1244	train
ENSE00001783520_021	g1244	train
ENSE00001784042_001	g0175	train
ENSE00001784042_006	g0175	train
ENSE00001784042_011	g0175	train
ENSE00001784042_021	g0175	train
ENSE00001784042_024	g0175	train
ENSE00001784042_025	g0175	train
ENSE00001787760_002	g1019	train
ENSE00001787760_003	g1019	train
ENSE00001787760_005	g1019	train
ENSE00001787760_006	g1019	train
ENSE00001787760_011	g1019	train
ENSE00001787987_001	g0477	test
ENSE00001787987_002	g0477	test
ENSE00001787987_003	g0477	test
ENSE00001787987_004	g0477	test
ENSE00001787987_005	g0477	test
ENSE00001787987_006	g0477	test
ENSE00001787987_007	g0477	test
ENSE00001787987_009	g0477	test
ENSE00001787987_010	g0477	test
ENSE00001787987_012	g0477	test
ENSE00001787987_013	g0477	test
ENSE00001787987_014	g0477	test
ENSE00001787987_015	g0477	test
ENSE00001788252_010	g1245	train
ENSE00001788252_012	g1245	train
ENSE00001788252_020	g1245	train
ENSE00001788381_001	g1034	train
ENSE00001788381_002	g1034	train
ENSE00001788381_003	g1034	train
ENSE00001788381_008	g1034	train
ENSE00001788381_009	g1034	train
ENSE00001788381_010	g1034	train
ENSE00001788381_011	g1034	train
ENSE00001788381_012	g1034	train
ENSE00001788381_013	g1034	train
ENSE00001788381_014	g1034	train
ENSE00001788381_016	g1034	train
ENSE00001788956_001	g0989	test
ENSE00001788956_002	g0989	test
ENSE00001788956_003	g0989	test
ENSE00001788956_004	g0989	test
ENSE00001788956_005	g0989	test
ENSE00001788956_007	g0989	test
ENSE00001788956_009	g0989	test
ENSE00001788956_010	g0989	test
ENSE00001788956_011	g0989	test
ENSE00001788956_014	g0989	test
ENSE00001788956_015	g0989	test
ENSE00001788956_016	g0989	test
ENSE00001788956_017	g0989	test
ENSE00001788956_018	g0989	test
ENSE00001788956_019	g0989	test
ENSE00001790337_001	g1246	train
ENSE00001790337_002	g1246	train
ENSE00001790337_003	g1246	train
ENSE00001790337_004	g1246	train
ENSE00001790337_006	g1246	train
ENSE00001790337_007	g1246	train
ENSE00001790337_009	g1246	train
ENSE00001790337_011	g1246	train
ENSE00001790337_014	g1246	train
ENSE00001790337_016	g1246	train
ENSE00001790337_018	g1246	train
ENSE00001790337_019	g1246	train
ENSE00001790785_001	g1247	test
ENSE00001790785_002	g1247	test
ENSE00001790785_003	g1247	test
ENSE00001790785_004	g1247	test
ENSE00001790785_005	g1247	test
ENSE00001790785_006	g1247	test
ENSE00001790785_007	g1247	test
ENSE00001790785_008	g1247	test
ENSE00001790785_010	g1247	test
ENSE00001790785_011	g1247	test
ENSE00001790785_014	g1247	test
ENSE00001791385_002	g1248	train
ENSE00001791385_003	g1248	train
ENSE00001791385_004	g1248	train
ENSE00001791385_005	g1248	train
ENSE00001791385_006	g1248	train
ENSE00001791385_007	g1248	train
ENSE00001791385_011	g1248	train
ENSE00001791385_012	g1248	train
ENSE00001791385_013	g1248	train
ENSE00001791385_014	g1248	train
ENSE00001791385_016	g1248	train
ENSE00001791385_017	g1248	train
ENSE00001792966_001	g1025	train
ENSE00001792966_002	g1025	train
ENSE00001792966_003	g1025	train
ENSE00001792966_004	g1025	train
ENSE00001792966_005	g1025	train
ENSE00001792966_006	g1025	train
ENSE00001792966_007	g1025	train
ENSE00001792966_009	g1025	train
ENSE00001792966_010	g1025	train
ENSE00001792966_011	g1025	train
ENSE00001792966_012	g1025	train
ENSE00001792966_014	g1025	train
ENSE00001792966_015	g1025	train
ENSE00001792966_016	g1025	train
ENSE00001792966_017	g1025	train
ENSE00001792966_018	g1025	train
ENSE00001792966_019	g1025	train
ENSE00001792966_021	g1025	train
ENSE00001794186_001	g1249	train
ENSE00001794186_002	g1249	train
ENSE00001794186_003	g1249	train
ENSE00001794186_004	g1249	train
ENSE00001794186_005	g1249	train
ENSE00001794186_007	g1249	train
ENSE00001794186_008	g1249	train
ENSE00001794186_009	g1249	train
ENSE00001794186_010	g1249	train
ENSE00001794186_011	g1249	train
ENSE00001794186_012	g1249	train
ENSE00001794186_013	g1249	train
ENSE00001794186_014	g1249	train
ENSE00001794186_015	g1249	train
ENSE00001794186_018	g1249	train
ENSE00001794186_019	g1249	train
ENSE00001794191_001	g1250	train
ENSE00001794191_003	g1250	train
ENSE00001794191_006	g1250	train
ENSE00001794191_007	g1250	train
ENSE00001794191_008	g1250	train
ENSE00001794191_009	g1250	train
ENSE00001794191_010	g1250	train
ENSE00001794191_011	g1250	train
ENSE00001794191_012	g1250	train
ENSE00001794191_013	g1250	train
ENSE00001794191_014	g1250	train
ENSE00001794191_015	g1250	train
ENSE00001794191_016	g1250	train
ENSE00001794191_017	g1250	train
ENSE00001794191_018	g1250	train
ENSE00001794191_019	g1250	train
ENSE00001794191_020	g1250	train
ENSE00001794191_021	g1250	train
ENSE00001794847_001	g0569	train
ENSE00001794847_002	g0569	train
ENSE00001794847_003	g0569	train
ENSE00001794847_004	g0569	train
ENSE00001794847_005	g0569	train
ENSE00001794847_006	g0569	train
ENSE00001794847_007	g0569	train
ENSE00001794847_008	g0569	train
ENSE00001794847_009	g0569	train
ENSE00001794847_011	g0569	train
ENSE00001794847_012	g0569	train
ENSE00001794847_013	g0569	train
ENSE00001794847_016	g0569	train
ENSE00001794847_018	g0569	train
ENSE00001794847_019	g0569	train
ENSE00001794847_020	g0569	train
ENSE00001794847_022	g0569	train
ENSE00001794847_023	g0569	train
ENSE00001794847_024	g0569	train
ENSE00001794847_025	g0569	train
ENSE00001794847_026	g0569	train
ENSE00001794847_027	g0569	train
ENSE00001794847_028	g0569	train
ENSE00001794847_030	g0569	train
ENSE00001794847_031	g0569	train
ENSE00001794847_032	g0569	train
ENSE00001794847_033	g0569	train
ENSE00001794847_034	g0569	train
ENSE00001794847_035	g0569	train
ENSE00001794847_036	g0569	train
ENSE00001798600_002	g0808	train
ENSE00001798600_006	g0808	train
ENSE00001798716_002	g1251	test
ENSE00001798716_008	g1251	test
ENSE00001798716_009	g1251	test
ENSE00001798716_010	g1251	test
ENSE00001798716_011	g1251	test
ENSE00001798716_013	g1251	test
ENSE00001798716_015	g1251	test
ENSE00001798716_016	g1251	test
ENSE00001798716_017	g1251	test
ENSE00001798716_018	g1251	test
ENSE00001798716_020	g1251	test
ENSE00001798716_021	g1251	test
ENSE00001798716_023	g1251	test
ENSE00001799441_001	g0089	train
ENSE00001799441_003	g0089	train
ENSE00001799441_005	g0089	train
ENSE00001799441_007	g0089	train
ENSE00001799441_008	g0089	train
ENSE00001799441_009	g0089	train
ENSE00001799441_010	g0089	train
ENSE00001799441_011	g0089	train
ENSE00001799441_012	g0089	train
ENSE00001799441_013	g0089	train
ENSE00001800310_001	g1252	test
ENSE00001800310_002	g1252	test
ENSE00001800310_003	g1252	test
ENSE00001800310_005	g1252	test
ENSE00001800310_006	g1252	test
ENSE00001800310_007	g1252	test
ENSE00001800310_008	g1252	test
ENSE00001800310_009	g1252	test
ENSE00001800310_010	g1252	test
ENSE00001800310_011	g1252	test
ENSE00001800310_013	g1252	test
ENSE00001800310_014	g1252	test
ENSE00001800310_015	g1252	test
ENSE00001800310_016	g1252	test
ENSE00001800310_018	g1252	test
ENSE00001800310_019	g1252	test
ENSE00001800310_022	g1252	test
ENSE00001800310_023	g1252	test
ENSE00001801238_004	g1253	train
ENSE00001801238_007	g1253	train
ENSE00001801238_014	g1253	train
ENSE00001801238_020	g1253	train
ENSE00001801238_022	g1253	train
ENSE00001802137_002	g0973	train
ENSE00001802137_004	g0973	train
ENSE00001802137_005	g0973	train
ENSE00001802137_007	g0973	train
ENSE00001802137_008	g0973	train
ENSE00001802137_010	g0973	train
ENSE00001802137_011	g0973	train
ENSE00001802137_013	g0973	train
ENSE00001802137_014	g0973	train
ENSE00001802137_015	g0973	train
ENSE00001802137_016	g0973	train
ENSE00001802137_018	g0973	train
ENSE00001802137_019	g0973	train
ENSE00001802137_020	g0973	train
ENSE00001802137_021	g0973	train
ENSE00001802137_022	g0973	train
ENSE00001802137_023	g0973	train
ENSE00001802137_024	g0973	train
ENSE00001802137_026	g0973	train
ENSE00001802137_027	g0973	train
ENSE00001802137_028	g0973	train
ENSE00001802137_029	g0973	train
ENSE00001802137_030	g0973	train
ENSE00001802137_031	g0973	train
ENSE00001802137_032	g0973	train
ENSE00001802357_002	g0996	train
ENSE00001802357_003	g0996	train
ENSE00001802357_004	g0996	train
ENSE00001802357_005	g0996	train
ENSE00001802357_006	g0996	train
ENSE00001802357_007	g0996	train
ENSE00001802357_008	g0996	train
ENSE00001802357_009	g0996	train
ENSE00001802357_010	g0996	train
ENSE00001802357_011	g0996	train
ENSE00001802357_012	g0996	train
ENSE00001802357_013	g0996	train
ENSE00001802357_014	g0996	train
ENSE00001802357_016	g0996	train
ENSE00001802357_017	g0996	train
ENSE00001802357_018	g0996	train
ENSE00001802357_019	g0996	train
ENSE00001802357_020	g0996	train
ENSE00001802357_022	g0996	train
ENSE00001802357_024	g0996	train
ENSE00001802357_025	g0996	train
ENSE00001802357_026	g0996	train
ENSE00001802357_028	g0996	train
ENSE00001802357_029	g0996	train
ENSE00001802357_032	g0996	train
ENSE00001802357_033	g0996	train
ENSE00001802357_034	g0996	train
ENSE00001802357_035	g0996	train
ENSE00001802440_001	g1214	train
ENSE00001802440_002	g1214	train
ENSE00001802440_004	g1214	train
ENSE00001802440_005	g1214	train
ENSE00001802440_006	g1214	train
ENSE00001802440_007	g1214	train
ENSE00001802440_010	g1214	train
ENSE00001802440_013	g1214	train
ENSE00001802440_017	g1214	train
ENSE00001802440_018	g1214	train
ENSE00001802440_020	g1214	train
ENSE00001802440_022	g1214	train
ENSE00001802440_023	g1214	train
ENSE00001802440_024	g1214	train
ENSE00001802440_025	g1214	train
ENSE00001802440_027	g1214	train
ENSE00001802440_028	g1214	train
ENSE00001803532_002	g1254	train
ENSE00001803532_004	g1254	train
ENSE00001803532_007	g1254	train
ENSE00001803532_009	g1254	train
ENSE00001803532_013	g1254	train
ENSE00001803532_014	g1254	train
ENSE00001803532_015	g1254	train
ENSE00001803532_016	g1254	train
ENSE00001803532_017	g1254	train
ENSE00001803532_020	g1254	train
ENSE00001804366_001	g1255	train
ENSE00001804366_003	g1255	train
ENSE00001804366_007	g1255	train
ENSE00001804366_009	g1255	train
ENSE00001804366_010	g1255	train
ENSE00001804366_011	g1255	train
ENSE00001804366_012	g1255	train
ENSE00001804366_014	g1255	train
ENSE00001804366_015	g1255	train
ENSE00001804366_017	g1255	train
ENSE00001804366_018	g1255	train
ENSE00001804366_019	g1255	train
ENSE00001804366_020	g1255	train
ENSE00001804366_022	g1255	train
ENSE00001804366_023	g1255	train
ENSE00001804366_024	g1255	train
ENSE00001804366_027	g1255	train
ENSE00001804366_028	g1255	train
ENSE00001804366_029	g1255	train
ENSE00001804656_002	g1256	test
ENSE00001804656_007	g1256	test
ENSE00001804656_009	g1256	test
ENSE00001804656_011	g1256	test
ENSE00001804656_016	g1256	test
ENSE00001804656_017	g1256	test
ENSE00001804656_020	g1256	test
ENSE00001804656_024	g1256	test
ENSE00001804656_025	g1256	test
ENSE00001804656_028	g1256	test
ENSE00001804656_029	g1256	test
ENSE00001804656_037	g1256	test
ENSE00001804977_003	g1257	test
ENSE00001804977_004	g1257	test
ENSE00001804977_005	g1257	test
ENSE00001804977_006	g1257	test
ENSE00001804977_008	g1257	test
ENSE00001804977_009	g1257	test
ENSE00001804977_010	g1257	test
ENSE00001804977_011	g1257	test
ENSE00001804977_014	g1257	test
ENSE00001804977_015	g1257	test
ENSE00001804977_016	g1257	test
ENSE00001804977_017	g1257	test
ENSE00001804977_022	g1257	test
ENSE00001804977_024	g1257	test
ENSE00001804977_025	g1257	test
ENSE00001805440_002	g1026	train
ENSE00001805440_003	g1026	train
ENSE00001805440_005	g1026	train
ENSE00001805440_006	g1026	train
ENSE00001805440_007	g1026	train
ENSE00001805440_009	g1026	train
ENSE00001805440_013	g1026	train
ENSE00001805440_014	g1026	train
ENSE00001805440_015	g1026	train
ENSE00001805440_016	g1026	train
ENSE00001805440_017	g1026	train
ENSE00001805624_001	g0981	train
ENSE00001805624_002	g0981	train
ENSE00001805624_003	g0981	train
ENSE00001805624_004	g0981	train
ENSE00001805624_005	g0981	train
ENSE00001805624_007	g0981	train
ENSE00001805624_008	g0981	train
ENSE00001805624_009	g0981	train
ENSE00001805624_010	g0981	train
ENSE00001805624_011	g0981	train
ENSE00001805624_012	g0981	train
ENSE00001805624_013	g0981	train
ENSE00001805624_015	g0981	train
ENSE00001805624_016	g0981	train
ENSE00001805624_017	g0981	train
ENSE00001805624_019	g0981	train
ENSE00001805855_003	g0747	test
ENSE00001805855_008	g0747	test
ENSE00001805855_010	g0747	test
ENSE00001805855_011	g0747	test
ENSE00001805855_014	g0747	test
ENSE00001805855_015	g0747	test
ENSE00001806049_002	g0459	train
ENSE00001806049_005	g0459	train
ENSE00001806049_007	g0459	train
ENSE00001806049_010	g0459	train
ENSE00001965627_001	g1258	test
ENSE00001965627_002	g1258	test
ENSE00001965627_003	g1258	test
ENSE00001965627_004	g1258	test
ENSE00001965627_005	g1258	test
ENSE00001965627_006	g1258	test
ENSE00001965627_008	g1258	test
ENSE00001965627_009	g1258	test
ENSE00001965627_010	g1258	test
ENSE00001965627_011	g1258	test
ENSE00001965627_012	g1258	test
ENSE00001965627_013	g1258	test
ENSE00001965627_015	g1258	test
ENSE00001965627_016	g1258	test
ENSE00001965627_017	g1258	test
ENSE00001965627_018	g1258	test
ENSE00001965627_019	g1258	test
ENSE00001965627_020	g1258	test
ENSE00001974284_001	g1259	train
ENSE00001974284_003	g1259	train
ENSE00001974284_004	g1259	train
ENSE00001974284_006	g1259	train
ENSE00001974284_010	g1259	train
ENSE00001974284_012	g1259	train
ENSE00001974284_013	g1259	train
ENSE00001974284_014	g1259	train
ENSE00001974284_016	g1259	train
ENSE00001974284_018	g1259	train
ENSE00001974284_019	g1259	train
ENSE00001974284_023	g1259	train
ENSE00001974284_024	g1259	train
ENSE00001986242_001	g1259	train
ENSE00001986242_005	g1259	train
ENSE00001986242_012	g1259	train
ENSE00001986242_014	g1259	train
ENSE00001986242_020	g1259	train
ENSE00001986242_021	g1259	train
ENSE00001986242_023	g1259	train
ENSE00001986242_024	g1259	train
ENSE00001988838_001	g1259	train
ENSE00001988838_002	g1259	train
ENSE00001988838_003	g1259	train
ENSE00001988838_004	g1259	train
ENSE00001988838_005	g1259	train
ENSE00001988838_007	g1259	train
ENSE00001988838_008	g1259	train
ENSE00001988838_009	g1259	train
ENSE00001988838_010	g1259	train
ENSE00001988838_011	g1259	train
ENSE00001988838_012	g1259	train
ENSE00001988838_014	g1259	train
ENSE00001988838_015	g1259	train
ENSE00001988838_016	g1259	train
ENSE00001988838_018	g1259	train
ENSE00001988838_019	g1259	train
ENSE00001988838_020	g1259	train
ENSE00001988838_021	g1259	train
ENSE00001988838_022	g1259	train
ENSE00001988838_023	g1259	train
ENSE00001988838_025	g1259	train
ENSE00001988838_026	g1259	train
ENSE00001988838_027	g1259	train
ENSE00001988838_029	g1259	train
ENSE00001991862_002	g1260	train
ENSE00001991862_007	g1260	train
ENSE00002034161_001	g1261	train
ENSE00002034161_006	g1261	train
ENSE00002034161_008	g1261	train
ENSE00002034161_019	g1261	train
ENSE00002034161_021	g1261	train
ENSE00002034161_022	g1261	train
ENSE00002034161_024	g1261	train
ENSE00002034161_025	g1261	train
ENSE00002034161_026	g1261	train
ENSE00002041308_004	g1261	train
ENSE00002062015_001	g1262	train
ENSE00002062015_002	g1262	train
ENSE00002062015_004	g1262	train
ENSE00002062015_005	g1262	train
ENSE00002062015_006	g1262	train
ENSE00002062015_007	g1262	train
ENSE00002062015_009	g1262	train
ENSE00002062015_010	g1262	train
ENSE00002062015_011	g1262	train
ENSE00002062015_012	g1262	train
ENSE00002062015_014	g1262	train
ENSE00002062015_015	g1262	train
ENSE00002062015_018	g1262	train
ENSE00002062015_019	g1262	train
ENSE00002084171_001	g1263	train
ENSE00002084171_008	g1263	train
ENSE00002084171_011	g1263	train
ENSE00002084171_012	g1263	train
ENSE00002084171_013	g1263	train
ENSE00002084171_014	g1263	train
ENSE00002084171_015	g1263	train
ENSE00002084171_017	g1263	train
ENSE00002084171_018	g1263	train
ENSE00002084459_001	g1264	train
ENSE00002084459_004	g1264	train
ENSE00002084459_005	g1264	train
ENSE00002084459_007	g1264	train
ENSE00002084459_008	g1264	train
ENSE00002084459_009	g1264	train
ENSE00002084459_010	g1264	train
ENSE00002084459_012	g1264	train
ENSE00002084459_021	g1264	train
ENSE00002087838_001	g1265	test
ENSE00002087838_002	g1265	test
ENSE00002087838_006	g1265	test
ENSE00002087838_008	g1265	test
ENSE00002087838_009	g1265	test
ENSE00002087838_011	g1265	test
ENSE00002108329_002	g1266	test
ENSE00002108329_003	g1266	test
ENSE00002108329_004	g1266	test
ENSE00002108329_007	g1266	test
ENSE00002108329_008	g1266	test
ENSE00002108329_010	g1266	test
ENSE00002108329_016	g1266	test
ENSE00002108329_017	g1266	test
ENSE00002129540_001	g1203	train
ENSE00002129540_002	g1203	train
ENSE00002129540_005	g1203	train
ENSE00002129540_006	g1203	train
ENSE00002129540_007	g1203	train
ENSE00002129540_012	g1203	train
ENSE00002129540_013	g1203	train
ENSE00002129540_016	g1203	train
ENSE00002129540_023	g1203	train
ENSE00002129540_025	g1203	train
ENSE00002144459_001	g1025	train
ENSE00002144459_014	g1025	train
ENSE00002144459_015	g1025	train
ENSE00002144459_018	g1025	train
ENSE00002144459_019	g1025	train
ENSE00002144459_023	g1025	train
ENSE00002144459_024	g1025	train
ENSE00002152303_001	g1267	train
ENSE00002152303_002	g1267	train
ENSE00002152303_003	g1267	train
ENSE00002152303_004	g1267	train
ENSE00002152303_005	g1267	train
ENSE00002152303_006	g1267	train
ENSE00002152303_007	g1267	train
ENSE00002152303_008	g1267	train
ENSE00002152303_009	g1267	train
ENSE00002152303_010	g1267	train
ENSE00002152303_011	g1267	train
ENSE00002152303_014	g1267	train
ENSE00002152303_015	g1267	train
ENSE00002152303_016	g1267	train
ENSE00002152303_017	g1267	train
ENSE00002152303_018	g1267	train
ENSE00002152303_020	g1267	train
ENSE00002152303_022	g1267	train
ENSE00002152303_023	g1267	train
ENSE00002152303_025	g1267	train
ENSE00002152303_026	g1267	train
ENSE00002152303_027	g1267	train
ENSE00002152303_029	g1267	train
ENSE00002152303_030	g1267	train
ENSE00002152303_033	g1267	train
ENSE00002162551_002	g0525	train
ENSE00002162551_004	g0525	train
ENSE00002162551_008	g0525	train
ENSE00002162551_011	g0525	train
ENSE00002162551_012	g0525	train
ENSE00002162551_016	g0525	train
ENSE00002162551_019	g0525	train
ENSE00002162551_023	g0525	train
ENSE00002171872_003	g1268	test
ENSE00002171872_008	g1268	test
ENSE00002171872_009	g1268	test
ENSE00002171872_010	g1268	test
ENSE00002171872_013	g1268	test
ENSE00002176939_004	g1269	train
ENSE00002176939_005	g1269	train
ENSE00002176939_006	g1269	train
ENSE00002176939_007	g1269	train
ENSE00002176939_008	g1269	train
ENSE00002176939_010	g1269	train
ENSE00002176939_011	g1269	train
ENSE00002176939_012	g1269	train
ENSE00002176939_013	g1269	train
ENSE00002176939_014	g1269	train
ENSE00002176939_015	g1269	train
ENSE00002176939_016	g1269	train
ENSE00002176939_017	g1269	train
ENSE00002176939_018	g1269	train
ENSE00002176939_019	g1269	train
ENSE00002178626_001	g1270	test
ENSE00002178626_002	g1270	test
ENSE00002178626_003	g1270	test
ENSE00002178626_004	g1270	test
ENSE00002178626_005	g1270	test
ENSE00002178626_006	g1270	test
ENSE00002178626_007	g1270	test
ENSE00002178626_008	g1270	test
ENSE00002178626_009	g1270	test
ENSE00002178626_010	g1270	test
ENSE00002178626_011	g1270	test
ENSE00002178626_012	g1270	test
ENSE00002178626_014	g1270	test
ENSE00002178626_015	g1270	test
ENSE00002178626_017	g1270	test
ENSE00002178626_019	g1270	test
ENSE00002178626_022	g1270	test
ENSE00002178626_024	g1270	test
ENSE00002178626_025	g1270	test
ENSE00002178626_026	g1270	test
ENSE00002178626_027	g1270	test
ENSE00002178626_028	g1270	test
ENSE00002178626_030	g1270	test
ENSE00002179256_001	g1271	train
ENSE00002179256_002	g1271	train
ENSE00002179256_005	g1271	train
ENSE00002179256_006	g1271	train
ENSE00002179256_009	g1271	train
ENSE00002179256_010	g1271	train
ENSE00002179256_012	g1271	train
ENSE00002179256_013	g1271	train
ENSE00002202648_002	g1272	train
ENSE00002202648_003	g1272	train
ENSE00002202648_004	g1272	train
ENSE00002202648_007	g1272	train
ENSE00002202648_009	g1272	train
ENSE00002202648_010	g1272	train
ENSE00002202648_012	g1272	train
ENSE00002202648_013	g1272	train
ENSE00002202648_014	g1272	train
ENSE00002202648_015	g1272	train
ENSE00002202648_017	g1272	train
ENSE00002202648_018	g1272	train
ENSE00002205374_006	g1273	train
ENSE00002207656_001	g1274	train
ENSE00002207656_002	g1274	train
ENSE00002207656_003	g1274	train
ENSE00002207656_004	g1274	train
ENSE00002207656_005	g1274	train
ENSE00002207656_006	g1274	train
ENSE00002207656_007	g1274	train
ENSE00002207656_008	g1274	train
ENSE00002207656_009	g1274	train
ENSE00002207656_010	g1274	train
ENSE00002207656_012	g1274	train
ENSE00002207656_014	g1274	train
ENSE00002207656_015	g1274	train
ENSE00002207656_019	g1274	train
ENSE00002207656_020	g1274	train
ENSE00002207656_021	g1274	train
ENSE00002207656_023	g1274	train
ENSE00002207656_024	g1274	train
ENSE00002207656_025	g1274	train
ENSE00002207656_026	g1274	train
ENSE00002207656_027	g1274	train
ENSE00002207656_028	g1274	train
ENSE00002207656_030	g1274	train
ENSE00002207656_031	g1274	train
ENSE00002207656_032	g1274	train
ENSE00002208005_001	g1275	train
ENSE00002208005_002	g1275	train
ENSE00002208005_003	g1275	train
ENSE00002208005_004	g1275	train
ENSE00002208005_005	g1275	train
ENSE00002208005_006	g1275	train
ENSE00002208005_008	g1275	train
ENSE00002208005_011	g1275	train
ENSE00002208005_012	g1275	train
ENSE00002208005_013	g1275	train
ENSE00002208005_014	g1275	train
ENSE00002208005_015	g1275	train
ENSE00002208005_016	g1275	train
ENSE00002208005_017	g1275	train
ENSE00002208005_018	g1275	train
ENSE00002208005_019	g1275	train
ENSE00002208005_020	g1275	train
ENSE00002208005_021	g1275	train
ENSE00002208005_022	g1275	train
ENSE00002208005_023	g1275	train
ENSE00002208005_024	g1275	train
ENSE00002208005_025	g1275	train
ENSE00002211371_004	g1276	train
ENSE00002211371_009	g1276	train
ENSE00002211371_018	g1276	train
ENSE00002211371_019	g1276	train
ENSE00002211371_023	g1276	train
ENSE00002211371_030	g1276	train
ENSE00002211371_035	g1276	train
ENSE00002211371_036	g1276	train
ENSE00002211371_037	g1276	train
ENSE00002212809_002	g1277	test
ENSE00002212809_006	g1277	test
ENSE00002212809_007	g1277	test
ENSE00002212809_009	g1277	test
ENSE00002212809_012	g1277	test
ENSE00002212809_013	g1277	test
ENSE00002212809_015	g1277	test
ENSE00002212809_016	g1277	test
ENSE00002212809_018	g1277	test
ENSE00002212809_019	g1277	test
ENSE00002212809_024	g1277	test
ENSE00002212809_026	g1277	test
ENSE00002212809_028	g1277	test
ENSE00002214448_005	g1278	train
ENSE00002214498_001	g0167	test
ENSE00002214498_002	g0167	test
ENSE00002214498_004	g0167	test
ENSE00002214498_005	g0167	test
ENSE00002214498_006	g0167	test
ENSE00002214498_008	g0167	test
ENSE00002214498_009	g0167	test
ENSE00002214498_011	g0167	test
ENSE00002214498_012	g0167	test
ENSE00002214498_014	g0167	test
ENSE00002214498_016	g0167	test
ENSE00002214498_017	g0167	test
ENSE00002214498_020	g0167	test
ENSE00002214498_021	g0167	test
ENSE00002214498_022	g0167	test
ENSE00002214498_023	g0167	test
ENSE00002214621_013	g0798	test
ENSE00002214621_021	g0798	test
ENSE00002214621_024	g0798	test
ENSE00002214621_031	g0798	test
ENSE00002214621_033	g0798	test
ENSE00002215495_002	g1279	test
ENSE00002215495_003	g1279	test
ENSE00002215495_004	g1279	test
ENSE00002215495_006	g1279	test
ENSE00002215495_008	g1279	test
ENSE00002215495_010	g1279	test
ENSE00002217270_004	g1280	test
ENSE00002217270_018	g1280	test
ENSE00002217270_020	g1280	test
ENSE00002218022_003	g1281	test
ENSE00002218022_006	g1281	test
ENSE00002218022_007	g1281	test
ENSE00002218022_009	g1281	test
ENSE00002218022_010	g1281	test
ENSE00002218022_011	g1281	test
ENSE00002218022_012	g1281	test
ENSE00002218022_013	g1281	test
ENSE00002218022_014	g1281	test
ENSE00002218022_015	g1281	test
ENSE00002218022_016	g1281	test
ENSE00002218022_018	g1281	test
ENSE00002218022_020	g1281	test
ENSE00002218022_023	g1281	test
ENSE00002218022_026	g1281	test
ENSE00002218022_028	g1281	test
ENSE00002218022_029	g1281	test
ENSE00002218022_030	g1281	test
ENSE00002219544_003	g1282	train
ENSE00002219544_004	g1282	train
ENSE00002219544_007	g1282	train
ENSE00002219544_026	g1282	train
ENSE00002222757_004	g1283	train
ENSE00002222757_010	g1283	train
ENSE00002222757_014	g1283	train
ENSE00002222757_022	g1283	train
ENSE00002225920_002	g1284	train
ENSE00002225920_003	g1284	train
ENSE00002225920_004	g1284	train
ENSE00002225920_005	g1284	train
ENSE00002225920_008	g1284	train
ENSE00002225920_009	g1284	train
ENSE00002225920_010	g1284	train
ENSE00002225920_011	g1284	train
ENSE00002225920_012	g1284	train
ENSE00002225920_015	g1284	train
ENSE00002225920_018	g1284	train
ENSE00002225920_020	g1284	train
ENSE00002225920_022	g1284	train
ENSE00002225920_023	g1284	train
ENSE00002225920_024	g1284	train
ENSE00002225920_027	g1284	train
ENSE00002225920_028	g1284	train
ENSE00002225920_029	g1284	train
ENSE00002225920_032	g1284	train
ENSE00002225920_034	g1284	train
ENSE00002225920_036	g1284	train
ENSE00002225920_038	g1284	train
ENSE00002225920_039	g1284	train
ENSE00002225920_042	g1284	train
ENSE00002225920_044	g1284	train
ENSE00002225920_045	g1284	train
ENSE00002225920_047	g1284	train
ENSE00002225920_049	g1284	train
ENSE00002226798_010	g1275	train
ENSE00002226798_011	g1275	train
ENSE00002226798_012	g1275	train
ENSE00002226798_016	g1275	train
ENSE00002230447_001	g1285	train
ENSE00002230447_002	g1285	train
ENSE00002230447_003	g1285	train
ENSE00002230447_004	g1285	train
ENSE00002230447_006	g1285	train
ENSE00002230447_007	g1285	train
ENSE00002230447_008	g1285	train
ENSE00002230447_009	g1285	train
ENSE00002230447_010	g1285	train
ENSE00002230447_011	g1285	train
ENSE00002230447_012	g1285	train
ENSE00002230447_013	g1285	train
ENSE00002230447_014	g1285	train
ENSE00002230447_015	g1285	train
ENSE00002230447_016	g1285	train
ENSE00002230447_017	g1285	train
ENSE00002230447_018	g1285	train
ENSE00002230447_019	g1285	train
ENSE00002230447_021	g1285	train
ENSE00002233137_001	g1097	train
ENSE00002233137_003	g1097	train
ENSE00002233137_004	g1097	train
ENSE00002233137_007	g1097	train
ENSE00002233137_008	g1097	train
ENSE00002233137_012	g1097	train
ENSE00002233137_014	g1097	train
ENSE00002233137_015	g1097	train
ENSE00002233137_016	g1097	train
ENSE00002233137_017	g1097	train
ENSE00002233137_018	g1097	train
ENSE00002233137_022	g1097	train
ENSE00002233137_024	g1097	train
ENSE00002233137_026	g1097	train
ENSE00002233137_027	g1097	train
ENSE00002233541_012	g1286	train
ENSE00002234720_001	g1287	test
ENSE00002234720_003	g1287	test
ENSE00002234720_004	g1287	test
ENSE00002234720_005	g1287	test
ENSE00002234720_006	g1287	test
ENSE00002234720_007	g1287	test
ENSE00002234720_008	g1287	test
ENSE00002234720_009	g1287	test
ENSE00002234720_010	g1287	test
ENSE00002234720_011	g1287	test
ENSE00002234720_012	g1287	test
ENSE00002234720_013	g1287	test
ENSE00002234720_014	g1287	test
ENSE00002234720_015	g1287	test
ENSE00002234720_016	g1287	test
ENSE00002234720_017	g1287	test
ENSE00002234720_018	g1287	test
ENSE00002234720_019	g1287	test
ENSE00002234720_020	g1287	test
ENSE00002234720_022	g1287	test
ENSE00002234720_023	g1287	test
ENSE00002234720_024	g1287	test
ENSE00002238703_001	g1274	train
ENSE00002238703_002	g1274	train
ENSE00002238703_003	g1274	train
ENSE00002238703_004	g1274	train
ENSE00002238703_010	g1274	train
ENSE00002238703_011	g1274	train
ENSE00002238703_012	g1274	train
ENSE00002238703_013	g1274	train
ENSE00002238703_014	g1274	train
ENSE00002238703_016	g1274	train
ENSE00002238703_017	g1274	train
ENSE00002238703_019	g1274	train
ENSE00002238703_020	g1274	train
ENSE00002238703_021	g1274	train
ENSE00002238703_022	g1274	train
ENSE00002238703_026	g1274	train
ENSE00002238703_029	g1274	train
ENSE00002238703_032	g1274	train
ENSE00002238703_033	g1274	train
ENSE00002238703_034	g1274	train
ENSE00002238703_035	g1274	train
ENSE00002238703_036	g1274	train
ENSE00002238703_037	g1274	train
ENSE00002238703_040	g1274	train
ENSE00002238703_041	g1274	train
ENSE00002238703_042	g1274	train
ENSE00002239615_001	g1279	test
ENSE00002239615_008	g1279	test
ENSE00002239615_009	g1279	test
ENSE00002239615_014	g1279	test
ENSE00002239615_015	g1279	test
ENSE00002239615_016	g1279	test
ENSE00002239615_018	g1279	test
ENSE00002239809_005	g1288	train
ENSE00002239809_006	g1288	train
ENSE00002239809_010	g1288	train
ENSE00002239809_013	g1288	train
ENSE00002239809_014	g1288	train
ENSE00002242398_001	g1289	train
ENSE00002242398_003	g1289	train
ENSE00002242398_007	g1289	train
ENSE00002242398_011	g1289	train
ENSE00002242398_012	g1289	train
ENSE00002242398_014	g1289	train
ENSE00002244455_007	g1290	test
ENSE00002244455_008	g1290	test
ENSE00002244455_009	g1290	test
ENSE00002244455_010	g1290	test
ENSE00002244455_011	g1290	test
ENSE00002244455_013	g1290	test
ENSE00002244455_014	g1290	test
ENSE00002244455_018	g1290	test
ENSE00002244455_019	g1290	test
ENSE00002244455_020	g1290	test
ENSE00002244455_021	g1290	test
ENSE00002249647_003	g1291	train
ENSE00002249647_004	g1291	train
ENSE00002249647_007	g1291	train
ENSE00002249647_012	g1291	train
ENSE00002249647_014	g1291	train
ENSE00002249647_015	g1291	train
ENSE00002249647_018	g1291	train
ENSE00002249647_024	g1291	train
ENSE00002249647_029	g1291	train
ENSE00002249647_030	g1291	train
ENSE00002249647_032	g1291	train
ENSE00002270312_001	g1292	test
ENSE00002270312_002	g1292	test
ENSE00002270312_003	g1292	test
ENSE00002270312_004	g1292	test
ENSE00002270312_006	g1292	test
ENSE00002270312_007	g1292	test
ENSE00002270312_009	g1292	test
ENSE00002270312_010	g1292	test
ENSE00002270312_011	g1292	test
ENSE00002271287_001	g1293	train
ENSE00002271287_004	g1293	train
ENSE00002271287_011	g1293	train
ENSE00002271287_012	g1293	train
ENSE00002271287_013	g1293	train
ENSE00002271287_017	g1293	train
ENSE00002271287_020	g1293	train
ENSE00002271287_024	g1293	train
ENSE00002271287_028	g1293	train
ENSE00002271287_029	g1293	train
ENSE00002271287_030	g1293	train
ENSE00002275313_002	g1294	test
ENSE00002275313_003	g1294	test
ENSE00002275313_004	g1294	test
ENSE00002275313_012	g1294	test
ENSE00002275313_019	g1294	test
ENSE00002275313_020	g1294	test
ENSE00002275313_024	g1294	test
ENSE00002276843_007	g1291	train
ENSE00002276843_008	g1291	train
ENSE00002276843_010	g1291	train
ENSE00002276843_011	g1291	train
ENSE00002276843_012	g1291	train
ENSE00002276843_014	g1291	train
ENSE00002276843_015	g1291	train
ENSE00002276843_017	g1291	train
ENSE00002276843_018	g1291	train
ENSE00002276843_019	g1291	train
ENSE00002276843_020	g1291	train
ENSE00002276843_022	g1291	train
ENSE00002276843_023	g1291	train
ENSE00002276843_024	g1291	train
ENSE00002276843_025	g1291	train
ENSE00002276843_028	g1291	train
ENSE00002276843_031	g1291	train
ENSE00002276843_032	g1291	train
ENSE00002276843_034	g1291	train
ENSE00002277053_003	g1295	train
ENSE00002277053_004	g1295	train
ENSE00002277053_005	g1295	train
ENSE00002277053_009	g1295	train
ENSE00002277053_010	g1295	train
ENSE00002277053_011	g1295	train
ENSE00002277053_013	g1295	train
ENSE00002277053_015	g1295	train
ENSE00002277053_016	g1295	train
ENSE00002277053_017	g1295	train
ENSE00002277053_018	g1295	train
ENSE00002277053_019	g1295	train
ENSE00002277053_020	g1295	train
ENSE00002277053_023	g1295	train
ENSE00002277053_028	g1295	train
ENSE00002277287_001	g1296	train
ENSE00002277287_002	g1296	train
ENSE00002277287_005	g1296	train
ENSE00002277287_008	g1296	train
ENSE00002277287_015	g1296	train
ENSE00002277287_016	g1296	train
ENSE00002277287_017	g1296	train
ENSE00002277287_026	g1296	train
ENSE00002278000_001	g1297	train
ENSE00002278000_002	g1297	train
ENSE00002278000_004	g1297	train
ENSE00002278000_005	g1297	train
ENSE00002278000_006	g1297	train
ENSE00002278000_007	g1297	train
ENSE00002278000_008	g1297	train
ENSE00002278000_009	g1297	train
ENSE00002278000_011	g1297	train
ENSE00002278000_012	g1297	train
ENSE00002278000_013	g1297	train
ENSE00002278000_014	g1297	train
ENSE00002278000_015	g1297	train
ENSE00002278000_016	g1297	train
ENSE00002278000_017	g1297	train
ENSE00002278000_018	g1297	train
ENSE00002278000_019	g1297	train
ENSE00002278000_021	g1297	train
ENSE00002278000_022	g1297	train
ENSE00002278000_023	g1297	train
ENSE00002278274_001	g1298	test
ENSE00002278274_002	g1298	test
ENSE00002278274_004	g1298	test
ENSE00002278274_005	g1298	test
ENSE00002278274_006	g1298	test
ENSE00002278274_007	g1298	test
ENSE00002278274_008	g1298	test
ENSE00002278274_009	g1298	test
ENSE00002278274_010	g1298	test
ENSE00002278274_011	g1298	test
ENSE00002278274_012	g1298	test
ENSE00002278274_014	g1298	test
ENSE00002278274_015	g1298	test
ENSE00002278274_016	g1298	test
ENSE00002278274_017	g1298	test
ENSE00002278274_018	g1298	test
ENSE00002278274_021	g1298	test
ENSE00002278274_022	g1298	test
ENSE00002278274_023	g1298	test
ENSE00002279919_001	g1299	train
ENSE00002279919_003	g1299	train
ENSE00002279919_004	g1299	train
ENSE00002279919_005	g1299	train
ENSE00002279919_006	g1299	train
ENSE00002279919_009	g1299	train
ENSE00002279919_010	g1299	train
ENSE00002279919_011	g1299	train
ENSE00002279919_012	g1299	train
ENSE00002279919_014	g1299	train
ENSE00002279919_015	g1299	train
ENSE00002279919_017	g1299	train
ENSE00002279919_018	g1299	train
ENSE00002279919_019	g1299	train
ENSE00002279919_020	g1299	train
ENSE00002279919_022	g1299	train
ENSE00002279919_023	g1299	train
ENSE00002279919_024	g1299	train
ENSE00002279919_026	g1299	train
ENSE00002279919_027	g1299	train
ENSE00002279919_028	g1299	train
ENSE00002279919_029	g1299	train
ENSE00002281957_002	g1300	test
ENSE00002281957_007	g1300	test
ENSE00002281957_014	g1300	test
ENSE00002281957_015	g1300	test
ENSE00002282107_001	g1301	train
ENSE00002282107_002	g1301	train
ENSE00002282107_004	g1301	train
ENSE00002282107_006	g1301	train
ENSE00002282107_007	g1301	train
ENSE00002282107_008	g1301	train
ENSE00002282107_010	g1301	train
ENSE00002282107_011	g1301	train
ENSE00002282107_012	g1301	train
ENSE00002282107_013	g1301	train
ENSE00002282107_014	g1301	train
ENSE00002282107_015	g1301	train
ENSE00002282107_018	g1301	train
ENSE00002282107_019	g1301	train
ENSE00002282107_022	g1301	train
ENSE00002282107_023	g1301	train
ENSE00002282107_024	g1301	train
ENSE00002282107_025	g1301	train
ENSE00002282107_026	g1301	train
ENSE00002282107_027	g1301	train
ENSE00002282107_028	g1301	train
ENSE00002282107_029	g1301	train
ENSE00002282659_004	g1302	test
ENSE00002282659_005	g1302	test
ENSE00002282659_006	g1302	test
ENSE00002282659_008	g1302	test
ENSE00002282659_012	g1302	test
ENSE00002282659_013	g1302	test
ENSE00002282659_019	g1302	test
ENSE00002282659_022	g1302	test
ENSE00002282659_023	g1302	test
ENSE00002282659_028	g1302	test
ENSE00002282659_030	g1302	test
ENSE00002282659_031	g1302	test
ENSE00002282659_033	g1302	test
ENSE00002282659_034	g1302	test
ENSE00002282659_035	g1302	test
ENSE00002282659_038	g1302	test
ENSE00002282659_039	g1302	test
ENSE00002282659_041	g1302	test
ENSE00002282659_043	g1302	test
ENSE00002282659_044	g1302	test
ENSE00002282659_046	g1302	test
ENSE00002282659_050	g1302	test
ENSE00002284074_001	g1303	train
ENSE00002284074_002	g1303	train
ENSE00002284074_003	g1303	train
ENSE00002284074_004	g1303	train
ENSE00002284074_005	g1303	train
ENSE00002284074_007	g1303	train
ENSE00002284074_008	g1303	train
ENSE00002284074_009	g1303	train
ENSE00002284074_010	g1303	train
ENSE00002284074_011	g1303	train
ENSE00002284074_012	g1303	train
ENSE00002284074_013	g1303	train
ENSE00002284074_014	g1303	train
ENSE00002284074_015	g1303	train
ENSE00002284074_016	g1303	train
ENSE00002284074_017	g1303	train
ENSE00002284074_018	g1303	train
ENSE00002284074_019	g1303	train
ENSE00002284074_021	g1303	train
ENSE00002284279_001	g1304	test
ENSE00002284279_002	g1304	test
ENSE00002284279_004	g1304	test
ENSE00002284279_005	g1304	test
ENSE00002284279_006	g1304	test
ENSE00002284279_009	g1304	test
ENSE00002284279_014	g1304	test
ENSE00002284279_015	g1304	test
ENSE00002284279_016	g1304	test
ENSE00002284279_018	g1304	test
ENSE00002284279_019	g1304	test
ENSE00002287176_002	g1305	test
ENSE00002287176_003	g1305	test
ENSE00002287176_004	g1305	test
ENSE00002287176_005	g1305	test
ENSE00002287176_006	g1305	test
ENSE00002287176_007	g1305	test
ENSE00002287176_010	g1305	test
ENSE00002287176_011	g1305	test
ENSE00002287176_012	g1305	test
ENSE00002287176_013	g1305	test
ENSE00002287176_016	g1305	test
ENSE00002287176_019	g1305	test
ENSE00002287176_020	g1305	test
ENSE00002287176_022	g1305	test
ENSE00002287176_024	g1305	test
ENSE00002287176_026	g1305	test
ENSE00002291630_006	g1300	test
ENSE00002291630_008	g1300	test
ENSE00002291630_009	g1300	test
ENSE00002291630_013	g1300	test
ENSE00002291630_015	g1300	test
ENSE00002291630_019	g1300	test
ENSE00002291630_022	g1300	test
ENSE00002293962_002	g1306	train
ENSE00002293962_004	g1306	train
ENSE00002293962_006	g1306	train
ENSE00002293962_007	g1306	train
ENSE00002293962_008	g1306	train
ENSE00002293962_009	g1306	train
ENSE00002293962_010	g1306	train
ENSE00002293962_012	g1306	train
ENSE00002293962_013	g1306	train
ENSE00002293962_014	g1306	train
ENSE00002293962_015	g1306	train
ENSE00002293962_017	g1306	train
ENSE00002293962_018	g1306	train
ENSE00002293962_019	g1306	train
ENSE00002295088_001	g1291	train
ENSE00002295088_002	g1291	train
ENSE00002295088_003	g1291	train
ENSE00002295088_004	g1291	train
ENSE00002295088_005	g1291	train
ENSE00002295088_006	g1291	train
ENSE00002295088_008	g1291	train
ENSE00002295088_009	g1291	train
ENSE00002295088_010	g1291	train
ENSE00002295088_011	g1291	train
ENSE00002295088_012	g1291	train
ENSE00002295088_013	g1291	train
ENSE00002295088_014	g1291	train
ENSE00002295088_015	g1291	train
ENSE00002295088_016	g1291	train
ENSE00002295088_018	g1291	train
ENSE00002295088_019	g1291	train
ENSE00002295088_020	g1291	train
ENSE00002295562_001	g1086	train
ENSE00002295562_003	g1086	train
ENSE00002295562_004	g1086	train
ENSE00002295562_005	g1086	train
ENSE00002295562_006	g1086	train
ENSE00002295562_008	g1086	train
ENSE00002295562_011	g1086	train
ENSE00002295562_013	g1086	train
ENSE00002295562_014	g1086	train
ENSE00002295562_016	g1086	train
ENSE00002295562_017	g1086	train
ENSE00002295562_019	g1086	train
ENSE00002296303_003	g0951	train
ENSE00002296303_005	g0951	train
ENSE00002296303_007	g0951	train
ENSE00002296303_010	g0951	train
ENSE00002296303_017	g0951	train
ENSE00002296303_020	g0951	train
ENSE00002296303_024	g0951	train
ENSE00002296409_004	g1307	test
ENSE00002296409_005	g1307	test
ENSE00002296409_008	g1307	test
ENSE00002296409_028	g1307	test
ENSE00002296409_030	g1307	test
ENSE00002300280_001	g1308	train
ENSE00002300280_002	g1308	train
ENSE00002300280_003	g1308	train
ENSE00002300280_004	g1308	train
ENSE00002300280_005	g1308	train
ENSE00002300280_006	g1308	train
ENSE00002300280_007	g1308	train
ENSE00002300280_008	g1308	train
ENSE00002300280_009	g1308	train
ENSE00002300280_011	g1308	train
ENSE00002300280_012	g1308	train
ENSE00002300280_013	g1308	train
ENSE00002300280_014	g1308	train
ENSE00002300280_016	g1308	train
ENSE00002300280_017	g1308	train
ENSE00002300280_018	g1308	train
ENSE00002300280_021	g1308	train
ENSE00002300280_025	g1308	train
ENSE00002302801_001	g0951	train
ENSE00002302801_002	g0951	train
ENSE00002302801_003	g0951	train
ENSE00002302801_005	g0951	train
ENSE00002302801_006	g0951	train
ENSE00002302801_008	g0951	train
ENSE00002302801_009	g0951	train
ENSE00002302801_010	g0951	train
ENSE00002302801_011	g0951	train
ENSE00002302801_012	g0951	train
ENSE00002302801_013	g0951	train
ENSE00002302801_014	g0951	train
ENSE00002302801_015	g0951	train
ENSE00002302801_016	g0951	train
ENSE00002302801_017	g0951	train
ENSE00002302801_018	g0951	train
ENSE00002302801_019	g0951	train
ENSE00002302801_020	g0951	train
ENSE00002302801_021	g0951	train
ENSE00002302801_022	g0951	train
ENSE00002302801_023	g0951	train
ENSE00002302801_025	g0951	train
ENSE00002302801_026	g0951	train
ENSE00002303011_001	g1309	train
ENSE00002303011_002	g1309	train
ENSE00002303011_004	g1309	train
ENSE00002303011_005	g1309	train
ENSE00002303011_006	g1309	train
ENSE00002303011_008	g1309	train
ENSE00002303011_010	g1309	train
ENSE00002303011_011	g1309	train
ENSE00002303011_013	g1309	train
ENSE00002303011_014	g1309	train
ENSE00002303011_015	g1309	train
ENSE00002303011_016	g1309	train
ENSE00002303011_017	g1309	train
ENSE00002303011_018	g1309	train
ENSE00002303011_019	g1309	train
ENSE00002303011_020	g1309	train
ENSE00002303011_021	g1309	train
ENSE00002303011_022	g1309	train
ENSE00002303011_025	g1309	train
ENSE00002303011_026	g1309	train
ENSE00002303011_027	g1309	train
ENSE00002303011_028	g1309	train
ENSE00002303011_029	g1309	train
ENSE00002303317_003	g1273	train
ENSE00002303317_004	g1273	train
ENSE00002303317_005	g1273	train
ENSE00002303317_007	g1273	train
ENSE00002303317_008	g1273	train
ENSE00002303317_009	g1273	train
ENSE00002303317_011	g1273	train
ENSE00002303317_012	g1273	train
ENSE00002303317_013	g1273	train
ENSE00002303317_014	g1273	train
ENSE00002303317_015	g1273	train
ENSE00002303317_017	g1273	train
ENSE00002303317_018	g1273	train
ENSE00002306305_002	g1310	train
ENSE00002306305_003	g1310	train
ENSE00002306305_005	g1310	train
ENSE00002306305_008	g1310	train
ENSE00002306305_012	g1310	train
ENSE00002306305_014	g1310	train
ENSE00002306305_015	g1310	train
ENSE00002306305_016	g1310	train
ENSE00002306305_018	g1310	train
ENSE00002306305_019	g1310	train
ENSE00002306305_021	g1310	train
ENSE00002306305_022	g1310	train
ENSE00002306398_002	g1311	train
ENSE00002306398_006	g1311	train
ENSE00002306398_007	g1311	train
ENSE00002306398_008	g1311	train
ENSE00002306398_009	g1311	train
ENSE00002306398_014	g1311	train
ENSE00002306398_017	g1311	train
ENSE00002306398_019	g1311	train
ENSE00002306797_014	g1312	train
ENSE00002307460_004	g1274	train
ENSE00002307460_005	g1274	train
ENSE00002307460_017	g1274	train
ENSE00002307460_020	g1274	train
ENSE00002307460_025	g1274	train
ENSE00002307460_028	g1274	train
ENSE00002307460_029	g1274	train
ENSE00002307460_033	g1274	train
ENSE00002308296_001	g1313	train
ENSE00002308296_002	g1313	train
ENSE00002308296_003	g1313	train
ENSE00002308296_004	g1313	train
ENSE00002308296_006	g1313	train
ENSE00002308296_007	g1313	train
ENSE00002308296_008	g1313	train
ENSE00002308296_009	g1313	train
ENSE00002308296_010	g1313	train
ENSE00002308296_011	g1313	train
ENSE00002308296_020	g1313	train
ENSE00002308296_021	g1313	train
ENSE00002308296_023	g1313	train
ENSE00002308659_005	g1314	test
ENSE00002308659_006	g1314	test
ENSE00002308659_007	g1314	test
ENSE00002308659_012	g1314	test
ENSE00002308659_014	g1314	test
ENSE00002308659_015	g1314	test
ENSE00002308659_017	g1314	test
ENSE00002308659_018	g1314	test
ENSE00002308659_020	g1314	test
ENSE00002308659_021	g1314	test
ENSE00002308835_001	g1272	train
ENSE00002308835_002	g1272	train
ENSE00002308835_003	g1272	train
ENSE00002308835_004	g1272	train
ENSE00002308835_005	g1272	train
ENSE00002308835_007	g1272	train
ENSE00002308835_008	g1272	train
ENSE00002308835_009	g1272	train
ENSE00002308835_010	g1272	train
ENSE00002308835_011	g1272	train
ENSE00002308835_012	g1272	train
ENSE00002308835_014	g1272	train
ENSE00002308835_015	g1272	train
ENSE00002308835_016	g1272	train
ENSE00002308835_017	g1272	train
ENSE00002308835_018	g1272	train
ENSE00002308835_019	g1272	train
ENSE00002308835_020	g1272	train
ENSE00002308835_021	g1272	train
ENSE00002308835_022	g1272	train
ENSE00002308835_024	g1272	train
ENSE00002308835_025	g1272	train
ENSE00002308835_026	g1272	train
ENSE00002308835_027	g1272	train
ENSE00002308835_028	g1272	train
ENSE00002308835_029	g1272	train
ENSE00002308835_030	g1272	train
ENSE00002308835_031	g1272	train
ENSE00002310311_002	g1315	test
ENSE00002310311_003	g1315	test
ENSE00002310311_004	g1315	test
ENSE00002310311_005	g1315	test
ENSE00002310311_007	g1315	test
ENSE00002310311_008	g1315	test
ENSE00002310311_009	g1315	test
ENSE00002310311_010	g1315	test
ENSE00002310311_011	g1315	test
ENSE00002310311_012	g1315	test
ENSE00002310311_013	g1315	test
ENSE00002310311_014	g1315	test
ENSE00002310443_002	g1316	train
ENSE00002310443_005	g1316	train
ENSE00002310443_008	g1316	train
ENSE00002310443_010	g1316	train
ENSE00002310443_011	g1316	train
ENSE00002310443_012	g1316	train
ENSE00002310443_013	g1316	train
ENSE00002310443_017	g1316	train
ENSE00002310443_018	g1316	train
ENSE00002310443_019	g1316	train
ENSE00002310443_020	g1316	train
ENSE00002310443_021	g1316	train
ENSE00002310443_023	g1316	train
ENSE00002310443_024	g1316	train
ENSE00002310443_025	g1316	train
ENSE00002310443_027	g1316	train
ENSE00002310443_030	g1316	train
ENSE00002310443_031	g1316	train
ENSE00002310443_033	g1316	train
ENSE00002310443_034	g1316	train
ENSE00002310443_038	g1316	train
ENSE00002310443_039	g1316	train
ENSE00002310443_040	g1316	train
ENSE00002310443_042	g1316	train
ENSE00002310443_043	g1316	train
ENSE00002310443_044	g1316	train
ENSE00002310443_045	g1316	train
ENSE00002310443_046	g1316	train
ENSE00002311500_001	g1317	train
ENSE00002311500_002	g1317	train
ENSE00002311500_003	g1317	train
ENSE00002311500_004	g1317	train
ENSE00002311500_005	g1317	train
ENSE00002311500_006	g1317	train
ENSE00002311500_007	g1317	train
ENSE00002311500_009	g1317	train
ENSE00002311500_010	g1317	train
ENSE00002311500_012	g1317	train
ENSE00002311500_013	g1317	train
ENSE00002311500_014	g1317	train
ENSE00002311500_015	g1317	train
ENSE00002311500_016	g1317	train
ENSE00002311500_018	g1317	train
ENSE00002311500_019	g1317	train
ENSE00002311500_020	g1317	train
ENSE00002312953_001	g1279	test
ENSE00002312953_002	g1279	test
ENSE00002312953_004	g1279	test
ENSE00002312953_005	g1279	test
ENSE00002312953_006	g1279	test
ENSE00002312953_007	g1279	test
ENSE00002312953_008	g1279	test
ENSE00002312953_010	g1279	test
ENSE00002312953_011	g1279	test
ENSE00002312953_013	g1279	test
ENSE00002312953_014	g1279	test
ENSE00002312953_015	g1279	test
ENSE00002312953_016	g1279	test
ENSE00002314884_001	g1318	train
ENSE00002314884_003	g1318	train
ENSE00002314884_005	g1318	train
ENSE00002314884_006	g1318	train
ENSE00002314884_008	g1318	train
ENSE00002314884_009	g1318	train
ENSE00002314884_010	g1318	train
ENSE00002314884_012	g1318	train
ENSE00002315097_001	g1287	test
ENSE00002315097_002	g1287	test
ENSE00002315097_003	g1287	test
ENSE00002315097_004	g1287	test
ENSE00002315097_006	g1287	test
ENSE00002315097_007	g1287	test
ENSE00002315097_008	g1287	test
ENSE00002315097_009	g1287	test
ENSE00002315097_011	g1287	test
ENSE00002315097_012	g1287	test
ENSE00002315097_016	g1287	test
ENSE00002315097_017	g1287	test
ENSE00002315097_019	g1287	test
ENSE00002315097_020	g1287	test
ENSE00002315097_021	g1287	test
ENSE00002316035_001	g1319	test
ENSE00002316035_002	g1319	test
ENSE00002316035_003	g1319	test
ENSE00002316035_004	g1319	test
ENSE00002316035_005	g1319	test
ENSE00002316035_006	g1319	test
ENSE00002316035_007	g1319	test
ENSE00002316035_008	g1319	test
ENSE00002316035_009	g1319	test
ENSE00002316035_010	g1319	test
ENSE00002316035_012	g1319	test
ENSE00002316035_013	g1319	test
ENSE00002316035_014	g1319	test
ENSE00002316035_015	g1319	test
ENSE00002316035_016	g1319	test
ENSE00002316035_018	g1319	test
ENSE00002316035_020	g1319	test
ENSE00002316430_001	g1274	train
ENSE00002316430_002	g1274	train
ENSE00002316430_003	g1274	train
ENSE00002316430_004	g1274	train
ENSE00002316430_007	g1274	train
ENSE00002316430_008	g1274	train
ENSE00002316430_012	g1274	train
ENSE00002316430_013	g1274	train
ENSE00002316430_014	g1274	train
ENSE00002316430_015	g1274	train
ENSE00002316430_016	g1274	train
ENSE00002316430_017	g1274	train
ENSE00002316430_018	g1274	train
ENSE00002316430_019	g1274	train
ENSE00002316430_020	g1274	train
ENSE00002316430_021	g1274	train
ENSE00002316430_022	g1274	train
ENSE00002316430_023	g1274	train
ENSE00002316430_024	g1274	train
ENSE00002316430_025	g1274	train
ENSE00002316430_026	g1274	train
ENSE00002316430_027	g1274	train
ENSE00002316430_028	g1274	train
ENSE00002316430_031	g1274	train
ENSE00002316430_032	g1274	train
ENSE00002316430_034	g1274	train
ENSE00002319168_002	g1320	train
ENSE00002319168_003	g1320	train
ENSE00002319168_006	g1320	train
ENSE00002319168_007	g1320	train
ENSE00002319168_008	g1320	train
ENSE00002319168_009	g1320	train
ENSE00002319168_011	g1320	train
ENSE00002319168_013	g1320	train
ENSE00002320068_001	g0741	train
ENSE00002320068_005	g0741	train
ENSE00002320068_007	g0741	train
ENSE00002320068_008	g0741	train
ENSE00002320068_010	g0741	train
ENSE00002320068_012	g0741	train
ENSE00002320068_015	g0741	train
ENSE00002320068_018	g0741	train
ENSE00002320068_021	g0741	train
ENSE00002320068_028	g0741	train
ENSE00002320068_029	g0741	train
ENSE00002320068_032	g0741	train
ENSE00002320068_034	g0741	train
ENSE00002320068_038	g0741	train
ENSE00002320068_041	g0741	train
ENSE00002323927_002	g1283	train
ENSE00002323927_004	g1283	train
ENSE00002323927_005	g1283	train
ENSE00002323927_007	g1283	train
ENSE00002323927_010	g1283	train
ENSE00002323927_014	g1283	train
ENSE00002323927_015	g1283	train
ENSE00002323927_018	g1283	train
ENSE00002323927_021	g1283	train
ENSE00002323927_022	g1283	train
ENSE00002323927_026	g1283	train
ENSE00002323927_027	g1283	train
ENSE00002323927_028	g1283	train
ENSE00002323927_029	g1283	train
ENSE00002323927_031	g1283	train
ENSE00002323927_032	g1283	train
ENSE00002323927_036	g1283	train
ENSE00002323927_037	g1283	train
ENSE00002323927_038	g1283	train
ENSE00002324542_002	g1321	train
ENSE00002324542_003	g1321	train
ENSE00002324542_004	g1321	train
ENSE00002324542_006	g1321	train
ENSE00002324542_007	g1321	train
ENSE00002324542_008	g1321	train
ENSE00002324542_013	g1321	train
ENSE00002324542_017	g1321	train
ENSE00002324542_018	g1321	train
ENSE00002324542_024	g1321	train
ENSE00002324542_026	g1321	train
ENSE00002324624_001	g1322	train
ENSE00002324624_004	g1322	train
ENSE00002324624_006	g1322	train
ENSE00002324624_007	g1322	train
ENSE00002324624_009	g1322	train
ENSE00002324624_010	g1322	train
ENSE00002324624_012	g1322	train
ENSE00002324624_013	g1322	train
ENSE00002324624_015	g1322	train
ENSE00002324624_016	g1322	train
ENSE00002324624_019	g1322	train
ENSE00002325120_001	g1323	test
ENSE00002325120_003	g1323	test
ENSE00002325120_006	g1323	test
ENSE00002325120_008	g1323	test
ENSE00002325120_009	g1323	test
ENSE00002325120_013	g1323	test
ENSE00002325120_014	g1323	test
ENSE00002325120_015	g1323	test
ENSE00002325120_016	g1323	test
ENSE00002325120_018	g1323	test
ENSE00002325120_019	g1323	test
ENSE00002325120_020	g1323	test
ENSE00002325120_021	g1323	test
ENSE00002325120_022	g1323	test
ENSE00002325141_001	g1324	train
ENSE00002325141_003	g1324	train
ENSE00002325141_004	g1324	train
ENSE00002325141_005	g1324	train
ENSE00002325141_006	g1324	train
ENSE00002325141_011	g1324	train
ENSE00002325141_012	g1324	train
ENSE00002325141_013	g1324	train
ENSE00002325141_015	g1324	train
ENSE00002325141_016	g1324	train
ENSE00002325141_017	g1324	train
ENSE00002325141_018	g1324	train
ENSE00002325517_001	g1265	test
ENSE00002325517_002	g1265	test
ENSE00002325517_004	g1265	test
ENSE00002325517_005	g1265	test
ENSE00002325517_006	g1265	test
ENSE00002325517_007	g1265	test
ENSE00002325517_008	g1265	test
ENSE00002325517_009	g1265	test
ENSE00002325517_010	g1265	test
ENSE00002325517_012	g1265	test
ENSE00002325517_013	g1265	test
ENSE00002325517_014	g1265	test
ENSE00002325517_016	g1265	test
ENSE00002325517_017	g1265	test
ENSE00002325517_018	g1265	test
ENSE00002325517_019	g1265	test
ENSE00002325517_020	g1265	test
ENSE00002325517_021	g1265	test
ENSE00002325517_023	g1265	test
ENSE00002325517_024	g1265	test
ENSE00002325517_025	g1265	test
ENSE00002325517_026	g1265	test
ENSE00002325695_001	g1325	train
ENSE00002325695_002	g1325	train
ENSE00002325695_004	g1325	train
ENSE00002325695_012	g1325	train
ENSE00002325695_013	g1325	train
ENSE00002325695_015	g1325	train
ENSE00002326736_002	g1326	train
ENSE00002326736_008	g1326	train
ENSE00002326736_009	g1326	train
ENSE00002326736_016	g1326	train
ENSE00002326736_021	g1326	train
ENSE00002326736_024	g1326	train
ENSE00002326736_025	g1326	train
ENSE00002326736_026	g1326	train
ENSE00002327016_001	g1327	test
ENSE00002327016_002	g1327	test
ENSE00002327016_004	g1327	test
ENSE00002327016_005	g1327	test
ENSE00002327016_006	g1327	test
ENSE00002327016_007	g1327	test
ENSE00002327016_008	g1327	test
ENSE00002327016_010	g1327	test
ENSE00002327016_011	g1327	test
ENSE00002327016_012	g1327	test
ENSE00002327016_013	g1327	test
ENSE00002327016_014	g1327	test
ENSE00002327016_015	g1327	test
ENSE00002327016_016	g1327	test
ENSE00002327016_017	g1327	test
ENSE00002327510_001	g0188	train
ENSE00002327510_002	g0188	train
ENSE00002327510_006	g0188	train
ENSE00002327510_007	g0188	train
ENSE00002327510_008	g0188	train
ENSE00002327510_014	g0188	train
ENSE00002327510_017	g0188	train
ENSE00002327510_019	g0188	train
ENSE00002327510_020	g0188	train
ENSE00002327510_021	g0188	train
ENSE00002327510_022	g0188	train
ENSE00002328082_001	g1328	test
ENSE00002328082_002	g1328	test
ENSE00002328082_003	g1328	test
ENSE00002328082_004	g1328	test
ENSE00002328082_005	g1328	test
ENSE00002328082_006	g1328	test
ENSE00002328082_007	g1328	test
ENSE00002328082_008	g1328	test
ENSE00002328082_010	g1328	test
ENSE00002328082_011	g1328	test
ENSE00002328107_001	g1329	test
ENSE00002328107_002	g1329	test
ENSE00002328107_003	g1329	test
ENSE00002328107_004	g1329	test
ENSE00002328107_006	g1329	test
ENSE00002328107_007	g1329	test
ENSE00002328107_008	g1329	test
ENSE00002328107_013	g1329	test
ENSE00002328107_014	g1329	test
ENSE00002328107_015	g1329	test
ENSE00002328107_016	g1329	test
ENSE00002328107_018	g1329	test
ENSE00002328107_019	g1329	test
ENSE00002328107_021	g1329	test
ENSE00002328329_001	g1330	train
ENSE00002328329_002	g1330	train
ENSE00002328329_003	g1330	train
ENSE00002328329_004	g1330	train
ENSE00002328329_005	g1330	train
ENSE00002328329_009	g1330	train
ENSE00002328329_010	g1330	train
ENSE00002328329_012	g1330	train
ENSE00002328329_013	g1330	train
ENSE00002328329_014	g1330	train
ENSE00002328329_015	g1330	train
ENSE00002328329_016	g1330	train
ENSE00002328329_017	g1330	train
ENSE00002328329_019	g1330	train
ENSE00002328329_020	g1330	train
ENSE00002328329_022	g1330	train
ENSE00002328329_023	g1330	train
ENSE00002328329_025	g1330	train
ENSE00002328329_027	g1330	train
ENSE00002328329_028	g1330	train
ENSE00002328329_030	g1330	train
ENSE00002328329_032	g1330	train
ENSE00002328329_033	g1330	train
ENSE00002328329_034	g1330	train
ENSE00002328329_035	g1330	train
ENSE00002329068_001	g1331	train
ENSE00002329068_008	g1331	train
ENSE00002329068_015	g1331	train
ENSE00002329164_001	g1332	test
ENSE00002329164_002	g1332	test
ENSE00002329164_003	g1332	test
ENSE00002329164_005	g1332	test
ENSE00002329164_006	g1332	test
ENSE00002329164_007	g1332	test
ENSE00002329164_008	g1332	test
ENSE00002329164_009	g1332	test
ENSE00002329164_010	g1332	test
ENSE00002329164_011	g1332	test
ENSE00002329164_012	g1332	test
ENSE00002329164_013	g1332	test
ENSE00002329164_014	g1332	test
ENSE00002329164_015	g1332	test
ENSE00002329207_006	g1333	train
ENSE00002329207_009	g1333	train
ENSE00002329207_010	g1333	train
ENSE00002329207_015	g1333	train
ENSE00002329207_018	g1333	train
ENSE00002329207_019	g1333	train
ENSE00002329296_002	g1334	train
ENSE00002329296_005	g1334	train
ENSE00002329296_007	g1334	train
ENSE00002329296_008	g1334	train
ENSE00002329296_009	g1334	train
ENSE00002329296_011	g1334	train
ENSE00002329296_012	g1334	train
ENSE00002329296_013	g1334	train
ENSE00002329296_015	g1334	train
ENSE00002329296_016	g1334	train
ENSE00002329296_017	g1334	train
ENSE00002329296_019	g1334	train
ENSE00002329296_021	g1334	train
ENSE00002329296_022	g1334	train
ENSE00002329296_023	g1334	train
ENSE00002329296_024	g1334	train
ENSE00002329296_025	g1334	train
ENSE00002329296_026	g1334	train
ENSE00002329296_027	g1334	train
ENSE00002329296_028	g1334	train
ENSE00002329692_001	g1335	train
ENSE00002329692_002	g1335	train
ENSE00002329692_003	g1335	train
ENSE00002329692_004	g1335	train
ENSE00002329692_005	g1335	train
ENSE00002329692_006	g1335	train
ENSE00002329692_007	g1335	train
ENSE00002329692_009	g1335	train
ENSE00002329692_010	g1335	train
ENSE00002329692_011	g1335	train
ENSE00002329692_012	g1335	train
ENSE00002329692_013	g1335	train
ENSE00002329692_014	g1335	train
ENSE00002329692_015	g1335	train
ENSE00002329692_016	g1335	train
ENSE00002329692_017	g1335	train
ENSE00002329692_018	g1335	train
ENSE00002329692_019	g1335	train
ENSE00002329692_021	g1335	train
ENSE00002329692_022	g1335	train
ENSE00002329692_023	g1335	train
ENSE00002329692_024	g1335	train
ENSE00002329756_002	g1336	train
ENSE00002329756_003	g1336	train
ENSE00002329756_005	g1336	train
ENSE00002329756_007	g1336	train
ENSE00002329756_008	g1336	train
ENSE00002329756_011	g1336	train
ENSE00002329756_012	g1336	train
ENSE00002329756_015	g1336	train
ENSE00002329756_023	g1336	train
ENSE00002329756_032	g1336	train
ENSE00002329756_033	g1336	train
ENSE00002330434_001	g1337	train
ENSE00002330434_006	g1337	train
ENSE00002330434_007	g1337	train
ENSE00002330434_008	g1337	train
ENSE00002330434_010	g1337	train
ENSE00002330523_002	g1338	train
ENSE00002330523_003	g1338	train
ENSE00002330523_004	g1338	train
ENSE00002330523_006	g1338	train
ENSE00002330523_007	g1338	train
ENSE00002330523_010	g1338	train
ENSE00002330523_011	g1338	train
ENSE00002330523_013	g1338	train
ENSE00002330523_015	g1338	train
ENSE00002330523_018	g1338	train
ENSE00002330523_019	g1338	train
ENSE00002330523_020	g1338	train
ENSE00002330523_021	g1338	train
ENSE00002330523_022	g1338	train
ENSE00002330523_023	g1338	train
ENSE00002330523_026	g1338	train
ENSE00002330523_027	g1338	train
ENSE00002330523_028	g1338	train
ENSE00002330523_030	g1338	train
ENSE00002330523_032	g1338	train
ENSE00002330523_034	g1338	train
ENSE00002330674_002	g1339	test
ENSE00002330674_003	g1339	test
ENSE00002330674_005	g1339	test
ENSE00002330674_009	g1339	test
ENSE00002330674_015	g1339	test
ENSE00002330984_001	g1340	train
ENSE00002330984_003	g1340	train
ENSE00002330984_004	g1340	train
ENSE00002330984_005	g1340	train
ENSE00002330984_006	g1340	train
ENSE00002330984_008	g1340	train
ENSE00002330984_009	g1340	train
ENSE00002330984_010	g1340	train
ENSE00002330984_011	g1340	train
ENSE00002330984_012	g1340	train
ENSE00002330984_014	g1340	train
ENSE00002330984_017	g1340	train
ENSE00002330984_019	g1340	train
ENSE00002330984_020	g1340	train
ENSE00002330984_021	g1340	train
ENSE00002330984_022	g1340	train
ENSE00002330984_023	g1340	train
ENSE00002330984_024	g1340	train
ENSE00002331010_001	g1341	train
ENSE00002331010_002	g1341	train
ENSE00002331010_003	g1341	train
ENSE00002331010_004	g1341	train
ENSE00002331010_005	g1341	train
ENSE00002331010_006	g1341	train
ENSE00002331010_007	g1341	train
ENSE00002331010_008	g1341	train
ENSE00002331010_009	g1341	train
ENSE00002331010_010	g1341	train
ENSE00002331010_011	g1341	train
ENSE00002331010_012	g1341	train
ENSE00002331010_013	g1341	train
ENSE00002331010_014	g1341	train
ENSE00002331010_015	g1341	train
ENSE00002331010_016	g1341	train
ENSE00002331010_017	g1341	train
ENSE00002331010_018	g1341	train
ENSE00002331010_019	g1341	train
ENSE00002331010_020	g1341	train
ENSE00002331010_022	g1341	train
ENSE00002331010_023	g1341	train
ENSE00002331010_024	g1341	train
ENSE00002331010_025	g1341	train
ENSE00002331010_026	g1341	train
ENSE00002331010_027	g1341	train
ENSE00002331511_001	g1342	train
ENSE00002331511_003	g1342	train
ENSE00002331511_005	g1342	train
ENSE00002331511_007	g1342	train
ENSE00002331511_008	g1342	train
ENSE00002331511_009	g1342	train
ENSE00002331511_010	g1342	train
ENSE00002331511_012	g1342	train
ENSE00002331924_001	g0773	test
ENSE00002331924_002	g0773	test
ENSE00002331924_003	g0773	test
ENSE00002331924_004	g0773	test
ENSE00002331924_005	g0773	test
ENSE00002331924_006	g0773	test
ENSE00002331924_008	g0773	test
ENSE00002331924_009	g0773	test
ENSE00002331924_010	g0773	test
ENSE00002331924_011	g0773	test
ENSE00002331924_013	g0773	test
ENSE00002331924_014	g0773	test
ENSE00002331924_015	g0773	test
ENSE00002331924_016	g0773	test
ENSE00002331924_018	g0773	test
ENSE00002331924_019	g0773	test
ENSE00002331924_020	g0773	test
ENSE00002331924_021	g0773	test
ENSE00002331924_022	g0773	test
ENSE00002331924_024	g0773	test
ENSE00002331924_025	g0773	test
ENSE00002331924_026	g0773	test
ENSE00002331924_027	g0773	test
ENSE00002332164_001	g0960	train
ENSE00002332164_004	g0960	train
ENSE00002332164_005	g0960	train
ENSE00002332164_008	g0960	train
ENSE00002332164_009	g0960	train
ENSE00002332164_011	g0960	train
ENSE00002332164_012	g0960	train
ENSE00002332164_013	g0960	train
ENSE00002332164_014	g0960	train
ENSE00002332164_015	g0960	train
ENSE00002332164_019	g0960	train
ENSE00002332164_020	g0960	train
ENSE00002332164_021	g0960	train
ENSE00002332164_022	g0960	train
ENSE00002332249_007	g1343	train
ENSE00002332249_009	g1343	train
ENSE00002332249_010	g1343	train
ENSE00002332249_014	g1343	train
ENSE00002332249_016	g1343	train
ENSE00002332249_018	g1343	train
ENSE00002332249_019	g1343	train
ENSE00002332249_024	g1343	train
ENSE00002332661_006	g1344	train
ENSE00002332661_007	g1344	train
ENSE00002332661_010	g1344	train
ENSE00002332661_012	g1344	train
ENSE00002332661_018	g1344	train
ENSE00002332661_019	g1344	train
ENSE00002332661_020	g1344	train
ENSE00002332716_001	g1345	train
ENSE00002332716_002	g1345	train
ENSE00002332716_003	g1345	train
ENSE00002332716_004	g1345	train
ENSE00002332716_005	g1345	train
ENSE00002332716_010	g1345	train
ENSE00002332716_011	g1345	train
ENSE00002332716_012	g1345	train
ENSE00002332716_013	g1345	train
ENSE00002332716_014	g1345	train
ENSE00002332716_016	g1345	train
ENSE00002332716_017	g1345	train
ENSE00002332792_002	g1346	test
ENSE00002332792_003	g1346	test
ENSE00002332792_008	g1346	test
ENSE00002332792_011	g1346	test
ENSE00002332792_012	g1346	test
ENSE00002332792_015	g1346	test
ENSE00002332792_016	g1346	test
ENSE00002332792_019	g1346	test
ENSE00002332853_001	g1347	train
ENSE00002332853_003	g1347	train
ENSE00002332853_004	g1347	train
ENSE00002332853_005	g1347	train
ENSE00002332853_006	g1347	train
ENSE00002332853_008	g1347	train
ENSE00002332853_014	g1347	train
ENSE00002332853_016	g1347	train
ENSE00002332853_017	g1347	train
ENSE00002332853_018	g1347	train
ENSE00002332853_019	g1347	train
ENSE00002332853_020	g1347	train
ENSE00002332853_021	g1347	train
ENSE00002332853_022	g1347	train
ENSE00002332853_023	g1347	train
ENSE00002332853_025	g1347	train
ENSE00002332853_026	g1347	train
ENSE00002332853_029	g1347	train
ENSE00002332853_031	g1347	train
ENSE00002333224_002	g1289	train
ENSE00002333224_004	g1289	train
ENSE00002333224_005	g1289	train
ENSE00002333224_007	g1289	train
ENSE00002333224_008	g1289	train
ENSE00002333224_013	g1289	train
ENSE00002333224_014	g1289	train
ENSE00002333224_015	g1289	train
ENSE00002333224_016	g1289	train
ENSE00002333224_017	g1289	train
ENSE00002333224_018	g1289	train
ENSE00002333224_019	g1289	train
ENSE00002333224_020	g1289	train
ENSE00002333224_021	g1289	train
ENSE00002333326_001	g1348	train
ENSE00002333326_002	g1348	train
ENSE00002333326_003	g1348	train
ENSE00002333326_004	g1348	train
ENSE00002333326_005	g1348	train
ENSE00002333326_007	g1348	train
ENSE00002333326_008	g1348	train
ENSE00002333326_009	g1348	train
ENSE00002333326_011	g1348	train
ENSE00002333326_012	g1348	train
ENSE00002333326_014	g1348	train
ENSE00002333326_015	g1348	train
ENSE00002333326_016	g1348	train
ENSE00002333326_017	g1348	train
ENSE00002333326_019	g1348	train
ENSE00002333326_021	g1348	train
ENSE00002333326_024	g1348	train
ENSE00002333326_025	g1348	train
ENSE00002333326_026	g1348	train
ENSE00002333326_027	g1348	train
ENSE00002333326_030	g1348	train
ENSE00002333549_007	g1349	train
ENSE00002333772_018	g1350	test
ENSE00002334398_003	g1351	test
ENSE00002334398_011	g1351	test
ENSE00002334398_015	g1351	test
ENSE00002334398_028	g1351	test
ENSE00002335404_001	g0272	test
ENSE00002335404_002	g0272	test
ENSE00002335404_003	g0272	test
ENSE00002335404_004	g0272	test
ENSE00002335404_005	g0272	test
ENSE00002335404_006	g0272	test
ENSE00002335404_007	g0272	test
ENSE00002335404_008	g0272	test
ENSE00002335404_009	g0272	test
ENSE00002335404_010	g0272	test
ENSE00002335404_011	g0272	test
ENSE00002335404_012	g0272	test
ENSE00002335404_014	g0272	test
ENSE00002335404_015	g0272	test
ENSE00002335404_016	g0272	test
ENSE00002335404_018	g0272	test
ENSE00002335404_019	g0272	test
ENSE00002335404_020	g0272	test
ENSE00002335537_001	g1352	train
ENSE00002335537_002	g1352	train
ENSE00002335537_003	g1352	train
ENSE00002335537_005	g1352	train
ENSE00002335537_006	g1352	train
ENSE00002335537_007	g1352	train
ENSE00002335537_008	g1352	train
ENSE00002335537_009	g1352	train
ENSE00002335537_010	g1352	train
ENSE00002335537_011	g1352	train
ENSE00002335537_012	g1352	train
ENSE00002335537_014	g1352	train
ENSE00002336324_001	g1353	train
ENSE00002336324_003	g1353	train
ENSE00002336324_008	g1353	train
ENSE00002336324_012	g1353	train
ENSE00002336324_013	g1353	train
ENSE00002336324_015	g1353	train
ENSE00002336324_016	g1353	train
ENSE00002336324_018	g1353	train
ENSE00002336324_019	g1353	train
ENSE00002336324_024	g1353	train
ENSE00002336324_026	g1353	train
ENSE00002336324_027	g1353	train
ENSE00002336879_002	g1347	train
ENSE00002336879_003	g1347	train
ENSE00002336879_006	g1347	train
ENSE00002336879_007	g1347	train
ENSE00002336879_008	g1347	train
ENSE00002336879_009	g1347	train
ENSE00002336879_010	g1347	train
ENSE00002336879_011	g1347	train
ENSE00002336879_012	g1347	train
ENSE00002336879_013	g1347	train
ENSE00002336879_014	g1347	train
ENSE00002336879_015	g1347	train
ENSE00002336879_016	g1347	train
ENSE00002336879_018	g1347	train
ENSE00002336879_019	g1347	train
ENSE00002336879_023	g1347	train
ENSE00002336879_024	g1347	train
ENSE00002337228_001	g1354	test
ENSE00002337228_004	g1354	test
ENSE00002337228_005	g1354	test
ENSE00002337228_007	g1354	test
ENSE00002337228_008	g1354	test
ENSE00002337228_009	g1354	test
ENSE00002337228_011	g1354	test
ENSE00002337228_014	g1354	test
ENSE00002337228_016	g1354	test
ENSE00002337228_018	g1354	test
ENSE00002337228_020	g1354	test
ENSE00002337228_021	g1354	test
ENSE00002337228_022	g1354	test
ENSE00002337228_023	g1354	test
ENSE00002337228_026	g1354	test
ENSE00002337228_027	g1354	test
ENSE00002337284_002	g1355	train
ENSE00002337284_005	g1355	train
ENSE00002337284_006	g1355	train
ENSE00002337284_010	g1355	train
ENSE00002337284_017	g1355	train
ENSE00002337284_021	g1355	train
ENSE00002337438_011	g1291	train
ENSE00002337475_006	g1355	train
ENSE00002337775_001	g1356	train
ENSE00002337775_003	g1356	train
ENSE00002337775_004	g1356	train
ENSE00002337775_006	g1356	train
ENSE00002337775_007	g1356	train
ENSE00002337775_012	g1356	train
ENSE00002337775_014	g1356	train
ENSE00002337775_015	g1356	train
ENSE00002337775_016	g1356	train
ENSE00002337775_019	g1356	train
ENSE00002337775_024	g1356	train
ENSE00002337775_025	g1356	train
ENSE00002337775_029	g1356	train
ENSE00002337775_032	g1356	train
ENSE00002337841_001	g1357	test
ENSE00002337841_002	g1357	test
ENSE00002337841_005	g1357	test
ENSE00002337841_006	g1357	test
ENSE00002337841_007	g1357	test
ENSE00002337841_009	g1357	test
ENSE00002337841_010	g1357	test
ENSE00002337841_013	g1357	test
ENSE00002338720_001	g1291	train
ENSE00002338720_003	g1291	train
ENSE00002338720_005	g1291	train
ENSE00002338720_006	g1291	train
ENSE00002338720_008	g1291	train
ENSE00002338720_009	g1291	train
ENSE00002338720_010	g1291	train
ENSE00002338720_013	g1291	train
ENSE00002338720_014	g1291	train
ENSE00002338720_015	g1291	train
ENSE00002338720_016	g1291	train
ENSE00002338720_017	g1291	train
ENSE00002338720_019	g1291	train
ENSE00002338720_020	g1291	train
ENSE00002339454_002	g0272	test
ENSE00002339454_003	g0272	test
ENSE00002339454_004	g0272	test
ENSE00002339454_005	g0272	test
ENSE00002339454_006	g0272	test
ENSE00002339454_007	g0272	test
ENSE00002339454_008	g0272	test
ENSE00002339454_009	g0272	test
ENSE00002339454_010	g0272	test
ENSE00002339454_013	g0272	test
ENSE00002339454_015	g0272	test
ENSE00002339454_017	g0272	test
ENSE00002339454_018	g0272	test
ENSE00002339454_019	g0272	test
ENSE00002339454_022	g0272	test
ENSE00002339454_024	g0272	test
ENSE00002339454_025	g0272	test
ENSE00002340030_001	g1358	train
ENSE00002340030_002	g1358	train
ENSE00002340030_003	g1358	train
ENSE00002340030_004	g1358	train
ENSE00002340030_005	g1358	train
ENSE00002340030_011	g1358	train
ENSE00002340030_012	g1358	train
ENSE00002340030_015	g1358	train
ENSE00002340030_017	g1358	train
ENSE00002340030_019	g1358	train
ENSE00002340030_020	g1358	train
ENSE00002340030_022	g1358	train
ENSE00002340030_023	g1358	train
ENSE00002340030_024	g1358	train
ENSE00002340030_026	g1358	train
ENSE00002340030_027	g1358	train
ENSE00002340030_029	g1358	train
ENSE00002340030_031	g1358	train
ENSE00002340030_033	g1358	train
ENSE00002340030_034	g1358	train
ENSE00002340030_036	g1358	train
ENSE00002340303_001	g1359	train
ENSE00002340303_003	g1359	train
ENSE00002340303_004	g1359	train
ENSE00002340303_005	g1359	train
ENSE00002340303_006	g1359	train
ENSE00002340303_007	g1359	train
ENSE00002340303_010	g1359	train
ENSE00002340303_011	g1359	train
ENSE00002340303_012	g1359	train
ENSE00002340635_001	g1360	train
ENSE00002340635_002	g1360	train
ENSE00002340635_003	g1360	train
ENSE00002340635_004	g1360	train
ENSE00002340635_005	g1360	train
ENSE00002340635_008	g1360	train
ENSE00002340635_009	g1360	train
ENSE00002340635_010	g1360	train
ENSE00002340635_011	g1360	train
ENSE00002340635_013	g1360	train
ENSE00002340635_014	g1360	train
ENSE00002340635_015	g1360	train
ENSE00002340635_017	g1360	train
ENSE00002340635_018	g1360	train
ENSE00002340635_019	g1360	train
ENSE00002340635_020	g1360	train
ENSE00002340635_021	g1360	train
ENSE00002340635_022	g1360	train
ENSE00002340635_023	g1360	train
ENSE00002340635_024	g1360	train
ENSE00002340692_003	g1361	train
ENSE00002340692_014	g1361	train
ENSE00002340692_015	g1361	train
ENSE00002340692_017	g1361	train
ENSE00002340692_021	g1361	train
ENSE00002340692_023	g1361	train
ENSE00002340692_025	g1361	train
ENSE00002340936_001	g1362	train
ENSE00002340936_003	g1362	train
ENSE00002340936_004	g1362	train
ENSE00002340936_005	g1362	train
ENSE00002340936_006	g1362	train
ENSE00002340936_009	g1362	train
ENSE00002340936_012	g1362	train
ENSE00002340960_004	g0916	train
ENSE00002340960_006	g0916	train
ENSE00002340960_014	g0916	train
ENSE00002340960_015	g0916	train
ENSE00002340960_018	g0916	train
ENSE00002340960_023	g0916	train
ENSE00002340960_027	g0916	train
ENSE00002341064_001	g1363	train
ENSE00002341064_003	g1363	train
ENSE00002341064_004	g1363	train
ENSE00002341064_005	g1363	train
ENSE00002341064_006	g1363	train
ENSE00002341064_007	g1363	train
ENSE00002341064_008	g1363	train
ENSE00002341064_010	g1363	train
ENSE00002341064_011	g1363	train
ENSE00002341064_012	g1363	train
ENSE00002341064_013	g1363	train
ENSE00002341064_014	g1363	train
ENSE00002341064_016	g1363	train
ENSE00002341064_017	g1363	train
ENSE00002341064_018	g1363	train
ENSE00002341064_020	g1363	train
ENSE00002341144_001	g1364	train
ENSE00002341144_025	g1364	train
ENSE00002341396_001	g1365	train
ENSE00002341396_002	g1365	train
ENSE00002341396_005	g1365	train
ENSE00002341396_011	g1365	train
ENSE00002341396_013	g1365	train
ENSE00002341396_014	g1365	train
ENSE00002341396_015	g1365	train
ENSE00002341396_020	g1365	train
ENSE00002341396_021	g1365	train
ENSE00002341396_022	g1365	train
ENSE00002341396_024	g1365	train
ENSE00002342177_014	g1366	train
ENSE00002342177_015	g1366	train
ENSE00002342276_002	g0830	train
ENSE00002342276_004	g0830	train
ENSE00002342276_005	g0830	train
ENSE00002342276_006	g0830	train
ENSE00002342276_007	g0830	train
ENSE00002342276_009	g0830	train
ENSE00002342276_010	g0830	train
ENSE00002342276_011	g0830	train
ENSE00002342276_012	g0830	train
ENSE00002342276_013	g0830	train
ENSE00002342276_014	g0830	train
ENSE00002342276_016	g0830	train
ENSE00002342276_017	g0830	train
ENSE00002342276_019	g0830	train
ENSE00002342276_020	g0830	train
ENSE00002342276_021	g0830	train
ENSE00002342276_022	g0830	train
ENSE00002342276_023	g0830	train
ENSE00002342276_024	g0830	train
ENSE00002342470_003	g1367	train
ENSE00002342470_005	g1367	train
ENSE00002342470_006	g1367	train
ENSE00002342470_007	g1367	train
ENSE00002342470_008	g1367	train
ENSE00002342470_011	g1367	train
ENSE00002342470_012	g1367	train
ENSE00002342470_014	g1367	train
ENSE00002342470_015	g1367	train
ENSE00002342470_016	g1367	train
ENSE00002342470_017	g1367	train
ENSE00002342470_020	g1367	train
ENSE00002342470_021	g1367	train
ENSE00002342470_022	g1367	train
ENSE00002342470_023	g1367	train
ENSE00002342710_001	g1368	test
ENSE00002342710_002	g1368	test
ENSE00002342710_003	g1368	test
ENSE00002342710_004	g1368	test
ENSE00002342710_005	g1368	test
ENSE00002342710_006	g1368	test
ENSE00002342710_008	g1368	test
ENSE00002342710_009	g1368	test
ENSE00002342710_010	g1368	test
ENSE00002342710_011	g1368	test
ENSE00002342710_014	g1368	test
ENSE00002342710_015	g1368	test
ENSE00002342710_017	g1368	test
ENSE00002342710_018	g1368	test
ENSE00002343174_001	g1369	train
ENSE00002343174_002	g1369	train
ENSE00002343174_003	g1369	train
ENSE00002343174_004	g1369	train
ENSE00002343174_005	g1369	train
ENSE00002343174_006	g1369	train
ENSE00002343174_007	g1369	train
ENSE00002343174_008	g1369	train
ENSE00002343174_009	g1369	train
ENSE00002343174_010	g1369	train
ENSE00002343174_012	g1369	train
ENSE00002343174_013	g1369	train
ENSE00002343174_014	g1369	train
ENSE00002343174_015	g1369	train
ENSE00002343174_016	g1369	train
ENSE00002343174_017	g1369	train
ENSE00002343174_018	g1369	train
ENSE00002343174_019	g1369	train
ENSE00002343174_020	g1369	train
ENSE00002343580_001	g1370	train
ENSE00002343580_003	g1370	train
ENSE00002343580_007	g1370	train
ENSE00002343580_009	g1370	train
ENSE00002343580_012	g1370	train
ENSE00002343580_013	g1370	train
ENSE00002343580_015	g1370	train
ENSE00002343580_016	g1370	train
ENSE00002343580_017	g1370	train
ENSE00002343580_018	g1370	train
ENSE00002343580_019	g1370	train
ENSE00002343580_021	g1370	train
ENSE00002343580_022	g1370	train
ENSE00002343580_023	g1370	train
ENSE00002343580_024	g1370	train
ENSE00002343580_026	g1370	train
ENSE00002343580_028	g1370	train
ENSE00002343580_029	g1370	train
ENSE00002343614_001	g1291	train
ENSE00002343614_002	g1291	train
ENSE00002343614_003	g1291	train
ENSE00002343614_005	g1291	train
ENSE00002343614_006	g1291	train
ENSE00002343614_008	g1291	train
ENSE00002343614_009	g1291	train
ENSE00002343614_010	g1291	train
ENSE00002343614_012	g1291	train
ENSE00002343614_014	g1291	train
ENSE00002343614_015	g1291	train
ENSE00002343614_017	g1291	train
ENSE00002343614_018	g1291	train
ENSE00002343629_002	g1371	test
ENSE00002343629_003	g1371	test
ENSE00002343629_004	g1371	test
ENSE00002343629_007	g1371	test
ENSE00002343629_009	g1371	test
ENSE00002343629_010	g1371	test
ENSE00002343629_011	g1371	test
ENSE00002343629_012	g1371	test
ENSE00002343629_013	g1371	test
ENSE00002343629_014	g1371	test
ENSE00002343629_015	g1371	test
ENSE00002343629_016	g1371	test
ENSE00002343629_017	g1371	test
ENSE00002343629_019	g1371	test
ENSE00002343629_020	g1371	test
ENSE00002343629_021	g1371	test
ENSE00002343629_022	g1371	test
ENSE00002343755_003	g1372	train
ENSE00002343755_010	g1372	train
ENSE00002343755_013	g1372	train
ENSE00002343755_015	g1372	train
ENSE00002343755_024	g1372	train
ENSE00002343757_006	g1373	train
ENSE00002343757_014	g1373	train
ENSE00002343974_001	g1374	test
ENSE00002343974_005	g1374	test
ENSE00002343974_011	g1374	test
ENSE00002343974_014	g1374	test
ENSE00002343974_016	g1374	test
ENSE00002343974_018	g1374	test
ENSE00002343974_019	g1374	test
ENSE00002343974_025	g1374	test
ENSE00002343974_026	g1374	test
ENSE00002343974_027	g1374	test
ENSE00002343974_030	g1374	test
ENSE00002344191_001	g1375	test
ENSE00002344191_002	g1375	test
ENSE00002344191_003	g1375	test
ENSE00002344191_004	g1375	test
ENSE00002344191_006	g1375	test
ENSE00002344191_007	g1375	test
ENSE00002344191_008	g1375	test
ENSE00002344191_009	g1375	test
ENSE00002344191_011	g1375	test
ENSE00002344191_012	g1375	test
ENSE00002344191_013	g1375	test
ENSE00002344191_014	g1375	test
ENSE00002344191_015	g1375	test
ENSE00002344191_016	g1375	test
ENSE00002344191_017	g1375	test
ENSE00002344191_018	g1375	test
ENSE00002344191_019	g1375	test
ENSE00002344191_020	g1375	test
ENSE00002344191_021	g1375	test
ENSE00002344191_022	g1375	test
ENSE00002344200_001	g1376	train
ENSE00002344200_002	g1376	train
ENSE00002344200_003	g1376	train
ENSE00002344200_005	g1376	train
ENSE00002344200_006	g1376	train
ENSE00002344200_007	g1376	train
ENSE00002344200_008	g1376	train
ENSE00002344200_010	g1376	train
ENSE00002344200_011	g1376	train
ENSE00002344200_012	g1376	train
ENSE00002344200_013	g1376	train
ENSE00002344200_014	g1376	train
ENSE00002344200_015	g1376	train
ENSE00002344200_017	g1376	train
ENSE00002344200_018	g1376	train
ENSE00002344200_019	g1376	train
ENSE00002344200_020	g1376	train
ENSE00002344200_021	g1376	train
ENSE00002344200_024	g1376	train
ENSE00002344200_025	g1376	train
ENSE00002344200_026	g1376	train
ENSE00002344200_029	g1376	train
ENSE00002344200_030	g1376	train
ENSE00002344200_031	g1376	train
ENSE00002344200_032	g1376	train
ENSE00002344200_033	g1376	train
ENSE00002344200_034	g1376	train
ENSE00002344200_035	g1376	train
ENSE00002344200_036	g1376	train
ENSE00002344938_001	g1377	train
ENSE00002344938_002	g1377	train
ENSE00002344938_003	g1377	train
ENSE00002344938_005	g1377	train
ENSE00002344938_007	g1377	train
ENSE00002344938_009	g1377	train
ENSE00002344938_010	g1377	train
ENSE00002344938_011	g1377	train
ENSE00002344938_012	g1377	train
ENSE00002344938_017	g1377	train
ENSE00002344938_019	g1377	train
ENSE00002344938_022	g1377	train
ENSE00002344938_025	g1377	train
ENSE00002344938_026	g1377	train
ENSE00002344938_027	g1377	train
ENSE00002344938_028	g1377	train
ENSE00002344938_029	g1377	train
ENSE00002344938_030	g1377	train
ENSE00002345132_001	g0272	test
ENSE00002345132_004	g0272	test
ENSE00002345132_005	g0272	test
ENSE00002345132_006	g0272	test
ENSE00002345132_007	g0272	test
ENSE00002345132_009	g0272	test
ENSE00002345132_010	g0272	test
ENSE00002345132_012	g0272	test
ENSE00002345215_003	g1378	train
ENSE00002345215_005	g1378	train
ENSE00002345215_008	g1378	train
ENSE00002345215_010	g1378	train
ENSE00002345215_012	g1378	train
ENSE00002345215_014	g1378	train
ENSE00002345215_016	g1378	train
ENSE00002345215_017	g1378	train
ENSE00002345215_018	g1378	train
ENSE00002345215_020	g1378	train
ENSE00002345215_021	g1378	train
ENSE00002345215_022	g1378	train
ENSE00002345215_023	g1378	train
ENSE00002345498_002	g1379	test
ENSE00002345498_003	g1379	test
ENSE00002345498_004	g1379	test
ENSE00002345498_005	g1379	test
ENSE00002345498_006	g1379	test
ENSE00002345498_007	g1379	test
ENSE00002345498_008	g1379	test
ENSE00002345498_009	g1379	test
ENSE00002345498_010	g1379	test
ENSE00002345498_014	g1379	test
ENSE00002345498_015	g1379	test
ENSE00002345498_016	g1379	test
ENSE00002345498_017	g1379	test
ENSE00002345498_019	g1379	test
ENSE00002345498_020	g1379	test
ENSE00002345498_021	g1379	test
ENSE00002345498_023	g1379	test
ENSE00002345498_024	g1379	test
ENSE00002345498_026	g1379	test
ENSE00002345498_027	g1379	test
ENSE00002345498_028	g1379	test
ENSE00002345498_029	g1379	test
ENSE00002345882_002	g1380	train
ENSE00002345882_004	g1380	train
ENSE00002345882_005	g1380	train
ENSE00002345882_009	g1380	train
ENSE00002345882_010	g1380	train
ENSE00002345882_011	g1380	train
ENSE00002345882_012	g1380	train
ENSE00002345882_016	g1380	train
ENSE00002345882_017	g1380	train
ENSE00002345882_018	g1380	train
ENSE00002345936_001	g1381	test
ENSE00002345936_002	g1381	test
ENSE00002345936_003	g1381	test
ENSE00002345936_004	g1381	test
ENSE00002345936_005	g1381	test
ENSE00002345936_006	g1381	test
ENSE00002345936_007	g1381	test
ENSE00002345936_008	g1381	test
ENSE00002345936_009	g1381	test
ENSE00002345936_011	g1381	test
ENSE00002345936_012	g1381	test
ENSE00002346727_003	g1345	train
ENSE00002346727_006	g1345	train
ENSE00002346727_016	g1345	train
ENSE00002346727_018	g1345	train
ENSE00002346727_021	g1345	train
ENSE00002346727_030	g1345	train
ENSE00002346784_001	g1382	train
ENSE00002346784_002	g1382	train
ENSE00002346784_003	g1382	train
ENSE00002346784_004	g1382	train
ENSE00002346784_006	g1382	train
ENSE00002346784_007	g1382	train
ENSE00002346784_008	g1382	train
ENSE00002346784_010	g1382	train
ENSE00002346784_011	g1382	train
ENSE00002346784_012	g1382	train
ENSE00002346784_015	g1382	train
ENSE00002346784_017	g1382	train
ENSE00002346784_019	g1382	train
ENSE00002346784_020	g1382	train
ENSE00002346784_021	g1382	train
ENSE00002346784_022	g1382	train
ENSE00002346784_023	g1382	train
ENSE00002346784_024	g1382	train
ENSE00002346784_026	g1382	train
ENSE00002347078_001	g1383	train
ENSE00002347078_002	g1383	train
ENSE00002347078_004	g1383	train
ENSE00002347078_006	g1383	train
ENSE00002347078_007	g1383	train
ENSE00002347078_008	g1383	train
ENSE00002347078_009	g1383	train
ENSE00002347078_010	g1383	train
ENSE00002347078_011	g1383	train
ENSE00002347078_013	g1383	train
ENSE00002347078_017	g1383	train
ENSE00002347078_020	g1383	train
ENSE00002347078_021	g1383	train
ENSE00002347078_023	g1383	train
ENSE00002347078_024	g1383	train
ENSE00002347078_025	g1383	train
ENSE00002347078_026	g1383	train
ENSE00002347078_027	g1383	train
ENSE00002347078_031	g1383	train
ENSE00002347078_032	g1383	train
ENSE00002347089_001	g1384	train
ENSE00002347089_004	g1384	train
ENSE00002347089_006	g1384	train
ENSE00002347089_009	g1384	train
ENSE00002347089_012	g1384	train
ENSE00002347089_015	g1384	train
ENSE00002347459_010	g1385	train
ENSE00002347459_011	g1385	train
ENSE00002347459_016	g1385	train
ENSE00002347459_017	g1385	train
ENSE00002347459_020	g1385	train
ENSE00002347896_001	g0445	train
ENSE00002347896_002	g0445	train
ENSE00002347896_003	g0445	train
ENSE00002347896_006	g0445	train
ENSE00002347896_007	g0445	train
ENSE00002347896_008	g0445	train
ENSE00002347896_009	g0445	train
ENSE00002347896_011	g0445	train
ENSE00002347896_014	g0445	train
ENSE00002347896_016	g0445	train
ENSE00002347896_017	g0445	train
ENSE00002347896_018	g0445	train
ENSE00002347896_020	g0445	train
ENSE00002347961_003	g1386	train
ENSE00002347961_004	g1386	train
ENSE00002347961_005	g1386	train
ENSE00002347961_006	g1386	train
ENSE00002347961_007	g1386	train
ENSE00002347961_010	g1386	train
ENSE00002347961_012	g1386	train
ENSE00002348206_004	g1387	train
ENSE00002348206_009	g1387	train
ENSE00002348383_001	g1388	train
ENSE00002348383_002	g1388	train
ENSE00002348383_003	g1388	train
ENSE00002348383_004	g1388	train
ENSE00002348383_006	g1388	train
ENSE00002348383_008	g1388	train
ENSE00002348383_009	g1388	train
ENSE00002348383_010	g1388	train
ENSE00002348383_012	g1388	train
ENSE00002348383_013	g1388	train
ENSE00002348383_014	g1388	train
ENSE00002348383_016	g1388	train
ENSE00002348383_019	g1388	train
ENSE00002348383_021	g1388	train
ENSE00002348383_022	g1388	train
ENSE00002348383_027	g1388	train
ENSE00002348383_028	g1388	train
ENSE00002348383_031	g1388	train
ENSE00002348383_032	g1388	train
ENSE00002348383_033	g1388	train
ENSE00002348862_001	g1389	test
ENSE00002348862_004	g1389	test
ENSE00002348862_005	g1389	test
ENSE00002348862_006	g1389	test
ENSE00002348862_008	g1389	test
ENSE00002348862_011	g1389	test
ENSE00002348862_012	g1389	test
ENSE00002348862_015	g1389	test
ENSE00002348862_016	g1389	test
ENSE00002348862_018	g1389	test
ENSE00002348862_019	g1389	test
ENSE00002348862_021	g1389	test
ENSE00002348862_023	g1389	test
ENSE00002348862_025	g1389	test
ENSE00002348862_028	g1389	test
ENSE00002348862_029	g1389	test
ENSE00002348862_032	g1389	test
ENSE00002348862_033	g1389	test
ENSE00002348862_035	g1389	test
ENSE00002348862_036	g1389	test
ENSE00002348862_037	g1389	test
ENSE00002348862_038	g1389	test
ENSE00002348862_039	g1389	test
ENSE00002349211_005	g1390	train
ENSE00002349211_007	g1390	train
ENSE00002349211_008	g1390	train
ENSE00002349211_011	g1390	train
ENSE00002349211_014	g1390	train
ENSE00002349211_018	g1390	train
ENSE00002349211_022	g1390	train
ENSE00002349453_003	g1391	test
ENSE00002349453_005	g1391	test
ENSE00002349453_008	g1391	test
ENSE00002349453_010	g1391	test
ENSE00002349453_014	g1391	test
ENSE00002349710_001	g1392	train
ENSE00002349710_002	g1392	train
ENSE00002349710_004	g1392	train
ENSE00002349710_006	g1392	train
ENSE00002349710_007	g1392	train
ENSE00002349710_008	g1392	train
ENSE00002349710_009	g1392	train
ENSE00002349710_010	g1392	train
ENSE00002349710_011	g1392	train
ENSE00002349710_013	g1392	train
ENSE00002349710_014	g1392	train
ENSE00002349710_017	g1392	train
ENSE00002349710_018	g1392	train
ENSE00002349710_019	g1392	train
ENSE00002349710_022	g1392	train
ENSE00002349710_023	g1392	train
ENSE00002349710_025	g1392	train
ENSE00002349710_026	g1392	train
ENSE00002349710_027	g1392	train
ENSE00002349859_001	g1393	train
ENSE00002349859_002	g1393	train
ENSE00002349859_003	g1393	train
ENSE00002349859_004	g1393	train
ENSE00002349859_005	g1393	train
ENSE00002349859_007	g1393	train
ENSE00002349859_008	g1393	train
ENSE00002349859_009	g1393	train
ENSE00002349859_012	g1393	train
ENSE00002349859_013	g1393	train
ENSE00002349859_014	g1393	train
ENSE00002349859_016	g1393	train
ENSE00002349859_018	g1393	train
ENSE00002349859_019	g1393	train
ENSE00002349859_020	g1393	train
ENSE00002349859_021	g1393	train
ENSE00002349859_022	g1393	train
ENSE00002349859_023	g1393	train
ENSE00002349859_024	g1393	train
ENSE00002349859_025	g1393	train
ENSE00002349859_026	g1393	train
ENSE00002349859_027	g1393	train
ENSE00002349859_028	g1393	train
ENSE00002349859_029	g1393	train
ENSE00002349859_030	g1393	train
ENSE00002349859_031	g1393	train
ENSE00002349859_032	g1393	train
ENSE00002349859_033	g1393	train
ENSE00002349859_035	g1393	train
ENSE00002350304_003	g1393	train
ENSE00002350304_004	g1393	train
ENSE00002350304_006	g1393	train
ENSE00002350304_011	g1393	train
ENSE00002350304_012	g1393	train
ENSE00002350304_015	g1393	train
ENSE00002350304_016	g1393	train
ENSE00002350304_019	g1393	train
ENSE00002350304_020	g1393	train
ENSE00002350304_022	g1393	train
ENSE00002350434_001	g1394	train
ENSE00002350434_002	g1394	train
ENSE00002350434_003	g1394	train
ENSE00002350434_004	g1394	train
ENSE00002350434_006	g1394	train
ENSE00002350434_007	g1394	train
ENSE00002350434_009	g1394	train
ENSE00002350434_010	g1394	train
ENSE00002350434_011	g1394	train
ENSE00002350434_012	g1394	train
ENSE00002350434_013	g1394	train
ENSE00002350434_014	g1394	train
ENSE00002350434_018	g1394	train
ENSE00002350434_019	g1394	train
ENSE00002350434_020	g1394	train
ENSE00002350434_021	g1394	train
ENSE00002350538_001	g1395	train
ENSE00002350538_002	g1395	train
ENSE00002350538_003	g1395	train
ENSE00002350538_005	g1395	train
ENSE00002350538_006	g1395	train
ENSE00002350538_007	g1395	train
ENSE00002350538_008	g1395	train
ENSE00002350538_010	g1395	train
ENSE00002350538_012	g1395	train
ENSE00002350538_013	g1395	train
ENSE00002350538_015	g1395	train
ENSE00002350538_016	g1395	train
ENSE00002350538_017	g1395	train
ENSE00002350538_019	g1395	train
ENSE00002350666_001	g1396	train
ENSE00002350666_006	g1396	train
ENSE00002350666_008	g1396	train
ENSE00002350666_014	g1396	train
ENSE00002350961_001	g1333	train
ENSE00002350961_002	g1333	train
ENSE00002350961_005	g1333	train
ENSE00002350961_009	g1333	train
ENSE00002350961_013	g1333	train
ENSE00002350961_014	g1333	train
ENSE00002350961_016	g1333	train
ENSE00002350961_019	g1333	train
ENSE00002350961_028	g1333	train
ENSE00002350961_030	g1333	train
ENSE00002350961_031	g1333	train
ENSE00002350961_032	g1333	train
ENSE00002350961_034	g1333	train
ENSE00002351279_002	g1397	test
ENSE00002351279_003	g1397	test
ENSE00002351279_004	g1397	test
ENSE00002351279_006	g1397	test
ENSE00002351279_007	g1397	test
ENSE00002351279_008	g1397	test
ENSE00002351279_009	g1397	test
ENSE00002351279_010	g1397	test
ENSE00002351279_012	g1397	test
ENSE00002351641_002	g1398	train
ENSE00002351718_001	g1399	train
ENSE00002351718_005	g1399	train
ENSE00002351718_007	g1399	train
ENSE00002351718_012	g1399	train
ENSE00002351718_014	g1399	train
ENSE00002351718_015	g1399	train
ENSE00002351718_016	g1399	train
ENSE00002352137_002	g1400	train
ENSE00002352137_004	g1400	train
ENSE00002352137_005	g1400	train
ENSE00002352137_006	g1400	train
ENSE00002352137_008	g1400	train
ENSE00002352137_009	g1400	train
ENSE00002352137_010	g1400	train
ENSE00002352137_012	g1400	train
ENSE00002352137_013	g1400	train
ENSE00002352137_014	g1400	train
ENSE00002352137_015	g1400	train
ENSE00002352137_016	g1400	train
ENSE00002352137_017	g1400	train
ENSE00002352443_005	g1401	train
ENSE00002352443_008	g1401	train
ENSE00002352443_016	g1401	train
ENSE00002352481_001	g1402	train
ENSE00002352481_002	g1402	train
ENSE00002352481_003	g1402	train
ENSE00002352481_005	g1402	train
ENSE00002352481_006	g1402	train
ENSE00002352481_008	g1402	train
ENSE00002352481_009	g1402	train
ENSE00002352481_010	g1402	train
ENSE00002352481_011	g1402	train
ENSE00002352481_012	g1402	train
ENSE00002352481_013	g1402	train
ENSE00002352481_014	g1402	train
ENSE00002352481_015	g1402	train
ENSE00002352481_017	g1402	train
ENSE00002352481_018	g1402	train
ENSE00002352481_019	g1402	train
ENSE00002352481_020	g1402	train
ENSE00002352481_021	g1402	train
ENSE00002352481_022	g1402	train
ENSE00002352481_023	g1402	train
ENSE00002352652_001	g1403	test
ENSE00002352652_002	g1403	test
ENSE00002352652_003	g1403	test
ENSE00002352652_004	g1403	test
ENSE00002352652_005	g1403	test
ENSE00002352652_006	g1403	test
ENSE00002352652_007	g1403	test
ENSE00002352652_009	g1403	test
ENSE00002352652_010	g1403	test
ENSE00002352652_012	g1403	test
ENSE00002352652_013	g1403	test
ENSE00002352652_014	g1403	test
ENSE00002352652_015	g1403	test
ENSE00002352652_017	g1403	test
ENSE00002352652_018	g1403	test
ENSE00002352652_019	g1403	test
ENSE00002352652_020	g1403	test
ENSE00002352652_021	g1403	test
ENSE00002352652_022	g1403	test
ENSE00002352652_023	g1403	test
ENSE00002352652_024	g1403	test
ENSE00002352652_026	g1403	test
ENSE00002352758_001	g1404	train
ENSE00002352758_002	g1404	train
ENSE00002352758_004	g1404	train
ENSE00002352758_007	g1404	train
ENSE00002352758_009	g1404	train
ENSE00002352758_011	g1404	train
ENSE00002352758_012	g1404	train
ENSE00002352758_013	g1404	train
ENSE00002352758_014	g1404	train
ENSE00002352758_017	g1404	train
ENSE00002352758_020	g1404	train
ENSE00002352758_021	g1404	train
ENSE00002352758_022	g1404	train
ENSE00002352758_024	g1404	train
ENSE00002352758_026	g1404	train
ENSE00002352758_027	g1404	train
ENSE00002352760_001	g0167	test
ENSE00002352760_003	g0167	test
ENSE00002352760_004	g0167	test
ENSE00002352760_005	g0167	test
ENSE00002352760_007	g0167	test
ENSE00002352760_008	g0167	test
ENSE00002352760_009	g0167	test
ENSE00002352760_010	g0167	test
ENSE00002352760_011	g0167	test
ENSE00002352760_013	g0167	test
ENSE00002352760_014	g0167	test
ENSE00002352760_015	g0167	test
ENSE00002352760_016	g0167	test
ENSE00002353169_001	g1405	train
ENSE00002353169_002	g1405	train
ENSE00002353169_003	g1405	train
ENSE00002353169_004	g1405	train
ENSE00002353169_005	g1405	train
ENSE00002353169_006	g1405	train
ENSE00002353169_007	g1405	train
ENSE00002353169_008	g1405	train
ENSE00002353169_009	g1405	train
ENSE00002353169_010	g1405	train
ENSE00002353169_011	g1405	train
ENSE00002353169_012	g1405	train
ENSE00002353169_013	g1405	train
ENSE00002353169_015	g1405	train
ENSE00002353169_016	g1405	train
ENSE00002353169_017	g1405	train
ENSE00002353169_018	g1405	train
ENSE00002353169_020	g1405	train
ENSE00002353169_021	g1405	train
ENSE00002353169_022	g1405	train
ENSE00002353169_024	g1405	train
ENSE00002353169_025	g1405	train
ENSE00002353169_026	g1405	train
ENSE00002353169_027	g1405	train
ENSE00002353169_028	g1405	train
ENSE00002353169_029	g1405	train
ENSE00002353169_030	g1405	train
ENSE00002353169_031	g1405	train
ENSE00002353169_032	g1405	train
ENSE00002353169_033	g1405	train
ENSE00002353193_002	g1406	train
ENSE00002353193_003	g1406	train
ENSE00002353193_004	g1406	train
ENSE00002353193_006	g1406	train
ENSE00002353193_007	g1406	train
ENSE00002353193_010	g1406	train
ENSE00002353193_012	g1406	train
ENSE00002353193_014	g1406	train
ENSE00002353193_017	g1406	train
ENSE00002353193_018	g1406	train
ENSE00002353193_019	g1406	train
ENSE00002353811_001	g1407	train
ENSE00002353811_002	g1407	train
ENSE00002353811_003	g1407	train
ENSE00002353811_004	g1407	train
ENSE00002353811_005	g1407	train
ENSE00002353811_007	g1407	train
ENSE00002353811_009	g1407	train
ENSE00002353811_010	g1407	train
ENSE00002353811_011	g1407	train
ENSE00002353811_012	g1407	train
ENSE00002353811_014	g1407	train
ENSE00002353811_015	g1407	train
ENSE00002353832_001	g1408	train
ENSE00002353832_002	g1408	train
ENSE00002353832_003	g1408	train
ENSE00002353832_004	g1408	train
ENSE00002353832_008	g1408	train
ENSE00002353832_011	g1408	train
ENSE00002353832_012	g1408	train
ENSE00002353832_013	g1408	train
ENSE00002353832_014	g1408	train
ENSE00002353832_016	g1408	train
ENSE00002353832_017	g1408	train
ENSE00002353832_019	g1408	train
ENSE00002353832_020	g1408	train
ENSE00002353832_021	g1408	train
ENSE00002353832_022	g1408	train
ENSE00002353832_023	g1408	train
ENSE00002353832_024	g1408	train
ENSE00002353832_025	g1408	train
ENSE00002353832_026	g1408	train
ENSE00002353832_028	g1408	train
ENSE00002353841_006	g1409	train
ENSE00002353841_007	g1409	train
ENSE00002353841_008	g1409	train
ENSE00002353841_013	g1409	train
ENSE00002353841_016	g1409	train
ENSE00002353841_019	g1409	train
ENSE00002353841_020	g1409	train
ENSE00002353841_023	g1409	train
ENSE00002354222_002	g1410	test
ENSE00002354222_003	g1410	test
ENSE00002354222_004	g1410	test
ENSE00002354222_008	g1410	test
ENSE00002354222_009	g1410	test
ENSE00002354222_010	g1410	test
ENSE00002354222_011	g1410	test
ENSE00002354222_012	g1410	test
ENSE00002354222_015	g1410	test
ENSE00002354222_016	g1410	test
ENSE00002354222_017	g1410	test
ENSE00002354222_018	g1410	test
ENSE00002354222_019	g1410	test
ENSE00002354222_023	g1410	test
ENSE00002354222_024	g1410	test
ENSE00002354222_025	g1410	test
ENSE00002354222_026	g1410	test
ENSE00002354222_027	g1410	test
ENSE00002354222_030	g1410	test
ENSE00002354222_032	g1410	test
ENSE00002354222_033	g1410	test
ENSE00002354222_034	g1410	test
ENSE00002354803_002	g1365	train
ENSE00002354803_003	g1365	train
ENSE00002354803_004	g1365	train
ENSE00002354803_006	g1365	train
ENSE00002354803_008	g1365	train
ENSE00002354803_009	g1365	train
ENSE00002354803_010	g1365	train
ENSE00002354803_011	g1365	train
ENSE00002354803_012	g1365	train
ENSE00002354803_013	g1365	train
ENSE00002354803_014	g1365	train
ENSE00002354803_018	g1365	train
ENSE00002354803_019	g1365	train
ENSE00002354803_021	g1365	train
ENSE00002354803_023	g1365	train
ENSE00002354803_024	g1365	train
ENSE00002354803_025	g1365	train
ENSE00002354906_002	g1411	train
ENSE00002354906_004	g1411	train
ENSE00002354906_005	g1411	train
ENSE00002354906_006	g1411	train
ENSE00002354906_008	g1411	train
ENSE00002354906_009	g1411	train
ENSE00002354906_010	g1411	train
ENSE00002354906_011	g1411	train
ENSE00002355430_003	g1412	train
ENSE00002355430_005	g1412	train
ENSE00002355430_006	g1412	train
ENSE00002355430_013	g1412	train
ENSE00002355430_016	g1412	train
ENSE00002355430_017	g1412	train
ENSE00002355430_018	g1412	train
ENSE00002355430_020	g1412	train
ENSE00002355689_003	g1265	test
ENSE00002355689_007	g1265	test
ENSE00002355689_010	g1265	test
ENSE00002355689_013	g1265	test
ENSE00002356095_001	g1413	test
ENSE00002356095_003	g1413	test
ENSE00002356095_004	g1413	test
ENSE00002356095_006	g1413	test
ENSE00002356095_007	g1413	test
ENSE00002356095_008	g1413	test
ENSE00002356095_010	g1413	test
ENSE00002356095_011	g1413	test
ENSE00002356095_012	g1413	test
ENSE00002356095_013	g1413	test
ENSE00002356095_015	g1413	test
ENSE00002356095_016	g1413	test
ENSE00002356125_001	g1414	test
ENSE00002356125_004	g1414	test
ENSE00002356125_005	g1414	test
ENSE00002356125_006	g1414	test
ENSE00002356125_008	g1414	test
ENSE00002356125_010	g1414	test
ENSE00002356125_012	g1414	test
ENSE00002356125_014	g1414	test
ENSE00002356125_016	g1414	test
ENSE00002356125_017	g1414	test
ENSE00002356125_020	g1414	test
ENSE00002356125_021	g1414	test
ENSE00002356125_025	g1414	test
ENSE00002356125_026	g1414	test
ENSE00002356125_027	g1414	test
ENSE00002356290_003	g1415	train
ENSE00002356290_004	g1415	train
ENSE00002356290_007	g1415	train
ENSE00002356290_009	g1415	train
ENSE00002356311_001	g0966	train
ENSE00002356311_002	g0966	train
ENSE00002356311_003	g0966	train
ENSE00002356311_004	g0966	train
ENSE00002356311_006	g0966	train
ENSE00002356311_008	g0966	train
ENSE00002356311_009	g0966	train
ENSE00002356311_010	g0966	train
ENSE00002356311_012	g0966	train
ENSE00002356311_013	g0966	train
ENSE00002356311_014	g0966	train
ENSE00002356311_016	g0966	train
ENSE00002356311_017	g0966	train
ENSE00002356311_020	g0966	train
ENSE00002356311_021	g0966	train
ENSE00002356311_023	g0966	train
ENSE00002356311_025	g0966	train
ENSE00002356780_002	g1416	test
ENSE00002356780_003	g1416	test
ENSE00002356780_004	g1416	test
ENSE00002356780_006	g1416	test
ENSE00002356780_007	g1416	test
ENSE00002356780_008	g1416	test
ENSE00002356780_009	g1416	test
ENSE00002356780_010	g1416	test
ENSE00002356780_011	g1416	test
ENSE00002356780_014	g1416	test
ENSE00002356780_017	g1416	test
ENSE00002356780_018	g1416	test
ENSE00002356780_019	g1416	test
ENSE00002356780_020	g1416	test
ENSE00002356780_022	g1416	test
ENSE00002356780_023	g1416	test
ENSE00002356780_024	g1416	test
ENSE00002356908_001	g1417	train
ENSE00002356908_002	g1417	train
ENSE00002356908_003	g1417	train
ENSE00002356908_004	g1417	train
ENSE00002356908_006	g1417	train
ENSE00002356908_007	g1417	train
ENSE00002356908_008	g1417	train
ENSE00002356908_010	g1417	train
ENSE00002356908_011	g1417	train
ENSE00002356908_012	g1417	train
ENSE00002356908_013	g1417	train
ENSE00002356908_015	g1417	train
ENSE00002356908_016	g1417	train
ENSE00002356908_017	g1417	train
ENSE00002356908_018	g1417	train
ENSE00002356908_019	g1417	train
ENSE00002356908_020	g1417	train
ENSE00002356908_021	g1417	train
ENSE00002356965_001	g1320	train
ENSE00002356965_002	g1320	train
ENSE00002356965_003	g1320	train
ENSE00002356965_004	g1320	train
ENSE00002356965_005	g1320	train
ENSE00002356965_007	g1320	train
ENSE00002356965_008	g1320	train
ENSE00002356965_009	g1320	train
ENSE00002356965_010	g1320	train
ENSE00002356965_011	g1320	train
ENSE00002356965_012	g1320	train
ENSE00002356965_013	g1320	train
ENSE00002356965_014	g1320	train
ENSE00002356965_015	g1320	train
ENSE00002356965_017	g1320	train
ENSE00002356965_018	g1320	train
ENSE00002357218_001	g1418	train
ENSE00002357218_004	g1418	train
ENSE00002357218_005	g1418	train
ENSE00002357218_006	g1418	train
ENSE00002357218_008	g1418	train
ENSE00002357218_009	g1418	train
ENSE00002357218_010	g1418	train
ENSE00002357218_012	g1418	train
ENSE00002357218_013	g1418	train
ENSE00002357218_014	g1418	train
ENSE00002357218_015	g1418	train
ENSE00002357218_016	g1418	train
ENSE00002357218_017	g1418	train
ENSE00002357218_018	g1418	train
ENSE00002357218_019	g1418	train
ENSE00002357218_021	g1418	train
ENSE00002357218_023	g1418	train
ENSE00002357218_024	g1418	train
ENSE00002357571_002	g1419	train
ENSE00002357571_003	g1419	train
ENSE00002357571_006	g1419	train
ENSE00002357571_007	g1419	train
ENSE00002357571_008	g1419	train
ENSE00002357571_009	g1419	train
ENSE00002357571_010	g1419	train
ENSE00002357571_011	g1419	train
ENSE00002357571_012	g1419	train
ENSE00002357571_013	g1419	train
ENSE00002357571_014	g1419	train
ENSE00002357571_015	g1419	train
ENSE00002357571_016	g1419	train
ENSE00002357571_017	g1419	train
ENSE00002357571_018	g1419	train
ENSE00002357571_019	g1419	train
ENSE00002357571_020	g1419	train
ENSE00002357571_021	g1419	train
ENSE00002357571_022	g1419	train
ENSE00002357571_024	g1419	train
ENSE00002357571_025	g1419	train
ENSE00002357571_026	g1419	train
ENSE00002357571_027	g1419	train
ENSE00002358091_001	g1348	train
ENSE00002358091_002	g1348	train
ENSE00002358091_004	g1348	train
ENSE00002358091_005	g1348	train
ENSE00002358091_006	g1348	train
ENSE00002358091_007	g1348	train
ENSE00002358091_008	g1348	train
ENSE00002358091_009	g1348	train
ENSE00002358091_010	g1348	train
ENSE00002358091_011	g1348	train
ENSE00002358091_014	g1348	train
ENSE00002358672_001	g1323	test
ENSE00002358672_003	g1323	test
ENSE00002358672_005	g1323	test
ENSE00002358672_006	g1323	test
ENSE00002358672_007	g1323	test
ENSE00002358672_008	g1323	test
ENSE00002358672_009	g1323	test
ENSE00002358672_010	g1323	test
ENSE00002358672_011	g1323	test
ENSE00002358672_013	g1323	test
ENSE00002358672_014	g1323	test
ENSE00002358672_015	g1323	test
ENSE00002358672_016	g1323	test
ENSE00002358672_018	g1323	test
ENSE00002358782_001	g1420	train
ENSE00002358782_002	g1420	train
ENSE00002358782_003	g1420	train
ENSE00002358782_005	g1420	train
ENSE00002358782_006	g1420	train
ENSE00002358782_008	g1420	train
ENSE00002358782_009	g1420	train
ENSE00002358782_010	g1420	train
ENSE00002358782_011	g1420	train
ENSE00002358782_012	g1420	train
ENSE00002358782_013	g1420	train
ENSE00002358782_015	g1420	train
ENSE00002358782_016	g1420	train
ENSE00002358782_017	g1420	train
ENSE00002358968_006	g1421	train
ENSE00002358968_012	g1421	train
ENSE00002358968_013	g1421	train
ENSE00002359074_002	g1422	test
ENSE00002359074_005	g1422	test
ENSE00002359074_006	g1422	test
ENSE00002359074_007	g1422	test
ENSE00002359074_008	g1422	test
ENSE00002359074_009	g1422	test
ENSE00002359074_010	g1422	test
ENSE00002359074_011	g1422	test
ENSE00002359074_012	g1422	test
ENSE00002359074_013	g1422	test
ENSE00002359074_014	g1422	test
ENSE00002359074_016	g1422	test
ENSE00002359074_017	g1422	test
ENSE00002359074_018	g1422	test
ENSE00002359074_019	g1422	test
ENSE00002359074_020	g1422	test
ENSE00002359074_021	g1422	test
ENSE00002359074_022	g1422	test
ENSE00002359074_023	g1422	test
ENSE00002359074_024	g1422	test
ENSE00002359127_001	g1350	test
ENSE00002359127_003	g1350	test
ENSE00002359127_004	g1350	test
ENSE00002359127_005	g1350	test
ENSE00002359127_006	g1350	test
ENSE00002359127_007	g1350	test
ENSE00002359127_008	g1350	test
ENSE00002359127_010	g1350	test
ENSE00002359127_011	g1350	test
ENSE00002359127_012	g1350	test
ENSE00002359127_014	g1350	test
ENSE00002359127_017	g1350	test
ENSE00002359127_018	g1350	test
ENSE00002359127_019	g1350	test
ENSE00002359127_021	g1350	test
ENSE00002359127_022	g1350	test
ENSE00002359445_002	g1155	train
ENSE00002359445_004	g1155	train
ENSE00002359445_005	g1155	train
ENSE00002359445_007	g1155	train
ENSE00002359445_010	g1155	train
ENSE00002359445_015	g1155	train
ENSE00002359445_017	g1155	train
ENSE00002359445_019	g1155	train
ENSE00002359445_020	g1155	train
ENSE00002359445_022	g1155	train
ENSE00002359445_023	g1155	train
ENSE00002359445_025	g1155	train
ENSE00002359554_001	g1423	test
ENSE00002359554_003	g1423	test
ENSE00002359554_004	g1423	test
ENSE00002359554_006	g1423	test
ENSE00002359554_007	g1423	test
ENSE00002359554_008	g1423	test
ENSE00002359554_009	g1423	test
ENSE00002359554_012	g1423	test
ENSE00002359554_017	g1423	test
ENSE00002359554_018	g1423	test
ENSE00002359554_019	g1423	test
ENSE00002359554_020	g1423	test
ENSE00002359554_021	g1423	test
ENSE00002360427_014	g0576	train
ENSE00002360427_018	g0576	train
ENSE00002360468_002	g1424	test
ENSE00002360468_003	g1424	test
ENSE00002360468_007	g1424	test
ENSE00002360468_009	g1424	test
ENSE00002360468_010	g1424	test
ENSE00002360468_011	g1424	test
ENSE00002360468_012	g1424	test
ENSE00002360468_013	g1424	test
ENSE00002360468_014	g1424	test
ENSE00002360468_015	g1424	test
ENSE00002360468_017	g1424	test
ENSE00002360468_018	g1424	test
ENSE00002360468_019	g1424	test
ENSE00002360614_001	g1318	train
ENSE00002360614_002	g1318	train
ENSE00002360614_007	g1318	train
ENSE00002360614_011	g1318	train
ENSE00002360614_012	g1318	train
ENSE00002360614_013	g1318	train
ENSE00002360614_014	g1318	train
ENSE00002360614_017	g1318	train
ENSE00002360614_019	g1318	train
ENSE00002360614_024	g1318	train
ENSE00002360614_026	g1318	train
ENSE00002360769_001	g1425	train
ENSE00002360769_002	g1425	train
ENSE00002360769_005	g1425	train
ENSE00002360769_006	g1425	train
ENSE00002360769_007	g1425	train
ENSE00002360769_008	g1425	train
ENSE00002360769_010	g1425	train
ENSE00002360769_011	g1425	train
ENSE00002360769_012	g1425	train
ENSE00002360769_013	g1425	train
ENSE00002361012_006	g1426	train
ENSE00002361318_003	g1427	test
ENSE00002361318_004	g1427	test
ENSE00002361318_005	g1427	test
ENSE00002361318_007	g1427	test
ENSE00002361318_009	g1427	test
ENSE00002361318_010	g1427	test
ENSE00002361318_011	g1427	test
ENSE00002361318_013	g1427	test
ENSE00002361318_014	g1427	test
ENSE00002361318_016	g1427	test
ENSE00002361318_018	g1427	test
ENSE00002361318_020	g1427	test
ENSE00002361318_021	g1427	test
ENSE00002361337_001	g1428	train
ENSE00002361337_002	g1428	train
ENSE00002361337_003	g1428	train
ENSE00002361337_004	g1428	train
ENSE00002361337_005	g1428	train
ENSE00002361337_006	g1428	train
ENSE00002361337_007	g1428	train
ENSE00002361337_008	g1428	train
ENSE00002361337_010	g1428	train
ENSE00002361337_011	g1428	train
ENSE00002361337_013	g1428	train
ENSE00002361337_014	g1428	train
ENSE00002361451_002	g1429	train
ENSE00002361451_004	g1429	train
ENSE00002361451_006	g1429	train
ENSE00002361451_012	g1429	train
ENSE00002361451_013	g1429	train
ENSE00002361451_019	g1429	train
ENSE00002361772_001	g1430	test
ENSE00002361772_004	g1430	test
ENSE00002361772_005	g1430	test
ENSE00002361772_008	g1430	test
ENSE00002361855_001	g1431	test
ENSE00002361855_011	g1431	test
ENSE00002361855_017	g1431	test
ENSE00002361855_018	g1431	test
ENSE00002362019_002	g1432	train
ENSE00002362019_004	g1432	train
ENSE00002362019_005	g1432	train
ENSE00002362019_006	g1432	train
ENSE00002362019_007	g1432	train
ENSE00002362019_008	g1432	train
ENSE00002362019_009	g1432	train
ENSE00002362019_010	g1432	train
ENSE00002362019_012	g1432	train
ENSE00002362019_013	g1432	train
ENSE00002362019_014	g1432	train
ENSE00002362019_015	g1432	train
ENSE00002362019_016	g1432	train
ENSE00002362019_018	g1432	train
ENSE00002362019_019	g1432	train
ENSE00002362019_020	g1432	train
ENSE00002362019_021	g1432	train
ENSE00002362019_022	g1432	train
ENSE00002362019_023	g1432	train
ENSE00002362261_010	g1433	train
ENSE00002362261_012	g1433	train
ENSE00002362261_013	g1433	train
ENSE00002362261_014	g1433	train
ENSE00002362572_005	g1434	train
ENSE00002362598_008	g1435	train
ENSE00002362598_017	g1435	train
ENSE00002362598_019	g1435	train
ENSE00002362598_020	g1435	train
ENSE00002362598_023	g1435	train
ENSE00002362598_024	g1435	train
ENSE00002362664_001	g1436	train
ENSE00002362664_006	g1436	train
ENSE00002362664_008	g1436	train
ENSE00002362664_009	g1436	train
ENSE00002362664_010	g1436	train
ENSE00002362664_012	g1436	train
ENSE00002362664_013	g1436	train
ENSE00002362664_014	g1436	train
ENSE00002362664_015	g1436	train
ENSE00002362664_016	g1436	train
ENSE00002362664_017	g1436	train
ENSE00002362664_019	g1436	train
ENSE00002362664_020	g1436	train
ENSE00002362664_022	g1436	train
ENSE00002362664_023	g1436	train
ENSE00002362664_024	g1436	train
ENSE00002362664_025	g1436	train
ENSE00002362664_026	g1436	train
ENSE00002362991_001	g1437	train
ENSE00002362991_002	g1437	train
ENSE00002362991_003	g1437	train
ENSE00002362991_004	g1437	train
ENSE00002362991_006	g1437	train
ENSE00002362991_009	g1437	train
ENSE00002362991_011	g1437	train
ENSE00002362991_014	g1437	train
ENSE00002362991_015	g1437	train
ENSE00002362991_016	g1437	train
ENSE00002362991_018	g1437	train
ENSE00002363362_001	g1019	train
ENSE00002363362_002	g1019	train
ENSE00002363362_004	g1019	train
ENSE00002363362_005	g1019	train
ENSE00002363362_006	g1019	train
ENSE00002363362_007	g1019	train
ENSE00002363362_008	g1019	train
ENSE00002363362_009	g1019	train
ENSE00002363362_010	g1019	train
ENSE00002363362_011	g1019	train
ENSE00002363362_012	g1019	train
ENSE00002363362_014	g1019	train
ENSE00002363362_015	g1019	train
ENSE00002363362_016	g1019	train
ENSE00002363362_017	g1019	train
ENSE00002363362_018	g1019	train
ENSE00002363362_019	g1019	train
ENSE00002363582_001	g1438	train
ENSE00002363582_003	g1438	train
ENSE00002363582_005	g1438	train
ENSE00002363582_006	g1438	train
ENSE00002363582_008	g1438	train
ENSE00002363582_009	g1438	train
ENSE00002363582_011	g1438	train
ENSE00002363582_013	g1438	train
ENSE00002363582_014	g1438	train
ENSE00002363582_016	g1438	train
ENSE00002363582_017	g1438	train
ENSE00002363723_002	g1439	test
ENSE00002363723_003	g1439	test
ENSE00002363723_006	g1439	test
ENSE00002363723_009	g1439	test
ENSE00002363723_011	g1439	test
ENSE00002363723_012	g1439	test
ENSE00002363723_013	g1439	test
ENSE00002363723_014	g1439	test
ENSE00002364112_003	g1440	test
ENSE00002364112_004	g1440	test
ENSE00002364112_005	g1440	test
ENSE00002364112_006	g1440	test
ENSE00002364112_007	g1440	test
ENSE00002364112_008	g1440	test
ENSE00002364112_009	g1440	test
ENSE00002364112_012	g1440	test
ENSE00002364112_013	g1440	test
ENSE00002364112_014	g1440	test
ENSE00002364112_017	g1440	test
ENSE00002364112_019	g1440	test
ENSE00002364112_020	g1440	test
ENSE00002364112_021	g1440	test
ENSE00002364168_001	g1338	train
ENSE00002364168_002	g1338	train
ENSE00002364168_003	g1338	train
ENSE00002364168_004	g1338	train
ENSE00002364168_005	g1338	train
ENSE00002364168_006	g1338	train
ENSE00002364168_007	g1338	train
ENSE00002364168_009	g1338	train
ENSE00002364168_013	g1338	train
ENSE00002364168_016	g1338	train
ENSE00002364168_017	g1338	train
ENSE00002364168_020	g1338	train
ENSE00002364168_021	g1338	train
ENSE00002364168_023	g1338	train
ENSE00002364168_024	g1338	train
ENSE00002364168_027	g1338	train
ENSE00002364245_001	g1441	test
ENSE00002364245_002	g1441	test
ENSE00002364245_003	g1441	test
ENSE00002364245_004	g1441	test
ENSE00002364245_005	g1441	test
ENSE00002364245_006	g1441	test
ENSE00002364245_007	g1441	test
ENSE00002364245_009	g1441	test
ENSE00002364245_010	g1441	test
ENSE00002364245_011	g1441	test
ENSE00002364245_013	g1441	test
ENSE00002364245_014	g1441	test
ENSE00002364245_017	g1441	test
ENSE00002364245_018	g1441	test
ENSE00002364245_019	g1441	test
ENSE00002364245_022	g1441	test
ENSE00002364245_026	g1441	test
ENSE00002364245_027	g1441	test
ENSE00002364301_001	g1442	train
ENSE00002364301_002	g1442	train
ENSE00002364301_003	g1442	train
ENSE00002364301_004	g1442	train
ENSE00002364301_006	g1442	train
ENSE00002364301_007	g1442	train
ENSE00002364301_008	g1442	train
ENSE00002364301_009	g1442	train
ENSE00002364301_010	g1442	train
ENSE00002364301_011	g1442	train
ENSE00002364301_013	g1442	train
ENSE00002364301_014	g1442	train
ENSE00002364301_015	g1442	train
ENSE00002364301_016	g1442	train
ENSE00002364301_017	g1442	train
ENSE00002364301_018	g1442	train
ENSE00002364301_019	g1442	train
ENSE00002364301_020	g1442	train
ENSE00002364301_021	g1442	train
ENSE00002364301_023	g1442	train
ENSE00002364301_024	g1442	train
ENSE00002364301_025	g1442	train
ENSE00002364301_026	g1442	train
ENSE00002364301_027	g1442	train
ENSE00002364301_028	g1442	train
ENSE00002364301_030	g1442	train
ENSE00002364667_005	g1443	test
ENSE00002364667_006	g1443	test
ENSE00002364667_007	g1443	test
ENSE00002364667_010	g1443	test
ENSE00002364667_020	g1443	test
ENSE00002365228_002	g1444	train
ENSE00002365228_003	g1444	train
ENSE00002365228_004	g1444	train
ENSE00002365228_005	g1444	train
ENSE00002365228_006	g1444	train
ENSE00002365228_007	g1444	train
ENSE00002365228_008	g1444	train
ENSE00002365228_009	g1444	train
ENSE00002365228_010	g1444	train
ENSE00002365228_011	g1444	train
ENSE00002365228_013	g1444	train
ENSE00002365228_014	g1444	train
ENSE00002365228_015	g1444	train
ENSE00002365228_016	g1444	train
ENSE00002365228_017	g1444	train
ENSE00002365228_018	g1444	train
ENSE00002365228_019	g1444	train
ENSE00002365228_020	g1444	train
ENSE00002365228_021	g1444	train
ENSE00002365228_022	g1444	train
ENSE00002365228_024	g1444	train
ENSE00002365228_025	g1444	train
ENSE00002365228_026	g1444	train
ENSE00002365239_001	g1424	test
ENSE00002365239_002	g1424	test
ENSE00002365239_003	g1424	test
ENSE00002365239_005	g1424	test
ENSE00002365239_007	g1424	test
ENSE00002365239_008	g1424	test
ENSE00002365239_009	g1424	test
ENSE00002365239_010	g1424	test
ENSE00002365239_011	g1424	test
ENSE00002365239_014	g1424	test
ENSE00002365239_015	g1424	test
ENSE00002365239_016	g1424	test
ENSE00002365239_017	g1424	test
ENSE00002365239_023	g1424	test
ENSE00002365840_002	g1364	train
ENSE00002365840_003	g1364	train
ENSE00002365840_006	g1364	train
ENSE00002365840_009	g1364	train
ENSE00002365840_011	g1364	train
ENSE00002365840_012	g1364	train
ENSE00002365840_017	g1364	train
ENSE00002366075_001	g1445	train
ENSE00002366075_002	g1445	train
ENSE00002366075_003	g1445	train
ENSE00002366075_004	g1445	train
ENSE00002366075_005	g1445	train
ENSE00002366075_007	g1445	train
ENSE00002366075_008	g1445	train
ENSE00002366075_009	g1445	train
ENSE00002366075_010	g1445	train
ENSE00002366075_011	g1445	train
ENSE00002366075_012	g1445	train
ENSE00002366075_013	g1445	train
ENSE00002366075_014	g1445	train
ENSE00002366075_015	g1445	train
ENSE00002366075_017	g1445	train
ENSE00002366075_019	g1445	train
ENSE00002366075_020	g1445	train
ENSE00002366075_021	g1445	train
ENSE00002366075_022	g1445	train
ENSE00002366075_023	g1445	train
ENSE00002366116_001	g1446	train
ENSE00002366116_003	g1446	train
ENSE00002366116_004	g1446	train
ENSE00002366116_005	g1446	train
ENSE00002366116_006	g1446	train
ENSE00002366116_007	g1446	train
ENSE00002366116_008	g1446	train
ENSE00002366116_009	g1446	train
ENSE00002366116_010	g1446	train
ENSE00002366494_002	g1447	train
ENSE00002366494_003	g1447	train
ENSE00002366494_008	g1447	train
ENSE00002366494_009	g1447	train
ENSE00002366494_011	g1447	train
ENSE00002366494_012	g1447	train
ENSE00002366494_016	g1447	train
ENSE00002366494_017	g1447	train
ENSE00002366494_018	g1447	train
ENSE00002366494_020	g1447	train
ENSE00002366494_021	g1447	train
ENSE00002366494_022	g1447	train
ENSE00002366494_026	g1447	train
ENSE00002366494_027	g1447	train
ENSE00002366494_028	g1447	train
ENSE00002366740_005	g1448	test
ENSE00002366740_006	g1448	test
ENSE00002366740_008	g1448	test
ENSE00002366740_009	g1448	test
ENSE00002366740_011	g1448	test
ENSE00002366740_012	g1448	test
ENSE00002366740_013	g1448	test
ENSE00002366740_014	g1448	test
ENSE00002366740_016	g1448	test
ENSE00002366740_017	g1448	test
ENSE00002366740_018	g1448	test
ENSE00002366740_019	g1448	test
ENSE00002366740_022	g1448	test
ENSE00002366740_023	g1448	test
ENSE00002366740_025	g1448	test
ENSE00002366740_026	g1448	test
ENSE00002366872_001	g1449	train
ENSE00002366872_006	g1449	train
ENSE00002366872_007	g1449	train
ENSE00002366872_008	g1449	train
ENSE00002366872_009	g1449	train
ENSE00002367168_001	g1450	train
ENSE00002367168_002	g1450	train
ENSE00002367168_003	g1450	train
ENSE00002367168_004	g1450	train
ENSE00002367168_006	g1450	train
ENSE00002367168_007	g1450	train
ENSE00002367168_009	g1450	train
ENSE00002367168_010	g1450	train
ENSE00002367168_012	g1450	train
ENSE00002367168_013	g1450	train
ENSE00002367168_014	g1450	train
ENSE00002367168_015	g1450	train
ENSE00002367168_017	g1450	train
ENSE00002367168_018	g1450	train
ENSE00002367344_002	g1451	train
ENSE00002367344_003	g1451	train
ENSE00002367344_005	g1451	train
ENSE00002367344_006	g1451	train
ENSE00002367344_008	g1451	train
ENSE00002367344_011	g1451	train
ENSE00002367344_014	g1451	train
ENSE00002367916_001	g1452	train
ENSE00002367916_004	g1452	train
ENSE00002367916_005	g1452	train
ENSE00002367916_006	g1452	train
ENSE00002367916_007	g1452	train
ENSE00002367916_008	g1452	train
ENSE00002367916_009	g1452	train
ENSE00002367916_011	g1452	train
ENSE00002367916_012	g1452	train
ENSE00002367916_013	g1452	train
ENSE00002367916_014	g1452	train
ENSE00002367916_015	g1452	train
ENSE00002367916_017	g1452	train
ENSE00002367916_019	g1452	train
ENSE00002367916_020	g1452	train
ENSE00002367916_023	g1452	train
ENSE00002367916_025	g1452	train
ENSE00002367916_026	g1452	train
ENSE00002367916_028	g1452	train
ENSE00002367916_029	g1452	train
ENSE00002367916_030	g1452	train
ENSE00002367916_031	g1452	train
ENSE00002367916_032	g1452	train
ENSE00002368126_001	g1453	train
ENSE00002368126_002	g1453	train
ENSE00002368126_003	g1453	train
ENSE00002368126_004	g1453	train
ENSE00002368126_005	g1453	train
ENSE00002368126_006	g1453	train
ENSE00002368126_007	g1453	train
ENSE00002368126_008	g1453	train
ENSE00002368126_009	g1453	train
ENSE00002368126_010	g1453	train
ENSE00002368126_011	g1453	train
ENSE00002368126_012	g1453	train
ENSE00002368126_014	g1453	train
ENSE00002368126_015	g1453	train
ENSE00002368126_016	g1453	train
ENSE00002368126_018	g1453	train
ENSE00002368126_019	g1453	train
ENSE00002368126_020	g1453	train
ENSE00002368126_021	g1453	train
ENSE00002368126_022	g1453	train
ENSE00002368126_023	g1453	train
ENSE00002368126_024	g1453	train
ENSE00002368126_025	g1453	train
ENSE00002368126_026	g1453	train
ENSE00002368202_002	g1454	train
ENSE00002368202_003	g1454	train
ENSE00002368202_005	g1454	train
ENSE00002368202_006	g1454	train
ENSE00002368202_010	g1454	train
ENSE00002368202_011	g1454	train
ENSE00002368202_014	g1454	train
ENSE00002368202_015	g1454	train
ENSE00002368202_016	g1454	train
ENSE00002368202_021	g1454	train
ENSE00002368202_022	g1454	train
ENSE00002368364_011	g1455	test
ENSE00002368364_013	g1455	test
ENSE00002368364_014	g1455	test
ENSE00002368364_015	g1455	test
ENSE00002368364_018	g1455	test
ENSE00002368364_022	g1455	test
ENSE00002368364_027	g1455	test
ENSE00002368364_030	g1455	test
ENSE00002368515_001	g1456	test
ENSE00002368515_003	g1456	test
ENSE00002368515_004	g1456	test
ENSE00002368515_006	g1456	test
ENSE00002368515_008	g1456	test
ENSE00002368515_009	g1456	test
ENSE00002368515_010	g1456	test
ENSE00002368515_011	g1456	test
ENSE00002368515_012	g1456	test
ENSE00002368581_004	g1457	train
ENSE00002368581_005	g1457	train
ENSE00002368581_006	g1457	train
ENSE00002368581_008	g1457	train
ENSE00002368581_009	g1457	train
ENSE00002368581_011	g1457	train
ENSE00002368581_014	g1457	train
ENSE00002368581_016	g1457	train
ENSE00002368581_019	g1457	train
ENSE00002368981_001	g1291	train
ENSE00002368981_002	g1291	train
ENSE00002368981_003	g1291	train
ENSE00002368981_006	g1291	train
ENSE00002368981_007	g1291	train
ENSE00002368981_009	g1291	train
ENSE00002368981_010	g1291	train
ENSE00002368981_011	g1291	train
ENSE00002368981_012	g1291	train
ENSE00002368981_013	g1291	train
ENSE00002368981_014	g1291	train
ENSE00002368981_015	g1291	train
ENSE00002368981_019	g1291	train
ENSE00002368981_020	g1291	train
ENSE00002368981_021	g1291	train
ENSE00002368981_023	g1291	train
ENSE00002369069_001	g1458	train
ENSE00002369069_002	g1458	train
ENSE00002369069_003	g1458	train
ENSE00002369069_004	g1458	train
ENSE00002369069_005	g1458	train
ENSE00002369069_006	g1458	train
ENSE00002369069_007	g1458	train
ENSE00002369069_008	g1458	train
ENSE00002369069_009	g1458	train
ENSE00002369069_010	g1458	train
ENSE00002369069_011	g1458	train
ENSE00002369069_012	g1458	train
ENSE00002369069_013	g1458	train
ENSE00002369069_014	g1458	train
ENSE00002369069_015	g1458	train
ENSE00002369069_017	g1458	train
ENSE00002369069_018	g1458	train
ENSE00002369069_019	g1458	train
ENSE00002369069_020	g1458	train
ENSE00002369069_021	g1458	train
ENSE00002369425_001	g1459	train
ENSE00002369425_002	g1459	train
ENSE00002369425_003	g1459	train
ENSE00002369425_005	g1459	train
ENSE00002369425_006	g1459	train
ENSE00002369425_007	g1459	train
ENSE00002369425_008	g1459	train
ENSE00002369425_009	g1459	train
ENSE00002369425_010	g1459	train
ENSE00002369425_011	g1459	train
ENSE00002369425_012	g1459	train
ENSE00002369425_013	g1459	train
ENSE00002369425_014	g1459	train
ENSE00002369425_015	g1459	train
ENSE00002369425_016	g1459	train
ENSE00002369425_017	g1459	train
ENSE00002369425_018	g1459	train
ENSE00002369425_019	g1459	train
ENSE00002369425_020	g1459	train
ENSE00002369425_021	g1459	train
ENSE00002369425_022	g1459	train
ENSE00002369425_023	g1459	train
ENSE00002369425_024	g1459	train
ENSE00002369644_001	g1460	test
ENSE00002369644_002	g1460	test
ENSE00002369644_004	g1460	test
ENSE00002369644_006	g1460	test
ENSE00002369644_007	g1460	test
ENSE00002369644_008	g1460	test
ENSE00002369644_009	g1460	test
ENSE00002369644_010	g1460	test
ENSE00002369644_011	g1460	test
ENSE00002369644_012	g1460	test
ENSE00002369644_013	g1460	test
ENSE00002369644_018	g1460	test
ENSE00002369644_019	g1460	test
ENSE00002369644_020	g1460	test
ENSE00002369644_021	g1460	test
ENSE00002369901_002	g1461	train
ENSE00002370008_001	g1448	test
ENSE00002370008_006	g1448	test
ENSE00002370008_008	g1448	test
ENSE00002370008_009	g1448	test
ENSE00002370008_010	g1448	test
ENSE00002370008_012	g1448	test
ENSE00002370861_001	g1462	train
ENSE00002370861_002	g1462	train
ENSE00002370861_003	g1462	train
ENSE00002370861_004	g1462	train
ENSE00002370861_005	g1462	train
ENSE00002370861_006	g1462	train
ENSE00002370861_007	g1462	train
ENSE00002370861_011	g1462	train
ENSE00002370861_012	g1462	train
ENSE00002370861_013	g1462	train
ENSE00002370861_015	g1462	train
ENSE00002370861_016	g1462	train
ENSE00002370861_017	g1462	train
ENSE00002370861_018	g1462	train
ENSE00002370861_019	g1462	train
ENSE00002370861_020	g1462	train
ENSE00002370861_021	g1462	train
ENSE00002370861_022	g1462	train
ENSE00002371189_001	g0966	train
ENSE00002371189_003	g0966	train
ENSE00002371189_006	g0966	train
ENSE00002371189_007	g0966	train
ENSE00002371189_008	g0966	train
ENSE00002371189_009	g0966	train
ENSE00002371189_010	g0966	train
ENSE00002371189_012	g0966	train
ENSE00002371189_015	g0966	train
ENSE00002371189_016	g0966	train
ENSE00002371189_017	g0966	train
ENSE00002371189_018	g0966	train
ENSE00002371189_019	g0966	train
ENSE00002371189_020	g0966	train
ENSE00002371235_001	g1463	test
ENSE00002371235_002	g1463	test
ENSE00002371235_003	g1463	test
ENSE00002371235_007	g1463	test
ENSE00002371235_009	g1463	test
ENSE00002371235_010	g1463	test
ENSE00002371235_011	g1463	test
ENSE00002371235_013	g1463	test
ENSE00002371235_014	g1463	test
ENSE00002371235_016	g1463	test
ENSE00002371235_018	g1463	test
ENSE00002371235_019	g1463	test
ENSE00002371235_020	g1463	test
ENSE00002371235_021	g1463	test
ENSE00002371235_022	g1463	test
ENSE00002371235_023	g1463	test
ENSE00002371235_024	g1463	test
ENSE00002371248_003	g1464	test
ENSE00002371248_005	g1464	test
ENSE00002371248_013	g1464	test
ENSE00002371248_016	g1464	test
ENSE00002371248_017	g1464	test
ENSE00002371297_001	g1465	train
ENSE00002371297_002	g1465	train
ENSE00002371297_004	g1465	train
ENSE00002371297_005	g1465	train
ENSE00002371297_006	g1465	train
ENSE00002371297_007	g1465	train
ENSE00002371297_009	g1465	train
ENSE00002371297_010	g1465	train
ENSE00002371297_011	g1465	train
ENSE00002371297_012	g1465	train
ENSE00002371297_014	g1465	train
ENSE00002371297_016	g1465	train
ENSE00002371836_001	g1466	train
ENSE00002371836_003	g1466	train
ENSE00002371836_004	g1466	train
ENSE00002371836_005	g1466	train
ENSE00002371836_006	g1466	train
ENSE00002371836_008	g1466	train
ENSE00002371836_012	g1466	train
ENSE00002371836_013	g1466	train
ENSE00002371836_017	g1466	train
ENSE00002371836_023	g1466	train
ENSE00002371836_024	g1466	train
ENSE00002371836_025	g1466	train
ENSE00002371836_026	g1466	train
ENSE00002371836_031	g1466	train
ENSE00002371836_032	g1466	train
ENSE00002371951_002	g1360	train
ENSE00002371951_003	g1360	train
ENSE00002371951_005	g1360	train
ENSE00002371951_006	g1360	train
ENSE00002371951_008	g1360	train
ENSE00002371951_009	g1360	train
ENSE00002371951_010	g1360	train
ENSE00002371951_011	g1360	train
ENSE00002371951_013	g1360	train
ENSE00002371951_014	g1360	train
ENSE00002371951_016	g1360	train
ENSE00002371951_019	g1360	train
ENSE00002371951_020	g1360	train
ENSE00002371951_021	g1360	train
ENSE00002371951_022	g1360	train
ENSE00002371951_024	g1360	train
ENSE00002371951_026	g1360	train
ENSE00002371951_027	g1360	train
ENSE00002371951_028	g1360	train
ENSE00002371951_029	g1360	train
ENSE00002371985_001	g1467	test
ENSE00002371985_002	g1467	test
ENSE00002371985_004	g1467	test
ENSE00002371985_005	g1467	test
ENSE00002371985_008	g1467	test
ENSE00002371985_011	g1467	test
ENSE00002371985_012	g1467	test
ENSE00002371985_014	g1467	test
ENSE00002373097_001	g1468	test
ENSE00002373097_002	g1468	test
ENSE00002373097_003	g1468	test
ENSE00002373097_004	g1468	test
ENSE00002373097_006	g1468	test
ENSE00002373097_007	g1468	test
ENSE00002373097_008	g1468	test
ENSE00002373097_011	g1468	test
ENSE00002373097_012	g1468	test
ENSE00002373097_013	g1468	test
ENSE00002373097_014	g1468	test
ENSE00002373097_015	g1468	test
ENSE00002373097_016	g1468	test
ENSE00002373097_017	g1468	test
ENSE00002373097_018	g1468	test
ENSE00002373097_019	g1468	test
ENSE00002373097_020	g1468	test
ENSE00002373097_021	g1468	test
ENSE00002373097_023	g1468	test
ENSE00002373424_001	g1469	train
ENSE00002373424_002	g1469	train
ENSE00002373424_004	g1469	train
ENSE00002373424_007	g1469	train
ENSE00002373424_009	g1469	train
ENSE00002373424_010	g1469	train
ENSE00002373424_011	g1469	train
ENSE00002373424_013	g1469	train
ENSE00002373424_014	g1469	train
ENSE00002373424_016	g1469	train
ENSE00002373424_017	g1469	train
ENSE00002373424_018	g1469	train
ENSE00002373424_019	g1469	train
ENSE00002373484_001	g1470	train
ENSE00002373484_004	g1470	train
ENSE00002373484_005	g1470	train
ENSE00002373484_006	g1470	train
ENSE00002373484_008	g1470	train
ENSE00002373484_009	g1470	train
ENSE00002373484_011	g1470	train
ENSE00002373484_016	g1470	train
ENSE00002373484_017	g1470	train
ENSE00002373484_020	g1470	train
ENSE00002373484_024	g1470	train
ENSE00002373956_001	g1471	train
ENSE00002373956_002	g1471	train
ENSE00002373956_003	g1471	train
ENSE00002373956_004	g1471	train
ENSE00002373956_005	g1471	train
ENSE00002373956_006	g1471	train
ENSE00002373956_007	g1471	train
ENSE00002373956_009	g1471	train
ENSE00002373956_010	g1471	train
ENSE00002373956_011	g1471	train
ENSE00002373956_012	g1471	train
ENSE00002373956_013	g1471	train
ENSE00002373956_015	g1471	train
ENSE00002373956_016	g1471	train
ENSE00002373956_017	g1471	train
ENSE00002373956_018	g1471	train
ENSE00002373956_019	g1471	train
ENSE00002373956_020	g1471	train
ENSE00002373956_021	g1471	train
ENSE00002373956_022	g1471	train
ENSE00002373956_025	g1471	train
ENSE00002373956_026	g1471	train
ENSE00002374011_001	g1361	train
ENSE00002374011_002	g1361	train
ENSE00002374011_003	g1361	train
ENSE00002374011_005	g1361	train
ENSE00002374011_006	g1361	train
ENSE00002374011_007	g1361	train
ENSE00002374011_008	g1361	train
ENSE00002374011_009	g1361	train
ENSE00002374011_010	g1361	train
ENSE00002374011_011	g1361	train
ENSE00002374011_012	g1361	train
ENSE00002374011_014	g1361	train
ENSE00002374011_016	g1361	train
ENSE00002374011_017	g1361	train
ENSE00002374011_018	g1361	train
ENSE00002374011_020	g1361	train
ENSE00002374011_021	g1361	train
ENSE00002374011_022	g1361	train
ENSE00002374011_023	g1361	train
ENSE00002374025_007	g1472	train
ENSE00002374025_017	g1472	train
ENSE00002374025_020	g1472	train
ENSE00002374309_001	g1473	train
ENSE00002374309_003	g1473	train
ENSE00002374309_004	g1473	train
ENSE00002374309_006	g1473	train
ENSE00002374309_007	g1473	train
ENSE00002374309_009	g1473	train
ENSE00002374309_010	g1473	train
ENSE00002374309_012	g1473	train
ENSE00002374309_013	g1473	train
ENSE00002374309_014	g1473	train
ENSE00002374309_015	g1473	train
ENSE00002374309_018	g1473	train
ENSE00002374309_019	g1473	train
ENSE00002374309_020	g1473	train
ENSE00002374309_021	g1473	train
ENSE00002374309_022	g1473	train
ENSE00002374309_023	g1473	train
ENSE00002374309_024	g1473	train
ENSE00002374309_025	g1473	train
ENSE00002374309_026	g1473	train
ENSE00002374309_027	g1473	train
ENSE00002375058_001	g1474	train
ENSE00002375058_002	g1474	train
ENSE00002375058_003	g1474	train
ENSE00002375058_004	g1474	train
ENSE00002375058_005	g1474	train
ENSE00002375058_006	g1474	train
ENSE00002375058_007	g1474	train
ENSE00002375058_009	g1474	train
ENSE00002375058_010	g1474	train
ENSE00002375058_011	g1474	train
ENSE00002375058_012	g1474	train
ENSE00002375058_013	g1474	train
ENSE00002375058_014	g1474	train
ENSE00002375058_015	g1474	train
ENSE00002375058_016	g1474	train
ENSE00002375058_017	g1474	train
ENSE00002375058_018	g1474	train
ENSE00002375058_019	g1474	train
ENSE00002375058_020	g1474	train
ENSE00002375058_021	g1474	train
ENSE00002375058_022	g1474	train
ENSE00002375058_023	g1474	train
ENSE00002375058_024	g1474	train
ENSE00002375058_025	g1474	train
ENSE00002375058_026	g1474	train
ENSE00002375185_002	g1395	train
ENSE00002375185_005	g1395	train
ENSE00002375185_014	g1395	train
ENSE00002375185_015	g1395	train
ENSE00002375185_016	g1395	train
ENSE00002375185_021	g1395	train
ENSE00002375185_022	g1395	train
ENSE00002376154_002	g1475	train
ENSE00002376154_003	g1475	train
ENSE00002376154_005	g1475	train
ENSE00002376154_006	g1475	train
ENSE00002376154_007	g1475	train
ENSE00002376154_008	g1475	train
ENSE00002376154_012	g1475	train
ENSE00002376154_013	g1475	train
ENSE00002376154_017	g1475	train
ENSE00002376154_019	g1475	train
ENSE00002376154_020	g1475	train
ENSE00002376154_021	g1475	train
ENSE00002376154_023	g1475	train
ENSE00002376439_001	g1476	train
ENSE00002376439_002	g1476	train
ENSE00002376439_004	g1476	train
ENSE00002376439_005	g1476	train
ENSE00002376439_006	g1476	train
ENSE00002376439_007	g1476	train
ENSE00002376439_008	g1476	train
ENSE00002376439_011	g1476	train
ENSE00002376439_012	g1476	train
ENSE00002376439_013	g1476	train
ENSE00002376439_014	g1476	train
ENSE00002376439_015	g1476	train
ENSE00002376439_016	g1476	train
ENSE00002376529_003	g1477	train
ENSE00002376529_004	g1477	train
ENSE00002376529_005	g1477	train
ENSE00002376529_009	g1477	train
ENSE00002376529_014	g1477	train
ENSE00002376529_015	g1477	train
ENSE00002376529_017	g1477	train
ENSE00002376529_018	g1477	train
ENSE00002376529_021	g1477	train
ENSE00002376718_029	g1478	test
ENSE00002376872_001	g1397	test
ENSE00002376872_002	g1397	test
ENSE00002376872_003	g1397	test
ENSE00002376872_004	g1397	test
ENSE00002376872_005	g1397	test
ENSE00002376872_007	g1397	test
ENSE00002376872_011	g1397	test
ENSE00002376872_015	g1397	test
ENSE00002376872_019	g1397	test
ENSE00002376872_022	g1397	test
ENSE00002377607_003	g1436	train
ENSE00002377607_004	g1436	train
ENSE00002377607_005	g1436	train
ENSE00002377607_010	g1436	train
ENSE00002377607_011	g1436	train
ENSE00002377607_013	g1436	train
ENSE00002377607_014	g1436	train
ENSE00002377607_016	g1436	train
ENSE00002377607_017	g1436	train
ENSE00002377607_018	g1436	train
ENSE00002377607_020	g1436	train
ENSE00002377607_023	g1436	train
ENSE00002377607_024	g1436	train
ENSE00002377607_026	g1436	train
ENSE00002377607_027	g1436	train
ENSE00002377607_029	g1436	train
ENSE00002377607_033	g1436	train
ENSE00002377607_035	g1436	train
ENSE00002377607_036	g1436	train
ENSE00002377607_037	g1436	train
ENSE00002377607_039	g1436	train
ENSE00002377628_002	g1479	train
ENSE00002377628_003	g1479	train
ENSE00002377628_004	g1479	train
ENSE00002377628_005	g1479	train
ENSE00002377628_006	g1479	train
ENSE00002377628_007	g1479	train
ENSE00002377628_008	g1479	train
ENSE00002377628_009	g1479	train
ENSE00002377628_011	g1479	train
ENSE00002377628_014	g1479	train
ENSE00002377628_015	g1479	train
ENSE00002377628_016	g1479	train
ENSE00002377628_018	g1479	train
ENSE00002377628_019	g1479	train
ENSE00002377628_020	g1479	train
ENSE00002377628_022	g1479	train
ENSE00002377628_023	g1479	train
ENSE00002377746_001	g0564	train
ENSE00002377746_004	g0564	train
ENSE00002377746_006	g0564	train
ENSE00002377746_008	g0564	train
ENSE00002377746_010	g0564	train
ENSE00002377746_013	g0564	train
ENSE00002377746_014	g0564	train
ENSE00002377746_015	g0564	train
ENSE00002377746_016	g0564	train
ENSE00002377746_021	g0564	train
ENSE00002377746_022	g0564	train
ENSE00002377746_025	g0564	train
ENSE00002377746_026	g0564	train
ENSE00002377746_027	g0564	train
ENSE00002378227_001	g0725	train
ENSE00002378227_004	g0725	train
ENSE00002378227_005	g0725	train
ENSE00002378227_006	g0725	train
ENSE00002378227_007	g0725	train
ENSE00002378227_008	g0725	train
ENSE00002378227_010	g0725	train
ENSE00002378227_012	g0725	train
ENSE00002378227_013	g0725	train
ENSE00002378227_014	g0725	train
ENSE00002378227_018	g0725	train
ENSE00002378227_019	g0725	train
ENSE00002378227_022	g0725	train
ENSE00002378227_024	g0725	train
ENSE00002378227_025	g0725	train
ENSE00002378227_026	g0725	train
ENSE00002378296_002	g1480	train
ENSE00002378296_003	g1480	train
ENSE00002378296_004	g1480	train
ENSE00002378296_012	g1480	train
ENSE00002378296_014	g1480	train
ENSE00002378296_015	g1480	train
ENSE00002378296_016	g1480	train
ENSE00002378296_018	g1480	train
ENSE00002378296_019	g1480	train
ENSE00002378296_020	g1480	train
ENSE00002378369_002	g1448	test
ENSE00002378369_005	g1448	test
ENSE00002378369_006	g1448	test
ENSE00002378369_009	g1448	test
ENSE00002378369_010	g1448	test
ENSE00002378369_011	g1448	test
ENSE00002378369_012	g1448	test
ENSE00002378369_015	g1448	test
ENSE00002378393_001	g1481	train
ENSE00002378393_003	g1481	train
ENSE00002378393_004	g1481	train
ENSE00002378393_005	g1481	train
ENSE00002378393_007	g1481	train
ENSE00002378393_008	g1481	train
ENSE00002378553_001	g1482	train
ENSE00002378553_002	g1482	train
ENSE00002378553_004	g1482	train
ENSE00002378553_005	g1482	train
ENSE00002378553_006	g1482	train
ENSE00002378553_007	g1482	train
ENSE00002378553_008	g1482	train
ENSE00002378553_009	g1482	train
ENSE00002378553_010	g1482	train
ENSE00002378553_011	g1482	train
ENSE00002378553_012	g1482	train
ENSE00002378553_013	g1482	train
ENSE00002378553_014	g1482	train
ENSE00002378553_015	g1482	train
ENSE00002378553_016	g1482	train
ENSE00002378553_017	g1482	train
ENSE00002378553_018	g1482	train
ENSE00002378553_020	g1482	train
ENSE00002378553_021	g1482	train
ENSE00002378553_022	g1482	train
ENSE00002378553_023	g1482	train
ENSE00002378553_025	g1482	train
ENSE00002378553_026	g1482	train
ENSE00002378702_003	g1483	test
ENSE00002378900_003	g1484	train
ENSE00002378900_004	g1484	train
ENSE00002378900_005	g1484	train
ENSE00002378900_007	g1484	train
ENSE00002378900_008	g1484	train
ENSE00002378900_009	g1484	train
ENSE00002378900_010	g1484	train
ENSE00002378900_011	g1484	train
ENSE00002378900_012	g1484	train
ENSE00002378900_014	g1484	train
ENSE00002378900_018	g1484	train
ENSE00002378900_019	g1484	train
ENSE00002378900_020	g1484	train
ENSE00002378942_003	g1485	train
ENSE00002378942_007	g1485	train
ENSE00002378942_010	g1485	train
ENSE00002378942_011	g1485	train
ENSE00002378942_014	g1485	train
ENSE00002379912_001	g1486	test
ENSE00002379912_002	g1486	test
ENSE00002379912_004	g1486	test
ENSE00002379912_005	g1486	test
ENSE00002379912_006	g1486	test
ENSE00002379912_007	g1486	test
ENSE00002379912_008	g1486	test
ENSE00002379912_009	g1486	test
ENSE00002379912_010	g1486	test
ENSE00002379912_011	g1486	test
ENSE00002379912_012	g1486	test
ENSE00002379912_013	g1486	test
ENSE00002379912_015	g1486	test
ENSE00002379912_017	g1486	test
ENSE00002379912_018	g1486	test
ENSE00002379912_019	g1486	test
ENSE00002379912_020	g1486	test
ENSE00002379912_021	g1486	test
ENSE00002379912_022	g1486	test
ENSE00002379912_024	g1486	test
ENSE00002379912_025	g1486	test
ENSE00002379967_001	g1487	train
ENSE00002379967_002	g1487	train
ENSE00002379967_003	g1487	train
ENSE00002379967_004	g1487	train
ENSE00002379967_005	g1487	train
ENSE00002379967_006	g1487	train
ENSE00002379967_008	g1487	train
ENSE00002379967_009	g1487	train
ENSE00002379967_010	g1487	train
ENSE00002379967_012	g1487	train
ENSE00002379967_013	g1487	train
ENSE00002379967_015	g1487	train
ENSE00002379967_017	g1487	train
ENSE00002379967_018	g1487	train
ENSE00002379967_021	g1487	train
ENSE00002379967_023	g1487	train
ENSE00002380189_002	g1488	train
ENSE00002380189_004	g1488	train
ENSE00002380189_005	g1488	train
ENSE00002380189_009	g1488	train
ENSE00002380189_010	g1488	train
ENSE00002380189_012	g1488	train
ENSE00002380189_013	g1488	train
ENSE00002380189_014	g1488	train
ENSE00002380189_015	g1488	train
ENSE00002380189_016	g1488	train
ENSE00002380189_017	g1488	train
ENSE00002380189_019	g1488	train
ENSE00002380420_002	g0435	train
ENSE00002380420_003	g0435	train
ENSE00002380420_004	g0435	train
ENSE00002380420_005	g0435	train
ENSE00002380420_006	g0435	train
ENSE00002380420_007	g0435	train
ENSE00002380420_008	g0435	train
ENSE00002380420_009	g0435	train
ENSE00002380420_014	g0435	train
ENSE00002380420_015	g0435	train
ENSE00002380420_018	g0435	train
ENSE00002380420_019	g0435	train
ENSE00002380420_023	g0435	train
ENSE00002380807_001	g0167	test
ENSE00002380807_002	g0167	test
ENSE00002380807_003	g0167	test
ENSE00002380807_004	g0167	test
ENSE00002380807_005	g0167	test
ENSE00002380807_006	g0167	test
ENSE00002380807_007	g0167	test
ENSE00002380807_011	g0167	test
ENSE00002380807_012	g0167	test
ENSE00002380807_013	g0167	test
ENSE00002380807_017	g0167	test
ENSE00002380807_018	g0167	test
ENSE00002380807_021	g0167	test
ENSE00002380807_022	g0167	test
ENSE00002380807_023	g0167	test
ENSE00002380807_025	g0167	test
ENSE00002380807_027	g0167	test
ENSE00002380807_029	g0167	test
ENSE00002380807_030	g0167	test
ENSE00002380807_031	g0167	test
ENSE00002380807_033	g0167	test
ENSE00002381558_005	g1489	train
ENSE00002381558_008	g1489	train
ENSE00002381558_010	g1489	train
ENSE00002381558_011	g1489	train
ENSE00002381558_012	g1489	train
ENSE00002381558_013	g1489	train
ENSE00002381558_014	g1489	train
ENSE00002381558_015	g1489	train
ENSE00002381558_016	g1489	train
ENSE00002381558_017	g1489	train
ENSE00002381558_019	g1489	train
ENSE00002381558_021	g1489	train
ENSE00002381640_005	g1350	test
ENSE00002381640_006	g1350	test
ENSE00002381640_007	g1350	test
ENSE00002381640_009	g1350	test
ENSE00002381640_014	g1350	test
ENSE00002381640_017	g1350	test
ENSE00002381640_018	g1350	test
ENSE00002382210_001	g1490	test
ENSE00002382210_002	g1490	test
ENSE00002382210_003	g1490	test
ENSE00002382210_005	g1490	test
ENSE00002382210_006	g1490	test
ENSE00002382210_007	g1490	test
ENSE00002382210_008	g1490	test
ENSE00002382210_009	g1490	test
ENSE00002382210_010	g1490	test
ENSE00002382210_011	g1490	test
ENSE00002382210_012	g1490	test
ENSE00002382210_013	g1490	test
ENSE00002382210_014	g1490	test
ENSE00002382210_015	g1490	test
ENSE00002382210_016	g1490	test
ENSE00002382210_017	g1490	test
ENSE00002382210_019	g1490	test
ENSE00002382210_020	g1490	test
ENSE00002382210_023	g1490	test
ENSE00002382210_024	g1490	test
ENSE00002382210_025	g1490	test
ENSE00002382210_026	g1490	test
ENSE00002382591_003	g0439	train
ENSE00002382591_004	g0439	train
ENSE00002382591_005	g0439	train
ENSE00002382591_006	g0439	train
ENSE00002382591_007	g0439	train
ENSE00002382591_008	g0439	train
ENSE00002382591_009	g0439	train
ENSE00002382591_010	g0439	train
ENSE00002382591_011	g0439	train
ENSE00002382591_012	g0439	train
ENSE00002382591_013	g0439	train
ENSE00002382591_015	g0439	train
ENSE00002382591_016	g0439	train
ENSE00002382591_018	g0439	train
ENSE00002382591_019	g0439	train
ENSE00002382591_022	g0439	train
ENSE00002382591_023	g0439	train
ENSE00002382591_024	g0439	train
ENSE00002382591_025	g0439	train
ENSE00002382591_026	g0439	train
ENSE00002382591_028	g0439	train
ENSE00002382591_029	g0439	train
ENSE00002382808_001	g1216	train
ENSE00002382808_002	g1216	train
ENSE00002382808_003	g1216	train
ENSE00002382808_004	g1216	train
ENSE00002382808_007	g1216	train
ENSE00002382808_008	g1216	train
ENSE00002382808_009	g1216	train
ENSE00002382808_011	g1216	train
ENSE00002382808_012	g1216	train
ENSE00002382808_013	g1216	train
ENSE00002382808_016	g1216	train
ENSE00002382808_017	g1216	train
ENSE00002382808_018	g1216	train
ENSE00002382808_021	g1216	train
ENSE00002382808_022	g1216	train
ENSE00002382826_001	g1393	train
ENSE00002382826_002	g1393	train
ENSE00002382826_003	g1393	train
ENSE00002382826_004	g1393	train
ENSE00002382826_005	g1393	train
ENSE00002382826_006	g1393	train
ENSE00002382826_007	g1393	train
ENSE00002382826_009	g1393	train
ENSE00002382826_010	g1393	train
ENSE00002382826_011	g1393	train
ENSE00002382826_012	g1393	train
ENSE00002382826_014	g1393	train
ENSE00002382826_015	g1393	train
ENSE00002382826_017	g1393	train
ENSE00002382826_018	g1393	train
ENSE00002382826_019	g1393	train
ENSE00002382826_020	g1393	train
ENSE00002382826_021	g1393	train
ENSE00002382826_023	g1393	train
ENSE00002382866_002	g0325	train
ENSE00002382866_004	g0325	train
ENSE00002382866_005	g0325	train
ENSE00002382866_006	g0325	train
ENSE00002382866_007	g0325	train
ENSE00002382866_009	g0325	train
ENSE00002382866_010	g0325	train
ENSE00002382866_011	g0325	train
ENSE00002382866_012	g0325	train
ENSE00002382866_014	g0325	train
ENSE00002382866_015	g0325	train
ENSE00002382866_016	g0325	train
ENSE00002382866_017	g0325	train
ENSE00002382866_018	g0325	train
ENSE00002382866_019	g0325	train
ENSE00002382866_023	g0325	train
ENSE00002382866_024	g0325	train
ENSE00002382866_025	g0325	train
ENSE00002382866_026	g0325	train
ENSE00002382866_027	g0325	train
ENSE00002382866_028	g0325	train
ENSE00002383321_002	g1491	train
ENSE00002383321_003	g1491	train
ENSE00002383321_004	g1491	train
ENSE00002383321_005	g1491	train
ENSE00002383321_006	g1491	train
ENSE00002383321_007	g1491	train
ENSE00002383321_009	g1491	train
ENSE00002383321_010	g1491	train
ENSE00002383321_012	g1491	train
ENSE00002383321_013	g1491	train
ENSE00002383321_014	g1491	train
ENSE00002383321_015	g1491	train
ENSE00002383321_016	g1491	train
ENSE00002383321_018	g1491	train
ENSE00002383321_019	g1491	train
ENSE00002383321_021	g1491	train
ENSE00002383321_022	g1491	train
ENSE00002383533_001	g1492	train
ENSE00002383533_003	g1492	train
ENSE00002383533_011	g1492	train
ENSE00002383533_014	g1492	train
ENSE00002383533_016	g1492	train
ENSE00002383533_019	g1492	train
ENSE00002383533_021	g1492	train
ENSE00002383533_022	g1492	train
ENSE00002383533_024	g1492	train
ENSE00002383533_026	g1492	train
ENSE00002383533_027	g1492	train
ENSE00002383533_028	g1492	train
ENSE00002383640_002	g1493	train
ENSE00002383640_005	g1493	train
ENSE00002384070_001	g0527	train
ENSE00002384070_006	g0527	train
ENSE00002384070_009	g0527	train
ENSE00002384070_011	g0527	train
ENSE00002384070_015	g0527	train
ENSE00002384070_019	g0527	train
ENSE00002384070_021	g0527	train
ENSE00002384070_023	g0527	train
ENSE00002384070_024	g0527	train
ENSE00002384070_025	g0527	train
ENSE00002384070_026	g0527	train
ENSE00002384070_027	g0527	train
ENSE00002384264_001	g1474	train
ENSE00002384264_002	g1474	train
ENSE00002384264_003	g1474	train
ENSE00002384264_005	g1474	train
ENSE00002384264_007	g1474	train
ENSE00002384264_009	g1474	train
ENSE00002384264_012	g1474	train
ENSE00002384264_014	g1474	train
ENSE00002384264_015	g1474	train
ENSE00002384264_016	g1474	train
ENSE00002384264_017	g1474	train
ENSE00002384264_018	g1474	train
ENSE00002384264_019	g1474	train
ENSE00002384264_020	g1474	train
ENSE00002384264_022	g1474	train
ENSE00002384264_023	g1474	train
ENSE00002384264_024	g1474	train
ENSE00002384264_026	g1474	train
ENSE00002385110_001	g1494	test
ENSE00002385110_002	g1494	test
ENSE00002385110_005	g1494	test
ENSE00002385110_006	g1494	test
ENSE00002385110_007	g1494	test
ENSE00002385110_008	g1494	test
ENSE00002385110_009	g1494	test
ENSE00002385110_011	g1494	test
ENSE00002385110_012	g1494	test
ENSE00002385110_013	g1494	test
ENSE00002385110_014	g1494	test
ENSE00002385110_015	g1494	test
ENSE00002385110_016	g1494	test
ENSE00002385110_017	g1494	test
ENSE00002385110_018	g1494	test
ENSE00002385110_019	g1494	test
ENSE00002385110_020	g1494	test
ENSE00002385110_022	g1494	test
ENSE00002385110_023	g1494	test
ENSE00002385110_024	g1494	test
ENSE00002385110_026	g1494	test
ENSE00002385110_027	g1494	test
ENSE00002385110_028	g1494	test
ENSE00002385110_029	g1494	test
ENSE00002385110_030	g1494	test
ENSE00002385110_031	g1494	test
ENSE00002385110_032	g1494	test
ENSE00002385110_033	g1494	test
ENSE00002385110_034	g1494	test
ENSE00002385110_035	g1494	test
ENSE00002385110_036	g1494	test
ENSE00002385110_037	g1494	test
ENSE00002385127_001	g1495	train
ENSE00002385127_002	g1495	train
ENSE00002385127_003	g1495	train
ENSE00002385127_004	g1495	train
ENSE00002385127_005	g1495	train
ENSE00002385127_006	g1495	train
ENSE00002385127_007	g1495	train
ENSE00002385127_008	g1495	train
ENSE00002385127_009	g1495	train
ENSE00002385127_011	g1495	train
ENSE00002385127_012	g1495	train
ENSE00002385127_013	g1495	train
ENSE00002385127_014	g1495	train
ENSE00002385127_015	g1495	train
ENSE00002385127_016	g1495	train
ENSE00002385127_017	g1495	train
ENSE00002385127_019	g1495	train
ENSE00002385127_020	g1495	train
ENSE00002385242_002	g1496	train
ENSE00002385242_007	g1496	train
ENSE00002385242_008	g1496	train
ENSE00002385242_009	g1496	train
ENSE00002385242_014	g1496	train
ENSE00002385242_016	g1496	train
ENSE00002385242_019	g1496	train
ENSE00002385242_020	g1496	train
ENSE00002385242_021	g1496	train
ENSE00002385242_022	g1496	train
ENSE00002385242_024	g1496	train
ENSE00002385320_004	g1437	train
ENSE00002385320_006	g1437	train
ENSE00002385320_008	g1437	train
ENSE00002385320_009	g1437	train
ENSE00002385320_017	g1437	train
ENSE00002385320_018	g1437	train
ENSE00002385748_001	g1341	train
ENSE00002385748_002	g1341	train
ENSE00002385748_004	g1341	train
ENSE00002385748_006	g1341	train
ENSE00002385748_008	g1341	train
ENSE00002385748_009	g1341	train
ENSE00002385748_010	g1341	train
ENSE00002385748_011	g1341	train
ENSE00002385748_012	g1341	train
ENSE00002385748_013	g1341	train
ENSE00002385748_014	g1341	train
ENSE00002385748_015	g1341	train
ENSE00002385748_016	g1341	train
ENSE00002385748_019	g1341	train
ENSE00002385748_023	g1341	train
ENSE00002385748_024	g1341	train
ENSE00002385748_025	g1341	train
ENSE00002385748_026	g1341	train
ENSE00002385748_027	g1341	train
ENSE00002385748_028	g1341	train
ENSE00002385748_031	g1341	train
ENSE00002386005_010	g1350	test
ENSE00002386005_017	g1350	test
ENSE00002386080_001	g1497	train
ENSE00002386080_002	g1497	train
ENSE00002386080_004	g1497	train
ENSE00002386080_005	g1497	train
ENSE00002386080_006	g1497	train
ENSE00002386080_007	g1497	train
ENSE00002386080_008	g1497	train
ENSE00002386080_010	g1497	train
ENSE00002386080_011	g1497	train
ENSE00002386080_012	g1497	train
ENSE00002386080_013	g1497	train
ENSE00002386080_014	g1497	train
ENSE00002386080_015	g1497	train
ENSE00002386080_016	g1497	train
ENSE00002386080_018	g1497	train
ENSE00002386080_019	g1497	train
ENSE00002386080_020	g1497	train
ENSE00002386080_021	g1497	train
ENSE00002386080_022	g1497	train
ENSE00002386080_023	g1497	train
ENSE00002386080_024	g1497	train
ENSE00002386150_002	g0167	test
ENSE00002386150_003	g0167	test
ENSE00002386150_004	g0167	test
ENSE00002386150_005	g0167	test
ENSE00002386150_006	g0167	test
ENSE00002386150_007	g0167	test
ENSE00002386150_008	g0167	test
ENSE00002386150_009	g0167	test
ENSE00002386150_010	g0167	test
ENSE00002386150_012	g0167	test
ENSE00002386150_013	g0167	test
ENSE00002386150_014	g0167	test
ENSE00002386150_015	g0167	test
ENSE00002386150_016	g0167	test
ENSE00002386150_017	g0167	test
ENSE00002386150_018	g0167	test
ENSE00002386196_001	g1498	test
ENSE00002386196_002	g1498	test
ENSE00002386196_004	g1498	test
ENSE00002386196_005	g1498	test
ENSE00002386196_006	g1498	test
ENSE00002386196_008	g1498	test
ENSE00002386196_009	g1498	test
ENSE00002386196_010	g1498	test
ENSE00002386196_011	g1498	test
ENSE00002386196_013	g1498	test
ENSE00002386196_014	g1498	test
ENSE00002386196_015	g1498	test
ENSE00002386243_006	g1499	train
ENSE00002386243_008	g1499	train
ENSE00002386243_014	g1499	train
ENSE00002386243_017	g1499	train
ENSE00002386532_006	g1500	train
ENSE00002386532_008	g1500	train
ENSE00002386532_012	g1500	train
ENSE00002386532_020	g1500	train
ENSE00002386532_021	g1500	train
ENSE00002386775_001	g1501	train
ENSE00002386775_002	g1501	train
ENSE00002386775_003	g1501	train
ENSE00002386775_004	g1501	train
ENSE00002386775_005	g1501	train
ENSE00002386775_006	g1501	train
ENSE00002386775_008	g1501	train
ENSE00002386775_009	g1501	train
ENSE00002386775_011	g1501	train
ENSE00002386775_012	g1501	train
ENSE00002386775_013	g1501	train
ENSE00002386775_014	g1501	train
ENSE00002386775_015	g1501	train
ENSE00002386775_016	g1501	train
ENSE00002386775_017	g1501	train
ENSE00002386775_018	g1501	train
ENSE00002386775_019	g1501	train
ENSE00002386775_020	g1501	train
ENSE00002386775_021	g1501	train
ENSE00002386775_022	g1501	train
ENSE00002386775_023	g1501	train
ENSE00002386775_024	g1501	train
ENSE00002386775_025	g1501	train
ENSE00002386775_026	g1501	train
ENSE00002386775_027	g1501	train
ENSE00002386775_028	g1501	train
ENSE00002387405_002	g1350	test
ENSE00002387405_003	g1350	test
ENSE00002387405_004	g1350	test
ENSE00002387405_005	g1350	test
ENSE00002387405_006	g1350	test
ENSE00002387405_007	g1350	test
ENSE00002387405_008	g1350	test
ENSE00002387405_009	g1350	test
ENSE00002387405_010	g1350	test
ENSE00002387405_011	g1350	test
ENSE00002387405_012	g1350	test
ENSE00002387405_013	g1350	test
ENSE00002387405_014	g1350	test
ENSE00002387405_015	g1350	test
ENSE00002387405_016	g1350	test
ENSE00002387405_017	g1350	test
ENSE00002387405_018	g1350	test
ENSE00002387405_019	g1350	test
ENSE00002387405_020	g1350	test
ENSE00002387468_001	g0147	train
ENSE00002387468_002	g0147	train
ENSE00002387468_003	g0147	train
ENSE00002387468_004	g0147	train
ENSE00002387468_005	g0147	train
ENSE00002387468_006	g0147	train
ENSE00002387468_007	g0147	train
ENSE00002387468_008	g0147	train
ENSE00002387468_012	g0147	train
ENSE00002387468_014	g0147	train
ENSE00002387468_015	g0147	train
ENSE00002387468_016	g0147	train
ENSE00002387468_017	g0147	train
ENSE00002387468_020	g0147	train
ENSE00002387468_021	g0147	train
ENSE00002387555_001	g1502	train
ENSE00002387555_002	g1502	train
ENSE00002387555_003	g1502	train
ENSE00002387555_004	g1502	train
ENSE00002387555_005	g1502	train
ENSE00002387555_009	g1502	train
ENSE00002387555_010	g1502	train
ENSE00002387555_011	g1502	train
ENSE00002387555_012	g1502	train
ENSE00002387555_017	g1502	train
ENSE00002387555_019	g1502	train
ENSE00002387555_020	g1502	train
ENSE00002387555_024	g1502	train
ENSE00002388259_001	g0571	train
ENSE00002388259_002	g0571	train
ENSE00002388259_006	g0571	train
ENSE00002388259_007	g0571	train
ENSE00002388259_010	g0571	train
ENSE00002388259_015	g0571	train
ENSE00002388417_001	g1503	train
ENSE00002388417_003	g1503	train
ENSE00002388417_004	g1503	train
ENSE00002388417_005	g1503	train
ENSE00002388417_007	g1503	train
ENSE00002388417_008	g1503	train
ENSE00002388417_009	g1503	train
ENSE00002388417_010	g1503	train
ENSE00002388417_011	g1503	train
ENSE00002388417_013	g1503	train
ENSE00002388417_014	g1503	train
ENSE00002388417_015	g1503	train
ENSE00002388417_016	g1503	train
ENSE00002388417_017	g1503	train
ENSE00002388417_018	g1503	train
ENSE00002388417_019	g1503	train
ENSE00002388417_020	g1503	train
ENSE00002388417_021	g1503	train
ENSE00002388417_022	g1503	train
ENSE00002388417_023	g1503	train
ENSE00002388554_014	g1504	test
ENSE00002388554_016	g1504	test
ENSE00002388554_017	g1504	test
ENSE00002388702_003	g1465	train
ENSE00002388702_004	g1465	train
ENSE00002388702_007	g1465	train
ENSE00002388702_008	g1465	train
ENSE00002388702_010	g1465	train
ENSE00002388702_011	g1465	train
ENSE00002388702_014	g1465	train
ENSE00002388702_015	g1465	train
ENSE00002388702_016	g1465	train
ENSE00002388702_017	g1465	train
ENSE00002388702_019	g1465	train
ENSE00002388702_020	g1465	train
ENSE00002388702_022	g1465	train
ENSE00002388702_023	g1465	train
ENSE00002388702_024	g1465	train
ENSE00002388702_025	g1465	train
ENSE00002388702_027	g1465	train
ENSE00002388702_030	g1465	train
ENSE00002388702_031	g1465	train
ENSE00002388702_032	g1465	train
ENSE00002389183_001	g1505	test
ENSE00002389183_002	g1505	test
ENSE00002389183_003	g1505	test
ENSE00002389183_004	g1505	test
ENSE00002389183_005	g1505	test
ENSE00002389183_006	g1505	test
ENSE00002389183_007	g1505	test
ENSE00002389183_008	g1505	test
ENSE00002389183_009	g1505	test
ENSE00002389183_011	g1505	test
ENSE00002389183_012	g1505	test
ENSE00002389259_004	g1506	train
ENSE00002389259_005	g1506	train
ENSE00002389259_006	g1506	train
ENSE00002389259_007	g1506	train
ENSE00002389259_008	g1506	train
ENSE00002389259_012	g1506	train
ENSE00002389259_013	g1506	train
ENSE00002389259_014	g1506	train
ENSE00002389259_015	g1506	train
ENSE00002389259_016	g1506	train
ENSE00002389259_018	g1506	train
ENSE00002389463_001	g1507	train
ENSE00002389463_004	g1507	train
ENSE00002389682_002	g1508	train
ENSE00002389682_003	g1508	train
ENSE00002389682_005	g1508	train
ENSE00002389682_007	g1508	train
ENSE00002389682_009	g1508	train
ENSE00002389682_010	g1508	train
ENSE00002389682_011	g1508	train
ENSE00002389682_012	g1508	train
ENSE00002389682_013	g1508	train
ENSE00002389682_016	g1508	train
ENSE00002389682_017	g1508	train
ENSE00002389788_002	g1509	train
ENSE00002389788_003	g1509	train
ENSE00002389788_005	g1509	train
ENSE00002389788_006	g1509	train
ENSE00002389788_008	g1509	train
ENSE00002389788_009	g1509	train
ENSE00002389788_011	g1509	train
ENSE00002389788_012	g1509	train
ENSE00002389788_015	g1509	train
ENSE00002389788_016	g1509	train
ENSE00002389788_017	g1509	train
ENSE00002389788_018	g1509	train
ENSE00002389788_022	g1509	train
ENSE00002389788_024	g1509	train
ENSE00002389788_025	g1509	train
ENSE00002389788_026	g1509	train
ENSE00002389788_027	g1509	train
ENSE00002389788_028	g1509	train
ENSE00002390471_003	g1510	train
ENSE00002390471_006	g1510	train
ENSE00002390471_008	g1510	train
ENSE00002390564_001	g1511	train
ENSE00002390564_006	g1511	train
ENSE00002390564_010	g1511	train
ENSE00002390564_011	g1511	train
ENSE00002390564_023	g1511	train
ENSE00002390564_024	g1511	train
ENSE00002390564_029	g1511	train
ENSE00002391389_002	g1512	test
ENSE00002391389_003	g1512	test
ENSE00002391389_010	g1512	test
ENSE00002391389_011	g1512	test
ENSE00002391389_013	g1512	test
ENSE00002391389_020	g1512	test
ENSE00002391977_001	g1336	train
ENSE00002391977_002	g1336	train
ENSE00002391977_003	g1336	train
ENSE00002391977_004	g1336	train
ENSE00002391977_005	g1336	train
ENSE00002391977_006	g1336	train
ENSE00002391977_007	g1336	train
ENSE00002391977_008	g1336	train
ENSE00002391977_009	g1336	train
ENSE00002391977_010	g1336	train
ENSE00002391977_013	g1336	train
ENSE00002391977_014	g1336	train
ENSE00002391977_015	g1336	train
ENSE00002391977_016	g1336	train
ENSE00002391977_019	g1336	train
ENSE00002391992_001	g0916	train
ENSE00002391992_002	g0916	train
ENSE00002391992_003	g0916	train
ENSE00002391992_004	g0916	train
ENSE00002391992_005	g0916	train
ENSE00002391992_006	g0916	train
ENSE00002391992_008	g0916	train
ENSE00002391992_009	g0916	train
ENSE00002391992_010	g0916	train
ENSE00002391992_011	g0916	train
ENSE00002391992_012	g0916	train
ENSE00002391992_013	g0916	train
ENSE00002391992_015	g0916	train
ENSE00002391992_016	g0916	train
ENSE00002391992_017	g0916	train
ENSE00002391992_018	g0916	train
ENSE00002391992_019	g0916	train
ENSE00002391992_020	g0916	train
ENSE00002391992_022	g0916	train
ENSE00002391992_023	g0916	train
ENSE00002391992_024	g0916	train
ENSE00002391992_025	g0916	train
ENSE00002391992_026	g0916	train
ENSE00002391992_030	g0916	train
ENSE00002391992_033	g0916	train
ENSE00002391992_035	g0916	train
ENSE00002391992_036	g0916	train
ENSE00002391992_037	g0916	train
ENSE00002392124_001	g1513	train
ENSE00002392171_002	g0756	test
ENSE00002392171_003	g0756	test
ENSE00002392171_004	g0756	test
ENSE00002392171_008	g0756	test
ENSE00002392171_009	g0756	test
ENSE00002392171_011	g0756	test
ENSE00002392171_015	g0756	test
ENSE00002392171_018	g0756	test
ENSE00002392171_019	g0756	test
ENSE00002392171_020	g0756	test
ENSE00002392171_023	g0756	test
ENSE00002392795_001	g1360	train
ENSE00002392795_002	g1360	train
ENSE00002392795_003	g1360	train
ENSE00002392795_004	g1360	train
ENSE00002392795_006	g1360	train
ENSE00002392795_009	g1360	train
ENSE00002392795_010	g1360	train
ENSE00002392795_013	g1360	train
ENSE00002392795_014	g1360	train
ENSE00002392795_016	g1360	train
ENSE00002392795_019	g1360	train
ENSE00002392795_021	g1360	train
ENSE00002392795_022	g1360	train
ENSE00002392795_023	g1360	train
ENSE00002392795_024	g1360	train
ENSE00002392795_026	g1360	train
ENSE00002392795_027	g1360	train
ENSE00002392795_028	g1360	train
ENSE00002392795_030	g1360	train
ENSE00002392795_031	g1360	train
ENSE00002392795_033	g1360	train
ENSE00002392795_034	g1360	train
ENSE00002392795_036	g1360	train
ENSE00002392795_037	g1360	train
ENSE00002392795_038	g1360	train
ENSE00002393630_004	g1514	test
ENSE00002393630_006	g1514	test
ENSE00002393630_007	g1514	test
ENSE00002393630_010	g1514	test
ENSE00002393630_011	g1514	test
ENSE00002393630_012	g1514	test
ENSE00002393630_014	g1514	test
ENSE00002393630_015	g1514	test
ENSE00002393630_018	g1514	test
ENSE00002393630_019	g1514	test
ENSE00002393630_020	g1514	test
ENSE00002393630_022	g1514	test
ENSE00002393630_026	g1514	test
ENSE00002393630_030	g1514	test
ENSE00002393630_033	g1514	test
ENSE00002393630_034	g1514	test
ENSE00002393708_012	g1515	test
ENSE00002393708_018	g1515	test
ENSE00002393708_021	g1515	test
ENSE00002393708_025	g1515	test
ENSE00002393945_001	g1516	test
ENSE00002393945_002	g1516	test
ENSE00002393945_003	g1516	test
ENSE00002393945_005	g1516	test
ENSE00002393945_007	g1516	test
ENSE00002393945_008	g1516	test
ENSE00002393945_010	g1516	test
ENSE00002393945_011	g1516	test
ENSE00002393945_013	g1516	test
ENSE00002393945_017	g1516	test
ENSE00002393945_018	g1516	test
ENSE00002393945_019	g1516	test
ENSE00002393945_020	g1516	test
ENSE00002393945_021	g1516	test
ENSE00002393945_022	g1516	test
ENSE00002393945_025	g1516	test
ENSE00002393945_027	g1516	test
ENSE00002393945_028	g1516	test
ENSE00002393945_030	g1516	test
ENSE00002393945_031	g1516	test
ENSE00002394108_004	g1517	test
ENSE00002394108_006	g1517	test
ENSE00002394108_009	g1517	test
ENSE00002394108_016	g1517	test
ENSE00002394108_019	g1517	test
ENSE00002394108_022	g1517	test
ENSE00002394124_001	g1518	test
ENSE00002394124_005	g1518	test
ENSE00002394124_006	g1518	test
ENSE00002394124_007	g1518	test
ENSE00002394124_009	g1518	test
ENSE00002394124_010	g1518	test
ENSE00002394124_011	g1518	test
ENSE00002394124_014	g1518	test
ENSE00002394124_015	g1518	test
ENSE00002394124_019	g1518	test
ENSE00002394124_021	g1518	test
ENSE00002394124_022	g1518	test
ENSE00002394124_023	g1518	test
ENSE00002394315_001	g1519	train
ENSE00002394315_002	g1519	train
ENSE00002394315_003	g1519	train
ENSE00002394315_004	g1519	train
ENSE00002394315_005	g1519	train
ENSE00002394315_006	g1519	train
ENSE00002394315_007	g1519	train
ENSE00002394315_008	g1519	train
ENSE00002394315_009	g1519	train
ENSE00002394315_010	g1519	train
ENSE00002394315_013	g1519	train
ENSE00002394315_014	g1519	train
ENSE00002394315_015	g1519	train
ENSE00002394315_016	g1519	train
ENSE00002394315_017	g1519	train
ENSE00002394315_018	g1519	train
ENSE00002394315_020	g1519	train
ENSE00002395225_001	g1520	train
ENSE00002395225_002	g1520	train
ENSE00002395225_003	g1520	train
ENSE00002395225_005	g1520	train
ENSE00002395225_006	g1520	train
ENSE00002395225_007	g1520	train
ENSE00002395225_008	g1520	train
ENSE00002395225_009	g1520	train
ENSE00002395225_010	g1520	train
ENSE00002395225_012	g1520	train
ENSE00002395225_013	g1520	train
ENSE00002395225_014	g1520	train
ENSE00002395225_015	g1520	train
ENSE00002395225_017	g1520	train
ENSE00002395225_019	g1520	train
ENSE00002395225_021	g1520	train
ENSE00002395225_022	g1520	train
ENSE00002395591_007	g1521	train
ENSE00002395591_011	g1521	train
ENSE00002395591_018	g1521	train
ENSE00002395591_023	g1521	train
ENSE00002395591_025	g1521	train
ENSE00002395855_002	g1522	test
ENSE00002395855_003	g1522	test
ENSE00002395855_004	g1522	test
ENSE00002395855_005	g1522	test
ENSE00002395855_007	g1522	test
ENSE00002395855_008	g1522	test
ENSE00002395855_009	g1522	test
ENSE00002395855_010	g1522	test
ENSE00002395855_017	g1522	test
ENSE00002395855_018	g1522	test
ENSE00002395855_019	g1522	test
ENSE00002395897_005	g1523	train
ENSE00002395897_006	g1523	train
ENSE00002395897_008	g1523	train
ENSE00002395897_009	g1523	train
ENSE00002395897_011	g1523	train
ENSE00002395897_012	g1523	train
ENSE00002395897_015	g1523	train
ENSE00002395897_018	g1523	train
ENSE00002395897_019	g1523	train
ENSE00002395897_020	g1523	train
ENSE00002395897_024	g1523	train
ENSE00002395905_002	g1524	train
ENSE00002395905_003	g1524	train
ENSE00002395905_004	g1524	train
ENSE00002395905_005	g1524	train
ENSE00002395905_006	g1524	train
ENSE00002395905_007	g1524	train
ENSE00002395905_009	g1524	train
ENSE00002395905_010	g1524	train
ENSE00002395905_011	g1524	train
ENSE00002395905_012	g1524	train
ENSE00002395905_013	g1524	train
ENSE00002395905_014	g1524	train
ENSE00002395905_015	g1524	train
ENSE00002395905_016	g1524	train
ENSE00002395905_018	g1524	train
ENSE00002395905_019	g1524	train
ENSE00002395905_020	g1524	train
ENSE00002395941_001	g1525	test
ENSE00002395941_002	g1525	test
ENSE00002395941_003	g1525	test
ENSE00002395941_004	g1525	test
ENSE00002395941_005	g1525	test
ENSE00002395941_007	g1525	test
ENSE00002395941_008	g1525	test
ENSE00002395941_010	g1525	test
ENSE00002395941_011	g1525	test
ENSE00002395941_012	g1525	test
ENSE00002395941_014	g1525	test
ENSE00002395941_017	g1525	test
ENSE00002395941_018	g1525	test
ENSE00002395941_019	g1525	test
ENSE00002396500_003	g0308	train
ENSE00002396500_008	g0308	train
ENSE00002396500_010	g0308	train
ENSE00002396500_014	g0308	train
ENSE00002396500_017	g0308	train
ENSE00002396500_019	g0308	train
ENSE00002396500_020	g0308	train
ENSE00002396693_001	g1526	train
ENSE00002396693_003	g1526	train
ENSE00002396693_005	g1526	train
ENSE00002396693_007	g1526	train
ENSE00002396693_010	g1526	train
ENSE00002396693_011	g1526	train
ENSE00002396693_013	g1526	train
ENSE00002396693_014	g1526	train
ENSE00002396693_015	g1526	train
ENSE00002396693_017	g1526	train
ENSE00002396693_018	g1526	train
ENSE00002396693_019	g1526	train
ENSE00002396693_021	g1526	train
ENSE00002396693_022	g1526	train
ENSE00002396693_023	g1526	train
ENSE00002396693_024	g1526	train
ENSE00002396693_025	g1526	train
ENSE00002396693_026	g1526	train
ENSE00002396693_027	g1526	train
ENSE00002396766_010	g1527	train
ENSE00002396766_017	g1527	train
ENSE00002396766_033	g1527	train
ENSE00002396766_034	g1527	train
ENSE00002396849_002	g0725	train
ENSE00002396849_004	g0725	train
ENSE00002396849_005	g0725	train
ENSE00002396849_006	g0725	train
ENSE00002396849_009	g0725	train
ENSE00002396849_011	g0725	train
ENSE00002396849_013	g0725	train
ENSE00002396849_014	g0725	train
ENSE00002396849_015	g0725	train
ENSE00002396849_016	g0725	train
ENSE00002396849_017	g0725	train
ENSE00002396849_018	g0725	train
ENSE00002396849_019	g0725	train
ENSE00002396852_018	g1528	train
ENSE00002397014_002	g1529	test
ENSE00002397014_005	g1529	test
ENSE00002397014_008	g1529	test
ENSE00002397014_013	g1529	test
ENSE00002397014_014	g1529	test
ENSE00002397014_015	g1529	test
ENSE00002397014_016	g1529	test
ENSE00002397014_020	g1529	test
ENSE00002397014_021	g1529	test
ENSE00002397014_022	g1529	test
ENSE00002397014_024	g1529	test
ENSE00002397014_025	g1529	test
ENSE00002397414_001	g1530	train
ENSE00002397414_002	g1530	train
ENSE00002397414_004	g1530	train
ENSE00002397414_005	g1530	train
ENSE00002397414_006	g1530	train
ENSE00002397414_007	g1530	train
ENSE00002397414_011	g1530	train
ENSE00002397414_012	g1530	train
ENSE00002397414_013	g1530	train
ENSE00002397414_015	g1530	train
ENSE00002397414_016	g1530	train
ENSE00002397414_018	g1530	train
ENSE00002397414_020	g1530	train
ENSE00002397414_021	g1530	train
ENSE00002397414_022	g1530	train
ENSE00002397687_001	g1406	train
ENSE00002397687_002	g1406	train
ENSE00002397687_003	g1406	train
ENSE00002397687_004	g1406	train
ENSE00002397687_005	g1406	train
ENSE00002397687_006	g1406	train
ENSE00002397687_007	g1406	train
ENSE00002397687_010	g1406	train
ENSE00002397687_012	g1406	train
ENSE00002397687_013	g1406	train
ENSE00002397687_014	g1406	train
ENSE00002397687_015	g1406	train
ENSE00002397687_017	g1406	train
ENSE00002397687_019	g1406	train
ENSE00002397687_021	g1406	train
ENSE00002398088_001	g1531	train
ENSE00002398088_002	g1531	train
ENSE00002398088_003	g1531	train
ENSE00002398088_004	g1531	train
ENSE00002398088_005	g1531	train
ENSE00002398088_007	g1531	train
ENSE00002398088_008	g1531	train
ENSE00002398088_009	g1531	train
ENSE00002398088_010	g1531	train
ENSE00002398088_011	g1531	train
ENSE00002398088_013	g1531	train
ENSE00002398088_014	g1531	train
ENSE00002398088_015	g1531	train
ENSE00002398088_016	g1531	train
ENSE00002398088_017	g1531	train
ENSE00002398372_003	g0728	train
ENSE00002398372_010	g0728	train
ENSE00002398372_013	g0728	train
ENSE00002398372_015	g0728	train
ENSE00002398372_017	g0728	train
ENSE00002398572_002	g1532	test
ENSE00002398572_003	g1532	test
ENSE00002398572_004	g1532	test
ENSE00002398572_005	g1532	test
ENSE00002398572_006	g1532	test
ENSE00002398572_007	g1532	test
ENSE00002398572_009	g1532	test
ENSE00002398572_012	g1532	test
ENSE00002398572_013	g1532	test
ENSE00002398572_015	g1532	test
ENSE00002398572_016	g1532	test
ENSE00002398572_017	g1532	test
ENSE00002398572_019	g1532	test
ENSE00002398572_023	g1532	test
ENSE00002398572_025	g1532	test
ENSE00002398572_026	g1532	test
ENSE00002398934_002	g1413	test
ENSE00002398934_003	g1413	test
ENSE00002398934_005	g1413	test
ENSE00002398934_006	g1413	test
ENSE00002398934_007	g1413	test
ENSE00002398934_008	g1413	test
ENSE00002398934_011	g1413	test
ENSE00002399206_001	g1440	test
ENSE00002399206_003	g1440	test
ENSE00002399206_004	g1440	test
ENSE00002399206_005	g1440	test
ENSE00002399206_006	g1440	test
ENSE00002399206_007	g1440	test
ENSE00002399206_008	g1440	test
ENSE00002399206_009	g1440	test
ENSE00002399206_010	g1440	test
ENSE00002399206_012	g1440	test
ENSE00002399206_013	g1440	test
ENSE00002399206_015	g1440	test
ENSE00002399206_016	g1440	test
ENSE00002399206_017	g1440	test
ENSE00002399206_018	g1440	test
ENSE00002399206_019	g1440	test
ENSE00002399206_020	g1440	test
ENSE00002399206_021	g1440	test
ENSE00002399206_022	g1440	test
ENSE00002399206_023	g1440	test
ENSE00002399206_024	g1440	test
ENSE00002399211_001	g1393	train
ENSE00002399211_002	g1393	train
ENSE00002399211_004	g1393	train
ENSE00002399211_005	g1393	train
ENSE00002399211_007	g1393	train
ENSE00002399211_008	g1393	train
ENSE00002399211_009	g1393	train
ENSE00002399211_010	g1393	train
ENSE00002399211_011	g1393	train
ENSE00002399211_012	g1393	train
ENSE00002399211_013	g1393	train
ENSE00002399211_014	g1393	train
ENSE00002399211_015	g1393	train
ENSE00002399211_016	g1393	train
ENSE00002399211_017	g1393	train
ENSE00002399211_019	g1393	train
ENSE00002399211_021	g1393	train
ENSE00002399211_023	g1393	train
ENSE00002399211_024	g1393	train
ENSE00002399211_026	g1393	train
ENSE00002399211_027	g1393	train
ENSE00002399361_002	g1448	test
ENSE00002399361_004	g1448	test
ENSE00002399361_009	g1448	test
ENSE00002399361_010	g1448	test
ENSE00002399361_019	g1448	test
ENSE00002399361_026	g1448	test
ENSE00002399430_001	g1397	test
ENSE00002399430_002	g1397	test
ENSE00002399430_003	g1397	test
ENSE00002399430_004	g1397	test
ENSE00002399430_005	g1397	test
ENSE00002399430_008	g1397	test
ENSE00002399430_009	g1397	test
ENSE00002399430_010	g1397	test
ENSE00002399430_011	g1397	test
ENSE00002399430_012	g1397	test
ENSE00002399430_013	g1397	test
ENSE00002399430_014	g1397	test
ENSE00002399430_015	g1397	test
ENSE00002399430_016	g1397	test
ENSE00002399430_018	g1397	test
ENSE00002399430_019	g1397	test
ENSE00002399430_021	g1397	test
ENSE00002399430_022	g1397	test
ENSE00002399430_023	g1397	test
ENSE00002399430_024	g1397	test
ENSE00002399430_025	g1397	test
ENSE00002399430_027	g1397	test
ENSE00002399797_003	g1533	train
ENSE00002399797_006	g1533	train
ENSE00002399797_007	g1533	train
ENSE00002399797_008	g1533	train
ENSE00002399797_009	g1533	train
ENSE00002399797_010	g1533	train
ENSE00002399797_011	g1533	train
ENSE00002399797_012	g1533	train
ENSE00002400069_001	g1534	test
ENSE00002400069_002	g1534	test
ENSE00002400069_003	g1534	test
ENSE00002400069_004	g1534	test
ENSE00002400069_008	g1534	test
ENSE00002400069_010	g1534	test
ENSE00002400069_011	g1534	test
ENSE00002400069_013	g1534	test
ENSE00002400069_014	g1534	test
ENSE00002400069_015	g1534	test
ENSE00002400069_017	g1534	test
ENSE00002400069_018	g1534	test
ENSE00002400069_019	g1534	test
ENSE00002400069_021	g1534	test
ENSE00002400069_022	g1534	test
ENSE00002400069_023	g1534	test
ENSE00002400069_024	g1534	test
ENSE00002400069_025	g1534	test
ENSE00002400069_027	g1534	test
ENSE00002400370_001	g1535	train
ENSE00002400370_002	g1535	train
ENSE00002400370_003	g1535	train
ENSE00002400370_004	g1535	train
ENSE00002400370_006	g1535	train
ENSE00002400370_007	g1535	train
ENSE00002400370_008	g1535	train
ENSE00002400370_009	g1535	train
ENSE00002400370_010	g1535	train
ENSE00002400370_011	g1535	train
ENSE00002400370_012	g1535	train
ENSE00002400370_013	g1535	train
ENSE00002400370_015	g1535	train
ENSE00002400370_016	g1535	train
ENSE00002400370_019	g1535	train
ENSE00002400370_020	g1535	train
ENSE00002400370_022	g1535	train
ENSE00002400370_025	g1535	train
ENSE00002400370_026	g1535	train
ENSE00002400370_027	g1535	train
ENSE00002400370_028	g1535	train
ENSE00002400370_029	g1535	train
ENSE00002400370_030	g1535	train
ENSE00002400370_031	g1535	train
ENSE00002400370_032	g1535	train
ENSE00002400370_033	g1535	train
ENSE00002400370_034	g1535	train
ENSE00002401069_001	g1536	train
ENSE00002401069_003	g1536	train
ENSE00002401069_008	g1536	train
ENSE00002401069_012	g1536	train
ENSE00002401102_004	g0527	train
ENSE00002401102_005	g0527	train
ENSE00002401102_006	g0527	train
ENSE00002401102_007	g0527	train
ENSE00002401102_008	g0527	train
ENSE00002401102_009	g0527	train
ENSE00002401102_012	g0527	train
ENSE00002401102_013	g0527	train
ENSE00002401102_014	g0527	train
ENSE00002401102_015	g0527	train
ENSE00002401102_017	g0527	train
ENSE00002401102_018	g0527	train
ENSE00002401102_023	g0527	train
ENSE00002401102_024	g0527	train
ENSE00002401102_025	g0527	train
ENSE00002401102_026	g0527	train
ENSE00002401102_028	g0527	train
ENSE00002401582_001	g1537	train
ENSE00002401582_002	g1537	train
ENSE00002401582_003	g1537	train
ENSE00002401582_005	g1537	train
ENSE00002401582_006	g1537	train
ENSE00002401582_007	g1537	train
ENSE00002401582_009	g1537	train
ENSE00002401582_010	g1537	train
ENSE00002401582_013	g1537	train
ENSE00002401582_014	g1537	train
ENSE00002401582_015	g1537	train
ENSE00002401582_017	g1537	train
ENSE00002401750_001	g1538	train
ENSE00002401750_002	g1538	train
ENSE00002401750_003	g1538	train
ENSE00002401750_004	g1538	train
ENSE00002401750_005	g1538	train
ENSE00002401750_010	g1538	train
ENSE00002401750_011	g1538	train
ENSE00002401750_012	g1538	train
ENSE00002401750_013	g1538	train
ENSE00002401750_014	g1538	train
ENSE00002401750_015	g1538	train
ENSE00002401750_018	g1538	train
ENSE00002401750_019	g1538	train
ENSE00002401750_021	g1538	train
ENSE00002401750_022	g1538	train
ENSE00002401750_023	g1538	train
ENSE00002401750_024	g1538	train
ENSE00002401750_025	g1538	train
ENSE00002401750_026	g1538	train
ENSE00002401750_027	g1538	train
ENSE00002401780_004	g1506	train
ENSE00002401780_007	g1506	train
ENSE00002401780_010	g1506	train
ENSE00002401780_011	g1506	train
ENSE00002401780_013	g1506	train
ENSE00002401780_014	g1506	train
ENSE00002401780_015	g1506	train
ENSE00002401780_018	g1506	train
ENSE00002401780_019	g1506	train
ENSE00002401780_020	g1506	train
ENSE00002401780_021	g1506	train
ENSE00002401780_022	g1506	train
ENSE00002401780_023	g1506	train
ENSE00002401780_024	g1506	train
ENSE00002401780_025	g1506	train
ENSE00002401780_027	g1506	train
ENSE00002401780_028	g1506	train
ENSE00002401780_031	g1506	train
ENSE00002401780_035	g1506	train
ENSE00002402310_001	g1539	test
ENSE00002402310_002	g1539	test
ENSE00002402310_003	g1539	test
ENSE00002402310_007	g1539	test
ENSE00002402310_008	g1539	test
ENSE00002402310_009	g1539	test
ENSE00002402310_010	g1539	test
ENSE00002402310_014	g1539	test
ENSE00002402310_020	g1539	test
ENSE00002402310_022	g1539	test
ENSE00002402310_024	g1539	test
ENSE00002402310_025	g1539	test
ENSE00002402686_001	g1347	train
ENSE00002402686_002	g1347	train
ENSE00002402686_003	g1347	train
ENSE00002402686_004	g1347	train
ENSE00002402686_005	g1347	train
ENSE00002402686_006	g1347	train
ENSE00002402686_007	g1347	train
ENSE00002402686_008	g1347	train
ENSE00002402686_010	g1347	train
ENSE00002402686_011	g1347	train
ENSE00002402686_014	g1347	train
ENSE00002402686_015	g1347	train
ENSE00002402686_016	g1347	train
ENSE00002402686_017	g1347	train
ENSE00002402686_018	g1347	train
ENSE00002402686_021	g1347	train
ENSE00002402686_022	g1347	train
ENSE00002402686_023	g1347	train
ENSE00002402686_025	g1347	train
ENSE00002402686_026	g1347	train
ENSE00002402686_027	g1347	train
ENSE00002402686_028	g1347	train
ENSE00002402686_029	g1347	train
ENSE00002403290_001	g1540	train
ENSE00002403290_003	g1540	train
ENSE00002403290_005	g1540	train
ENSE00002403290_006	g1540	train
ENSE00002403290_007	g1540	train
ENSE00002403290_008	g1540	train
ENSE00002403290_010	g1540	train
ENSE00002403290_011	g1540	train
ENSE00002403290_013	g1540	train
ENSE00002403290_014	g1540	train
ENSE00002403290_015	g1540	train
ENSE00002403290_016	g1540	train
ENSE00002403290_017	g1540	train
ENSE00002403290_018	g1540	train
ENSE00002403290_019	g1540	train
ENSE00002403290_020	g1540	train
ENSE00002403290_021	g1540	train
ENSE00002403290_023	g1540	train
ENSE00002403290_024	g1540	train
ENSE00002403654_001	g0996	train
ENSE00002403654_002	g0996	train
ENSE00002403654_004	g0996	train
ENSE00002403654_005	g0996	train
ENSE00002403654_006	g0996	train
ENSE00002403654_007	g0996	train
ENSE00002403654_008	g0996	train
ENSE00002403654_011	g0996	train
ENSE00002403654_013	g0996	train
ENSE00002403654_014	g0996	train
ENSE00002403654_015	g0996	train
ENSE00002403654_018	g0996	train
ENSE00002403654_020	g0996	train
ENSE00002403654_023	g0996	train
ENSE00002403654_024	g0996	train
ENSE00002403654_025	g0996	train
ENSE00002404026_001	g1416	test
ENSE00002404026_005	g1416	test
ENSE00002404026_006	g1416	test
ENSE00002404026_007	g1416	test
ENSE00002404026_010	g1416	test
ENSE00002404026_012	g1416	test
ENSE00002404026_015	g1416	test
ENSE00002404026_018	g1416	test
ENSE00002404026_019	g1416	test
ENSE00002404026_020	g1416	test
ENSE00002404026_023	g1416	test
ENSE00002404122_009	g1436	train
ENSE00002404122_012	g1436	train
ENSE00002404122_017	g1436	train
ENSE00002404122_020	g1436	train
ENSE00002404122_022	g1436	train
ENSE00002404122_023	g1436	train
ENSE00002404122_024	g1436	train
ENSE00002404122_025	g1436	train
ENSE00002404122_026	g1436	train
ENSE00002404122_029	g1436	train
ENSE00002404122_032	g1436	train
ENSE00002404122_033	g1436	train
ENSE00002404122_035	g1436	train
ENSE00002404122_036	g1436	train
ENSE00002404962_001	g1541	train
ENSE00002404962_003	g1541	train
ENSE00002404962_012	g1541	train
ENSE00002404962_013	g1541	train
ENSE00002404962_014	g1541	train
ENSE00002404962_015	g1541	train
ENSE00002404962_016	g1541	train
ENSE00002404962_018	g1541	train
ENSE00002405732_007	g1410	test
ENSE00002405732_008	g1410	test
ENSE00002405732_012	g1410	test
ENSE00002405732_015	g1410	test
ENSE00002405732_019	g1410	test
ENSE00002405732_021	g1410	test
ENSE00002405732_024	g1410	test
ENSE00002405732_025	g1410	test
ENSE00002405759_001	g1542	test
ENSE00002405759_002	g1542	test
ENSE00002405759_003	g1542	test
ENSE00002405759_014	g1542	test
ENSE00002405759_015	g1542	test
ENSE00002405759_016	g1542	test
ENSE00002405816_001	g1543	train
ENSE00002405816_002	g1543	train
ENSE00002405816_003	g1543	train
ENSE00002405816_005	g1543	train
ENSE00002405816_006	g1543	train
ENSE00002405816_007	g1543	train
ENSE00002405816_008	g1543	train
ENSE00002405816_009	g1543	train
ENSE00002405816_011	g1543	train
ENSE00002405816_012	g1543	train
ENSE00002405816_013	g1543	train
ENSE00002405816_014	g1543	train
ENSE00002405816_015	g1543	train
ENSE00002405816_017	g1543	train
ENSE00002405816_018	g1543	train
ENSE00002405816_019	g1543	train
ENSE00002405816_020	g1543	train
ENSE00002405816_021	g1543	train
ENSE00002405816_023	g1543	train
ENSE00002405816_024	g1543	train
ENSE00002405816_025	g1543	train
ENSE00002406334_001	g1544	train
ENSE00002406334_003	g1544	train
ENSE00002406334_005	g1544	train
ENSE00002406334_007	g1544	train
ENSE00002406334_008	g1544	train
ENSE00002406334_010	g1544	train
ENSE00002406334_012	g1544	train
ENSE00002406334_013	g1544	train
ENSE00002406334_014	g1544	train
ENSE00002406334_016	g1544	train
ENSE00002406334_018	g1544	train
ENSE00002406334_019	g1544	train
ENSE00002406334_020	g1544	train
ENSE00002406334_021	g1544	train
ENSE00002406491_005	g1524	train
ENSE00002406491_008	g1524	train
ENSE00002406491_009	g1524	train
ENSE00002406491_011	g1524	train
ENSE00002406491_012	g1524	train
ENSE00002406491_014	g1524	train
ENSE00002406491_021	g1524	train
ENSE00002406491_023	g1524	train
ENSE00002406491_025	g1524	train
ENSE00002406491_027	g1524	train
ENSE00002406491_029	g1524	train
ENSE00002406491_030	g1524	train
ENSE00002406491_031	g1524	train
ENSE00002406515_001	g1545	train
ENSE00002406515_002	g1545	train
ENSE00002406515_005	g1545	train
ENSE00002406515_006	g1545	train
ENSE00002406515_008	g1545	train
ENSE00002406515_009	g1545	train
ENSE00002406515_015	g1545	train
ENSE00002406515_016	g1545	train
ENSE00002406515_018	g1545	train
ENSE00002406515_021	g1545	train
ENSE00002406515_022	g1545	train
ENSE00002406515_023	g1545	train
ENSE00002406515_025	g1545	train
ENSE00002406575_011	g1546	test
ENSE00002406575_020	g1546	test
ENSE00002406591_002	g0188	train
ENSE00002406591_004	g0188	train
ENSE00002406591_006	g0188	train
ENSE00002406591_007	g0188	train
ENSE00002406591_009	g0188	train
ENSE00002406591_013	g0188	train
ENSE00002406591_014	g0188	train
ENSE00002406591_016	g0188	train
ENSE00002406591_017	g0188	train
ENSE00002406591_018	g0188	train
ENSE00002406591_022	g0188	train
ENSE00002406591_026	g0188	train
ENSE00002406591_028	g0188	train
ENSE00002407021_001	g0527	train
ENSE00002407021_005	g0527	train
ENSE00002407021_006	g0527	train
ENSE00002407021_007	g0527	train
ENSE00002407021_008	g0527	train
ENSE00002407021_009	g0527	train
ENSE00002407021_010	g0527	train
ENSE00002407021_011	g0527	train
ENSE00002407021_012	g0527	train
ENSE00002407021_013	g0527	train
ENSE00002407021_015	g0527	train
ENSE00002407021_016	g0527	train
ENSE00002407021_017	g0527	train
ENSE00002407021_018	g0527	train
ENSE00002407021_019	g0527	train
ENSE00002407021_022	g0527	train
ENSE00002407021_023	g0527	train
ENSE00002407021_024	g0527	train
ENSE00002407021_025	g0527	train
ENSE00002407021_026	g0527	train
ENSE00002407021_027	g0527	train
ENSE00002407021_028	g0527	train
ENSE00002407617_001	g1547	test
ENSE00002407617_002	g1547	test
ENSE00002407617_004	g1547	test
ENSE00002407617_005	g1547	test
ENSE00002407617_006	g1547	test
ENSE00002407617_007	g1547	test
ENSE00002407617_008	g1547	test
ENSE00002407617_009	g1547	test
ENSE00002407617_010	g1547	test
ENSE00002407617_011	g1547	test
ENSE00002407617_012	g1547	test
ENSE00002407617_013	g1547	test
ENSE00002407617_014	g1547	test
ENSE00002407617_015	g1547	test
ENSE00002407617_016	g1547	test
ENSE00002407617_017	g1547	test
ENSE00002407617_018	g1547	test
ENSE00002407617_019	g1547	test
ENSE00002407617_020	g1547	test
ENSE00002407617_021	g1547	test
ENSE00002407617_022	g1547	test
ENSE00002407617_023	g1547	test
ENSE00002407712_001	g1321	train
ENSE00002407712_002	g1321	train
ENSE00002407712_003	g1321	train
ENSE00002407712_005	g1321	train
ENSE00002407712_006	g1321	train
ENSE00002407712_008	g1321	train
ENSE00002407712_010	g1321	train
ENSE00002407712_011	g1321	train
ENSE00002407712_013	g1321	train
ENSE00002407712_015	g1321	train
ENSE00002407712_016	g1321	train
ENSE00002407712_018	g1321	train
ENSE00002407712_019	g1321	train
ENSE00002407712_021	g1321	train
ENSE00002407712_022	g1321	train
ENSE00002407712_024	g1321	train
ENSE00002407712_025	g1321	train
ENSE00002407712_026	g1321	train
ENSE00002407789_017	g1548	train
ENSE00002407789_020	g1548	train
ENSE00002407796_001	g1446	train
ENSE00002407796_002	g1446	train
ENSE00002407796_006	g1446	train
ENSE00002407796_009	g1446	train
ENSE00002407796_010	g1446	train
ENSE00002407796_011	g1446	train
ENSE00002407796_012	g1446	train
ENSE00002407796_015	g1446	train
ENSE00002407796_018	g1446	train
ENSE00002407981_003	g1549	train
ENSE00002407981_004	g1549	train
ENSE00002407981_005	g1549	train
ENSE00002407981_009	g1549	train
ENSE00002407981_011	g1549	train
ENSE00002407981_013	g1549	train
ENSE00002407981_017	g1549	train
ENSE00002407981_019	g1549	train
ENSE00002408555_002	g1550	train
ENSE00002408555_003	g1550	train
ENSE00002408555_004	g1550	train
ENSE00002408555_005	g1550	train
ENSE00002408555_006	g1550	train
ENSE00002408555_008	g1550	train
ENSE00002408555_009	g1550	train
ENSE00002408555_010	g1550	train
ENSE00002408555_011	g1550	train
ENSE00002408555_012	g1550	train
ENSE00002408555_013	g1550	train
ENSE00002408555_014	g1550	train
ENSE00002408555_015	g1550	train
ENSE00002408555_017	g1550	train
ENSE00002408555_018	g1550	train
ENSE00002408722_001	g1551	test
ENSE00002408722_002	g1551	test
ENSE00002408722_004	g1551	test
ENSE00002408722_005	g1551	test
ENSE00002408722_006	g1551	test
ENSE00002408722_007	g1551	test
ENSE00002408722_008	g1551	test
ENSE00002408722_012	g1551	test
ENSE00002408722_014	g1551	test
ENSE00002408722_015	g1551	test
ENSE00002408722_016	g1551	test
ENSE00002408722_017	g1551	test
ENSE00002408800_001	g1552	train
ENSE00002408800_003	g1552	train
ENSE00002408800_004	g1552	train
ENSE00002408800_005	g1552	train
ENSE00002408800_006	g1552	train
ENSE00002408800_007	g1552	train
ENSE00002408800_009	g1552	train
ENSE00002408800_010	g1552	train
ENSE00002408800_011	g1552	train
ENSE00002408800_012	g1552	train
ENSE00002408800_013	g1552	train
ENSE00002408800_014	g1552	train
ENSE00002408800_015	g1552	train
ENSE00002408800_016	g1552	train
ENSE00002408800_017	g1552	train
ENSE00002408800_018	g1552	train
ENSE00002408800_019	g1552	train
ENSE00002408800_020	g1552	train
ENSE00002408800_021	g1552	train
ENSE00002408800_022	g1552	train
ENSE00002408800_023	g1552	train
ENSE00002408800_024	g1552	train
ENSE00002408800_025	g1552	train
ENSE00002408800_026	g1552	train
ENSE00002408800_027	g1552	train
ENSE00002408800_028	g1552	train
ENSE00002408800_030	g1552	train
ENSE00002408800_031	g1552	train
ENSE00002408800_032	g1552	train
ENSE00002409041_001	g1553	train
ENSE00002409041_002	g1553	train
ENSE00002409041_006	g1553	train
ENSE00002409041_008	g1553	train
ENSE00002409041_010	g1553	train
ENSE00002409041_011	g1553	train
ENSE00002409041_012	g1553	train
ENSE00002409041_014	g1553	train
ENSE00002409041_015	g1553	train
ENSE00002409041_019	g1553	train
ENSE00002409041_020	g1553	train
ENSE00002409041_021	g1553	train
ENSE00002409041_022	g1553	train
ENSE00002409041_023	g1553	train
ENSE00002409191_011	g1146	train
ENSE00002409191_012	g1146	train
ENSE00002409191_015	g1146	train
ENSE00002409191_017	g1146	train
ENSE00002409191_022	g1146	train
ENSE00002409191_024	g1146	train
ENSE00002409191_025	g1146	train
ENSE00002409612_001	g0951	train
ENSE00002409612_002	g0951	train
ENSE00002409612_003	g0951	train
ENSE00002409612_004	g0951	train
ENSE00002409612_005	g0951	train
ENSE00002409612_006	g0951	train
ENSE00002409612_007	g0951	train
ENSE00002409612_008	g0951	train
ENSE00002409612_011	g0951	train
ENSE00002409612_012	g0951	train
ENSE00002409999_001	g0239	train
ENSE00002409999_002	g0239	train
ENSE00002409999_003	g0239	train
ENSE00002409999_004	g0239	train
ENSE00002409999_005	g0239	train
ENSE00002409999_006	g0239	train
ENSE00002409999_007	g0239	train
ENSE00002409999_009	g0239	train
ENSE00002409999_010	g0239	train
ENSE00002409999_011	g0239	train
ENSE00002409999_012	g0239	train
ENSE00002409999_013	g0239	train
ENSE00002409999_014	g0239	train
ENSE00002409999_015	g0239	train
ENSE00002409999_016	g0239	train
ENSE00002409999_017	g0239	train
ENSE00002409999_018	g0239	train
ENSE00002409999_020	g0239	train
ENSE00002409999_021	g0239	train
ENSE00002409999_022	g0239	train
ENSE00002409999_023	g0239	train
ENSE00002409999_024	g0239	train
ENSE00002409999_025	g0239	train
ENSE00002409999_026	g0239	train
ENSE00002409999_027	g0239	train
ENSE00002409999_028	g0239	train
ENSE00002409999_029	g0239	train
ENSE00002410169_001	g1492	train
ENSE00002410169_002	g1492	train
ENSE00002410169_003	g1492	train
ENSE00002410169_004	g1492	train
ENSE00002410169_005	g1492	train
ENSE00002410169_008	g1492	train
ENSE00002410169_009	g1492	train
ENSE00002410169_010	g1492	train
ENSE00002410169_011	g1492	train
ENSE00002410169_012	g1492	train
ENSE00002410169_013	g1492	train
ENSE00002410169_014	g1492	train
ENSE00002410169_015	g1492	train
ENSE00002410169_016	g1492	train
ENSE00002410169_017	g1492	train
ENSE00002410169_018	g1492	train
ENSE00002410169_019	g1492	train
ENSE00002410169_022	g1492	train
ENSE00002410169_023	g1492	train
ENSE00002410436_019	g1554	test
ENSE00002410582_002	g1371	test
ENSE00002410582_003	g1371	test
ENSE00002410582_007	g1371	test
ENSE00002410582_008	g1371	test
ENSE00002410582_009	g1371	test
ENSE00002410582_011	g1371	test
ENSE00002410582_012	g1371	test
ENSE00002410582_013	g1371	test
ENSE00002410582_016	g1371	test
ENSE00002410582_017	g1371	test
ENSE00002410582_018	g1371	test
ENSE00002411516_001	g1408	train
ENSE00002411516_002	g1408	train
ENSE00002411516_003	g1408	train
ENSE00002411516_004	g1408	train
ENSE00002411516_005	g1408	train
ENSE00002411516_006	g1408	train
ENSE00002411516_007	g1408	train
ENSE00002411516_008	g1408	train
ENSE00002411516_009	g1408	train
ENSE00002411516_010	g1408	train
ENSE00002411516_011	g1408	train
ENSE00002411516_012	g1408	train
ENSE00002411516_013	g1408	train
ENSE00002411516_014	g1408	train
ENSE00002411516_016	g1408	train
ENSE00002411516_017	g1408	train
ENSE00002411516_019	g1408	train
ENSE00002411516_020	g1408	train
ENSE00002411516_021	g1408	train
ENSE00002411516_022	g1408	train
ENSE00002411516_023	g1408	train
ENSE00002411726_001	g1555	train
ENSE00002411726_002	g1555	train
ENSE00002411726_003	g1555	train
ENSE00002411726_006	g1555	train
ENSE00002411726_007	g1555	train
ENSE00002411726_008	g1555	train
ENSE00002411726_009	g1555	train
ENSE00002411726_012	g1555	train
ENSE00002411726_014	g1555	train
ENSE00002411726_016	g1555	train
ENSE00002411726_018	g1555	train
ENSE00002411726_021	g1555	train
ENSE00002411726_023	g1555	train
ENSE00002411726_025	g1555	train
ENSE00002411726_028	g1555	train
ENSE00002411726_029	g1555	train
ENSE00002411726_030	g1555	train
ENSE00002411726_033	g1555	train
ENSE00002412190_001	g1556	test
ENSE00002412190_002	g1556	test
ENSE00002412190_003	g1556	test
ENSE00002412190_004	g1556	test
ENSE00002412190_007	g1556	test
ENSE00002412190_008	g1556	test
ENSE00002412190_009	g1556	test
ENSE00002412190_010	g1556	test
ENSE00002412190_011	g1556	test
ENSE00002412190_013	g1556	test
ENSE00002412190_015	g1556	test
ENSE00002412190_016	g1556	test
ENSE00002412190_017	g1556	test
ENSE00002412190_019	g1556	test
ENSE00002412190_020	g1556	test
ENSE00002412190_021	g1556	test
ENSE00002412190_022	g1556	test
ENSE00002412190_023	g1556	test
ENSE00002412190_024	g1556	test
ENSE00002412190_026	g1556	test
ENSE00002412190_027	g1556	test
ENSE00002412232_001	g1557	train
ENSE00002412232_002	g1557	train
ENSE00002412232_003	g1557	train
ENSE00002412232_005	g1557	train
ENSE00002412232_006	g1557	train
ENSE00002412232_007	g1557	train
ENSE00002412232_008	g1557	train
ENSE00002412232_009	g1557	train
ENSE00002412232_010	g1557	train
ENSE00002412232_012	g1557	train
ENSE00002412232_013	g1557	train
ENSE00002412232_015	g1557	train
ENSE00002412232_016	g1557	train
ENSE00002412232_017	g1557	train
ENSE00002412232_018	g1557	train
ENSE00002412232_021	g1557	train
ENSE00002412232_022	g1557	train
ENSE00002412232_023	g1557	train
ENSE00002412232_024	g1557	train
ENSE00002412232_025	g1557	train
ENSE00002412232_026	g1557	train
ENSE00002412288_009	g1558	train
ENSE00002412288_011	g1558	train
ENSE00002412288_017	g1558	train
ENSE00002412288_020	g1558	train
ENSE00002412288_023	g1558	train
ENSE00002412288_026	g1558	train
ENSE00002412385_001	g1559	train
ENSE00002412385_002	g1559	train
ENSE00002412385_003	g1559	train
ENSE00002412385_004	g1559	train
ENSE00002412385_005	g1559	train
ENSE00002412385_006	g1559	train
ENSE00002412385_007	g1559	train
ENSE00002412385_008	g1559	train
ENSE00002412385_009	g1559	train
ENSE00002412385_011	g1559	train
ENSE00002412385_012	g1559	train
ENSE00002412385_013	g1559	train
ENSE00002412385_014	g1559	train
ENSE00002412385_015	g1559	train
ENSE00002412385_016	g1559	train
ENSE00002412385_017	g1559	train
ENSE00002412385_018	g1559	train
ENSE00002412385_019	g1559	train
ENSE00002412385_021	g1559	train
ENSE00002412385_022	g1559	train
ENSE00002412385_024	g1559	train
ENSE00002412385_025	g1559	train
ENSE00002412385_026	g1559	train
ENSE00002412385_027	g1559	train
ENSE00002412736_001	g1560	train
ENSE00002412736_002	g1560	train
ENSE00002412736_003	g1560	train
ENSE00002412736_004	g1560	train
ENSE00002412736_005	g1560	train
ENSE00002412736_012	g1560	train
ENSE00002412736_013	g1560	train
ENSE00002412736_016	g1560	train
ENSE00002412736_017	g1560	train
ENSE00002412736_018	g1560	train
ENSE00002412736_021	g1560	train
ENSE00002412932_002	g1561	train
ENSE00002412932_003	g1561	train
ENSE00002412932_004	g1561	train
ENSE00002412932_007	g1561	train
ENSE00002412932_009	g1561	train
ENSE00002412932_010	g1561	train
ENSE00002412932_013	g1561	train
ENSE00002412932_014	g1561	train
ENSE00002412932_016	g1561	train
ENSE00002412932_017	g1561	train
ENSE00002412932_018	g1561	train
ENSE00002412932_021	g1561	train
ENSE00002412932_022	g1561	train
ENSE00002412932_023	g1561	train
ENSE00002412932_024	g1561	train
ENSE00002412932_025	g1561	train
ENSE00002412932_026	g1561	train
ENSE00002412932_027	g1561	train
ENSE00002412932_028	g1561	train
ENSE00002412932_029	g1561	train
ENSE00002412932_031	g1561	train
ENSE00002413004_001	g1436	train
ENSE00002413004_006	g1436	train
ENSE00002413004_008	g1436	train
ENSE00002413004_009	g1436	train
ENSE00002413004_010	g1436	train
ENSE00002413004_012	g1436	train
ENSE00002413004_014	g1436	train
ENSE00002413004_015	g1436	train
ENSE00002413004_016	g1436	train
ENSE00002413004_017	g1436	train
ENSE00002413004_020	g1436	train
ENSE00002413252_006	g1562	train
ENSE00002413252_007	g1562	train
ENSE00002413252_010	g1562	train
ENSE00002413252_013	g1562	train
ENSE00002413252_016	g1562	train
ENSE00002413252_019	g1562	train
ENSE00002413252_020	g1562	train
ENSE00002413252_027	g1562	train
ENSE00002413461_003	g1301	train
ENSE00002413461_005	g1301	train
ENSE00002413461_006	g1301	train
ENSE00002413461_007	g1301	train
ENSE00002413461_008	g1301	train
ENSE00002413461_010	g1301	train
ENSE00002413461_011	g1301	train
ENSE00002413461_012	g1301	train
ENSE00002413461_015	g1301	train
ENSE00002413461_016	g1301	train
ENSE00002413461_017	g1301	train
ENSE00002413461_019	g1301	train
ENSE00002413461_021	g1301	train
ENSE00002413461_022	g1301	train
ENSE00002413461_023	g1301	train
ENSE00002413461_024	g1301	train
ENSE00002413461_027	g1301	train
ENSE00002413461_028	g1301	train
ENSE00002414607_003	g1563	train
ENSE00002414607_007	g1563	train
ENSE00002415091_001	g1564	train
ENSE00002415091_002	g1564	train
ENSE00002415091_003	g1564	train
ENSE00002415091_004	g1564	train
ENSE00002415091_005	g1564	train
ENSE00002415091_007	g1564	train
ENSE00002415091_008	g1564	train
ENSE00002415091_009	g1564	train
ENSE00002415091_010	g1564	train
ENSE00002415091_011	g1564	train
ENSE00002415091_012	g1564	train
ENSE00002415091_013	g1564	train
ENSE00002415091_014	g1564	train
ENSE00002415091_015	g1564	train
ENSE00002415091_016	g1564	train
ENSE00002415091_017	g1564	train
ENSE00002415091_018	g1564	train
ENSE00002415091_020	g1564	train
ENSE00002415091_021	g1564	train
ENSE00002415750_002	g1565	test
ENSE00002415750_008	g1565	test
ENSE00002415750_009	g1565	test
ENSE00002415750_010	g1565	test
ENSE00002415750_011	g1565	test
ENSE00002415750_012	g1565	test
ENSE00002415815_002	g1146	train
ENSE00002415815_003	g1146	train
ENSE00002415815_006	g1146	train
ENSE00002415815_011	g1146	train
ENSE00002415815_014	g1146	train
ENSE00002415815_018	g1146	train
ENSE00002415815_021	g1146	train
ENSE00002415815_022	g1146	train
ENSE00002415815_023	g1146	train
ENSE00002415921_007	g1566	test
ENSE00002415921_012	g1566	test
ENSE00002415921_013	g1566	test
ENSE00002415921_017	g1566	test
ENSE00002415921_022	g1566	test
ENSE00002416064_001	g1567	test
ENSE00002416064_002	g1567	test
ENSE00002416064_005	g1567	test
ENSE00002416064_008	g1567	test
ENSE00002416064_009	g1567	test
ENSE00002416064_013	g1567	test
ENSE00002416064_014	g1567	test
ENSE00002416064_018	g1567	test
ENSE00002416064_021	g1567	test
ENSE00002416141_009	g0167	test
ENSE00002416141_021	g0167	test
ENSE00002416704_001	g1568	train
ENSE00002416704_002	g1568	train
ENSE00002416704_003	g1568	train
ENSE00002416704_004	g1568	train
ENSE00002416704_006	g1568	train
ENSE00002416704_007	g1568	train
ENSE00002416704_008	g1568	train
ENSE00002416704_009	g1568	train
ENSE00002416704_010	g1568	train
ENSE00002416704_011	g1568	train
ENSE00002416704_012	g1568	train
ENSE00002416704_013	g1568	train
ENSE00002416704_014	g1568	train
ENSE00002416704_015	g1568	train
ENSE00002416704_016	g1568	train
ENSE00002416704_017	g1568	train
ENSE00002416704_018	g1568	train
ENSE00002416704_019	g1568	train
ENSE00002416704_020	g1568	train
ENSE00002416861_004	g1146	train
ENSE00002416861_005	g1146	train
ENSE00002416861_007	g1146	train
ENSE00002416861_010	g1146	train
ENSE00002416861_011	g1146	train
ENSE00002416861_015	g1146	train
ENSE00002416861_016	g1146	train
ENSE00002416861_018	g1146	train
ENSE00002416861_021	g1146	train
ENSE00002416861_022	g1146	train
ENSE00002416861_023	g1146	train
ENSE00002416861_024	g1146	train
ENSE00002417027_001	g1569	train
ENSE00002417027_003	g1569	train
ENSE00002417027_004	g1569	train
ENSE00002417027_005	g1569	train
ENSE00002417027_006	g1569	train
ENSE00002417027_007	g1569	train
ENSE00002417027_008	g1569	train
ENSE00002417027_009	g1569	train
ENSE00002417027_010	g1569	train
ENSE00002417027_011	g1569	train
ENSE00002417027_012	g1569	train
ENSE00002417027_014	g1569	train
ENSE00002417027_015	g1569	train
ENSE00002417027_016	g1569	train
ENSE00002417027_017	g1569	train
ENSE00002417027_018	g1569	train
ENSE00002417273_001	g1570	train
ENSE00002417273_002	g1570	train
ENSE00002417273_003	g1570	train
ENSE00002417273_004	g1570	train
ENSE00002417273_008	g1570	train
ENSE00002417273_011	g1570	train
ENSE00002417273_013	g1570	train
ENSE00002417273_015	g1570	train
ENSE00002417273_016	g1570	train
ENSE00002417273_017	g1570	train
ENSE00002417273_019	g1570	train
ENSE00002417273_020	g1570	train
ENSE00002417273_021	g1570	train
ENSE00002417273_022	g1570	train
ENSE00002417273_024	g1570	train
ENSE00002417273_026	g1570	train
ENSE00002417733_001	g1333	train
ENSE00002417733_003	g1333	train
ENSE00002417733_004	g1333	train
ENSE00002417733_005	g1333	train
ENSE00002417733_006	g1333	train
ENSE00002417733_008	g1333	train
ENSE00002417995_001	g1521	train
ENSE00002417995_002	g1521	train
ENSE00002417995_003	g1521	train
ENSE00002417995_004	g1521	train
ENSE00002417995_007	g1521	train
ENSE00002417995_008	g1521	train
ENSE00002417995_011	g1521	train
ENSE00002417995_012	g1521	train
ENSE00002417995_013	g1521	train
ENSE00002417995_014	g1521	train
ENSE00002418231_001	g1571	test
ENSE00002418231_002	g1571	test
ENSE00002418231_003	g1571	test
ENSE00002418231_004	g1571	test
ENSE00002418231_005	g1571	test
ENSE00002418231_006	g1571	test
ENSE00002418231_007	g1571	test
ENSE00002418231_010	g1571	test
ENSE00002418231_011	g1571	test
ENSE00002418231_012	g1571	test
ENSE00002418231_014	g1571	test
ENSE00002418231_015	g1571	test
ENSE00002418231_016	g1571	test
ENSE00002418231_017	g1571	test
ENSE00002418231_018	g1571	test
ENSE00002418231_019	g1571	test
ENSE00002418231_020	g1571	test
ENSE00002418231_021	g1571	test
ENSE00002418231_022	g1571	test
ENSE00002418231_023	g1571	test
ENSE00002418231_024	g1571	test
ENSE00002418231_025	g1571	test
ENSE00002418231_026	g1571	test
ENSE00002418231_027	g1571	test
ENSE00002418231_028	g1571	test
ENSE00002418231_029	g1571	test
ENSE00002418231_030	g1571	test
ENSE00002418575_001	g0966	train
ENSE00002418575_002	g0966	train
ENSE00002418575_003	g0966	train
ENSE00002418575_004	g0966	train
ENSE00002418575_005	g0966	train
ENSE00002418575_006	g0966	train
ENSE00002418575_007	g0966	train
ENSE00002418575_009	g0966	train
ENSE00002418575_010	g0966	train
ENSE00002418575_011	g0966	train
ENSE00002418575_014	g0966	train
ENSE00002418575_015	g0966	train
ENSE00002418575_016	g0966	train
ENSE00002418575_017	g0966	train
ENSE00002418575_018	g0966	train
ENSE00002418575_019	g0966	train
ENSE00002418575_020	g0966	train
ENSE00002418575_021	g0966	train
ENSE00002418575_023	g0966	train
ENSE00002418575_024	g0966	train
ENSE00002418575_025	g0966	train
ENSE00002418575_026	g0966	train
ENSE00002418575_027	g0966	train
ENSE00002418575_028	g0966	train
ENSE00002418575_029	g0966	train
ENSE00002418575_030	g0966	train
ENSE00002418575_031	g0966	train
ENSE00002418575_032	g0966	train
ENSE00002418575_033	g0966	train
ENSE00002418970_001	g1572	train
ENSE00002418970_014	g1572	train
ENSE00002418970_017	g1572	train
ENSE00002418970_022	g1572	train
ENSE00002418970_024	g1572	train
ENSE00002418970_025	g1572	train
ENSE00002419170_001	g1281	test
ENSE00002419170_002	g1281	test
ENSE00002419170_003	g1281	test
ENSE00002419170_005	g1281	test
ENSE00002419170_008	g1281	test
ENSE00002419170_009	g1281	test
ENSE00002419170_010	g1281	test
ENSE00002419170_011	g1281	test
ENSE00002419170_012	g1281	test
ENSE00002419170_013	g1281	test
ENSE00002419170_014	g1281	test
ENSE00002419170_015	g1281	test
ENSE00002419170_016	g1281	test
ENSE00002419170_017	g1281	test
ENSE00002419170_018	g1281	test
ENSE00002419170_019	g1281	test
ENSE00002419170_022	g1281	test
ENSE00002419170_023	g1281	test
ENSE00002419170_025	g1281	test
ENSE00002419170_027	g1281	test
ENSE00002419170_029	g1281	test
ENSE00002419170_030	g1281	test
ENSE00002419457_003	g1573	test
ENSE00002419457_004	g1573	test
ENSE00002419457_005	g1573	test
ENSE00002419457_006	g1573	test
ENSE00002419457_007	g1573	test
ENSE00002419457_008	g1573	test
ENSE00002419457_010	g1573	test
ENSE00002419457_012	g1573	test
ENSE00002419468_027	g1574	train
ENSE00002419468_031	g1574	train
ENSE00002419473_006	g1348	train
ENSE00002419473_007	g1348	train
ENSE00002419473_024	g1348	train
ENSE00002419482_003	g1575	train
ENSE00002419482_006	g1575	train
ENSE00002419482_007	g1575	train
ENSE00002419482_009	g1575	train
ENSE00002419482_010	g1575	train
ENSE00002419482_011	g1575	train
ENSE00002419482_012	g1575	train
ENSE00002419636_006	g0435	train
ENSE00002419636_007	g0435	train
ENSE00002419636_008	g0435	train
ENSE00002419636_009	g0435	train
ENSE00002419636_012	g0435	train
ENSE00002419636_016	g0435	train
ENSE00002419688_001	g1291	train
ENSE00002419688_002	g1291	train
ENSE00002419688_003	g1291	train
ENSE00002419688_008	g1291	train
ENSE00002419688_011	g1291	train
ENSE00002419688_014	g1291	train
ENSE00002419688_016	g1291	train
ENSE00002419688_018	g1291	train
ENSE00002419688_020	g1291	train
ENSE00002419688_021	g1291	train
ENSE00002419688_028	g1291	train
ENSE00002419784_003	g1448	test
ENSE00002419784_004	g1448	test
ENSE00002419784_006	g1448	test
ENSE00002419784_007	g1448	test
ENSE00002419784_008	g1448	test
ENSE00002419784_009	g1448	test
ENSE00002419784_011	g1448	test
ENSE00002419784_013	g1448	test
ENSE00002419784_016	g1448	test
ENSE00002419784_018	g1448	test
ENSE00002419784_021	g1448	test
ENSE00002419784_022	g1448	test
ENSE00002419784_023	g1448	test
ENSE00002420931_001	g1576	test
ENSE00002420931_002	g1576	test
ENSE00002420931_006	g1576	test
ENSE00002420931_007	g1576	test
ENSE00002420931_012	g1576	test
ENSE00002421162_002	g0159	train
ENSE00002421162_003	g0159	train
ENSE00002421162_004	g0159	train
ENSE00002421162_005	g0159	train
ENSE00002421162_006	g0159	train
ENSE00002421162_007	g0159	train
ENSE00002421162_008	g0159	train
ENSE00002421162_009	g0159	train
ENSE00002421162_011	g0159	train
ENSE00002421162_012	g0159	train
ENSE00002421162_013	g0159	train
ENSE00002421162_014	g0159	train
ENSE00002421162_015	g0159	train
ENSE00002421162_016	g0159	train
ENSE00002421162_017	g0159	train
ENSE00002421269_003	g1577	train
ENSE00002421269_011	g1577	train
ENSE00002421269_023	g1577	train
ENSE00002421269_025	g1577	train
ENSE00002421587_001	g1578	train
ENSE00002421587_003	g1578	train
ENSE00002421587_004	g1578	train
ENSE00002421587_005	g1578	train
ENSE00002421587_006	g1578	train
ENSE00002421587_007	g1578	train
ENSE00002421587_009	g1578	train
ENSE00002421587_010	g1578	train
ENSE00002421587_011	g1578	train
ENSE00002421587_012	g1578	train
ENSE00002421587_013	g1578	train
ENSE00002421587_015	g1578	train
ENSE00002421587_016	g1578	train
ENSE00002421587_017	g1578	train
ENSE00002421587_018	g1578	train
ENSE00002422133_001	g0773	test
ENSE00002422133_002	g0773	test
ENSE00002422133_003	g0773	test
ENSE00002422133_005	g0773	test
ENSE00002422133_008	g0773	test
ENSE00002422133_010	g0773	test
ENSE00002422133_012	g0773	test
ENSE00002422133_014	g0773	test
ENSE00002422133_017	g0773	test
ENSE00002422133_018	g0773	test
ENSE00002422133_019	g0773	test
ENSE00002422133_020	g0773	test
ENSE00002422133_021	g0773	test
ENSE00002422133_023	g0773	test
ENSE00002422133_024	g0773	test
ENSE00002422311_001	g1557	train
ENSE00002422311_003	g1557	train
ENSE00002422311_006	g1557	train
ENSE00002422311_007	g1557	train
ENSE00002422311_008	g1557	train
ENSE00002422311_009	g1557	train
ENSE00002422311_010	g1557	train
ENSE00002422311_011	g1557	train
ENSE00002422311_012	g1557	train
ENSE00002422311_013	g1557	train
ENSE00002422311_015	g1557	train
ENSE00002422311_016	g1557	train
ENSE00002422311_018	g1557	train
ENSE00002422311_019	g1557	train
ENSE00002422311_020	g1557	train
ENSE00002422311_021	g1557	train
ENSE00002422311_024	g1557	train
ENSE00002422311_026	g1557	train
ENSE00002422311_027	g1557	train
ENSE00002422605_001	g1579	test
ENSE00002422605_003	g1579	test
ENSE00002422605_004	g1579	test
ENSE00002422605_005	g1579	test
ENSE00002422605_006	g1579	test
ENSE00002422605_007	g1579	test
ENSE00002422605_008	g1579	test
ENSE00002422605_009	g1579	test
ENSE00002422605_010	g1579	test
ENSE00002422605_011	g1579	test
ENSE00002422605_012	g1579	test
ENSE00002422605_013	g1579	test
ENSE00002422605_014	g1579	test
ENSE00002422605_015	g1579	test
ENSE00002422605_016	g1579	test
ENSE00002422632_005	g1580	train
ENSE00002422763_001	g1581	train
ENSE00002422763_002	g1581	train
ENSE00002422763_003	g1581	train
ENSE00002422763_004	g1581	train
ENSE00002422763_005	g1581	train
ENSE00002422763_006	g1581	train
ENSE00002422763_007	g1581	train
ENSE00002422763_009	g1581	train
ENSE00002422763_010	g1581	train
ENSE00002422763_011	g1581	train
ENSE00002422763_012	g1581	train
ENSE00002422763_013	g1581	train
ENSE00002422763_014	g1581	train
ENSE00002422763_015	g1581	train
ENSE00002422763_016	g1581	train
ENSE00002422763_017	g1581	train
ENSE00002422763_018	g1581	train
ENSE00002422763_019	g1581	train
ENSE00002422763_020	g1581	train
ENSE00002422763_021	g1581	train
ENSE00002422763_022	g1581	train
ENSE00002422763_023	g1581	train
ENSE00002422763_024	g1581	train
ENSE00002422763_025	g1581	train
ENSE00002422763_026	g1581	train
ENSE00002422763_027	g1581	train
ENSE00002423541_001	g1582	test
ENSE00002423541_002	g1582	test
ENSE00002423541_003	g1582	test
ENSE00002423541_004	g1582	test
ENSE00002423541_005	g1582	test
ENSE00002423541_006	g1582	test
ENSE00002423541_007	g1582	test
ENSE00002423541_008	g1582	test
ENSE00002423541_009	g1582	test
ENSE00002423541_010	g1582	test
ENSE00002423541_011	g1582	test
ENSE00002423541_012	g1582	test
ENSE00002423541_013	g1582	test
ENSE00002423541_014	g1582	test
ENSE00002423541_015	g1582	test
ENSE00002423541_016	g1582	test
ENSE00002423541_017	g1582	test
ENSE00002423541_018	g1582	test
ENSE00002423541_020	g1582	test
ENSE00002423541_022	g1582	test
ENSE00002423541_023	g1582	test
ENSE00002423541_024	g1582	test
ENSE00002423660_001	g1330	train
ENSE00002423660_002	g1330	train
ENSE00002423660_003	g1330	train
ENSE00002423660_004	g1330	train
ENSE00002423660_005	g1330	train
ENSE00002423660_007	g1330	train
ENSE00002423660_008	g1330	train
ENSE00002423660_010	g1330	train
ENSE00002423660_011	g1330	train
ENSE00002423660_012	g1330	train
ENSE00002423660_013	g1330	train
ENSE00002423660_014	g1330	train
ENSE00002423660_016	g1330	train
ENSE00002423660_018	g1330	train
ENSE00002424628_003	g1583	test
ENSE00002424628_017	g1583	test
ENSE00002424628_025	g1583	test
ENSE00002424628_027	g1583	test
ENSE00002424866_001	g1584	train
ENSE00002424866_002	g1584	train
ENSE00002424866_003	g1584	train
ENSE00002424866_004	g1584	train
ENSE00002424866_005	g1584	train
ENSE00002424866_006	g1584	train
ENSE00002424866_007	g1584	train
ENSE00002424866_008	g1584	train
ENSE00002424866_009	g1584	train
ENSE00002424866_010	g1584	train
ENSE00002424866_011	g1584	train
ENSE00002424866_012	g1584	train
ENSE00002424866_013	g1584	train
ENSE00002424866_014	g1584	train
ENSE00002424866_015	g1584	train
ENSE00002424866_016	g1584	train
ENSE00002424866_018	g1584	train
ENSE00002425057_003	g1347	train
ENSE00002425057_005	g1347	train
ENSE00002425057_006	g1347	train
ENSE00002425057_007	g1347	train
ENSE00002425057_008	g1347	train
ENSE00002425057_009	g1347	train
ENSE00002425057_010	g1347	train
ENSE00002425057_012	g1347	train
ENSE00002425057_013	g1347	train
ENSE00002425057_014	g1347	train
ENSE00002425057_015	g1347	train
ENSE00002425057_016	g1347	train
ENSE00002425057_017	g1347	train
ENSE00002425057_018	g1347	train
ENSE00002425057_019	g1347	train
ENSE00002425057_020	g1347	train
ENSE00002425057_021	g1347	train
ENSE00002425057_022	g1347	train
ENSE00002425057_023	g1347	train
ENSE00002425057_024	g1347	train
ENSE00002425392_001	g1585	train
ENSE00002425392_002	g1585	train
ENSE00002425392_003	g1585	train
ENSE00002425392_004	g1585	train
ENSE00002425392_005	g1585	train
ENSE00002425392_006	g1585	train
ENSE00002425392_009	g1585	train
ENSE00002425392_010	g1585	train
ENSE00002425392_011	g1585	train
ENSE00002425392_012	g1585	train
ENSE00002425392_014	g1585	train
ENSE00002425392_015	g1585	train
ENSE00002425392_016	g1585	train
ENSE00002425392_017	g1585	train
ENSE00002425392_018	g1585	train
ENSE00002425392_019	g1585	train
ENSE00002425686_001	g1347	train
ENSE00002425686_002	g1347	train
ENSE00002425686_003	g1347	train
ENSE00002425686_004	g1347	train
ENSE00002425686_005	g1347	train
ENSE00002425686_006	g1347	train
ENSE00002425686_007	g1347	train
ENSE00002425686_008	g1347	train
ENSE00002425686_010	g1347	train
ENSE00002425686_011	g1347	train
ENSE00002425686_012	g1347	train
ENSE00002425852_002	g1586	train
ENSE00002425852_003	g1586	train
ENSE00002425852_005	g1586	train
ENSE00002425852_006	g1586	train
ENSE00002425852_007	g1586	train
ENSE00002425852_008	g1586	train
ENSE00002425852_009	g1586	train
ENSE00002425852_010	g1586	train
ENSE00002425852_011	g1586	train
ENSE00002425852_012	g1586	train
ENSE00002425852_014	g1586	train
ENSE00002425852_017	g1586	train
ENSE00002425852_020	g1586	train
ENSE00002425852_021	g1586	train
ENSE00002425852_022	g1586	train
ENSE00002425852_024	g1586	train
ENSE00002425852_027	g1586	train
ENSE00002425852_028	g1586	train
ENSE00002425852_029	g1586	train
ENSE00002426612_001	g1587	train
ENSE00002426612_002	g1587	train
ENSE00002426612_003	g1587	train
ENSE00002426612_004	g1587	train
ENSE00002426612_005	g1587	train
ENSE00002426612_006	g1587	train
ENSE00002427972_021	g1588	train
ENSE00002427972_022	g1588	train
ENSE00002428145_001	g1519	train
ENSE00002428145_002	g1519	train
ENSE00002428145_003	g1519	train
ENSE00002428145_005	g1519	train
ENSE00002428145_006	g1519	train
ENSE00002428145_007	g1519	train
ENSE00002428145_008	g1519	train
ENSE00002428145_010	g1519	train
ENSE00002428145_011	g1519	train
ENSE00002428145_012	g1519	train
ENSE00002428145_014	g1519	train
ENSE00002428145_015	g1519	train
ENSE00002428145_016	g1519	train
ENSE00002428145_017	g1519	train
ENSE00002428145_019	g1519	train
ENSE00002428145_020	g1519	train
ENSE00002428145_022	g1519	train
ENSE00002428145_023	g1519	train
ENSE00002428145_024	g1519	train
ENSE00002428145_025	g1519	train
ENSE00002428145_026	g1519	train
ENSE00002428145_027	g1519	train
ENSE00002428145_028	g1519	train
ENSE00002428145_029	g1519	train
ENSE00002428145_030	g1519	train
ENSE00002428465_022	g1485	train
ENSE00002428465_029	g1485	train
ENSE00002428599_001	g1365	train
ENSE00002428599_003	g1365	train
ENSE00002428599_004	g1365	train
ENSE00002428599_005	g1365	train
ENSE00002428599_006	g1365	train
ENSE00002428599_007	g1365	train
ENSE00002428599_008	g1365	train
ENSE00002428599_010	g1365	train
ENSE00002428599_011	g1365	train
ENSE00002428599_012	g1365	train
ENSE00002428804_002	g1589	test
ENSE00002428804_003	g1589	test
ENSE00002428804_004	g1589	test
ENSE00002428804_005	g1589	test
ENSE00002428804_007	g1589	test
ENSE00002428804_008	g1589	test
ENSE00002428804_009	g1589	test
ENSE00002428804_010	g1589	test
ENSE00002428804_011	g1589	test
ENSE00002428804_013	g1589	test
ENSE00002428804_014	g1589	test
ENSE00002428804_015	g1589	test
ENSE00002428804_016	g1589	test
ENSE00002428804_017	g1589	test
ENSE00002428804_021	g1589	test
ENSE00002428804_022	g1589	test
ENSE00002428804_023	g1589	test
ENSE00002428823_001	g1590	train
ENSE00002428823_002	g1590	train
ENSE00002428823_003	g1590	train
ENSE00002428823_005	g1590	train
ENSE00002428823_006	g1590	train
ENSE00002428823_007	g1590	train
ENSE00002428823_009	g1590	train
ENSE00002428823_010	g1590	train
ENSE00002428823_012	g1590	train
ENSE00002428823_013	g1590	train
ENSE00002428823_014	g1590	train
ENSE00002428823_016	g1590	train
ENSE00002428823_017	g1590	train
ENSE00002428823_018	g1590	train
ENSE00002428956_003	g1467	test
ENSE00002428956_004	g1467	test
ENSE00002428956_005	g1467	test
ENSE00002428956_007	g1467	test
ENSE00002428956_009	g1467	test
ENSE00002428956_010	g1467	test
ENSE00002428956_011	g1467	test
ENSE00002428956_012	g1467	test
ENSE00002428956_013	g1467	test
ENSE00002428956_015	g1467	test
ENSE00002429043_001	g1291	train
ENSE00002429043_005	g1291	train
ENSE00002429043_007	g1291	train
ENSE00002429043_010	g1291	train
ENSE00002429043_016	g1291	train
ENSE00002429043_017	g1291	train
ENSE00002429043_020	g1291	train
ENSE00002429043_021	g1291	train
ENSE00002429043_022	g1291	train
ENSE00002429616_001	g1474	train
ENSE00002429616_002	g1474	train
ENSE00002429616_009	g1474	train
ENSE00002429616_012	g1474	train
ENSE00002429616_016	g1474	train
ENSE00002429616_023	g1474	train
ENSE00002429616_024	g1474	train
ENSE00002429616_028	g1474	train
ENSE00002429616_032	g1474	train
ENSE00002429678_001	g1465	train
ENSE00002429678_012	g1465	train
ENSE00002429678_026	g1465	train
ENSE00002429678_035	g1465	train
ENSE00002429678_036	g1465	train
